pc_time,serial_num,sensor_ts,host_ts,ax,ay,az,gx,gy,gz,mx,my,mz,phase,rpe,weight_kg,ppg_a,ppg_b,ppg_c,ppg_d,ppg_e
2026-04-14 18:03:38.239529,712380,1609507311879637,4911849007,-0.733952,0.628544,-0.347456,-4.6025,-3.96375,-4.445,37.168003,0.16,12.544001,none,8,3.0,110534.0,243680.0,199070.0,237910.0,214822.0
2026-04-14 18:03:38.249219,712381,1609507311888574,4911857675,-0.812032,0.661728,-0.372832,-5.7225,-4.36625,-5.46,38.152,-0.176,9.64,none,8,3.0,110534.0,243680.0,199070.0,237910.0,214822.0
2026-04-14 18:03:38.260145,712382,1609507311903095,4911872707,-0.812032,0.661728,-0.372832,-6.48375,-4.94375,-6.39625,38.152,-0.176,9.64,none,8,3.0,110534.0,243680.0,199070.0,237910.0,214822.0
2026-04-14 18:03:38.266676,712383,1609507311912023,4911881393,-0.808128,0.65392,-0.37088,-6.475,-5.38125,-7.525,38.072002,0.024,9.832001,none,8,3.0,110534.0,243680.0,199070.0,237910.0,214822.0
2026-04-14 18:03:38.286837,712384,1609507311926627,4911896281,-0.794464,0.64416,-0.337696,-6.34375,-5.69625,-8.72375,37.584003,0.008,9.608001,none,8,3.0,110534.0,243680.0,199070.0,237910.0,214822.0
2026-04-14 18:03:38.291593,712385,1609507311935649,4911904980,-0.794464,0.64416,-0.337696,-6.44,-6.22125,-9.8175,37.584003,0.008,9.608001,none,8,3.0,110534.0,243680.0,199070.0,237910.0,214822.0
2026-04-14 18:03:38.346823,712396,1609507311950332,4911920533,-0.827648,0.646112,-0.415776,-5.9325,-6.55375,-10.465,38.008003,0.04,9.864,none,8,3.0,106071.0,242047.0,193572.0,236724.0,208980.0
2026-04-14 18:03:38.349320,712397,1609507311959330,4911929278,-0.827648,0.646112,-0.415776,-4.68125,-6.36125,-11.06875,38.008003,0.04,9.864,none,8,3.0,106071.0,242047.0,193572.0,236724.0,208980.0
2026-04-14 18:03:38.351783,712398,1609507311968259,4911937975,-0.788608,0.630496,-0.290848,-4.97875,-6.1425,-11.8475,38.152,0.104,10.384001,none,8,3.0,106071.0,242047.0,193572.0,236724.0,208980.0
2026-04-14 18:03:38.354321,712399,1609507311982780,4911952863,-0.788608,0.630496,-0.290848,-5.1975,-6.67625,-12.4075,38.152,0.104,10.384001,none,8,3.0,106071.0,242047.0,193572.0,236724.0,208980.0
2026-04-14 18:03:38.356829,712400,1609507311991693,4911961609,-0.831552,0.6344,-0.339648,-4.55,-7.4375,-12.775,37.992,0.168,10.400001,none,8,3.0,106071.0,242047.0,193572.0,236724.0,208980.0
2026-04-14 18:03:38.363173,712401,1609507312006254,4911976576,-0.81008,0.599264,-0.519232,-3.43875,-8.18125,-13.37875,37.784,0.664,12.52,none,8,3.0,106071.0,242047.0,193572.0,236724.0,208980.0
2026-04-14 18:03:38.371992,712402,1609507312015190,4911985299,-0.81008,0.599264,-0.519232,-2.1525,-8.9425,-14.385,37.784,0.664,12.52,none,8,3.0,106071.0,242047.0,193572.0,236724.0,208980.0
2026-04-14 18:03:38.384507,712403,1609507312029689,4911998179,-0.85888,0.642208,-0.456768,-1.435,-9.66,-14.525,38.088,0.856,10.328,none,8,3.0,106071.0,242047.0,193572.0,236724.0,208980.0
2026-04-14 18:03:38.394384,712404,1609507312039066,4912008973,-0.85888,0.642208,-0.456768,-0.95375,-10.255,-15.1025,38.088,0.856,10.328,none,8,3.0,106071.0,242047.0,193572.0,236724.0,208980.0
2026-04-14 18:03:38.444382,712415,1609507312048196,4912017693,-0.86864,0.642208,-0.443104,-0.76125,-11.1825,-15.42625,37.768,0.84,10.64,none,8,3.0,93327.0,236224.0,177956.0,232361.0,192546.0
2026-04-14 18:03:38.469399,712416,1609507312062842,4912032656,-0.86864,0.642208,-0.443104,-1.155,-11.48875,-16.14375,37.768,0.84,10.64,none,8,3.0,93327.0,236224.0,177956.0,232361.0,192546.0
2026-04-14 18:03:38.476796,712417,1609507312071943,4912041378,-0.864736,0.597312,-0.5368,-1.5225,-12.04,-16.24875,37.696003,1.16,10.92,none,8,3.0,93327.0,236224.0,177956.0,232361.0,192546.0
2026-04-14 18:03:38.479486,712418,1609507312080903,4912050124,-0.864736,0.597312,-0.5368,-1.3825,-12.4075,-15.96875,37.696003,1.16,10.92,none,8,3.0,93327.0,236224.0,177956.0,232361.0,192546.0
2026-04-14 18:03:38.481940,712419,1609507312095391,4912065093,-0.86864,0.599264,-0.511424,-0.9625,-12.9675,-15.846251,37.096,1.536,11.888001,none,8,3.0,93327.0,236224.0,177956.0,232361.0,192546.0
2026-04-14 18:03:38.484855,712420,1609507312104329,4912073819,-0.86864,0.599264,-0.511424,0.16625,-13.02,-15.4875,37.096,1.536,11.888001,none,8,3.0,93327.0,236224.0,177956.0,232361.0,192546.0
2026-04-14 18:03:38.487220,712421,1609507312118815,4912088711,-0.813984,0.56608,-0.493856,0.20125,-12.9325,-15.6975,36.792004,1.552,11.864,none,8,3.0,93327.0,236224.0,177956.0,232361.0,192546.0
2026-04-14 18:03:38.489404,712422,1609507312127784,4912097406,-0.81008,0.603168,-0.275232,0.4725,-13.34375,-15.65375,36.496002,1.792,11.712001,none,8,3.0,93327.0,236224.0,177956.0,232361.0,192546.0
2026-04-14 18:03:38.499755,712423,1609507312142329,4912112298,-0.81008,0.603168,-0.275232,0.41125,-14.18375,-16.03875,36.496002,1.792,11.712001,none,8,3.0,93327.0,236224.0,177956.0,232361.0,192546.0
2026-04-14 18:03:38.526798,712434,1609507312151467,4912121306,-0.86864,0.616832,-0.343552,0.32375,-14.385,-16.205,37.264,1.44,11.160001,none,8,3.0,81839.0,230366.0,163366.0,227532.0,177237.0
2026-04-14 18:03:38.529649,712435,1609507312160573,4912130128,-0.86864,0.616832,-0.343552,-0.30625,-14.8575,-16.555,37.264,1.44,11.160001,none,8,3.0,81839.0,230366.0,163366.0,227532.0,177237.0
2026-04-14 18:03:38.532139,712436,1609507312175099,4912145029,-0.823744,0.55632,-0.45872,-0.62125,-15.49625,-16.485,36.416,2.192,12.832001,none,8,3.0,81839.0,230366.0,163366.0,227532.0,177237.0
2026-04-14 18:03:38.539288,712437,1609507312184045,4912153734,-0.823744,0.55632,-0.45872,-0.60375,-16.0125,-16.2925,36.416,2.192,12.832001,none,8,3.0,81839.0,230366.0,163366.0,227532.0,177237.0
2026-04-14 18:03:38.556043,712438,1609507312198525,4912168650,-0.823744,0.562176,-0.382592,0.63875,-15.74125,-16.31,36.432003,2.32,11.576,none,8,3.0,81839.0,230366.0,163366.0,227532.0,177237.0
2026-04-14 18:03:38.563554,712439,1609507312207647,4912177387,-0.90768,0.581696,-0.4392,1.19875,-15.88125,-16.7475,37.120003,1.968,11.048,none,8,3.0,81839.0,230366.0,163366.0,227532.0,177237.0
2026-04-14 18:03:38.578583,712440,1609507312222174,4912192285,-0.90768,0.581696,-0.4392,0.56,-15.645,-17.15875,37.120003,1.968,11.048,none,8,3.0,81839.0,230366.0,163366.0,227532.0,177237.0
2026-04-14 18:03:38.586879,712441,1609507312231108,4912200976,-0.8296,0.521184,-0.38064,-0.81375,-15.47875,-18.0075,36.920002,2.336,11.904,none,8,3.0,81839.0,230366.0,163366.0,227532.0,177237.0
2026-04-14 18:03:38.597309,712442,1609507312240136,4912209701,-0.8296,0.521184,-0.38064,-0.83125,-15.18125,-18.1825,36.920002,2.336,11.904,none,8,3.0,81839.0,230366.0,163366.0,227532.0,177237.0
2026-04-14 18:03:38.627897,712453,1609507312254706,4912224725,-0.895968,0.528992,-0.443104,0.2625,-15.2075,-18.0425,36.832,2.576,11.504001,none,8,3.0,73017.0,227483.0,151502.0,224920.0,165025.0
2026-04-14 18:03:38.630253,712454,1609507312263661,4912233430,-0.895968,0.528992,-0.443104,1.0675,-15.0675,-18.2525,36.832,2.576,11.504001,none,8,3.0,73017.0,227483.0,151502.0,224920.0,165025.0
2026-04-14 18:03:38.634637,712455,1609507312278171,4912248339,-0.81984,0.521184,-0.27328,2.4675,-15.1025,-18.22625,36.208,2.832,13.016001,none,8,3.0,73017.0,227483.0,151502.0,224920.0,165025.0
2026-04-14 18:03:38.645970,712456,1609507312287105,4912257016,-0.84912,0.542656,-0.228384,2.835,-15.81125,-18.08625,36.120003,2.76,12.376,none,8,3.0,73017.0,227483.0,151502.0,224920.0,165025.0
2026-04-14 18:03:38.652206,712457,1609507312296043,4912265736,-0.84912,0.542656,-0.228384,3.49125,-16.07375,-17.82375,36.120003,2.76,12.376,none,8,3.0,73017.0,227483.0,151502.0,224920.0,165025.0
2026-04-14 18:03:38.668521,712458,1609507312310574,4912280667,-0.833504,0.523136,-0.296704,4.90875,-16.68625,-17.3775,35.784,2.744,12.168,none,8,3.0,73017.0,227483.0,151502.0,224920.0,165025.0
2026-04-14 18:03:38.675778,712459,1609507312319491,4912289352,-0.833504,0.523136,-0.296704,5.59125,-17.0625,-17.7275,35.784,2.744,12.168,none,8,3.0,73017.0,227483.0,151502.0,224920.0,165025.0
2026-04-14 18:03:38.690552,712460,1609507312334013,4912304259,-0.909632,0.591456,-0.247904,6.1425,-18.17375,-17.35125,35.672,3.288,13.912001,none,8,3.0,73017.0,227483.0,151502.0,224920.0,165025.0
2026-04-14 18:03:38.699212,712461,1609507312342967,4912312964,-0.909632,0.591456,-0.247904,5.04,-18.94375,-17.08875,35.672,3.288,13.912001,none,8,3.0,73017.0,227483.0,151502.0,224920.0,165025.0
2026-04-14 18:03:38.729646,712472,1609507312357559,4912327911,-0.892064,0.564128,-0.261568,3.4125,-19.6875,-18.34875,36.104,3.224,12.864,none,8,3.0,60110.0,216890.0,132946.0,215585.0,146016.0
2026-04-14 18:03:38.731632,712473,1609507312366491,4912336645,-0.892064,0.564128,-0.325984,2.02125,-20.88625,-19.03125,36.104,3.224,12.864,none,8,3.0,60110.0,216890.0,132946.0,215585.0,146016.0
2026-04-14 18:03:38.734628,712474,1609507312375378,4912345432,-0.929152,0.560224,-0.325984,1.2775,-22.11125,-17.99,36.72,3.256,10.032001,none,8,3.0,60110.0,216890.0,132946.0,215585.0,146016.0
2026-04-14 18:03:38.744304,712475,1609507312389906,4912358290,-0.938912,0.538752,-0.445056,2.3975,-22.25125,-17.01,35.912003,3.48,13.416,none,8,3.0,60110.0,216890.0,132946.0,215585.0,146016.0
2026-04-14 18:03:38.755923,712476,1609507312399116,4912369052,-0.938912,0.538752,-0.445056,3.35125,-23.00375,-16.6775,35.912003,3.48,13.416,none,8,3.0,60110.0,216890.0,132946.0,215585.0,146016.0
2026-04-14 18:03:38.772592,712477,1609507312413664,4912383930,-0.856928,0.50752,-0.343552,3.71,-23.84375,-16.9575,34.480003,3.64,14.752001,none,8,3.0,60110.0,216890.0,132946.0,215585.0,146016.0
2026-04-14 18:03:38.779307,712478,1609507312422633,4912392621,-0.856928,0.50752,-0.343552,3.1325,-24.15,-16.616251,34.480003,3.64,14.752001,none,8,3.0,60110.0,216890.0,132946.0,215585.0,146016.0
2026-04-14 18:03:38.813004,712479,1609507312437132,4912405542,-0.940864,0.56608,-0.27328,2.8175,-23.73875,-16.5375,35.552002,3.496,13.536,none,8,3.0,60110.0,216890.0,132946.0,215585.0,146016.0
2026-04-14 18:03:38.873067,712490,1609507312446504,4912416870,-0.940864,0.56608,-0.27328,1.84625,-23.8175,-16.45875,35.552002,3.496,13.536,none,8,3.0,56621.0,214907.0,127506.0,213433.0,140500.0
2026-04-14 18:03:38.875354,712491,1609507312455492,4912425557,-0.909632,0.550464,-0.208864,-0.175,-23.6775,-16.84375,34.192,3.744,15.904,none,8,3.0,56621.0,214907.0,127506.0,213433.0,140500.0
2026-04-14 18:03:38.880613,712492,1609507312470010,4912438429,-0.88816,0.489952,-0.366976,0.53375,-23.6075,-16.23125,34.504,4.296,14.952001,none,8,3.0,56621.0,214907.0,127506.0,213433.0,140500.0
2026-04-14 18:03:38.882274,712493,1609507312479279,4912449182,-0.88816,0.489952,-0.366976,2.94875,-23.0825,-16.00375,34.504,4.296,14.952001,none,8,3.0,56621.0,214907.0,127506.0,213433.0,140500.0
2026-04-14 18:03:38.882919,712494,1609507312488384,4912457907,-0.89792,0.511424,-0.203008,4.68125,-22.89875,-16.86125,33.968002,4.392,13.984,none,8,3.0,56621.0,214907.0,127506.0,213433.0,140500.0
2026-04-14 18:03:38.885365,712495,1609507312502946,4912472852,-0.89792,0.511424,-0.203008,5.27625,-22.855,-16.94,33.968002,4.392,13.984,none,8,3.0,56621.0,214907.0,127506.0,213433.0,140500.0
2026-04-14 18:03:38.887923,712496,1609507312512039,4912481583,-0.968192,0.503616,-0.398208,4.48,-22.7325,-16.2575,34.760002,3.944,14.616001,none,8,3.0,56621.0,214907.0,127506.0,213433.0,140500.0
2026-04-14 18:03:38.890516,712497,1609507312526574,4912496512,-0.968192,0.503616,-0.398208,3.57,-22.51375,-16.3275,34.760002,3.944,14.616001,none,8,3.0,56621.0,214907.0,127506.0,213433.0,140500.0
2026-04-14 18:03:38.894865,712498,1609507312535509,4912505234,-0.913536,0.521184,-0.154208,3.3775,-22.085001,-16.17,34.544003,4.056,16.064001,none,8,3.0,56621.0,214907.0,127506.0,213433.0,140500.0
2026-04-14 18:03:38.928397,712509,1609507312550682,4912520291,-0.987712,0.52704,-0.324032,2.835,-21.95375,-15.81125,34.368,4.304,14.848001,none,8,3.0,55247.0,214236.0,125167.0,212569.0,138058.0
2026-04-14 18:03:38.930382,712510,1609507312559739,4912529066,-0.987712,0.52704,-0.324032,3.26375,-21.6125,-15.44375,34.368,4.304,14.848001,none,8,3.0,55247.0,214236.0,125167.0,212569.0,138058.0
2026-04-14 18:03:38.932931,712511,1609507312568704,4912537849,-0.983808,0.528992,-0.286944,4.34,-20.34375,-14.971251,34.032,4.28,13.864,none,8,3.0,55247.0,214236.0,125167.0,212569.0,138058.0
2026-04-14 18:03:38.940573,712512,1609507312583431,4912552760,-0.983808,0.528992,-0.286944,5.4425,-19.76625,-15.04125,34.032,4.28,13.864,none,8,3.0,55247.0,214236.0,125167.0,212569.0,138058.0
2026-04-14 18:03:38.949341,712513,1609507312592358,4912561492,-0.979904,0.501664,-0.32208,4.96125,-19.27625,-15.21625,33.784,4.232,15.344001,none,8,3.0,55247.0,214236.0,125167.0,212569.0,138058.0
2026-04-14 18:03:38.986700,712514,1609507312606864,4912576440,-0.979904,0.501664,-0.32208,4.2875,-19.03125,-15.2425,33.784,4.232,15.344001,none,8,3.0,55247.0,214236.0,125167.0,212569.0,138058.0
2026-04-14 18:03:38.989133,712515,1609507312615790,4912585140,-0.93696,0.480192,-0.294752,3.61375,-18.9875,-15.015,33.752003,4.448,15.120001,none,8,3.0,55247.0,214236.0,125167.0,212569.0,138058.0
2026-04-14 18:03:38.991691,712516,1609507312624719,4912593837,-0.93696,0.480192,-0.294752,3.47375,-18.83875,-14.51625,33.752003,4.448,15.120001,none,8,3.0,55247.0,214236.0,125167.0,212569.0,138058.0
2026-04-14 18:03:38.998067,712517,1609507312639224,4912608785,-0.976,0.50752,-0.290848,3.6225,-17.94625,-14.11375,32.568,4.8,16.864,none,8,3.0,55247.0,214236.0,125167.0,212569.0,138058.0
2026-04-14 18:03:39.031107,712528,1609507312648676,4912618045,-0.976,0.50752,-0.290848,3.08,-17.22875,-13.95625,32.568,4.8,16.864,none,8,3.0,54079.0,213294.0,123184.0,211548.0,135966.0
2026-04-14 18:03:39.035500,712529,1609507312663474,4912633018,-0.905728,0.489952,-0.148352,1.82,-17.26375,-14.23625,32.72,4.672,17.016,none,8,3.0,54079.0,213294.0,123184.0,211548.0,135966.0
2026-04-14 18:03:39.038172,712530,1609507312672587,4912641791,-0.98576,0.486048,-0.363072,2.24875,-16.87875,-14.04375,32.632,4.904,16.792002,none,8,3.0,54079.0,213294.0,123184.0,211548.0,135966.0
2026-04-14 18:03:39.039832,712531,1609507312681629,4912650489,-0.98576,0.486048,-0.363072,4.97,-15.96,-12.81,32.632,4.904,16.792002,none,8,3.0,54079.0,213294.0,123184.0,211548.0,135966.0
2026-04-14 18:03:39.052135,712532,1609507312696130,4912665405,-0.923296,0.460672,-0.271328,6.2125,-15.3125,-13.195,33.232002,4.608,16.088001,none,8,3.0,54079.0,213294.0,123184.0,211548.0,135966.0
2026-04-14 18:03:39.062285,712533,1609507312705055,4912674131,-0.923296,0.460672,-0.271328,6.79875,-14.98875,-13.18625,33.232002,4.608,16.088001,none,8,3.0,54079.0,213294.0,123184.0,211548.0,135966.0
2026-04-14 18:03:39.074158,712534,1609507312719574,4912689097,-0.970144,0.49776,-0.1464,6.86875,-14.83125,-12.6525,33.36,4.392,16.104,none,8,3.0,54079.0,213294.0,123184.0,211548.0,135966.0
2026-04-14 18:03:39.084163,712535,1609507312728543,4912697782,-0.970144,0.49776,-0.1464,6.5975,-14.4025,-12.10125,33.36,4.392,16.104,none,8,3.0,54079.0,213294.0,123184.0,211548.0,135966.0
2026-04-14 18:03:39.093919,712536,1609507312737470,4912706486,-0.933056,0.441152,-0.310368,7.09625,-14.1225,-11.59375,33.024002,4.64,16.352001,none,8,3.0,54079.0,213294.0,123184.0,211548.0,135966.0
2026-04-14 18:03:39.133404,712547,1609507312752247,4912721420,-0.983808,0.499712,-0.154208,7.35875,-13.85125,-10.9725,32.336002,4.624,17.784,none,8,3.0,53119.0,211951.0,121471.0,210312.0,134226.0
2026-04-14 18:03:39.135427,712548,1609507312761260,4912730261,-0.983808,0.499712,-0.154208,6.93,-13.4225,-10.61375,32.336002,4.624,17.784,none,8,3.0,53119.0,211951.0,121471.0,210312.0,134226.0
2026-04-14 18:03:39.138466,712549,1609507312775878,4912745295,-0.983808,0.503616,-0.124928,6.20375,-12.7575,-10.08875,30.888002,5.208,18.712002,none,8,3.0,53119.0,211951.0,121471.0,210312.0,134226.0
2026-04-14 18:03:39.140881,712550,1609507312784874,4912753997,-0.983808,0.503616,-0.124928,5.45125,-12.0225,-9.45875,30.888002,5.208,18.712002,none,8,3.0,53119.0,211951.0,121471.0,210312.0,134226.0
2026-04-14 18:03:39.177994,712551,1609507312799539,4912768934,-0.944768,0.489952,-0.109312,5.10125,-11.4975,-8.785,31.608002,4.656,17.584002,none,8,3.0,53119.0,211951.0,121471.0,210312.0,134226.0
2026-04-14 18:03:39.203352,712552,1609507312808449,4912777606,-0.944768,0.489952,-0.109312,5.95,-10.9725,-8.04125,31.608002,4.656,17.584002,none,8,3.0,53119.0,211951.0,121471.0,210312.0,134226.0
2026-04-14 18:03:39.208147,712553,1609507312817362,4912786297,-1.013088,0.476288,-0.306464,5.69625,-10.3075,-7.97125,31.472002,4.848,16.544,none,8,3.0,53119.0,211951.0,121471.0,210312.0,134226.0
2026-04-14 18:03:39.210401,712554,1609507312831920,4912801238,-0.931104,0.464576,-0.115168,5.85375,-9.40625,-7.67375,31.512001,4.472,17.84,none,8,3.0,53119.0,211951.0,121471.0,210312.0,134226.0
2026-04-14 18:03:39.213312,712555,1609507312840869,4912809978,-0.931104,0.464576,-0.115168,5.67875,-8.67125,-7.11375,31.512001,4.472,17.84,none,8,3.0,53119.0,211951.0,121471.0,210312.0,134226.0
2026-04-14 18:03:39.245893,712566,1609507312855572,4912825343,-0.993568,0.456768,-0.345504,5.2675,-7.8925,-6.08125,31.592001,4.848,18.248001,none,8,3.0,52294.0,209915.0,120065.0,208568.0,132705.0
2026-04-14 18:03:39.248053,712567,1609507312864518,4912834068,-0.993568,0.456768,-0.345504,4.4275,-7.1225,-5.0925,31.592001,4.848,18.248001,none,8,3.0,52294.0,209915.0,120065.0,208568.0,132705.0
2026-04-14 18:03:39.250454,712568,1609507312873649,4912842789,-0.925248,0.472384,-0.113216,3.325,-6.44875,-4.54125,31.440002,4.632,17.68,none,8,3.0,52294.0,209915.0,120065.0,208568.0,132705.0
2026-04-14 18:03:39.253198,712569,1609507312888181,4912857729,-0.925248,0.472384,-0.113216,2.3975,-5.97625,-4.61125,31.440002,4.632,17.68,none,8,3.0,52294.0,209915.0,120065.0,208568.0,132705.0
2026-04-14 18:03:39.255368,712570,1609507312897144,4912866530,-1.016992,0.46848,-0.329888,1.61,-4.83875,-5.04,31.784002,4.632,18.056002,none,8,3.0,52294.0,209915.0,120065.0,208568.0,132705.0
2026-04-14 18:03:39.267978,712571,1609507312911655,4912881425,-1.020896,0.466528,-0.30256,1.085,-4.34875,-5.0225,32.280003,4.392,18.488,none,8,3.0,52294.0,209915.0,120065.0,208568.0,132705.0
2026-04-14 18:03:39.280446,712572,1609507312920622,4912890163,-1.020896,0.466528,-0.30256,1.225,-4.19125,-4.55875,32.280003,4.392,18.488,none,8,3.0,52294.0,209915.0,120065.0,208568.0,132705.0
2026-04-14 18:03:39.291699,712573,1609507312935248,4912905098,-0.9272,0.4392,-0.162016,1.21625,-3.47375,-4.2175,32.296,4.64,17.392,none,8,3.0,52294.0,209915.0,120065.0,208568.0,132705.0
2026-04-14 18:03:39.299470,712574,1609507312944265,4912913790,-0.9272,0.4392,-0.162016,1.1025,-2.73,-3.9375,32.296,4.64,17.392,none,8,3.0,52294.0,209915.0,120065.0,208568.0,132705.0
2026-04-14 18:03:39.329366,712585,1609507312953379,4912922640,-1.007232,0.441152,-0.359168,0.81375,-2.54625,-3.73625,30.520002,4.928001,19.008001,none,8,3.0,51717.0,208191.0,119174.0,207208.0,131736.0
2026-04-14 18:03:39.332517,712586,1609507312967951,4912937609,-1.007232,0.441152,-0.359168,0.0525,-1.855,-3.68375,30.520002,4.928001,19.008001,none,8,3.0,51717.0,208191.0,119174.0,207208.0,131736.0
2026-04-14 18:03:39.336893,712587,1609507312976907,4912946316,-1.020896,0.445056,-0.337696,-1.12,-1.19,-3.5175,30.416002,4.904,18.352001,none,8,3.0,51717.0,208191.0,119174.0,207208.0,131736.0
2026-04-14 18:03:39.349765,712588,1609507312991449,4912961272,-0.91744,0.417728,-0.206912,-1.75875,-1.05,-3.465,32.456,4.288,17.52,none,8,3.0,51717.0,208191.0,119174.0,207208.0,131736.0
2026-04-14 18:03:39.355966,712589,1609507313000482,4912970149,-0.91744,0.417728,-0.206912,-1.61,-0.8925,-3.22875,32.456,4.288,17.52,none,8,3.0,51717.0,208191.0,119174.0,207208.0,131736.0
2026-04-14 18:03:39.364357,712590,1609507313009454,4912978833,-0.91744,0.417728,-0.206912,-1.05,0.1575,-3.29875,32.456,4.288,17.52,none,8,3.0,51717.0,208191.0,119174.0,207208.0,131736.0
2026-04-14 18:03:39.380577,712591,1609507313024028,4912993745,-0.921344,0.433344,-0.148352,-1.09375,0.67375,-3.15,32.376003,4.296,17.592001,none,8,3.0,51717.0,208191.0,119174.0,207208.0,131736.0
2026-04-14 18:03:39.390385,712592,1609507313033006,4913002458,-0.954528,0.417728,-0.310368,-1.26,1.085,-2.68625,32.16,4.808,17.352001,none,8,3.0,51717.0,208191.0,119174.0,207208.0,131736.0
2026-04-14 18:03:39.403794,712593,1609507313047498,4913017418,-0.954528,0.417728,-0.310368,-1.54,1.42625,-2.14375,32.16,4.808,17.352001,none,8,3.0,51717.0,208191.0,119174.0,207208.0,131736.0
2026-04-14 18:03:39.430580,712604,1609507313056444,4913026148,-1.013088,0.4392,-0.365024,-1.96,1.68875,-2.6075,32.376003,4.624,16.960001,none,8,3.0,51664.0,208034.0,119044.0,207112.0,131637.0
2026-04-14 18:03:39.433143,712605,1609507313071103,4913041032,-1.013088,0.4392,-0.109312,-1.82875,2.42375,-2.72125,32.376003,4.624,16.960001,none,8,3.0,51664.0,208034.0,119044.0,207112.0,131637.0
2026-04-14 18:03:39.435651,712606,1609507313080112,4913049743,-0.964288,0.462624,-0.109312,-1.79375,2.75625,-2.6775,31.448002,4.808,18.056002,none,8,3.0,51664.0,208034.0,119044.0,207112.0,131637.0
2026-04-14 18:03:39.444187,712607,1609507313089073,4913058420,-0.964288,0.462624,-0.109312,-2.065,3.42125,-2.75625,31.448002,4.808,18.056002,none,8,3.0,51664.0,208034.0,119044.0,207112.0,131637.0
2026-04-14 18:03:39.470926,712608,1609507313103592,4913073322,-1.013088,0.445056,-0.325984,-2.40625,3.43,-2.80875,32.352,4.624,16.968,none,8,3.0,51664.0,208034.0,119044.0,207112.0,131637.0
2026-04-14 18:03:39.471092,712609,1609507313112532,4913082072,-0.942816,0.407968,-0.318176,-3.745,3.325,-3.21125,31.472002,4.928001,18.656,none,8,3.0,51664.0,208034.0,119044.0,207112.0,131637.0
2026-04-14 18:03:39.484520,712610,1609507313127136,4913097073,-0.942816,0.407968,-0.318176,-4.10375,3.4125,-3.17625,31.472002,4.928001,18.656,none,8,3.0,51664.0,208034.0,119044.0,207112.0,131637.0
2026-04-14 18:03:39.491849,712611,1609507313136056,4913105751,-0.952576,0.437248,-0.177632,-4.0425,3.4125,-2.695,32.08,4.856,17.896,none,8,3.0,51664.0,208034.0,119044.0,207112.0,131637.0
2026-04-14 18:03:39.501826,712612,1609507313145057,4913114453,-0.952576,0.437248,-0.177632,-3.22875,3.92,-2.52875,32.08,4.856,17.896,none,8,3.0,51664.0,208034.0,119044.0,207112.0,131637.0
2026-04-14 18:03:39.596842,712623,1609507313159622,4913129458,-0.987712,0.421632,-0.382592,-1.715,4.1475,-2.24875,32.616,4.504,16.976002,none,8,3.0,51790.0,208651.0,119196.0,207635.0,131801.0
2026-04-14 18:03:39.599348,712624,1609507313168549,4913138156,-0.987712,0.421632,-0.382592,-0.77,4.55,-1.785,32.616,4.504,16.976002,none,8,3.0,51790.0,208651.0,119196.0,207635.0,131801.0
2026-04-14 18:03:39.626735,712625,1609507313183147,4913153163,-1.009184,0.454816,-0.290848,-2.16125,4.41875,-1.63625,32.536003,4.552,16.704,none,8,3.0,51790.0,208651.0,119196.0,207635.0,131801.0
2026-04-14 18:03:39.629471,712626,1609507313192089,4913161902,-1.009184,0.433344,-0.210816,-2.2225,4.90875,-1.19875,32.536003,4.552,16.704,none,8,3.0,51790.0,208651.0,119196.0,207635.0,131801.0
2026-04-14 18:03:39.631880,712627,1609507313206829,4913176800,-0.931104,0.433344,-0.210816,-3.4825,4.83875,-1.4,32.112003,4.504,16.76,none,8,3.0,51790.0,208651.0,119196.0,207635.0,131801.0
2026-04-14 18:03:39.646927,712628,1609507313215743,4913185478,-0.968192,0.41968,-0.357216,-4.8475,4.57625,-1.40875,32.616,4.184,17.112001,none,8,3.0,51790.0,208651.0,119196.0,207635.0,131801.0
2026-04-14 18:03:39.651838,712629,1609507313224701,4913194174,-0.968192,0.41968,-0.357216,-5.18,4.5325,-0.70875,32.616,4.184,17.112001,none,8,3.0,51790.0,208651.0,119196.0,207635.0,131801.0
2026-04-14 18:03:39.655113,712630,1609507313239179,4913209252,-0.925248,0.441152,-0.13664,-4.6725,4.69,-0.60375,32.344,4.624,17.552,none,8,3.0,51790.0,208651.0,119196.0,207635.0,131801.0
2026-04-14 18:03:39.660561,712631,1609507313248108,4913217958,-0.925248,0.441152,-0.13664,-4.585,4.9,0.35,32.344,4.624,17.552,none,8,3.0,51790.0,208651.0,119196.0,207635.0,131801.0
2026-04-14 18:03:39.687057,712642,1609507313262741,4913232858,-0.938912,0.441152,-0.228384,-3.6225,4.97,1.3825,31.752,4.648,17.696001,none,8,3.0,51990.0,209401.0,119536.0,208307.0,132143.0
2026-04-14 18:03:39.689614,712643,1609507313271720,4913241542,-0.938912,0.441152,-0.228384,-3.50875,5.87125,0.97125,31.752,4.648,17.696001,none,8,3.0,51990.0,209401.0,119536.0,208307.0,132143.0
2026-04-14 18:03:39.691816,712644,1609507313286286,4913256516,-0.950624,0.435296,-0.32208,-4.40125,5.7225,0.5425,31.976002,4.92,18.224,none,8,3.0,51990.0,209401.0,119536.0,208307.0,132143.0
2026-04-14 18:03:39.694532,712645,1609507313295234,4913265310,-0.96624,0.423584,-0.355264,-5.01375,6.2125,0.5775,32.088,4.56,17.472,none,8,3.0,51990.0,209401.0,119536.0,208307.0,132143.0
2026-04-14 18:03:39.697068,712646,1609507313304172,4913274063,-0.96624,0.423584,-0.355264,-5.8625,6.41375,1.11125,32.088,4.56,17.472,none,8,3.0,51990.0,209401.0,119536.0,208307.0,132143.0
2026-04-14 18:03:39.699591,712647,1609507313318747,4913288955,-0.915488,0.431392,-0.15616,-5.46875,6.7025,0.86625,31.976002,4.632,18.224,none,8,3.0,51990.0,209401.0,119536.0,208307.0,132143.0
2026-04-14 18:03:39.701803,712648,1609507313327692,4913297778,-0.915488,0.431392,-0.15616,-5.08375,6.825,1.435,31.976002,4.632,18.224,none,8,3.0,51990.0,209401.0,119536.0,208307.0,132143.0
2026-04-14 18:03:39.704291,712649,1609507313342237,4913310655,-0.9272,0.45872,-0.10736,-4.34,6.97375,1.435,31.616001,5.208,18.592001,none,8,3.0,51990.0,209401.0,119536.0,208307.0,132143.0
2026-04-14 18:03:39.732130,712660,1609507313351675,4913322050,-0.9272,0.45872,-0.10736,-4.15625,7.7,1.35625,31.616001,5.208,18.592001,none,8,3.0,52901.0,212130.0,121015.0,210713.0,133780.0
2026-04-14 18:03:39.734294,712661,1609507313360707,4913330909,-0.938912,0.462624,-0.130784,-3.33375,8.2075,1.9425,31.272001,4.904,16.608002,none,8,3.0,52901.0,212130.0,121015.0,210713.0,133780.0
2026-04-14 18:03:39.737172,712662,1609507313375392,4913343793,-1.016992,0.489952,-0.236192,-1.37375,9.03,2.52875,31.328001,4.672,17.056002,none,8,3.0,52901.0,212130.0,121015.0,210713.0,133780.0
2026-04-14 18:03:39.741668,712663,1609507313384853,4913354588,-1.016992,0.489952,-0.236192,-0.39375,9.52,2.7825,31.328001,4.672,17.056002,none,8,3.0,52901.0,212130.0,121015.0,210713.0,133780.0
2026-04-14 18:03:39.755975,712664,1609507313399322,4913369438,-0.899872,0.452864,-0.162016,-1.47875,10.3775,2.77375,32.288002,4.744,17.056002,none,8,3.0,52901.0,212130.0,121015.0,210713.0,133780.0
2026-04-14 18:03:39.764646,712665,1609507313408241,4913378141,-0.899872,0.452864,-0.162016,-2.91375,11.47125,2.52875,32.288002,4.744,17.056002,none,8,3.0,52901.0,212130.0,121015.0,210713.0,133780.0
2026-04-14 18:03:39.773171,712666,1609507313417198,4913386837,-1.022848,0.47824,-0.300608,-4.69875,11.9525,2.835,33.528,4.112,16.720001,none,8,3.0,52901.0,212130.0,121015.0,210713.0,133780.0
2026-04-14 18:03:39.788471,712667,1609507313431863,4913401726,-1.022848,0.47824,-0.300608,-4.94375,12.635,3.3775,33.528,4.112,16.720001,none,8,3.0,52901.0,212130.0,121015.0,210713.0,133780.0
2026-04-14 18:03:39.795620,712668,1609507313440862,4913410484,-0.909632,0.4392,-0.226432,-4.69875,13.886251,3.08875,32.864002,4.304,15.248001,none,8,3.0,52901.0,212130.0,121015.0,210713.0,133780.0
2026-04-14 18:03:39.838024,712679,1609507313455699,4913425455,-1.001376,0.470432,-0.308416,-3.22,14.752501,2.6075,32.784,4.248,15.856001,none,8,3.0,54114.0,216321.0,122889.0,214309.0,135750.0
2026-04-14 18:03:39.841030,712680,1609507313464646,4913434214,-1.001376,0.470432,-0.308416,-1.3125,15.6625,2.82625,32.784,4.248,15.856001,none,8,3.0,54114.0,216321.0,122889.0,214309.0,135750.0
2026-04-14 18:03:39.844058,712681,1609507313473604,4913442919,-1.001376,0.470432,-0.154208,1.23375,16.555,3.99,32.784,4.248,15.856001,none,8,3.0,54114.0,216321.0,122889.0,214309.0,135750.0
2026-04-14 18:03:39.845737,712682,1609507313488114,4913457915,-0.942816,0.501664,-0.154208,2.7825,17.36,5.6,32.864002,4.52,17.672,none,8,3.0,54114.0,216321.0,122889.0,214309.0,135750.0
2026-04-14 18:03:39.852947,712683,1609507313497132,4913466664,-0.929152,0.50752,-0.130784,2.96625,18.48,6.62375,33.096,4.176,16.192001,none,8,3.0,54114.0,216321.0,122889.0,214309.0,135750.0
2026-04-14 18:03:39.866799,712684,1609507313511663,4913481614,-0.929152,0.50752,-0.130784,0.41125,18.61125,6.48375,33.096,4.176,16.192001,none,8,3.0,54114.0,216321.0,122889.0,214309.0,135750.0
2026-04-14 18:03:39.877223,712685,1609507313520602,4913490289,-0.911584,0.452864,-0.335744,-2.70375,18.6025,6.6325,34.248,3.888,15.064001,none,8,3.0,54114.0,216321.0,122889.0,214309.0,135750.0
2026-04-14 18:03:39.916003,712686,1609507313535134,4913505172,-1.00528,0.495808,-0.365024,-4.64625,19.01375,6.8075,33.584003,4.12,15.176001,none,8,3.0,54114.0,216321.0,122889.0,214309.0,135750.0
2026-04-14 18:03:39.918523,712687,1609507313544056,4913513854,-1.00528,0.495808,-0.365024,-4.095,19.92375,7.3675,33.584003,4.12,15.176001,none,8,3.0,54114.0,216321.0,122889.0,214309.0,135750.0
2026-04-14 18:03:39.975911,712698,1609507313553470,4913523136,-1.00528,0.495808,-0.365024,-2.65125,20.685,9.065,33.584003,4.12,15.176001,none,8,3.0,56688.0,222018.0,126916.0,219082.0,140063.0
2026-04-14 18:03:39.978156,712699,1609507313568159,4913538076,-0.90768,0.474336,-0.314272,-1.04125,21.69125,10.15,32.672,3.984,16.448,none,8,3.0,56688.0,222018.0,126916.0,219082.0,140063.0
2026-04-14 18:03:39.980357,712700,1609507313577230,4913546771,-0.874496,0.489952,-0.171776,-0.97125,22.81125,10.605001,33.920002,3.968,15.6,none,8,3.0,56688.0,222018.0,126916.0,219082.0,140063.0
2026-04-14 18:03:39.982931,712701,1609507313591727,4913561689,-0.874496,0.489952,-0.171776,-2.6075,24.24625,10.5875,33.920002,3.968,15.6,none,8,3.0,56688.0,222018.0,126916.0,219082.0,140063.0
2026-04-14 18:03:39.985394,712702,1609507313600669,4913570448,-0.919392,0.470432,-0.392352,-4.64625,24.9725,10.80625,34.248,3.744,15.472001,none,8,3.0,56688.0,222018.0,126916.0,219082.0,140063.0
2026-04-14 18:03:39.988555,712703,1609507313609670,4913579150,-0.919392,0.470432,-0.392352,-5.845,25.76875,11.22625,34.248,3.744,15.472001,none,8,3.0,56688.0,222018.0,126916.0,219082.0,140063.0
2026-04-14 18:03:39.990654,712704,1609507313624215,4913594083,-0.895968,0.472384,-0.384544,-6.53625,26.4075,11.61125,34.504,3.808,15.040001,none,8,3.0,56688.0,222018.0,126916.0,219082.0,140063.0
2026-04-14 18:03:39.993000,712705,1609507313633203,4913602841,-0.895968,0.472384,-0.384544,-6.4225,26.29375,12.215,34.504,3.808,15.040001,none,8,3.0,56688.0,222018.0,126916.0,219082.0,140063.0
2026-04-14 18:03:40.004709,712706,1609507313647702,4913617735,-0.944768,0.523136,-0.257664,-5.73125,26.73125,12.66125,35.032,3.536,13.608001,none,8,3.0,56688.0,222018.0,126916.0,219082.0,140063.0
2026-04-14 18:03:40.031549,712717,1609507313656891,4913626596,-0.954528,0.509472,-0.343552,-5.8625,27.46625,13.18625,35.096,3.656,14.624001,none,8,3.0,59801.0,225286.0,131736.0,221884.0,144998.0
2026-04-14 18:03:40.034147,712718,1609507313665928,4913635410,-0.954528,0.509472,-0.343552,-7.0175,27.74625,13.195,35.096,3.656,14.624001,none,8,3.0,59801.0,225286.0,131736.0,221884.0,144998.0
2026-04-14 18:03:40.037809,712719,1609507313680490,4913650346,-0.94672,0.51728,-0.324032,-8.645,28.3675,13.55375,35.088,3.72,14.240001,none,8,3.0,59801.0,225286.0,131736.0,221884.0,144998.0
2026-04-14 18:03:40.044209,712720,1609507313689439,4913659090,-0.94672,0.51728,-0.324032,-9.19625,28.39375,14.42,35.088,3.72,14.240001,none,8,3.0,59801.0,225286.0,131736.0,221884.0,144998.0
2026-04-14 18:03:40.060438,712721,1609507313703911,4913673972,-0.9272,0.491904,-0.484096,-8.51375,28.2625,14.49,35.72,3.352,14.888001,none,8,3.0,59801.0,225286.0,131736.0,221884.0,144998.0
2026-04-14 18:03:40.069877,712722,1609507313712994,4913682683,-0.9272,0.491904,-0.484096,-6.65875,28.7,14.34125,35.72,3.352,14.888001,none,8,3.0,59801.0,225286.0,131736.0,221884.0,144998.0
2026-04-14 18:03:40.084256,712723,1609507313727528,4913697613,-0.89792,0.503616,-0.384544,-4.64625,29.067501,14.23625,36.376003,3.016,13.64,none,8,3.0,59801.0,225286.0,131736.0,221884.0,144998.0
2026-04-14 18:03:40.092138,712724,1609507313736503,4913706335,-0.886208,0.528992,-0.294752,-3.4125,29.23375,14.00875,34.992,3.28,13.928,none,8,3.0,59801.0,225286.0,131736.0,221884.0,144998.0
2026-04-14 18:03:40.106279,712725,1609507313745480,4913715049,-0.886208,0.528992,-0.294752,-3.61375,29.54,13.72875,34.992,3.28,13.928,none,8,3.0,59801.0,225286.0,131736.0,221884.0,144998.0
2026-04-14 18:03:40.137661,712736,1609507313760072,4913730451,-0.925248,0.509472,-0.540704,-3.75375,29.435,13.615,35.232002,2.72,13.136001,none,8,3.0,59955.0,220516.0,132276.0,217936.0,145456.0
2026-04-14 18:03:40.138194,712737,1609507313769072,4913739204,-0.925248,0.509472,-0.540704,-3.57,29.82,14.3325,35.232002,2.72,13.136001,none,8,3.0,59955.0,220516.0,132276.0,217936.0,145456.0
2026-04-14 18:03:40.139045,712738,1609507313783741,4913752130,-0.841312,0.509472,-0.480192,-2.86125,29.47,14.44625,36.792004,2.216,13.168,none,8,3.0,59955.0,220516.0,132276.0,217936.0,145456.0
2026-04-14 18:03:40.149634,712739,1609507313793073,4913762951,-0.841312,0.509472,-0.480192,-2.1,28.77,14.4725,36.792004,2.216,13.168,none,8,3.0,59955.0,220516.0,132276.0,217936.0,145456.0
2026-04-14 18:03:40.157936,712740,1609507313802030,4913771649,-0.83936,0.534848,-0.37088,-2.45875,28.21875,14.27125,37.408,2.2,12.144001,none,8,3.0,59955.0,220516.0,132276.0,217936.0,145456.0
2026-04-14 18:03:40.173071,712741,1609507313816621,4913786548,-0.83936,0.538752,-0.306464,-3.78,27.76375,14.21875,37.416,2.488,11.976001,none,8,3.0,59955.0,220516.0,132276.0,217936.0,145456.0
2026-04-14 18:03:40.180688,712742,1609507313825644,4913795286,-0.83936,0.538752,-0.306464,-5.285,27.41375,14.385,37.416,2.488,11.976001,none,8,3.0,59955.0,220516.0,132276.0,217936.0,145456.0
2026-04-14 18:03:40.195680,712743,1609507313840219,4913810224,-0.890112,0.528992,-0.499712,-5.7575,26.775,14.65625,37.512,1.96,10.992001,none,8,3.0,59955.0,220516.0,132276.0,217936.0,145456.0
2026-04-14 18:03:40.205472,712744,1609507313849138,4913818902,-0.890112,0.528992,-0.499712,-5.17125,26.66125,14.6825,37.512,1.96,10.992001,none,8,3.0,59955.0,220516.0,132276.0,217936.0,145456.0
2026-04-14 18:03:40.233108,712755,1609507313858331,4913827675,-0.853024,0.560224,-0.337696,-4.27875,26.495,14.69125,36.848003,1.752,10.032001,none,8,3.0,61043.0,218264.0,134277.0,216210.0,147496.0
2026-04-14 18:03:40.235351,712756,1609507313872860,4913842601,-0.853024,0.560224,-0.337696,-4.025,26.565,14.35875,36.848003,1.752,10.032001,none,8,3.0,61043.0,218264.0,134277.0,216210.0,147496.0
2026-04-14 18:03:40.238135,712757,1609507313881792,4913851280,-0.794464,0.534848,-0.355264,-3.98125,26.11,14.07,37.176003,2.008,11.400001,none,8,3.0,61043.0,218264.0,134277.0,216210.0,147496.0
2026-04-14 18:03:40.273444,712758,1609507313896393,4913866226,-0.794464,0.534848,-0.482144,-3.815,25.61125,13.64125,37.176003,2.008,11.400001,none,8,3.0,61043.0,218264.0,134277.0,216210.0,147496.0
2026-04-14 18:03:40.298083,712759,1609507313905344,4913874914,-0.802272,0.525088,-0.482144,-2.96625,25.20875,14.04375,38.304,1.592,9.704,none,8,3.0,61043.0,218264.0,134277.0,216210.0,147496.0
2026-04-14 18:03:40.323315,712760,1609507313919829,4913889805,-0.847168,0.579744,-0.376736,-2.5375,25.10375,14.105001,38.664,1.072,9.872001,none,8,3.0,61043.0,218264.0,134277.0,216210.0,147496.0
2026-04-14 18:03:40.325383,712761,1609507313928769,4913898489,-0.847168,0.579744,-0.376736,-2.0475,24.40375,13.34375,38.664,1.072,9.872001,none,8,3.0,61043.0,218264.0,134277.0,216210.0,147496.0
2026-04-14 18:03:40.345774,712762,1609507313937821,4913907186,-0.823744,0.540704,-0.538752,-1.9775,23.80875,12.25,37.192,1.84,10.024,none,8,3.0,61043.0,218264.0,134277.0,216210.0,147496.0
2026-04-14 18:03:40.348320,712763,1609507313952313,4913922085,-0.823744,0.540704,-0.538752,-3.75375,22.51375,11.655,37.192,1.84,10.024,none,8,3.0,61043.0,218264.0,134277.0,216210.0,147496.0
2026-04-14 18:03:40.375729,712774,1609507313961286,4913930807,-0.866688,0.544608,-0.599264,-4.97,21.91,11.0775,37.84,1.544,10.6,none,8,3.0,62771.0,219608.0,136941.0,217509.0,150240.0
2026-04-14 18:03:40.378493,712775,1609507313975788,4913945837,-0.866688,0.544608,-0.599264,-4.7775,21.06125,10.47375,37.84,1.544,10.6,none,8,3.0,62771.0,219608.0,136941.0,217509.0,150240.0
2026-04-14 18:03:40.381002,712776,1609507313984732,4913954540,-0.860832,0.581696,-0.499712,-2.96625,20.72875,9.87,38.312,1.12,9.624001,none,8,3.0,62771.0,219608.0,136941.0,217509.0,150240.0
2026-04-14 18:03:40.383101,712777,1609507313999339,4913969420,-0.835456,0.568032,-0.599264,-1.4525,20.44,8.8725,38.280003,0.936,9.376,none,8,3.0,62771.0,219608.0,136941.0,217509.0,150240.0
2026-04-14 18:03:40.390611,712778,1609507314008364,4913978223,-0.835456,0.568032,-0.599264,-2.2925,20.02,8.75875,38.280003,0.936,9.376,none,8,3.0,62771.0,219608.0,136941.0,217509.0,150240.0
2026-04-14 18:03:40.393435,712779,1609507314017375,4913986921,-0.835456,0.552416,-0.620736,-4.24375,18.7775,8.26,38.280003,0.936,9.376,none,8,3.0,62771.0,219608.0,136941.0,217509.0,150240.0
2026-04-14 18:03:40.395523,712780,1609507314031858,4914001819,-0.815936,0.558272,-0.620736,-5.24125,17.57875,8.05,38.256,0.912,10.952001,none,8,3.0,62771.0,219608.0,136941.0,217509.0,150240.0
2026-04-14 18:03:40.398127,712781,1609507314040796,4914010532,-0.788608,0.597312,-0.388448,-5.075,16.178751,7.595,39.144,0.384,8.736,none,8,3.0,62771.0,219608.0,136941.0,217509.0,150240.0
2026-04-14 18:03:40.434627,712792,1609507314055458,4914025783,-0.788608,0.597312,-0.388448,-4.10375,15.3475,7.16625,39.144,0.384,8.736,none,8,3.0,64054.0,221348.0,138811.0,218835.0,152193.0
2026-04-14 18:03:40.436679,712793,1609507314064606,4914034632,-0.831552,0.573888,-0.648064,-3.40375,14.34125,6.5625,39.256,0.24,6.24,none,8,3.0,64054.0,221348.0,138811.0,218835.0,152193.0
2026-04-14 18:03:40.439260,712794,1609507314073603,4914043311,-0.831552,0.573888,-0.648064,-3.3775,12.8975,6.32625,39.256,0.24,6.24,none,8,3.0,64054.0,221348.0,138811.0,218835.0,152193.0
2026-04-14 18:03:40.444715,712795,1609507314088315,4914058248,-0.853024,0.599264,-0.589504,-3.89375,11.48875,6.195,38.808002,0.696,10.280001,none,8,3.0,64054.0,221348.0,138811.0,218835.0,152193.0
2026-04-14 18:03:40.453482,712796,1609507314097257,4914066947,-0.853024,0.599264,-0.589504,-5.25875,10.40375,5.705,38.808002,0.696,10.280001,none,8,3.0,64054.0,221348.0,138811.0,218835.0,152193.0
2026-04-14 18:03:40.469669,712797,1609507314111716,4914081814,-0.753472,0.571936,-0.534848,-6.22125,9.52875,5.36375,39.528004,0.584,11.672001,none,8,3.0,64054.0,221348.0,138811.0,218835.0,152193.0
2026-04-14 18:03:40.475700,712798,1609507314120686,4914090514,-0.776896,0.610976,-0.359168,-7.875,8.09375,5.38125,39.568,-0.176,8.216001,none,8,3.0,64054.0,221348.0,138811.0,218835.0,152193.0
2026-04-14 18:03:40.491735,712799,1609507314135208,4914105451,-0.776896,0.610976,-0.359168,-7.83125,6.9825,5.01375,39.568,-0.176,8.216001,none,8,3.0,64054.0,221348.0,138811.0,218835.0,152193.0
2026-04-14 18:03:40.501017,712800,1609507314144333,4914114206,-0.735904,0.593408,-0.40016,-6.37,5.95,4.515,39.632004,-0.144,8.104,none,8,3.0,64054.0,221348.0,138811.0,218835.0,152193.0
2026-04-14 18:03:40.510595,712801,1609507314153276,4914122900,-0.735904,0.593408,-0.40016,-5.53,5.59125,4.0075,39.632004,-0.144,8.104,none,8,3.0,64054.0,221348.0,138811.0,218835.0,152193.0
2026-04-14 18:03:40.537972,712812,1609507314167897,4914137889,-0.74176,0.609024,-0.363072,-5.71375,4.47125,3.91125,39.760002,-0.08,8.224,none,8,3.0,66376.0,224315.0,142094.0,221242.0,155592.0
2026-04-14 18:03:40.540392,712813,1609507314177000,4914146636,-0.74176,0.609024,-0.363072,-6.93875,3.1325,2.87875,39.760002,-0.08,8.224,none,8,3.0,66376.0,224315.0,142094.0,221242.0,155592.0
2026-04-14 18:03:40.547188,712814,1609507314191596,4914161610,-0.745664,0.57584,-0.511424,-8.54875,1.54875,2.0125,39.432003,0.088,7.544,none,8,3.0,66376.0,224315.0,142094.0,221242.0,155592.0
2026-04-14 18:03:40.555987,712815,1609507314200543,4914170320,-0.763232,0.61488,-0.372832,-8.47875,-0.30625,1.11125,38.672,0.224,9.168,none,8,3.0,66376.0,224315.0,142094.0,221242.0,155592.0
2026-04-14 18:03:40.565984,712816,1609507314209821,4914179019,-0.763232,0.61488,-0.372832,-7.56875,-1.68875,0.41125,38.672,0.224,9.168,none,8,3.0,66376.0,224315.0,142094.0,221242.0,155592.0
2026-04-14 18:03:40.580867,712817,1609507314224347,4914193974,-0.739808,0.612928,-0.376736,-7.42875,-2.94,-0.63,38.264,0.288,8.08,none,8,3.0,66376.0,224315.0,142094.0,221242.0,155592.0
2026-04-14 18:03:40.588439,712818,1609507314233307,4914202769,-0.739808,0.612928,-0.376736,-7.25375,-4.33125,-0.98875,38.264,0.288,8.08,none,8,3.0,66376.0,224315.0,142094.0,221242.0,155592.0
2026-04-14 18:03:40.603190,712819,1609507314247922,4914217693,-0.825696,0.599264,-0.6344,-6.79,-6.27375,-1.19,38.872,0.32,9.392,none,8,3.0,66376.0,224315.0,142094.0,221242.0,155592.0
2026-04-14 18:03:40.678661,712830,1609507314257380,4914226845,-0.825696,0.599264,-0.6344,-8.33875,-7.27125,-2.14375,38.872,0.32,9.392,none,8,3.0,65554.0,222278.0,140919.0,219470.0,154297.0
2026-04-14 18:03:40.680493,712831,1609507314266401,4914235580,-0.735904,0.579744,-0.470432,-8.198751,-8.56625,-2.31,39.384003,0.144,8.584001,none,8,3.0,65554.0,222278.0,140919.0,219470.0,154297.0
2026-04-14 18:03:40.683229,712832,1609507314280961,4914250581,-0.84912,0.612928,-0.577792,-7.44625,-9.695,-2.77375,38.288002,0.488,9.528001,none,8,3.0,65554.0,222278.0,140919.0,219470.0,154297.0
2026-04-14 18:03:40.685780,712833,1609507314289868,4914259270,-0.84912,0.612928,-0.577792,-7.00875,-10.42125,-3.5,38.288002,0.488,9.528001,none,8,3.0,65554.0,222278.0,140919.0,219470.0,154297.0
2026-04-14 18:03:40.688573,712834,1609507314304370,4914274172,-0.806176,0.626592,-0.413824,-6.27375,-11.62875,-4.27,37.848003,0.496,10.944,none,8,3.0,65554.0,222278.0,140919.0,219470.0,154297.0
2026-04-14 18:03:40.691069,712835,1609507314313330,4914282900,-0.806176,0.626592,-0.413824,-6.43125,-12.53875,-4.865,37.848003,0.496,10.944,none,8,3.0,65554.0,222278.0,140919.0,219470.0,154297.0
2026-04-14 18:03:40.693262,712836,1609507314322260,4914291617,-0.759328,0.610976,-0.349408,-6.99125,-13.5625,-5.52125,37.224003,0.664,9.944,none,8,3.0,65554.0,222278.0,140919.0,219470.0,154297.0
2026-04-14 18:03:40.697298,712837,1609507314336769,4914306504,-0.759328,0.610976,-0.349408,-7.665,-14.805,-6.23875,37.224003,0.664,9.944,none,8,3.0,65554.0,222278.0,140919.0,219470.0,154297.0
2026-04-14 18:03:40.705699,712838,1609507314345802,4914315236,-0.755424,0.597312,-0.368928,-8.30375,-15.408751,-6.71125,38.352,0.432,9.888001,none,8,3.0,65554.0,222278.0,140919.0,219470.0,154297.0
2026-04-14 18:03:40.739792,712850,1609507314360671,4914330207,-0.837408,0.618784,-0.425536,-8.1375,-16.7125,-7.37625,38.896004,0.408,9.024,none,8,3.0,62854.0,219726.0,136955.0,217096.0,150118.0
2026-04-14 18:03:40.741983,712851,1609507314369660,4914339025,-0.837408,0.618784,-0.425536,-8.25125,-17.535,-8.8025,38.896004,0.408,9.024,none,8,3.0,62854.0,219726.0,136955.0,217096.0,150118.0
2026-04-14 18:03:40.744816,712852,1609507314384308,4914353974,-0.802272,0.618784,-0.363072,-8.28625,-18.445,-9.948751,38.920002,0.624,10.240001,none,8,3.0,62854.0,219726.0,136955.0,217096.0,150118.0
2026-04-14 18:03:40.751128,712853,1609507314393309,4914362674,-0.802272,0.618784,-0.363072,-8.225,-18.97,-10.77125,38.920002,0.624,10.240001,none,8,3.0,62854.0,219726.0,136955.0,217096.0,150118.0
2026-04-14 18:03:40.756915,712854,1609507314402262,4914371408,-0.80032,0.577792,-0.5368,-7.945,-20.265,-11.62,38.832,0.752,9.6,none,8,3.0,62854.0,219726.0,136955.0,217096.0,150118.0
2026-04-14 18:03:40.773565,712855,1609507314416857,4914386318,-0.80032,0.577792,-0.5368,-7.3675,-21.51625,-12.005,38.832,0.752,9.6,none,8,3.0,62854.0,219726.0,136955.0,217096.0,150118.0
2026-04-14 18:03:40.782371,712856,1609507314425795,4914395007,-0.776896,0.59536,-0.374784,-7.175,-22.11125,-12.74,38.336002,0.944,9.968,none,8,3.0,62854.0,219726.0,136955.0,217096.0,150118.0
2026-04-14 18:03:40.796826,712857,1609507314440301,4914410041,-0.776896,0.573888,-0.431392,-6.9125,-23.03,-13.2125,38.336002,0.944,11.752001,none,8,3.0,62854.0,219726.0,136955.0,217096.0,150118.0
2026-04-14 18:03:40.804418,712858,1609507314449336,4914418781,-0.767136,0.573888,-0.431392,-6.74625,-23.8525,-13.667501,38.632,1.32,11.752001,none,8,3.0,62854.0,219726.0,136955.0,217096.0,150118.0
2026-04-14 18:03:40.839404,712869,1609507314458794,4914427495,-0.767136,0.573888,-0.431392,-6.615,-24.78875,-14.44625,38.632,1.32,11.752001,none,8,3.0,59822.0,216677.0,132359.0,214271.0,145342.0
2026-04-14 18:03:40.841764,712870,1609507314473704,4914442507,-0.886208,0.601216,-0.519232,-6.71125,-25.08625,-15.35625,38.304,1.144,11.8,none,8,3.0,59822.0,216677.0,132359.0,214271.0,145342.0
2026-04-14 18:03:40.844377,712871,1609507314483073,4914453280,-0.788608,0.577792,-0.359168,-6.58,-25.52375,-15.9075,36.536003,1.936,12.72,none,8,3.0,59822.0,216677.0,132359.0,214271.0,145342.0
2026-04-14 18:03:40.854406,712872,1609507314497873,4914468181,-0.788608,0.577792,-0.359168,-6.64125,-26.04875,-16.31875,36.536003,1.936,12.72,none,8,3.0,59822.0,216677.0,132359.0,214271.0,145342.0
2026-04-14 18:03:40.864412,712873,1609507314506824,4914476866,-0.81008,0.589504,-0.308416,-6.93,-26.1625,-17.5,37.24,1.744,10.792001,none,8,3.0,59822.0,216677.0,132359.0,214271.0,145342.0
2026-04-14 18:03:40.870631,712874,1609507314515917,4914485620,-0.81008,0.589504,-0.308416,-6.92125,-27.116251,-18.43625,37.24,1.744,10.792001,none,8,3.0,59822.0,216677.0,132359.0,214271.0,145342.0
2026-04-14 18:03:40.906708,712875,1609507314530597,4914500525,-0.83936,0.552416,-0.489952,-5.88875,-27.16,-18.2,37.632,1.76,11.168,none,8,3.0,59822.0,216677.0,132359.0,214271.0,145342.0
2026-04-14 18:03:40.909303,712876,1609507314539533,4914509205,-0.83936,0.552416,-0.489952,-4.33125,-27.04625,-18.43625,37.632,1.76,11.168,none,8,3.0,59822.0,216677.0,132359.0,214271.0,145342.0
2026-04-14 18:03:40.914265,712877,1609507314554026,4914524082,-0.905728,0.597312,-0.376736,-3.08,-27.67625,-19.20625,36.688004,2.496,13.024,none,8,3.0,59822.0,216677.0,132359.0,214271.0,145342.0
2026-04-14 18:03:40.941981,712888,1609507314563087,4914532856,-0.80032,0.55632,-0.320128,-2.5725,-27.78125,-19.25875,36.464,2.656,12.376,none,8,3.0,56674.0,212295.0,127442.0,210318.0,140222.0
2026-04-14 18:03:40.944439,712889,1609507314572085,4914541647,-0.80032,0.55632,-0.320128,-1.91625,-28.02625,-19.5825,36.464,2.656,12.376,none,8,3.0,56674.0,212295.0,127442.0,210318.0,140222.0
2026-04-14 18:03:40.946893,712890,1609507314586643,4914556672,-0.827648,0.56608,-0.2928,-1.575,-28.192501,-20.1775,36.568,2.824,12.752001,none,8,3.0,56674.0,212295.0,127442.0,210318.0,140222.0
2026-04-14 18:03:40.951958,712891,1609507314595666,4914565385,-0.827648,0.56608,-0.2928,-0.875,-28.69125,-20.79875,36.568,2.824,12.752001,none,8,3.0,56674.0,212295.0,127442.0,210318.0,140222.0
2026-04-14 18:03:40.968311,712892,1609507314610175,4914580321,-0.903776,0.56608,-0.454816,-0.07875,-28.875,-21.34125,37.0,2.264,12.248,none,8,3.0,56674.0,212295.0,127442.0,210318.0,140222.0
2026-04-14 18:03:40.975526,712893,1609507314619255,4914589031,-0.903776,0.56608,-0.454816,-0.0875,-29.33875,-21.74375,37.0,2.264,12.248,none,8,3.0,56674.0,212295.0,127442.0,210318.0,140222.0
2026-04-14 18:03:40.983742,712894,1609507314628374,4914597734,-0.915488,0.579744,-0.382592,-0.385,-29.68875,-22.225,37.056004,2.968,13.056001,none,8,3.0,56674.0,212295.0,127442.0,210318.0,140222.0
2026-04-14 18:03:41.023249,712895,1609507314642887,4914612660,-0.851072,0.558272,-0.228384,-0.69125,-29.58375,-22.575,36.336002,2.904,14.632001,none,8,3.0,56674.0,212295.0,127442.0,210318.0,140222.0
2026-04-14 18:03:41.043129,712896,1609507314651804,4914621371,-0.851072,0.558272,-0.228384,-0.95375,-29.8375,-23.1525,36.336002,2.904,14.632001,none,8,3.0,56674.0,212295.0,127442.0,210318.0,140222.0
2026-04-14 18:03:41.070496,712907,1609507314666566,4914636400,-0.935008,0.573888,-0.333792,-0.49875,-29.63625,-23.12625,34.808002,4.064,15.176001,none,8,3.0,53706.0,206174.0,122508.0,205140.0,135001.0
2026-04-14 18:03:41.073694,712908,1609507314675623,4914645118,-0.935008,0.573888,-0.333792,1.44375,-30.397501,-22.37375,34.808002,4.064,15.176001,none,8,3.0,53706.0,206174.0,122508.0,205140.0,135001.0
2026-04-14 18:03:41.076718,712909,1609507314684594,4914653820,-0.83936,0.538752,-0.21472,2.98375,-30.09125,-22.18125,34.176003,4.28,15.400001,none,8,3.0,53706.0,206174.0,122508.0,205140.0,135001.0
2026-04-14 18:03:41.078442,712910,1609507314699131,4914668731,-0.83936,0.538752,-0.21472,4.375,-29.58375,-22.75875,34.176003,4.28,15.400001,none,8,3.0,53706.0,206174.0,122508.0,205140.0,135001.0
2026-04-14 18:03:41.080358,712911,1609507314708126,4914677474,-0.847168,0.532896,-0.222528,5.10125,-29.575,-22.39125,34.072002,3.768,14.688001,none,8,3.0,53706.0,206174.0,122508.0,205140.0,135001.0
2026-04-14 18:03:41.083117,712912,1609507314722701,4914692467,-0.85888,0.505568,-0.279136,4.82125,-29.715,-22.46125,34.704002,4.152,14.544001,none,8,3.0,53706.0,206174.0,122508.0,205140.0,135001.0
2026-04-14 18:03:41.089432,712913,1609507314731635,4914701188,-0.85888,0.505568,-0.279136,2.7475,-29.8375,-23.02125,34.704002,4.152,14.544001,none,8,3.0,53706.0,206174.0,122508.0,205140.0,135001.0
2026-04-14 18:03:41.101953,712914,1609507314746201,4914716148,-0.915488,0.530944,-0.20496,1.96875,-30.345,-23.49375,35.328003,3.592,14.880001,none,8,3.0,53706.0,206174.0,122508.0,205140.0,135001.0
2026-04-14 18:03:41.112155,712915,1609507314755146,4914724824,-0.915488,0.530944,-0.20496,2.52,-30.14375,-23.2925,35.328003,3.592,14.880001,none,8,3.0,53706.0,206174.0,122508.0,205140.0,135001.0
2026-04-14 18:03:41.142165,712926,1609507314764253,4914733554,-0.862784,0.499712,-0.199104,4.08625,-30.03875,-23.178751,34.488003,4.624,15.656001,none,8,3.0,51231.0,199033.0,117978.0,199543.0,130288.0
2026-04-14 18:03:41.144354,712927,1609507314778951,4914748549,-0.862784,0.499712,-0.199104,5.13625,-30.24875,-23.37125,34.488003,4.624,15.656001,none,8,3.0,51231.0,199033.0,117978.0,199543.0,130288.0
2026-04-14 18:03:41.147196,712928,1609507314787970,4914757252,-0.96624,0.493856,-0.423584,5.88875,-30.135,-23.75625,33.768,4.656,15.696001,none,8,3.0,51231.0,199033.0,117978.0,199543.0,130288.0
2026-04-14 18:03:41.159274,712929,1609507314802517,4914772148,-0.96624,0.503616,-0.158112,6.4225,-30.5725,-23.397501,33.768,4.656,15.696001,none,8,3.0,51231.0,199033.0,117978.0,199543.0,130288.0
2026-04-14 18:03:41.165510,712930,1609507314811453,4914780862,-0.899872,0.503616,-0.158112,6.79875,-30.835001,-23.4675,34.768,4.424,14.768001,none,8,3.0,51231.0,199033.0,117978.0,199543.0,130288.0
2026-04-14 18:03:41.177132,712931,1609507314820468,4914789577,-0.899872,0.503616,-0.158112,6.8075,-30.695,-23.33625,34.768,4.424,14.768001,none,8,3.0,51231.0,199033.0,117978.0,199543.0,130288.0
2026-04-14 18:03:41.190453,712932,1609507314834955,4914804487,-0.935008,0.499712,-0.173728,7.34125,-30.52875,-23.12625,34.208,4.64,15.432001,none,8,3.0,51231.0,199033.0,117978.0,199543.0,130288.0
2026-04-14 18:03:41.200688,712933,1609507314843908,4914813218,-0.923296,0.445056,-0.304512,8.44375,-30.397501,-22.505,34.152,4.568,14.992001,none,8,3.0,51231.0,199033.0,117978.0,199543.0,130288.0
2026-04-14 18:03:41.241863,712944,1609507314858464,4914828444,-0.923296,0.445056,-0.304512,8.715,-30.09125,-22.60125,34.152,4.568,14.992001,none,8,3.0,49403.0,191277.0,114273.0,192941.0,126557.0
2026-04-14 18:03:41.244273,712945,1609507314867524,4914837164,-1.018944,0.47824,-0.347456,9.31,-29.4175,-22.505,32.648003,5.08,17.144001,none,8,3.0,49403.0,191277.0,114273.0,192941.0,126557.0
2026-04-14 18:03:41.247493,712946,1609507314882105,4914852118,-1.018944,0.47824,-0.347456,11.24375,-29.1375,-21.9625,32.648003,5.08,17.144001,none,8,3.0,49403.0,191277.0,114273.0,192941.0,126557.0
2026-04-14 18:03:41.249832,712947,1609507314891228,4914860808,-0.98576,0.454816,-0.372832,12.2675,-28.848751,-21.77875,31.680002,5.384,17.864,none,8,3.0,49403.0,191277.0,114273.0,192941.0,126557.0
2026-04-14 18:03:41.257729,712948,1609507314900292,4914869530,-0.98576,0.454816,-0.372832,11.655,-28.35,-22.51375,31.680002,5.384,17.864,none,8,3.0,49403.0,191277.0,114273.0,192941.0,126557.0
2026-04-14 18:03:41.269248,712949,1609507314914769,4914884466,-0.940864,0.425536,-0.320128,10.85875,-28.245,-22.68,32.936,4.936,16.944,none,8,3.0,49403.0,191277.0,114273.0,192941.0,126557.0
2026-04-14 18:03:41.280461,712950,1609507314923720,4914893311,-0.933056,0.406016,-0.288896,9.96625,-27.67625,-22.155,32.936,5.128,18.928001,none,8,3.0,49403.0,191277.0,114273.0,192941.0,126557.0
2026-04-14 18:03:41.294275,712951,1609507314938255,4914908206,-0.933056,0.406016,-0.288896,10.26375,-27.22125,-21.55125,32.56,5.128,18.928001,none,8,3.0,49403.0,191277.0,114273.0,192941.0,126557.0
2026-04-14 18:03:41.305114,712952,1609507314947197,4914916889,-0.93696,0.443104,-0.101504,11.3225,-26.52125,-21.1575,32.56,5.136,17.976002,none,8,3.0,49403.0,191277.0,114273.0,192941.0,126557.0
2026-04-14 18:03:41.345647,712963,1609507314961792,4914931940,-0.93696,0.443104,-0.101504,13.265,-25.1825,-20.5625,32.56,5.136,17.976002,none,8,3.0,48166.0,183718.0,111654.0,186400.0,124048.0
2026-04-14 18:03:41.348254,712964,1609507314970818,4914940708,-0.964288,0.460672,-0.091744,15.190001,-24.36,-19.6175,31.304,5.504,17.664001,none,8,3.0,48166.0,183718.0,111654.0,186400.0,124048.0
2026-04-14 18:03:41.352531,712965,1609507314979873,4914949410,-0.964288,0.460672,-0.091744,16.59,-23.66,-19.25,31.304,5.504,17.664001,none,8,3.0,48166.0,183718.0,111654.0,186400.0,124048.0
2026-04-14 18:03:41.353024,712966,1609507314994392,4914964318,-1.020896,0.437248,-0.343552,16.87,-22.995,-18.9175,31.04,5.624,18.400002,none,8,3.0,48166.0,183718.0,111654.0,186400.0,124048.0
2026-04-14 18:03:41.385645,712967,1609507315003350,4914973011,-1.020896,0.437248,-0.343552,15.74125,-22.19875,-18.57625,31.04,5.624,18.400002,none,8,3.0,48166.0,183718.0,111654.0,186400.0,124048.0
2026-04-14 18:03:41.388195,712968,1609507315017965,4914987974,-0.974048,0.4392,-0.18544,14.37625,-21.56,-18.27,30.896002,5.36,17.624,none,8,3.0,48166.0,183718.0,111654.0,186400.0,124048.0
2026-04-14 18:03:41.391249,712969,1609507315026894,4914996668,-0.942816,0.402112,-0.265472,14.761251,-20.72,-17.43875,30.576002,5.520001,19.288,none,8,3.0,48166.0,183718.0,111654.0,186400.0,124048.0
2026-04-14 18:03:41.415929,712970,1609507315035829,4915005384,-0.942816,0.402112,-0.265472,15.61,-19.4425,-16.415,30.576002,5.520001,19.288,none,8,3.0,48166.0,183718.0,111654.0,186400.0,124048.0
2026-04-14 18:03:41.443152,712971,1609507315050347,4915020289,-0.938912,0.407968,-0.230336,15.47,-18.2,-15.2775,30.104002,5.376,20.056002,none,8,3.0,48166.0,183718.0,111654.0,186400.0,124048.0
2026-04-14 18:03:41.468383,712972,1609507315059275,4915029038,-0.938912,0.407968,-0.230336,14.77875,-17.272501,-14.79625,30.104002,5.376,20.056002,none,8,3.0,48166.0,183718.0,111654.0,186400.0,124048.0
2026-04-14 18:03:41.495686,712983,1609507315073810,4915043996,-0.977952,0.433344,-0.255712,14.4025,-16.35375,-14.105001,29.28,5.656,20.264002,none,8,3.0,46985.0,178732.0,109370.0,181899.0,121684.0
2026-04-14 18:03:41.498737,712984,1609507315082822,4915052687,-0.977952,0.433344,-0.255712,14.945,-15.79375,-13.3175,29.28,5.656,20.264002,none,8,3.0,46985.0,178732.0,109370.0,181899.0,121684.0
2026-04-14 18:03:41.501073,712985,1609507315097321,4915067596,-1.009184,0.450912,-0.259616,13.11625,-14.48125,-13.4575,29.432001,5.008,20.384,none,8,3.0,46985.0,178732.0,109370.0,181899.0,121684.0
2026-04-14 18:03:41.503197,712986,1609507315106249,4915076267,-0.954528,0.406016,-0.197152,7.86625,-13.67625,-14.55125,30.064001,5.344,20.056002,none,8,3.0,46985.0,178732.0,109370.0,181899.0,121684.0
2026-04-14 18:03:41.505689,712987,1609507315115169,4915084960,-0.954528,0.406016,-0.197152,2.35375,-13.20375,-15.09375,30.064001,5.344,20.056002,none,8,3.0,46985.0,178732.0,109370.0,181899.0,121684.0
2026-04-14 18:03:41.508503,712988,1609507315129662,4915099902,-0.938912,0.392352,-0.105408,-0.58625,-12.76625,-15.1725,30.232002,5.616,19.776001,none,8,3.0,46985.0,178732.0,109370.0,181899.0,121684.0
2026-04-14 18:03:41.510624,712989,1609507315138653,4915108669,-0.938912,0.392352,-0.105408,-0.42,-11.480001,-14.06125,30.232002,5.616,19.776001,none,8,3.0,46985.0,178732.0,109370.0,181899.0,121684.0
2026-04-14 18:03:41.513056,712990,1609507315153167,4915121532,-1.020896,0.392352,-0.308416,2.03,-9.70375,-12.92375,30.152002,5.2,19.800001,none,8,3.0,46985.0,178732.0,109370.0,181899.0,121684.0
2026-04-14 18:03:41.568189,713001,1609507315163102,4915132716,-1.020896,0.392352,-0.308416,4.27875,-8.05,-12.1975,30.152002,5.2,19.800001,none,8,3.0,45969.0,174338.0,107449.0,178358.0,119724.0
2026-04-14 18:03:41.570519,713002,1609507315172339,4915141465,-0.942816,0.3904,-0.181536,5.46,-6.65,-10.96375,29.352001,5.584,19.480001,none,8,3.0,45969.0,174338.0,107449.0,178358.0,119724.0
2026-04-14 18:03:41.573439,713003,1609507315186845,4915156410,-1.007232,0.3904,-0.314272,4.6025,-6.02875,-11.2,29.560001,5.104,20.448002,none,8,3.0,45969.0,174338.0,107449.0,178358.0,119724.0
2026-04-14 18:03:41.575412,713004,1609507315195766,4915165088,-1.007232,0.3904,-0.314272,2.47625,-5.71375,-10.59625,29.560001,5.104,20.448002,none,8,3.0,45969.0,174338.0,107449.0,178358.0,119724.0
2026-04-14 18:03:41.578355,713005,1609507315210484,4915180186,-1.059936,0.41968,-0.22448,1.28625,-5.215,-9.63375,30.592001,5.336,18.944,none,8,3.0,45969.0,174338.0,107449.0,178358.0,119724.0
2026-04-14 18:03:41.580853,713006,1609507315219436,4915188901,-1.059936,0.41968,-0.22448,1.12875,-4.24375,-8.8375,30.592001,5.336,18.944,none,8,3.0,45969.0,174338.0,107449.0,178358.0,119724.0
2026-04-14 18:03:41.585537,713007,1609507315228479,4915197614,-0.987712,0.413824,-0.052704,2.1175,-3.45625,-7.9975,30.272001,5.528,18.888,none,8,3.0,45969.0,174338.0,107449.0,178358.0,119724.0
2026-04-14 18:03:41.599193,713008,1609507315242993,4915212518,-0.987712,0.413824,-0.052704,2.14375,-3.10625,-7.9975,30.272001,5.528,18.888,none,8,3.0,45969.0,174338.0,107449.0,178358.0,119724.0
2026-04-14 18:03:41.606699,713009,1609507315251974,4915221247,-0.972096,0.368928,-0.25376,0.945,-2.28375,-8.2425,30.208002,5.712,19.816002,none,8,3.0,45969.0,174338.0,107449.0,178358.0,119724.0
2026-04-14 18:03:41.641909,713020,1609507315266575,4915236223,-0.99552,0.402112,-0.10736,-0.70875,-2.205,-7.88375,29.640001,5.272,18.832,none,8,3.0,45731.0,173384.0,106884.0,177523.0,119165.0
2026-04-14 18:03:41.647713,713021,1609507315275595,4915244937,-0.99552,0.402112,-0.10736,-1.3125,-2.205,-7.595,29.640001,5.272,18.832,none,8,3.0,45731.0,173384.0,106884.0,177523.0,119165.0
2026-04-14 18:03:41.647817,713022,1609507315284542,4915253689,-0.99552,0.402112,-0.10736,-2.03,-1.19,-7.42875,29.640001,5.272,18.832,none,8,3.0,45731.0,173384.0,106884.0,177523.0,119165.0
2026-04-14 18:03:41.659207,713023,1609507315299097,4915268796,-0.950624,0.378688,-0.076128,-2.0125,-0.44625,-6.5275,28.904001,5.568,19.776001,none,8,3.0,45731.0,173384.0,106884.0,177523.0,119165.0
2026-04-14 18:03:41.665883,713024,1609507315308062,4915277499,-0.958432,0.378688,-0.083936,-0.9975,0.25375,-6.16875,30.312002,5.152,18.928001,none,8,3.0,45731.0,173384.0,106884.0,177523.0,119165.0
2026-04-14 18:03:41.678137,713025,1609507315322743,4915292560,-0.958432,0.378688,-0.083936,0.11375,0.4375,-5.46,30.312002,5.152,18.928001,none,8,3.0,45731.0,173384.0,106884.0,177523.0,119165.0
2026-04-14 18:03:41.687256,713026,1609507315331828,4915301284,-1.032608,0.37088,-0.310368,-0.28,-0.09625,-5.45125,30.208002,5.376,19.104,none,8,3.0,45731.0,173384.0,106884.0,177523.0,119165.0
2026-04-14 18:03:41.701926,713027,1609507315346303,4915316205,-0.962336,0.372832,-0.105408,-0.63,-0.07,-4.76875,30.208002,5.376,18.576,none,8,3.0,45731.0,173384.0,106884.0,177523.0,119165.0
2026-04-14 18:03:41.713925,713028,1609507315355247,4915324935,-0.962336,0.372832,-0.105408,-1.32125,-0.09625,-4.97875,30.36,5.456,18.576,none,8,3.0,45731.0,173384.0,106884.0,177523.0,119165.0
2026-04-14 18:03:41.794786,713039,1609507315364424,4915333810,-0.962336,0.372832,-0.105408,-1.68875,0.2975,-4.82125,30.36,5.456,18.576,none,8,3.0,45513.0,172993.0,106369.0,177133.0,118621.0
2026-04-14 18:03:41.796892,713040,1609507315379161,4915348755,-0.970144,0.37088,-0.121024,-1.14625,0.5775,-4.1125,29.632002,5.528,19.736,none,8,3.0,45513.0,172993.0,106369.0,177133.0,118621.0
2026-04-14 18:03:41.799587,713041,1609507315388118,4915357434,-1.059936,0.396256,-0.230336,-0.8575,0.77875,-4.22625,30.056002,5.824,18.488,none,8,3.0,45513.0,172993.0,106369.0,177133.0,118621.0
2026-04-14 18:03:41.801692,713042,1609507315402635,4915372426,-1.059936,0.396256,-0.230336,-1.39125,0.48125,-4.38375,30.056002,5.824,18.488,none,8,3.0,45513.0,172993.0,106369.0,177133.0,118621.0
2026-04-14 18:03:41.804396,713043,1609507315411555,4915381122,-1.03456,0.366976,-0.308416,-2.65125,0.315,-4.4625,30.184002,5.632,18.752,none,8,3.0,45513.0,172993.0,106369.0,177133.0,118621.0
2026-04-14 18:03:41.807424,713044,1609507315420499,4915389805,-1.03456,0.366976,-0.308416,-2.905,0.3325,-4.0775,30.184002,5.632,18.752,none,8,3.0,45513.0,172993.0,106369.0,177133.0,118621.0
2026-04-14 18:03:41.809348,713045,1609507315434968,4915404735,-1.042368,0.394304,-0.13664,-2.1,0.77,-3.22875,30.392002,5.528,19.024,none,8,3.0,45513.0,172993.0,106369.0,177133.0,118621.0
2026-04-14 18:03:41.811870,713046,1609507315443955,4915413418,-1.042368,0.394304,-0.13664,-1.47,0.83125,-3.22,30.392002,5.528,19.024,none,8,3.0,45513.0,172993.0,106369.0,177133.0,118621.0
2026-04-14 18:03:41.814280,713047,1609507315458469,4915428404,-1.059936,0.384544,-0.267424,-0.98,0.9275,-2.6075,30.376001,5.88,18.84,none,8,3.0,45513.0,172993.0,106369.0,177133.0,118621.0
2026-04-14 18:03:41.841619,713058,1609507315467575,4915437171,-0.96624,0.378688,-0.095648,-0.8925,1.11125,-2.275,30.584002,5.176,18.824001,none,8,3.0,45402.0,172881.0,106162.0,177047.0,118392.0
2026-04-14 18:03:41.844216,713059,1609507315482128,4915452135,-0.96624,0.378688,-0.095648,-1.28625,0.97125,-2.765,30.584002,5.176,18.824001,none,8,3.0,45402.0,172881.0,106162.0,177047.0,118392.0
2026-04-14 18:03:41.846802,713060,1609507315491068,4915460864,-0.94672,0.363072,-0.105408,-1.68875,0.84875,-3.36,30.432001,5.384,18.728,none,8,3.0,45402.0,172881.0,106162.0,177047.0,118392.0
2026-04-14 18:03:41.855851,713061,1609507315500009,4915469562,-0.94672,0.363072,-0.105408,-2.205,1.42625,-3.0275,30.432001,5.384,18.728,none,8,3.0,45402.0,172881.0,106162.0,177047.0,118392.0
2026-04-14 18:03:41.871956,713062,1609507315514524,4915484449,-0.979904,0.345504,-0.244,-2.16125,1.7675,-2.68625,29.568,5.768,19.496,none,8,3.0,45402.0,172881.0,106162.0,177047.0,118392.0
2026-04-14 18:03:41.878927,713063,1609507315523552,4915493336,-0.979904,0.345504,-0.244,-1.54,1.98625,-2.415,29.568,5.768,19.496,none,8,3.0,45402.0,172881.0,106162.0,177047.0,118392.0
2026-04-14 18:03:41.894775,713064,1609507315538048,4915508259,-0.954528,0.35136,-0.189344,-0.98,2.38875,-2.58125,30.760002,5.656,19.192001,none,8,3.0,45402.0,172881.0,106162.0,177047.0,118392.0
2026-04-14 18:03:41.903499,713065,1609507315546976,4915516947,-0.954528,0.35136,-0.0488,-0.74375,2.2925,-2.24875,30.760002,5.656,19.192001,none,8,3.0,45402.0,172881.0,106162.0,177047.0,118392.0
2026-04-14 18:03:41.919396,713066,1609507315561679,4915531822,-0.98576,0.40016,-0.060512,-0.3675,2.89625,-1.70625,29.800001,5.768,20.792002,none,8,3.0,45402.0,172881.0,106162.0,177047.0,118392.0
2026-04-14 18:03:41.946660,713077,1609507315570772,4915540677,-0.999424,0.402112,-0.085888,-0.8575,3.50875,-2.2225,29.952002,5.464,18.856,none,8,3.0,45138.0,172587.0,105671.0,176833.0,117863.0
2026-04-14 18:03:41.949641,713078,1609507315579874,4915549386,-0.999424,0.402112,-0.085888,-1.68875,2.835,-2.7125,29.952002,5.464,18.856,none,8,3.0,45138.0,172587.0,105671.0,176833.0,117863.0
2026-04-14 18:03:41.952153,713079,1609507315594516,4915564300,-1.05408,0.374784,-0.325984,-2.66,2.63375,-2.63375,30.088001,5.896,19.656,none,8,3.0,45138.0,172587.0,105671.0,176833.0,117863.0
2026-04-14 18:03:41.959236,713080,1609507315603569,4915572981,-1.05408,0.374784,-0.325984,-2.5725,2.7125,-2.52,30.088001,5.896,19.656,none,8,3.0,45138.0,172587.0,105671.0,176833.0,117863.0
2026-04-14 18:03:41.974353,713081,1609507315618049,4915587876,-0.950624,0.36112,-0.128832,-1.63625,3.43,-1.995,30.768002,5.68,19.296001,none,8,3.0,45138.0,172587.0,105671.0,176833.0,117863.0
2026-04-14 18:03:41.983497,713082,1609507315626997,4915596613,-0.950624,0.36112,-0.128832,-0.69125,4.19125,-1.75,30.768002,5.68,19.296001,none,8,3.0,45138.0,172587.0,105671.0,176833.0,117863.0
2026-04-14 18:03:41.993199,713083,1609507315635941,4915605310,-1.020896,0.386496,-0.238144,0.1575,4.27875,-1.4,30.264002,6.000001,18.776001,none,8,3.0,45138.0,172587.0,105671.0,176833.0,117863.0
2026-04-14 18:03:42.006023,713084,1609507315650425,4915620301,-1.036512,0.417728,-0.150304,0.48125,4.68125,-1.05,30.128002,5.6,18.944,none,8,3.0,45138.0,172587.0,105671.0,176833.0,117863.0
2026-04-14 18:03:42.018889,713085,1609507315659372,4915629008,-1.036512,0.417728,-0.150304,-0.90125,4.57625,-1.79375,30.128002,5.6,18.944,none,8,3.0,45138.0,172587.0,105671.0,176833.0,117863.0
2026-04-14 18:03:42.043011,713096,1609507315674076,4915643949,-1.036512,0.382592,-0.269376,-2.79125,4.54125,-1.93375,30.688002,5.272,18.688002,none,8,3.0,45005.0,172738.0,105413.0,176916.0,117541.0
2026-04-14 18:03:42.045544,713097,1609507315683104,4915652711,-1.036512,0.382592,-0.269376,-3.6225,4.34,-1.6275,30.688002,5.272,18.688002,none,8,3.0,45005.0,172738.0,105413.0,176916.0,117541.0
2026-04-14 18:03:42.048170,713098,1609507315692327,4915661408,-1.05408,0.382592,-0.286944,-3.465,4.2175,-1.8025,30.792002,5.632,18.792002,none,8,3.0,45005.0,172738.0,105413.0,176916.0,117541.0
2026-04-14 18:03:42.063242,713099,1609507315706940,4915676328,-1.05408,0.382592,-0.286944,-2.33625,4.40125,-2.065,30.792002,5.632,18.792002,none,8,3.0,45005.0,172738.0,105413.0,176916.0,117541.0
2026-04-14 18:03:42.071007,713100,1609507315715861,4915685051,-1.03456,0.394304,-0.238144,-1.56625,4.27,-1.53125,31.096,5.480001,20.616001,none,8,3.0,45005.0,172738.0,105413.0,176916.0,117541.0
2026-04-14 18:03:42.085752,713101,1609507315730529,4915699947,-0.94672,0.382592,-0.134688,-0.1925,4.62,-0.8925,31.096,5.44,18.304,none,8,3.0,45005.0,172738.0,105413.0,176916.0,117541.0
2026-04-14 18:03:42.122608,713102,1609507315739466,4915708664,-0.94672,0.382592,-0.134688,-0.30625,5.32875,-1.00625,31.096,5.44,18.304,none,8,3.0,45005.0,172738.0,105413.0,176916.0,117541.0
2026-04-14 18:03:42.161015,713103,1609507315753982,4915723538,-1.032608,0.417728,-0.144448,-1.715,5.4775,-1.35625,30.192001,5.872,18.224,none,8,3.0,45005.0,172738.0,105413.0,176916.0,117541.0
2026-04-14 18:03:42.193201,713104,1609507315762951,4915732275,-1.032608,0.417728,-0.144448,-3.59625,5.43375,-1.8725,30.192001,5.872,18.224,none,8,3.0,45005.0,172738.0,105413.0,176916.0,117541.0
2026-04-14 18:03:42.229380,713115,1609507315771895,4915741057,-0.970144,0.349408,-0.25376,-5.15375,4.47125,-2.33625,31.344002,5.56,18.320002,none,8,3.0,44935.0,173090.0,105259.0,177167.0,117360.0
2026-04-14 18:03:42.230365,713116,1609507315786394,4915755920,-0.970144,0.349408,-0.25376,-5.53875,4.54125,-1.715,31.344002,5.56,18.320002,none,8,3.0,44935.0,173090.0,105259.0,177167.0,117360.0
2026-04-14 18:03:42.232951,713117,1609507315795320,4915764579,-0.974048,0.386496,-0.085888,-3.64,4.34,-1.33,30.264002,6.000001,18.592001,none,8,3.0,44935.0,173090.0,105259.0,177167.0,117360.0
2026-04-14 18:03:42.235606,713118,1609507315809780,4915779490,-1.040416,0.382592,-0.347456,-1.085,4.27875,-0.81375,30.224,5.984,19.92,none,8,3.0,44935.0,173090.0,105259.0,177167.0,117360.0
2026-04-14 18:03:42.238244,713119,1609507315818702,4915788184,-1.040416,0.382592,-0.347456,0.28,4.68125,-0.6475,30.224,5.984,19.92,none,8,3.0,44935.0,173090.0,105259.0,177167.0,117360.0
2026-04-14 18:03:42.240708,713120,1609507315833207,4915803059,-0.960384,0.402112,-0.089792,-0.245,5.13625,-0.77,29.720001,5.952,20.264002,none,8,3.0,44935.0,173090.0,105259.0,177167.0,117360.0
2026-04-14 18:03:42.243044,713121,1609507315842157,4915811770,-0.960384,0.402112,-0.089792,-1.39125,4.94375,-1.015,29.720001,5.952,20.264002,none,8,3.0,44935.0,173090.0,105259.0,177167.0,117360.0
2026-04-14 18:03:42.245689,713122,1609507315851179,4915820525,-0.99552,0.406016,-0.103456,-3.5875,4.80375,-1.16375,29.688002,6.144,19.424002,none,8,3.0,44935.0,173090.0,105259.0,177167.0,117360.0
2026-04-14 18:03:42.273185,713133,1609507315866128,4915835490,-0.99552,0.406016,-0.103456,-5.25875,4.7075,-1.365,29.688002,6.144,19.424002,none,8,3.0,44968.0,173775.0,105296.0,177713.0,117398.0
2026-04-14 18:03:42.275611,713134,1609507315875340,4915844226,-0.993568,0.398208,-0.122976,-4.9875,4.34875,-1.365,29.560001,5.92,19.240002,none,8,3.0,44968.0,173775.0,105296.0,177713.0,117398.0
2026-04-14 18:03:42.278162,713135,1609507315889953,4915859154,-1.009184,0.36112,-0.349408,-4.38375,4.305,-1.0325,29.560001,6.064,20.368,none,8,3.0,44968.0,173775.0,105296.0,177713.0,117398.0
2026-04-14 18:03:42.283302,713136,1609507315899006,4915867882,-1.009184,0.36112,-0.349408,-2.9225,4.48,-0.6475,30.392002,6.064,20.368,none,8,3.0,44968.0,173775.0,105296.0,177713.0,117398.0
2026-04-14 18:03:42.285700,713137,1609507315907969,4915876613,-1.009184,0.36112,-0.349408,-1.11125,4.96125,-0.455,30.392002,6.064,20.368,none,8,3.0,44968.0,173775.0,105296.0,177713.0,117398.0
2026-04-14 18:03:42.293241,713138,1609507315923016,4915891616,-1.013088,0.382592,-0.314272,-0.63,5.59125,-0.175,30.664001,5.976,19.184,none,8,3.0,44968.0,173775.0,105296.0,177713.0,117398.0
2026-04-14 18:03:42.295740,713139,1609507315932480,4915902400,-0.98576,0.421632,-0.0976,-1.32125,5.78375,-0.53375,30.776001,5.944,18.768002,none,8,3.0,44968.0,173775.0,105296.0,177713.0,117398.0
2026-04-14 18:03:42.298229,713140,1609507315941492,4915911151,-0.98576,0.421632,-0.0976,-3.325,5.74,-0.875,30.776001,5.944,18.768002,none,8,3.0,44968.0,173775.0,105296.0,177713.0,117398.0
2026-04-14 18:03:42.313184,713141,1609507315956000,4915926012,-1.04432,0.386496,-0.368928,-5.87125,5.6,-1.54,30.696001,5.32,17.992,none,8,3.0,44968.0,173775.0,105296.0,177713.0,117398.0
2026-04-14 18:03:42.345668,713152,1609507315965121,4915934904,-1.04432,0.386496,-0.368928,-7.20125,5.04,-1.7325,30.696001,5.32,17.992,none,8,3.0,44976.0,174498.0,105252.0,178265.0,117361.0
2026-04-14 18:03:42.348123,713153,1609507315979757,4915949841,-1.020896,0.396256,-0.206912,-7.245,4.85625,-1.19875,31.680002,5.536,18.12,none,8,3.0,44976.0,174498.0,105252.0,178265.0,117361.0
2026-04-14 18:03:42.350677,713154,1609507315988723,4915958618,-1.020896,0.396256,-0.206912,-5.18875,4.89125,-0.83125,31.680002,5.536,18.12,none,8,3.0,44976.0,174498.0,105252.0,178265.0,117361.0
2026-04-14 18:03:42.355734,713155,1609507315997766,4915967321,-0.944768,0.357216,-0.257664,-2.68625,4.89125,-0.58625,31.624,5.32,17.392,none,8,3.0,44976.0,174498.0,105252.0,178265.0,117361.0
2026-04-14 18:03:42.368319,713156,1609507316012262,4915982264,-1.046272,0.42944,-0.244,-1.61875,5.03125,-0.5425,31.656002,5.464,18.848001,none,8,3.0,44976.0,174498.0,105252.0,178265.0,117361.0
2026-04-14 18:03:42.378327,713157,1609507316021299,4915990993,-1.046272,0.42944,-0.244,-2.19625,5.62625,-0.5775,31.656002,5.464,18.848001,none,8,3.0,44976.0,174498.0,105252.0,178265.0,117361.0
2026-04-14 18:03:42.392046,713158,1609507316035807,4916005884,-1.009184,0.421632,-0.13664,-3.92875,5.39,-0.56875,31.736002,5.32,17.44,none,8,3.0,44976.0,174498.0,105252.0,178265.0,117361.0
2026-04-14 18:03:42.406321,713159,1609507316044758,4916014573,-1.009184,0.421632,-0.13664,-6.60625,5.08375,-1.225,31.736002,5.32,17.44,none,8,3.0,44976.0,174498.0,105252.0,178265.0,117361.0
2026-04-14 18:03:42.416128,713160,1609507316059261,4916029554,-0.952576,0.37088,-0.197152,-8.14625,4.6025,-1.47875,31.248001,5.368,18.072,none,8,3.0,44976.0,174498.0,105252.0,178265.0,117361.0
2026-04-14 18:03:42.445995,713171,1609507316068331,4916038276,-0.952576,0.37088,-0.197152,-8.5225,4.1475,-1.63625,31.248001,5.368,18.072,none,8,3.0,45182.0,175617.0,105579.0,179112.0,117735.0
2026-04-14 18:03:42.448532,713172,1609507316077318,4916047048,-1.020896,0.374784,-0.324032,-7.3325,3.85,-1.68875,32.048,5.56,17.552,none,8,3.0,45182.0,175617.0,105579.0,179112.0,117735.0
2026-04-14 18:03:42.450589,713173,1609507316091865,4916061995,-1.00528,0.417728,-0.148352,-4.48875,3.54375,-1.33875,31.888002,5.584,14.688001,none,8,3.0,45182.0,175617.0,105579.0,179112.0,117735.0
2026-04-14 18:03:42.457322,713174,1609507316100803,4916070676,-1.00528,0.417728,-0.148352,-2.05625,4.27,-0.1575,31.888002,5.584,14.688001,none,8,3.0,45182.0,175617.0,105579.0,179112.0,117735.0
2026-04-14 18:03:42.485604,713175,1609507316115383,4916085585,-0.993568,0.40992,-0.212768,-1.26,4.48875,-0.5425,31.800001,5.744,18.384,none,8,3.0,45182.0,175617.0,105579.0,179112.0,117735.0
2026-04-14 18:03:42.510908,713176,1609507316124319,4916094275,-0.993568,0.40992,-0.212768,-3.0975,4.235,-1.1025,31.800001,5.744,18.384,none,8,3.0,45182.0,175617.0,105579.0,179112.0,117735.0
2026-04-14 18:03:42.515533,713177,1609507316138815,4916109165,-1.007232,0.382592,-0.347456,-5.64375,3.87625,-1.12875,31.304,5.552,17.856,none,8,3.0,45182.0,175617.0,105579.0,179112.0,117735.0
2026-04-14 18:03:42.520885,713178,1609507316147732,4916117882,-1.007232,0.382592,-0.347456,-7.1575,3.15875,-1.39125,31.304,5.552,17.856,none,8,3.0,45182.0,175617.0,105579.0,179112.0,117735.0
2026-04-14 18:03:42.523418,713179,1609507316156698,4916126644,-0.948672,0.378688,-0.150304,-6.93875,2.35375,-1.54875,31.304,5.88,18.448,none,8,3.0,45182.0,175617.0,105579.0,179112.0,117735.0
2026-04-14 18:03:42.550965,713190,1609507316171389,4916141659,-0.948672,0.363072,-0.345504,-5.53875,2.52875,-1.23375,31.304,5.88,18.448,none,8,3.0,45230.0,176191.0,105659.0,179491.0,117820.0
2026-04-14 18:03:42.553480,713191,1609507316180390,4916150397,-0.976,0.363072,-0.345504,-3.43875,2.51125,-1.19875,31.432001,5.512,17.976002,none,8,3.0,45230.0,176191.0,105659.0,179491.0,117820.0
2026-04-14 18:03:42.556011,713192,1609507316194977,4916163349,-0.942816,0.392352,-0.160064,-1.96,2.7125,-1.42625,31.328001,5.6,19.224,none,8,3.0,45230.0,176191.0,105659.0,179491.0,117820.0
2026-04-14 18:03:42.562227,713193,1609507316204289,4916174149,-0.942816,0.392352,-0.160064,-2.45875,2.415,-1.81125,31.328001,5.6,19.224,none,8,3.0,45230.0,176191.0,105659.0,179491.0,117820.0
2026-04-14 18:03:42.569629,713194,1609507316213443,4916182855,-0.972096,0.396256,-0.177632,-4.305,2.37125,-1.74125,31.888002,5.28,16.888,none,8,3.0,45230.0,176191.0,105659.0,179491.0,117820.0
2026-04-14 18:03:42.584816,713195,1609507316227918,4916197892,-0.972096,0.396256,-0.177632,-5.78375,2.02125,-1.9775,31.888002,5.28,16.888,none,8,3.0,45230.0,176191.0,105659.0,179491.0,117820.0
2026-04-14 18:03:42.594147,713196,1609507316237020,4916206676,-0.962336,0.355264,-0.306464,-6.23875,1.155,-1.98625,31.504002,5.872,17.064001,none,8,3.0,45230.0,176191.0,105659.0,179491.0,117820.0
2026-04-14 18:03:42.609209,713197,1609507316251491,4916221573,-0.962336,0.355264,-0.212768,-5.3375,0.77,-2.485,31.504002,5.872,17.064001,none,8,3.0,45230.0,176191.0,105659.0,179491.0,117820.0
2026-04-14 18:03:42.617169,713198,1609507316260446,4916230271,-0.944768,0.37088,-0.206912,-3.56125,0.5425,-1.96875,32.376003,5.624,19.6,none,8,3.0,45230.0,176191.0,105659.0,179491.0,117820.0
2026-04-14 18:03:42.649875,713209,1609507316269456,4916239010,-0.944768,0.37088,-0.206912,-1.505,0.595,-1.23375,32.376003,5.624,19.6,none,8,3.0,45240.0,176340.0,105664.0,179573.0,117805.0
2026-04-14 18:03:42.651999,713210,1609507316284256,4916254116,-1.011136,0.425536,-0.183488,-0.9975,0.79625,-1.435,32.104,5.8,17.096,none,8,3.0,45240.0,176340.0,105664.0,179573.0,117805.0
2026-04-14 18:03:42.654389,713211,1609507316293298,4916262839,-1.046272,0.417728,-0.286944,-2.1875,0.455,-1.98625,32.192,5.808,17.768002,none,8,3.0,45240.0,176340.0,105664.0,179573.0,117805.0
2026-04-14 18:03:42.664852,713212,1609507316308003,4916277746,-1.046272,0.417728,-0.286944,-4.40125,0.09625,-2.73875,32.192,5.808,17.768002,none,8,3.0,45240.0,176340.0,105664.0,179573.0,117805.0
2026-04-14 18:03:42.673602,713213,1609507316316966,4916286528,-1.048224,0.392352,-0.363072,-5.635,-0.28875,-2.59875,32.048,5.864,18.536001,none,8,3.0,45240.0,176340.0,105664.0,179573.0,117805.0
2026-04-14 18:03:42.688178,713214,1609507316331488,4916301454,-1.048224,0.392352,-0.363072,-5.27625,-0.27125,-2.9925,32.048,5.864,18.536001,none,8,3.0,45240.0,176340.0,105664.0,179573.0,117805.0
2026-04-14 18:03:42.697705,713215,1609507316340448,4916310165,-0.976,0.392352,-0.167872,-4.08625,-0.385,-3.19375,31.376001,5.696,17.216002,none,8,3.0,45240.0,176340.0,105664.0,179573.0,117805.0
2026-04-14 18:03:42.704665,713216,1609507316349370,4916318824,-0.976,0.392352,-0.167872,-2.33625,-0.84875,-3.2025,31.376001,5.696,17.216002,none,8,3.0,45240.0,176340.0,105664.0,179573.0,117805.0
2026-04-14 18:03:42.720934,713217,1609507316363891,4916333749,-0.974048,0.404064,-0.144448,-1.5225,-0.98,-3.1325,32.112003,5.792,17.392,none,8,3.0,45240.0,176340.0,105664.0,179573.0,117805.0
2026-04-14 18:03:42.748510,713228,1609507316373065,4916342623,-1.040416,0.427488,-0.212768,-1.28625,-1.085,-2.72125,32.112003,5.592001,17.344002,none,8,3.0,45210.0,176242.0,105611.0,179462.0,117744.0
2026-04-14 18:03:42.751046,713229,1609507316387649,4916357673,-1.040416,0.427488,-0.212768,-2.1875,-0.595,-3.3425,32.376003,5.592001,17.344002,none,8,3.0,45210.0,176242.0,105611.0,179462.0,117744.0
2026-04-14 18:03:42.753559,713230,1609507316396678,4916366494,-0.993568,0.38064,-0.296704,-3.3425,-1.16375,-3.6575,32.136,5.704001,17.472,none,8,3.0,45210.0,176242.0,105611.0,179462.0,117744.0
2026-04-14 18:03:42.763205,713231,1609507316405734,4916375218,-0.993568,0.38064,-0.296704,-3.96375,-1.47,-3.92875,32.136,5.704001,17.472,none,8,3.0,45210.0,176242.0,105611.0,179462.0,117744.0
2026-04-14 18:03:42.777306,713232,1609507316420225,4916390142,-1.01504,0.366976,-0.372832,-3.80625,-1.3125,-4.585,32.280003,5.576,16.936,none,8,3.0,45210.0,176242.0,105611.0,179462.0,117744.0
2026-04-14 18:03:42.787142,713233,1609507316429151,4916398949,-1.01504,0.366976,-0.372832,-3.325,-1.19,-4.34,32.280003,5.576,16.936,none,8,3.0,45210.0,176242.0,105611.0,179462.0,117744.0
2026-04-14 18:03:42.800904,713234,1609507316443669,4916413847,-1.011136,0.374784,-0.353312,-1.60125,-1.19,-3.745,31.264002,5.456,17.304,none,8,3.0,45210.0,176242.0,105611.0,179462.0,117744.0
2026-04-14 18:03:42.839704,713235,1609507316452633,4916422547,-1.011136,0.374784,-0.353312,-0.14875,-0.70875,-3.1675,31.264002,5.456,17.304,none,8,3.0,45210.0,176242.0,105611.0,179462.0,117744.0
2026-04-14 18:03:42.924473,713246,1609507316467142,4916437651,-1.038464,0.398208,-0.347456,-0.37625,-0.58625,-3.4825,32.280003,5.768,16.032001,none,8,3.0,45186.0,176071.0,105498.0,179305.0,117620.0
2026-04-14 18:03:42.927137,713247,1609507316476285,4916446346,-0.981856,0.407968,-0.160064,-1.54,-0.525,-3.99,31.28,5.896,18.68,none,8,3.0,45186.0,176071.0,105498.0,179305.0,117620.0
2026-04-14 18:03:42.929679,713248,1609507316485298,4916455123,-0.981856,0.407968,-0.160064,-3.5,-0.93625,-4.34,31.28,5.896,18.68,none,8,3.0,45186.0,176071.0,105498.0,179305.0,117620.0
2026-04-14 18:03:42.932285,713249,1609507316499876,4916470080,-0.972096,0.343552,-0.32208,-4.78625,-1.8025,-4.80375,31.384,6.064,18.512001,none,8,3.0,45186.0,176071.0,105498.0,179305.0,117620.0
2026-04-14 18:03:42.934765,713250,1609507316508790,4916478954,-0.972096,0.343552,-0.32208,-4.1825,-1.77625,-4.83,31.384,6.064,18.512001,none,8,3.0,45186.0,176071.0,105498.0,179305.0,117620.0
2026-04-14 18:03:42.936707,713251,1609507316523382,4916491788,-0.958432,0.378688,-0.1464,-1.8025,-1.12875,-3.75375,31.240002,5.84,18.296001,none,8,3.0,45186.0,176071.0,105498.0,179305.0,117620.0
2026-04-14 18:03:42.939505,713252,1609507316532764,4916502616,-0.958432,0.378688,-0.1464,0.81375,-1.18125,-3.605,31.240002,5.84,18.296001,none,8,3.0,45186.0,176071.0,105498.0,179305.0,117620.0
2026-04-14 18:03:42.942277,713253,1609507316541777,4916511401,-0.938912,0.388448,-0.158112,1.05875,-1.1725,-3.96375,31.432001,5.848,16.960001,none,8,3.0,45186.0,176071.0,105498.0,179305.0,117620.0
2026-04-14 18:03:42.944781,713254,1609507316556589,4916526339,-1.05408,0.404064,-0.337696,-0.105,-1.09375,-3.99875,32.128002,5.68,17.608002,none,8,3.0,45186.0,176071.0,105498.0,179305.0,117620.0
2026-04-14 18:03:42.947293,713255,1609507316565611,4916535067,-1.05408,0.404064,-0.337696,-1.56625,-1.05,-4.1825,32.128002,5.68,17.608002,none,8,3.0,45186.0,176071.0,105498.0,179305.0,117620.0
2026-04-14 18:03:42.974990,713266,1609507316580224,4916550052,-0.944768,0.363072,-0.173728,-2.7825,-1.2775,-4.97875,32.376003,5.544,17.464,none,8,3.0,45122.0,176108.0,105315.0,179239.0,117436.0
2026-04-14 18:03:42.976632,713267,1609507316589275,4916558744,-0.944768,0.363072,-0.173728,-2.77375,-1.67125,-4.9175,32.376003,5.544,17.464,none,8,3.0,45122.0,176108.0,105315.0,179239.0,117436.0
2026-04-14 18:03:42.979661,713268,1609507316598230,4916567540,-0.954528,0.355264,-0.261568,-1.1375,-1.33,-4.2525,31.896002,5.488,17.528002,none,8,3.0,45122.0,176108.0,105315.0,179239.0,117436.0
2026-04-14 18:03:42.981761,713269,1609507316612825,4916582463,-0.954528,0.355264,-0.261568,0.175,-1.1725,-4.0425,31.896002,5.488,17.528002,none,8,3.0,45122.0,176108.0,105315.0,179239.0,117436.0
2026-04-14 18:03:42.984704,713270,1609507316621822,4916591172,-1.030656,0.394304,-0.306464,1.14625,-0.70875,-4.10375,32.128002,5.8,17.616001,none,8,3.0,45122.0,176108.0,105315.0,179239.0,117436.0
2026-04-14 18:03:42.994695,713271,1609507316636541,4916606172,-1.03456,0.386496,-0.376736,0.7175,-0.77875,-3.78,32.280003,5.832,17.52,none,8,3.0,45122.0,176108.0,105315.0,179239.0,117436.0
2026-04-14 18:03:43.000929,713272,1609507316645625,4916614905,-1.03456,0.386496,-0.376736,-0.455,-0.6125,-3.4475,32.280003,5.832,17.52,none,8,3.0,45122.0,176108.0,105315.0,179239.0,117436.0
2026-04-14 18:03:43.009353,713273,1609507316654669,4916623646,-1.003328,0.366976,-0.355264,-1.91625,-1.1025,-4.12125,32.280003,5.832,17.416,none,8,3.0,45122.0,176108.0,105315.0,179239.0,117436.0
2026-04-14 18:03:43.053557,713284,1609507316669225,4916638717,-1.007232,0.366976,-0.355264,-2.7475,-1.61875,-4.50625,31.808,5.648,17.416,none,8,3.0,45096.0,176110.0,105260.0,179122.0,117389.0
2026-04-14 18:03:43.056029,713285,1609507316678259,4916647592,-0.94672,0.38064,-0.122976,-2.5725,-1.46125,-4.62875,32.112003,5.592001,17.816,none,8,3.0,45096.0,176110.0,105260.0,179122.0,117389.0
2026-04-14 18:03:43.058524,713286,1609507316692785,4916662555,-0.94672,0.38064,-0.122976,-1.9075,-1.68,-4.1825,32.112003,5.592001,17.816,none,8,3.0,45096.0,176110.0,105260.0,179122.0,117389.0
2026-04-14 18:03:43.063181,713287,1609507316701726,4916671239,-1.030656,0.386496,-0.316224,-0.49875,-1.0675,-3.29875,31.328001,5.88,19.44,none,8,3.0,45096.0,176110.0,105260.0,179122.0,117389.0
2026-04-14 18:03:43.073443,713288,1609507316716314,4916686198,-0.948672,0.366976,-0.244,0.21875,-0.6125,-3.5525,31.032001,6.016,17.296001,none,8,3.0,45096.0,176110.0,105260.0,179122.0,117389.0
2026-04-14 18:03:43.081046,713289,1609507316725321,4916694938,-0.948672,0.366976,-0.244,0.21,-0.9625,-3.03625,31.032001,6.016,17.296001,none,8,3.0,45096.0,176110.0,105260.0,179122.0,117389.0
2026-04-14 18:03:43.089732,713290,1609507316734336,4916703642,-0.948672,0.366976,-0.244,-0.385,-1.11125,-2.2225,31.032001,6.016,17.296001,none,8,3.0,45096.0,176110.0,105260.0,179122.0,117389.0
2026-04-14 18:03:43.105940,713291,1609507316748833,4916718597,-0.968192,0.37088,-0.286944,-0.65625,-0.91,-2.0125,31.968002,5.624,17.12,none,8,3.0,45096.0,176110.0,105260.0,179122.0,117389.0
2026-04-14 18:03:43.115911,713292,1609507316757786,4916727284,-0.940864,0.368928,-0.210816,-1.49625,-0.98,-2.5025,32.248,5.952,17.296001,none,8,3.0,45096.0,176110.0,105260.0,179122.0,117389.0
2026-04-14 18:03:43.156839,713303,1609507316772757,4916742288,-0.940864,0.368928,-0.210816,-2.73,-1.1725,-2.30125,32.248,5.952,17.296001,none,8,3.0,45032.0,175800.0,105113.0,178843.0,117187.0
2026-04-14 18:03:43.157251,713304,1609507316781800,4916751052,-0.976,0.38064,-0.191296,-2.8875,-0.84,-2.5025,31.840002,6.144,18.568,none,8,3.0,45032.0,175800.0,105113.0,178843.0,117187.0
2026-04-14 18:03:43.159194,713305,1609507316790766,4916759759,-0.976,0.38064,-0.191296,-2.1,-1.085,-2.3625,31.840002,6.144,18.568,none,8,3.0,45032.0,175800.0,105113.0,178843.0,117187.0
2026-04-14 18:03:43.166347,713306,1609507316805283,4916774702,-1.016992,0.406016,-0.171776,-1.26,-1.18125,-2.0475,30.488,6.648,19.424002,none,8,3.0,45032.0,175800.0,105113.0,178843.0,117187.0
2026-04-14 18:03:43.172086,713307,1609507316814258,4916783420,-1.016992,0.406016,-0.171776,-0.37625,-0.7875,-1.58375,30.488,6.648,19.424002,none,8,3.0,45032.0,175800.0,105113.0,178843.0,117187.0
2026-04-14 18:03:43.183155,713308,1609507316828905,4916798344,-1.048224,0.413824,-0.25376,-0.41125,-0.315,-1.49625,31.240002,5.92,16.512001,none,8,3.0,45032.0,175800.0,105113.0,178843.0,117187.0
2026-04-14 18:03:43.194439,713309,1609507316837913,4916807050,-0.958432,0.3904,-0.115168,-1.575,-0.20125,-1.6625,32.144,5.744,17.576,none,8,3.0,45032.0,175800.0,105113.0,178843.0,117187.0
2026-04-14 18:03:43.221967,713310,1609507316846854,4916815728,-0.958432,0.3904,-0.115168,-3.36875,-0.35,-1.8025,32.144,5.744,17.576,none,8,3.0,45032.0,175800.0,105113.0,178843.0,117187.0
2026-04-14 18:03:43.249362,713311,1609507316861347,4916830639,-1.001376,0.353312,-0.318176,-4.66375,-0.4375,-1.9075,31.248001,6.256001,18.584002,none,8,3.0,45032.0,175800.0,105113.0,178843.0,117187.0
2026-04-14 18:03:43.253878,713312,1609507316870248,4916839332,-1.001376,0.353312,-0.318176,-3.815,-0.30625,-2.0125,31.248001,6.256001,18.584002,none,8,3.0,45032.0,175800.0,105113.0,178843.0,117187.0
2026-04-14 18:03:43.279463,713323,1609507316884778,4916854476,-0.979904,0.384544,-0.140544,-2.38,0.14,-1.4525,31.032001,5.72,18.896002,none,8,3.0,45008.0,175870.0,105080.0,178898.0,117163.0
2026-04-14 18:03:43.281973,713324,1609507316893817,4916863188,-0.979904,0.384544,-0.140544,-0.60375,0.245,-1.42625,31.032001,5.72,18.896002,none,8,3.0,45008.0,175870.0,105080.0,178898.0,117163.0
2026-04-14 18:03:43.284434,713325,1609507316908571,4916878106,-0.933056,0.368928,-0.158112,-0.4375,0.46375,-1.70625,31.352001,6.272,17.848001,none,8,3.0,45008.0,175870.0,105080.0,178898.0,117163.0
2026-04-14 18:03:43.287000,713326,1609507316917643,4916886824,-1.018944,0.374784,-0.363072,-0.91875,0.4375,-1.54875,31.232002,6.08,14.856001,none,8,3.0,45008.0,175870.0,105080.0,178898.0,117163.0
2026-04-14 18:03:43.289492,713327,1609507316926682,4916895587,-1.018944,0.374784,-0.363072,-1.085,0.46375,-1.995,31.232002,6.08,14.856001,none,8,3.0,45008.0,175870.0,105080.0,178898.0,117163.0
2026-04-14 18:03:43.296976,713328,1609507316941201,4916910525,-1.048224,0.40016,-0.296704,-1.93375,0.79625,-2.1525,32.04,5.952,17.488,none,8,3.0,45008.0,175870.0,105080.0,178898.0,117163.0
2026-04-14 18:03:43.305735,713329,1609507316950209,4916919264,-1.048224,0.40016,-0.296704,-2.1525,0.77,-2.5375,32.04,5.952,17.488,none,8,3.0,45008.0,175870.0,105080.0,178898.0,117163.0
2026-04-14 18:03:43.321816,713330,1609507316964741,4916934151,-1.046272,0.386496,-0.32208,-2.6775,0.60375,-2.9225,31.328001,5.672,18.888,none,8,3.0,45008.0,175870.0,105080.0,178898.0,117163.0
2026-04-14 18:03:43.355612,713341,1609507316974182,4916943026,-1.046272,0.386496,-0.32208,-2.73,0.7525,-2.94,31.328001,5.672,18.888,none,8,3.0,45084.0,176149.0,105178.0,179091.0,117276.0
2026-04-14 18:03:43.358102,713342,1609507316983762,4916953815,-1.030656,0.365024,-0.38064,-2.26625,0.63,-2.86125,31.544,5.928001,18.784,none,8,3.0,45084.0,176149.0,105178.0,179091.0,117276.0
2026-04-14 18:03:43.360587,713343,1609507316998314,4916966732,-0.968192,0.398208,-0.113216,-1.60125,0.95375,-2.31875,30.344002,6.352,19.400002,none,8,3.0,45084.0,176149.0,105178.0,179091.0,117276.0
2026-04-14 18:03:43.363140,713344,1609507317007592,4916977498,-0.968192,0.398208,-0.113216,-1.60125,0.98,-2.31875,30.344002,6.352,19.400002,none,8,3.0,45084.0,176149.0,105178.0,179091.0,117276.0
2026-04-14 18:03:43.374390,713345,1609507317016523,4916986237,-0.968192,0.398208,-0.298656,-1.715,1.53125,-2.61625,30.344002,6.352,19.400002,none,8,3.0,45084.0,176149.0,105178.0,179091.0,117276.0
2026-04-14 18:03:43.388256,713346,1609507317031049,4917001119,-1.03456,0.394304,-0.298656,-1.91625,1.53125,-2.37125,31.320002,5.752,17.248001,none,8,3.0,45084.0,176149.0,105178.0,179091.0,117276.0
2026-04-14 18:03:43.395751,713347,1609507317039986,4917009924,-0.948672,0.359168,-0.251808,-2.6075,1.30375,-2.26625,32.2,5.736,17.168001,none,8,3.0,45084.0,176149.0,105178.0,179091.0,117276.0
2026-04-14 18:03:43.408309,713348,1609507317054511,4917022957,-0.948672,0.359168,-0.251808,-2.94875,1.33875,-1.8725,32.2,5.736,17.168001,none,8,3.0,45084.0,176149.0,105178.0,179091.0,117276.0
2026-04-14 18:03:43.422688,713349,1609507317063769,4917033704,-1.036512,0.407968,-0.208864,-2.765,1.505,-2.16125,32.352,5.584,17.616001,none,8,3.0,45084.0,176149.0,105178.0,179091.0,117276.0
2026-04-14 18:03:43.488538,713360,1609507317078549,4917048693,-1.022848,0.37088,-0.384544,-2.17875,1.47,-2.02125,31.720001,5.856,18.640001,none,8,3.0,45105.0,176437.0,105198.0,179292.0,117298.0
2026-04-14 18:03:43.490999,713361,1609507317087591,4917057469,-1.022848,0.37088,-0.384544,-1.19,1.72375,-1.58375,31.720001,5.856,18.640001,none,8,3.0,45105.0,176437.0,105198.0,179292.0,117298.0
2026-04-14 18:03:43.493459,713362,1609507317096566,4917066194,-1.022848,0.37088,-0.384544,-0.8925,1.75,-1.75875,31.720001,5.856,18.640001,none,8,3.0,45105.0,176437.0,105198.0,179292.0,117298.0
2026-04-14 18:03:43.496074,713363,1609507317111057,4917081104,-1.016992,0.413824,-0.20496,-1.63625,1.23375,-1.96875,31.640001,6.312,18.552,none,8,3.0,45105.0,176437.0,105198.0,179292.0,117298.0
2026-04-14 18:03:43.498561,713364,1609507317119961,4917089766,-0.98576,0.406016,-0.121024,-2.1875,1.09375,-2.00375,31.184002,5.776001,17.352001,none,8,3.0,45105.0,176437.0,105198.0,179292.0,117298.0
2026-04-14 18:03:43.501015,713365,1609507317134546,4917104713,-0.98576,0.406016,-0.121024,-1.89,1.30375,-1.39125,31.184002,5.776001,17.352001,none,8,3.0,45105.0,176437.0,105198.0,179292.0,117298.0
2026-04-14 18:03:43.503555,713366,1609507317143488,4917113408,-0.977952,0.384544,-0.199104,-1.82875,1.46125,-1.42625,32.488003,5.448,17.68,none,8,3.0,45105.0,176437.0,105198.0,179292.0,117298.0
2026-04-14 18:03:43.509228,713367,1609507317152423,4917122090,-0.977952,0.384544,-0.199104,-1.6275,1.42625,-1.5575,32.488003,5.448,17.68,none,8,3.0,45105.0,176437.0,105198.0,179292.0,117298.0
2026-04-14 18:03:43.524787,713368,1609507317166940,4917137118,-0.970144,0.36112,-0.327936,-1.995,1.42625,-1.5575,32.184002,5.696,17.088001,none,8,3.0,45105.0,176437.0,105198.0,179292.0,117298.0
2026-04-14 18:03:43.553397,713379,1609507317176613,4917146079,-0.970144,0.36112,-0.327936,-1.645,1.16375,-1.42625,32.184002,5.696,17.088001,none,8,3.0,45116.0,176545.0,105187.0,179377.0,117296.0
2026-04-14 18:03:43.555976,713380,1609507317191256,4917161092,-0.935008,0.36112,-0.21472,-1.785,1.19875,-1.3475,31.456001,5.984,17.536001,none,8,3.0,45116.0,176545.0,105187.0,179377.0,117296.0
2026-04-14 18:03:43.560619,713381,1609507317200350,4917169791,-1.0248,0.407968,-0.201056,-1.93375,1.2775,-1.63625,32.216003,5.504,17.44,none,8,3.0,45116.0,176545.0,105187.0,179377.0,117296.0
2026-04-14 18:03:43.588174,713382,1609507317209275,4917178499,-1.0248,0.407968,-0.201056,-2.19625,1.47,-1.65375,32.216003,5.504,17.44,none,8,3.0,45116.0,176545.0,105187.0,179377.0,117296.0
2026-04-14 18:03:43.613275,713383,1609507317223754,4917193521,-0.952576,0.388448,-0.148352,-1.30375,1.6275,-0.91,32.168003,5.744,17.208,none,8,3.0,45116.0,176545.0,105187.0,179377.0,117296.0
2026-04-14 18:03:43.617955,713384,1609507317232700,4917202267,-0.952576,0.388448,-0.148352,-1.04125,1.42625,-0.665,32.168003,5.744,17.208,none,8,3.0,45116.0,176545.0,105187.0,179377.0,117296.0
2026-04-14 18:03:43.618468,713385,1609507317247203,4917217183,-1.040416,0.396256,-0.33184,-1.67125,1.3475,-0.91,32.168003,5.496,16.752,none,8,3.0,45116.0,176545.0,105187.0,179377.0,117296.0
2026-04-14 18:03:43.620530,713386,1609507317256230,4917225883,-1.040416,0.396256,-0.33184,-3.22,1.40875,-1.00625,32.168003,5.496,16.752,none,8,3.0,45116.0,176545.0,105187.0,179377.0,117296.0
2026-04-14 18:03:43.627978,713387,1609507317270726,4917240762,-1.050176,0.406016,-0.300608,-3.42125,1.505,-1.21625,32.448,5.944,18.632,none,8,3.0,45116.0,176545.0,105187.0,179377.0,117296.0
2026-04-14 18:03:43.655727,713398,1609507317279783,4917249573,-0.987712,0.404064,-0.128832,-3.01,1.4875,-0.7525,32.408,6.032,18.864,none,8,3.0,45163.0,176865.0,105243.0,179646.0,117354.0
2026-04-14 18:03:43.658272,713399,1609507317288953,4917258367,-0.987712,0.404064,-0.128832,-2.6775,1.0325,-1.2075,32.408,6.032,18.864,none,8,3.0,45163.0,176865.0,105243.0,179646.0,117354.0
2026-04-14 18:03:43.663157,713400,1609507317303491,4917273274,-1.020896,0.417728,-0.18544,-1.81125,0.95375,-0.77,31.336002,6.000001,18.128,none,8,3.0,45163.0,176865.0,105243.0,179646.0,117354.0
2026-04-14 18:03:43.668288,713401,1609507317312478,4917281987,-1.020896,0.417728,-0.18544,-0.97125,1.32125,-0.77875,31.336002,6.000001,18.128,none,8,3.0,45163.0,176865.0,105243.0,179646.0,117354.0
2026-04-14 18:03:43.684542,713402,1609507317326976,4917296869,-0.983808,0.411872,-0.158112,-1.54875,1.46125,-0.8225,31.744001,5.992,18.152,none,8,3.0,45163.0,176865.0,105243.0,179646.0,117354.0
2026-04-14 18:03:43.693187,713403,1609507317336035,4917305688,-0.983808,0.411872,-0.158112,-2.09125,1.5225,-0.95375,31.744001,5.992,18.152,none,8,3.0,45163.0,176865.0,105243.0,179646.0,117354.0
2026-04-14 18:03:43.699531,713404,1609507317345009,4917314451,-0.964288,0.388448,-0.189344,-2.9925,1.19875,-1.05875,32.52,5.768,17.208,none,8,3.0,45163.0,176865.0,105243.0,179646.0,117354.0
2026-04-14 18:03:43.717767,713405,1609507317359521,4917329429,-0.983808,0.402112,-0.154208,-4.01625,0.805,-1.49625,32.672,5.576,18.608002,none,8,3.0,45163.0,176865.0,105243.0,179646.0,117354.0
2026-04-14 18:03:43.724198,713406,1609507317368500,4917338132,-0.983808,0.402112,-0.154208,-3.92,1.1025,-1.085,32.672,5.576,18.608002,none,8,3.0,45163.0,176865.0,105243.0,179646.0,117354.0
2026-04-14 18:03:43.754488,713417,1609507317383457,4917353362,-0.958432,0.368928,-0.290848,-3.0975,0.9975,-1.81125,32.464,5.696,17.176,none,8,3.0,45192.0,177121.0,105314.0,179795.0,117427.0
2026-04-14 18:03:43.757001,713418,1609507317392387,4917362144,-0.958432,0.368928,-0.290848,-2.1525,1.05,-0.49875,32.464,5.696,17.176,none,8,3.0,45192.0,177121.0,105314.0,179795.0,117427.0
2026-04-14 18:03:43.763306,713419,1609507317406997,4917377065,-1.048224,0.404064,-0.347456,-1.0675,1.30375,-0.315,32.480003,5.864,17.6,none,8,3.0,45192.0,177121.0,105314.0,179795.0,117427.0
2026-04-14 18:03:43.773277,713420,1609507317416094,4917385760,-1.048224,0.404064,-0.347456,-0.6475,1.505,-0.665,32.480003,5.864,17.6,none,8,3.0,45192.0,177121.0,105314.0,179795.0,117427.0
2026-04-14 18:03:43.779482,713421,1609507317425043,4917394445,-1.007232,0.38064,-0.38064,-1.35625,1.4175,-0.63875,32.408,5.632,17.128,none,8,3.0,45192.0,177121.0,105314.0,179795.0,117427.0
2026-04-14 18:03:43.795745,713422,1609507317439653,4917409378,-1.007232,0.38064,-0.163968,-3.12375,1.68875,-0.945,32.408,5.632,17.160002,none,8,3.0,45192.0,177121.0,105314.0,179795.0,117427.0
2026-04-14 18:03:43.805993,713423,1609507317448581,4917418186,-0.940864,0.38064,-0.163968,-4.48875,1.435,-1.23375,32.528,5.704001,17.160002,none,8,3.0,45192.0,177121.0,105314.0,179795.0,117427.0
2026-04-14 18:03:43.819202,713424,1609507317463118,4917433091,-0.948672,0.3904,-0.13664,-4.2,1.30375,-1.39125,32.704002,5.552,17.928001,none,8,3.0,45192.0,177121.0,105314.0,179795.0,117427.0
2026-04-14 18:03:43.830877,713425,1609507317472072,4917441776,-0.948672,0.3904,-0.13664,-3.3775,0.93625,-1.155,32.704002,5.552,17.928001,none,8,3.0,45192.0,177121.0,105314.0,179795.0,117427.0
2026-04-14 18:03:43.858714,713436,1609507317481088,4917450698,-0.94672,0.363072,-0.290848,-2.1,1.155,-0.97125,32.352,5.480001,17.456001,none,8,3.0,45279.0,177318.0,105448.0,179916.0,117560.0
2026-04-14 18:03:43.860667,713437,1609507317495720,4917465711,-0.94672,0.363072,-0.290848,-1.2775,1.37375,-0.6475,32.352,5.480001,17.456001,none,8,3.0,45279.0,177318.0,105448.0,179916.0,117560.0
2026-04-14 18:03:43.863192,713438,1609507317504658,4917474453,-1.020896,0.42944,-0.189344,-0.98875,1.995,-0.525,31.648,5.8,17.152,none,8,3.0,45279.0,177318.0,105448.0,179916.0,117560.0
2026-04-14 18:03:43.875567,713439,1609507317519221,4917489347,-1.020896,0.42944,-0.189344,-1.7675,2.3975,-0.9275,31.648,5.8,17.152,none,8,3.0,45279.0,177318.0,105448.0,179916.0,117560.0
2026-04-14 18:03:43.883521,713440,1609507317528173,4917498077,-1.04432,0.398208,-0.388448,-3.4475,2.23125,-1.33875,32.824,5.696,17.104,none,8,3.0,45279.0,177318.0,105448.0,179916.0,117560.0
2026-04-14 18:03:43.898539,713441,1609507317542731,4917512994,-0.954528,0.376736,-0.228384,-4.34,1.8725,-1.575,32.528,5.912,17.112001,none,8,3.0,45279.0,177318.0,105448.0,179916.0,117560.0
2026-04-14 18:03:43.909294,713442,1609507317551637,4917521673,-0.954528,0.376736,-0.228384,-4.375,1.72375,-1.6625,32.528,5.912,17.112001,none,8,3.0,45279.0,177318.0,105448.0,179916.0,117560.0
2026-04-14 18:03:43.917169,713443,1609507317560669,4917530376,-0.983808,0.40992,-0.154208,-3.35125,1.225,-1.575,32.528,6.176,19.976002,none,8,3.0,45279.0,177318.0,105448.0,179916.0,117560.0
2026-04-14 18:03:44.004095,713454,1609507317575166,4917545268,-0.983808,0.40992,-0.154208,-3.00125,1.21625,-1.575,31.784002,6.176,19.976002,none,8,3.0,45350.0,177622.0,105548.0,180163.0,117690.0
2026-04-14 18:03:44.007146,713455,1609507317584477,4917553985,-1.026752,0.411872,-0.265472,-1.89,1.44375,-1.42625,31.648,6.248,17.464,none,8,3.0,45350.0,177622.0,105548.0,180163.0,117690.0
2026-04-14 18:03:44.009322,713456,1609507317599026,4917569082,-1.026752,0.411872,-0.265472,-1.32125,1.6275,-0.76125,31.648,6.248,17.464,none,8,3.0,45350.0,177622.0,105548.0,180163.0,117690.0
2026-04-14 18:03:44.011673,713457,1609507317607993,4917577781,-0.950624,0.372832,-0.316224,-1.60125,1.79375,-1.12875,30.880001,6.392,16.856,none,8,3.0,45350.0,177622.0,105548.0,180163.0,117690.0
2026-04-14 18:03:44.014264,713458,1609507317617195,4917586481,-0.950624,0.372832,-0.316224,-2.5025,1.785,-1.1375,30.880001,6.392,16.856,none,8,3.0,45350.0,177622.0,105548.0,180163.0,117690.0
2026-04-14 18:03:44.016724,713459,1609507317631748,4917601393,-1.018944,0.425536,-0.20496,-4.19125,1.81125,-1.33875,31.728,5.944,17.960001,none,8,3.0,45350.0,177622.0,105548.0,180163.0,117690.0
2026-04-14 18:03:44.019770,713460,1609507317640725,4917610219,-1.018944,0.378688,-0.199104,-4.305,2.07375,-1.295,31.728,5.944,17.960001,none,8,3.0,45350.0,177622.0,105548.0,180163.0,117690.0
2026-04-14 18:03:44.022958,713461,1609507317655231,4917625227,-0.93696,0.38064,-0.199104,-4.2875,1.6975,-1.40875,31.752,5.816001,17.944,none,8,3.0,45350.0,177622.0,105548.0,180163.0,117690.0
2026-04-14 18:03:44.025467,713462,1609507317664229,4917633953,-1.022848,0.417728,-0.236192,-4.0775,1.2775,-1.96,31.896002,6.088,18.192001,none,8,3.0,45350.0,177622.0,105548.0,180163.0,117690.0
2026-04-14 18:03:44.030258,713463,1609507317673171,4917642617,-1.022848,0.417728,-0.236192,-3.2025,1.11125,-1.33,31.896002,6.088,18.192001,none,8,3.0,45350.0,177622.0,105548.0,180163.0,117690.0
2026-04-14 18:03:44.056664,713474,1609507317687785,4917657641,-1.03456,0.396256,-0.394304,-3.0625,0.93625,-0.97125,31.608002,5.864,16.944,none,8,3.0,45466.0,178180.0,105753.0,180578.0,117908.0
2026-04-14 18:03:44.059189,713475,1609507317696756,4917666381,-1.03456,0.396256,-0.394304,-2.3975,0.8925,-1.19,31.608002,5.864,16.944,none,8,3.0,45466.0,178180.0,105753.0,180578.0,117908.0
2026-04-14 18:03:44.067144,713476,1609507317711371,4917681356,-0.972096,0.386496,-0.296704,-2.625,0.76125,-1.33875,32.008003,5.512,16.912,none,8,3.0,45466.0,178180.0,105753.0,180578.0,117908.0
2026-04-14 18:03:44.078377,713477,1609507317720437,4917690084,-0.972096,0.386496,-0.296704,-2.68625,0.95375,-1.47,32.008003,5.512,16.912,none,8,3.0,45466.0,178180.0,105753.0,180578.0,117908.0
2026-04-14 18:03:44.112204,713478,1609507317734913,4917704958,-1.003328,0.427488,-0.16592,-3.12375,0.69125,-1.49625,32.976,5.448,18.496,none,8,3.0,45466.0,178180.0,105753.0,180578.0,117908.0
2026-04-14 18:03:44.114721,713479,1609507317743875,4917713664,-0.942816,0.38064,-0.228384,-3.0975,0.805,-1.4175,32.912003,5.776001,17.592001,none,8,3.0,45466.0,178180.0,105753.0,180578.0,117908.0
2026-04-14 18:03:44.116733,713480,1609507317752780,4917722354,-0.942816,0.38064,-0.228384,-3.2725,0.56875,-1.995,32.912003,5.776001,17.592001,none,8,3.0,45466.0,178180.0,105753.0,180578.0,117908.0
2026-04-14 18:03:44.124769,713481,1609507317767430,4917737278,-0.958432,0.366976,-0.327936,-3.5,0.21,-1.77625,32.688,5.424,16.976002,none,8,3.0,45466.0,178180.0,105753.0,180578.0,117908.0
2026-04-14 18:03:44.157306,713492,1609507317776914,4917745988,-0.958432,0.366976,-0.327936,-2.59,-0.00875,-1.28625,32.688,5.424,16.976002,none,8,3.0,45507.0,178442.0,105806.0,180767.0,117971.0
2026-04-14 18:03:44.159359,713493,1609507317791510,4917760915,-0.938912,0.376736,-0.255712,-1.82875,0.0525,-1.23375,32.04,5.792,16.848001,none,8,3.0,45507.0,178442.0,105806.0,180767.0,117971.0
2026-04-14 18:03:44.162294,713494,1609507317800465,4917769628,-0.938912,0.376736,-0.255712,-2.31,0.07,-1.4,32.04,5.792,16.848001,none,8,3.0,45507.0,178442.0,105806.0,180767.0,117971.0
2026-04-14 18:03:44.164886,713495,1609507317809451,4917778355,-0.938912,0.374784,-0.275232,-2.65125,-0.11375,-1.3475,32.952,5.6,17.608002,none,8,3.0,45507.0,178442.0,105806.0,180767.0,117971.0
2026-04-14 18:03:44.184253,713496,1609507317824049,4917793236,-1.042368,0.40992,-0.335744,-2.89625,-0.18375,-1.5925,32.808002,5.168,17.312,none,8,3.0,45507.0,178442.0,105806.0,180767.0,117971.0
2026-04-14 18:03:44.186748,713497,1609507317833008,4917801972,-1.042368,0.40992,-0.335744,-3.29875,-0.4025,-2.065,32.808002,5.168,17.312,none,8,3.0,45507.0,178442.0,105806.0,180767.0,117971.0
2026-04-14 18:03:44.203518,713498,1609507317847638,4917816917,-1.00528,0.423584,-0.177632,-2.765,-0.1925,-1.72375,32.696003,5.608,17.816,none,8,3.0,45507.0,178442.0,105806.0,180767.0,117971.0
2026-04-14 18:03:44.211779,713499,1609507317856544,4917825653,-1.00528,0.423584,-0.177632,-2.2925,-0.11375,-1.82,32.696003,5.608,17.816,none,8,3.0,45507.0,178442.0,105806.0,180767.0,117971.0
2026-04-14 18:03:44.228151,713500,1609507317871180,4917840535,-1.028704,0.394304,-0.392352,-2.8,-0.30625,-2.38875,31.968002,6.28,18.096,none,8,3.0,45507.0,178442.0,105806.0,180767.0,117971.0
2026-04-14 18:03:44.256071,713511,1609507317880689,4917849322,-1.028704,0.394304,-0.392352,-2.77375,-0.07875,-2.1175,31.968002,6.28,18.096,none,8,3.0,45486.0,178396.0,105762.0,180698.0,117903.0
2026-04-14 18:03:44.258650,713512,1609507317889887,4917860142,-1.0248,0.398208,-0.363072,-3.17625,-0.14875,-2.135,31.952002,5.872,16.936,none,8,3.0,45486.0,178396.0,105762.0,180698.0,117903.0
2026-04-14 18:03:44.260545,713513,1609507317904424,4917873090,-0.964288,0.372832,-0.329888,-2.345,-0.69125,-1.995,32.896,5.832,17.168001,none,8,3.0,45486.0,178396.0,105762.0,180698.0,117903.0
2026-04-14 18:03:44.268153,713514,1609507317913679,4917882028,-0.964288,0.372832,-0.329888,-2.8,-0.83125,-1.785,32.896,5.832,17.168001,none,8,3.0,45486.0,178396.0,105762.0,180698.0,117903.0
2026-04-14 18:03:44.279326,713515,1609507317922875,4917892787,-1.046272,0.41968,-0.304512,-2.66875,-0.8575,-2.31,32.896,5.832,15.752001,none,8,3.0,45486.0,178396.0,105762.0,180698.0,117903.0
2026-04-14 18:03:44.294125,713516,1609507317937372,4917907669,-1.046272,0.41968,-0.304512,-2.1525,-0.7175,-1.93375,32.752003,5.992,15.752001,none,8,3.0,45486.0,178396.0,105762.0,180698.0,117903.0
2026-04-14 18:03:44.324889,713517,1609507317946307,4917916482,-1.028704,0.42944,-0.218624,-1.5925,-0.56875,-1.505,32.824,5.2,16.752,none,8,3.0,45486.0,178396.0,105762.0,180698.0,117903.0
2026-04-14 18:03:44.349787,713518,1609507317960862,4917929319,-1.028704,0.42944,-0.218624,-1.93375,-0.7,-2.31875,32.824,5.2,16.752,none,8,3.0,45486.0,178396.0,105762.0,180698.0,117903.0
2026-04-14 18:03:44.373913,713519,1609507317970138,4917940142,-1.020896,0.40016,-0.355264,-1.63625,-1.015,-2.52,31.016,6.192,18.848001,none,8,3.0,45486.0,178396.0,105762.0,180698.0,117903.0
2026-04-14 18:03:44.403329,713530,1609507317979178,4917948906,-1.020896,0.40016,-0.355264,-1.74125,-1.21625,-2.51125,31.016,6.192,18.848001,none,8,3.0,45499.0,178395.0,105756.0,180641.0,117929.0
2026-04-14 18:03:44.406037,713531,1609507317993821,4917963804,-0.954528,0.382592,-0.25376,-1.91625,-1.12,-2.975,31.344002,5.728,17.752,none,8,3.0,45499.0,178395.0,105756.0,180641.0,117929.0
2026-04-14 18:03:44.409533,713532,1609507318002776,4917972496,-0.954528,0.382592,-0.25376,-1.88125,-1.1725,-2.54625,31.344002,5.728,17.752,none,8,3.0,45499.0,178395.0,105756.0,180641.0,117929.0
2026-04-14 18:03:44.412461,713533,1609507318017295,4917987418,-0.964288,0.372832,-0.339648,-1.9075,-1.365,-2.345,31.672,5.960001,17.464,none,8,3.0,45499.0,178395.0,105756.0,180641.0,117929.0
2026-04-14 18:03:44.413994,713534,1609507318026226,4917996171,-1.007232,0.398208,-0.314272,-1.365,-1.68,-2.66875,31.936,5.848,18.072,none,8,3.0,45499.0,178395.0,105756.0,180641.0,117929.0
2026-04-14 18:03:44.415331,713535,1609507318040922,4918011122,-1.007232,0.398208,-0.314272,-1.53125,-1.63625,-2.45875,31.936,5.848,18.072,none,8,3.0,45499.0,178395.0,105756.0,180641.0,117929.0
2026-04-14 18:03:44.417471,713536,1609507318049973,4918019809,-1.016992,0.413824,-0.271328,-1.25125,-1.00625,-1.91625,32.016003,5.816001,17.984001,none,8,3.0,45499.0,178395.0,105756.0,180641.0,117929.0
2026-04-14 18:03:44.419632,713537,1609507318058973,4918028549,-1.016992,0.413824,-0.271328,-1.435,-1.1375,-2.26625,32.016003,5.816001,17.984001,none,8,3.0,45499.0,178395.0,105756.0,180641.0,117929.0
2026-04-14 18:03:44.430920,713538,1609507318073505,4918043462,-0.997472,0.38064,-0.35136,-1.89,-1.3475,-3.1325,31.840002,5.68,17.056002,none,8,3.0,45499.0,178395.0,105756.0,180641.0,117929.0
2026-04-14 18:03:44.458476,713549,1609507318082616,4918052238,-0.997472,0.38064,-0.35136,-2.24,-1.12,-2.9925,31.840002,5.68,17.056002,none,8,3.0,45474.0,178290.0,105742.0,180573.0,117892.0
2026-04-14 18:03:44.461042,713550,1609507318097151,4918067203,-0.958432,0.40016,-0.177632,-1.65375,-0.805,-2.02125,31.704002,5.84,19.984001,none,8,3.0,45474.0,178290.0,105742.0,180573.0,117892.0
2026-04-14 18:03:44.463536,713551,1609507318106083,4918075890,-0.933056,0.384544,-0.201056,-1.70625,-0.8575,-2.77375,31.904001,5.728,17.744001,none,8,3.0,45474.0,178290.0,105742.0,180573.0,117892.0
2026-04-14 18:03:44.474862,713552,1609507318115148,4918084813,-0.933056,0.384544,-0.201056,-1.58375,-1.1725,-3.19375,31.904001,5.728,17.744001,none,8,3.0,45474.0,178290.0,105742.0,180573.0,117892.0
2026-04-14 18:03:44.487876,713553,1609507318129663,4918099726,-1.003328,0.404064,-0.2928,-1.155,-0.95375,-2.68625,32.688,5.84,17.824001,none,8,3.0,45474.0,178290.0,105742.0,180573.0,117892.0
2026-04-14 18:03:44.494903,713554,1609507318138685,4918108574,-1.003328,0.404064,-0.2928,-1.0675,-0.8575,-2.80875,32.688,5.84,17.824001,none,8,3.0,45474.0,178290.0,105742.0,180573.0,117892.0
2026-04-14 18:03:44.512329,713555,1609507318153202,4918123448,-0.942816,0.392352,-0.18544,-1.04125,-0.67375,-3.325,31.968002,5.888001,17.712,none,8,3.0,45474.0,178290.0,105742.0,180573.0,117892.0
2026-04-14 18:03:44.518556,713556,1609507318162186,4918132188,-0.942816,0.392352,-0.18544,-1.54875,-0.60375,-3.3075,31.968002,5.888001,17.712,none,8,3.0,45474.0,178290.0,105742.0,180573.0,117892.0
2026-04-14 18:03:44.530725,713557,1609507318176648,4918145054,-1.003328,0.425536,-0.154208,-1.6275,-0.69125,-3.0625,32.600002,5.592001,17.752,none,8,3.0,45474.0,178290.0,105742.0,180573.0,117892.0
2026-04-14 18:03:44.562417,713568,1609507318186016,4918155874,-1.042368,0.41968,-0.284992,-1.8375,-0.18375,-3.49125,32.84,5.616,13.064001,none,8,3.0,45400.0,178010.0,105600.0,180354.0,117738.0
2026-04-14 18:03:44.562948,713569,1609507318195010,4918164682,-1.042368,0.41968,-0.284992,-1.68,-0.42875,-3.29875,32.84,5.616,13.064001,none,8,3.0,45400.0,178010.0,105600.0,180354.0,117738.0
2026-04-14 18:03:44.565354,713570,1609507318209520,4918179603,-1.03456,0.407968,-0.329888,-1.33875,-0.44625,-3.045,31.976002,5.776001,17.992,none,8,3.0,45400.0,178010.0,105600.0,180354.0,117738.0
2026-04-14 18:03:44.575547,713571,1609507318218484,4918188302,-1.03456,0.407968,-0.329888,-1.26875,-0.665,-2.905,31.976002,5.776001,17.992,none,8,3.0,45400.0,178010.0,105600.0,180354.0,117738.0
2026-04-14 18:03:44.591904,713572,1609507318232995,4918203180,-1.036512,0.415776,-0.300608,-1.14625,-0.4725,-2.555,32.624,5.4,16.888,none,8,3.0,45400.0,178010.0,105600.0,180354.0,117738.0
2026-04-14 18:03:44.599305,713573,1609507318241945,4918211893,-1.036512,0.415776,-0.300608,-1.14625,0.16625,-2.79125,32.624,5.4,16.888,none,8,3.0,45400.0,178010.0,105600.0,180354.0,117738.0
2026-04-14 18:03:44.606817,713574,1609507318250937,4918220605,-1.032608,0.40992,-0.33184,-1.7325,0.07,-3.15875,31.816002,5.76,17.376001,none,8,3.0,45400.0,178010.0,105600.0,180354.0,117738.0
2026-04-14 18:03:44.621711,713575,1609507318265442,4918235550,-0.948672,0.376736,-0.251808,-2.40625,0.11375,-3.17625,32.288002,5.704001,18.968,none,8,3.0,45400.0,178010.0,105600.0,180354.0,117738.0
2026-04-14 18:03:44.631586,713576,1609507318274401,4918244228,-0.948672,0.376736,-0.251808,-3.465,-0.2975,-3.33375,32.288002,5.704001,18.968,none,8,3.0,45400.0,178010.0,105600.0,180354.0,117738.0
2026-04-14 18:03:44.659191,713587,1609507318288992,4918259328,-0.977952,0.37088,-0.347456,-3.43,-0.1925,-3.05375,31.920002,5.952,17.584002,none,8,3.0,45431.0,178156.0,105610.0,180434.0,117756.0
2026-04-14 18:03:44.663845,713588,1609507318297957,4918268061,-0.977952,0.37088,-0.347456,-2.33625,0.5775,-2.6775,31.920002,5.952,17.584002,none,8,3.0,45431.0,178156.0,105610.0,180434.0,117756.0
2026-04-14 18:03:44.692077,713589,1609507318312672,4918283012,-0.968192,0.40992,-0.171776,-1.40875,0.49875,-2.8,31.760002,5.8,18.672,none,8,3.0,45431.0,178156.0,105610.0,180434.0,117756.0
2026-04-14 18:03:44.716763,713590,1609507318321662,4918291772,-0.968192,0.40992,-0.171776,-1.56625,0.37625,-2.8875,31.760002,5.8,18.672,none,8,3.0,45431.0,178156.0,105610.0,180434.0,117756.0
2026-04-14 18:03:44.719801,713591,1609507318330601,4918300477,-0.991616,0.384544,-0.335744,-1.46125,0.11375,-2.63375,31.016,6.192,19.008001,none,8,3.0,45431.0,178156.0,105610.0,180434.0,117756.0
2026-04-14 18:03:44.747372,713592,1609507318345238,4918315517,-0.991616,0.384544,-0.335744,-2.1875,0.42875,-2.8875,31.016,6.192,19.008001,none,8,3.0,45431.0,178156.0,105610.0,180434.0,117756.0
2026-04-14 18:03:44.751138,713593,1609507318354176,4918324201,-1.022848,0.40016,-0.335744,-2.63375,0.60375,-2.59,31.136002,6.36,18.016,none,8,3.0,45431.0,178156.0,105610.0,180434.0,117756.0
2026-04-14 18:03:44.751729,713594,1609507318368676,4918337083,-1.028704,0.40992,-0.27328,-2.93125,0.9625,-2.6075,31.688002,5.696,17.616001,none,8,3.0,45431.0,178156.0,105610.0,180434.0,117756.0
2026-04-14 18:03:44.779247,713605,1609507318377896,4918348269,-1.028704,0.40992,-0.27328,-2.6775,0.67375,-3.42125,31.688002,5.696,17.616001,none,8,3.0,45510.0,178452.0,105731.0,180657.0,117895.0
2026-04-14 18:03:44.782170,713606,1609507318386867,4918356933,-0.981856,0.394304,-0.245952,-2.73875,0.595,-3.3775,32.072002,6.312,17.648,none,8,3.0,45510.0,178452.0,105731.0,180657.0,117895.0
2026-04-14 18:03:44.784661,713607,1609507318401513,4918369920,-0.981856,0.394304,-0.245952,-2.3975,1.085,-2.75625,32.072002,6.312,17.648,none,8,3.0,45510.0,178452.0,105731.0,180657.0,117895.0
2026-04-14 18:03:44.787250,713608,1609507318410949,4918380775,-1.026752,0.402112,-0.320128,-2.33625,0.735,-2.72125,32.4,5.888001,17.984001,none,8,3.0,45510.0,178452.0,105731.0,180657.0,117895.0
2026-04-14 18:03:44.789655,713609,1609507318425570,4918395816,-1.026752,0.402112,-0.320128,-2.44125,1.155,-2.79125,32.4,5.888001,17.984001,none,8,3.0,45510.0,178452.0,105731.0,180657.0,117895.0
2026-04-14 18:03:44.792187,713610,1609507318434696,4918404508,-1.01504,0.40016,-0.290848,-2.3275,0.9275,-2.49375,32.008003,5.888001,15.024001,none,8,3.0,45510.0,178452.0,105731.0,180657.0,117895.0
2026-04-14 18:03:44.799255,713611,1609507318443705,4918413254,-1.01504,0.40016,-0.290848,-2.63375,0.70875,-2.72125,32.008003,5.888001,15.024001,none,8,3.0,45510.0,178452.0,105731.0,180657.0,117895.0
2026-04-14 18:03:44.814790,713612,1609507318458193,4918428167,-0.933056,0.382592,-0.183488,-2.695,0.86625,-2.8,32.952,5.664,17.096,none,8,3.0,45510.0,178452.0,105731.0,180657.0,117895.0
2026-04-14 18:03:44.823664,713613,1609507318467140,4918436838,-0.935008,0.386496,-0.171776,-2.6075,0.97125,-2.37125,32.816,5.72,15.568001,none,8,3.0,45510.0,178452.0,105731.0,180657.0,117895.0
2026-04-14 18:03:44.860440,713624,1609507318481714,4918451940,-0.935008,0.386496,-0.171776,-2.59,0.27125,-2.35375,32.816,5.72,15.568001,none,8,3.0,45520.0,178571.0,105764.0,180714.0,117913.0
2026-04-14 18:03:44.863101,713625,1609507318490868,4918460718,-1.028704,0.40992,-0.31232,-2.135,0.39375,-2.17,31.736002,6.344,18.128,none,8,3.0,45520.0,178571.0,105764.0,180714.0,117913.0
2026-04-14 18:03:44.865920,713626,1609507318500100,4918469434,-1.028704,0.40992,-0.31232,-2.10875,0.1575,-2.52,31.736002,6.344,18.128,none,8,3.0,45520.0,178571.0,105764.0,180714.0,117913.0
2026-04-14 18:03:44.872166,713627,1609507318514730,4918484418,-1.009184,0.404064,-0.279136,-2.02125,-0.07,-2.66,31.904001,6.344,18.768002,none,8,3.0,45520.0,178571.0,105764.0,180714.0,117913.0
2026-04-14 18:03:44.878401,713628,1609507318523693,4918493144,-1.009184,0.404064,-0.279136,-2.45875,0.70875,-2.3975,31.904001,6.344,18.768002,none,8,3.0,45520.0,178571.0,105764.0,180714.0,117913.0
2026-04-14 18:03:44.894749,713629,1609507318538182,4918508053,-1.048224,0.41968,-0.296704,-2.0475,0.2625,-2.14375,32.848003,5.872,16.792002,none,8,3.0,45520.0,178571.0,105764.0,180714.0,117913.0
2026-04-14 18:03:44.903246,713630,1609507318547129,4918516775,-0.962336,0.394304,-0.23424,-1.19,0.21,-2.26625,32.848003,5.872,16.144001,none,8,3.0,45520.0,178571.0,105764.0,180714.0,117913.0
2026-04-14 18:03:44.932805,713631,1609507318561619,4918531687,-0.962336,0.394304,-0.23424,-1.8025,0.06125,-2.21375,33.016003,5.688,16.144001,none,8,3.0,45520.0,178571.0,105764.0,180714.0,117913.0
2026-04-14 18:03:44.933160,713632,1609507318570590,4918540463,-1.01504,0.382592,-0.392352,-2.345,-0.11375,-2.6425,32.576,5.44,16.936,none,8,3.0,45520.0,178571.0,105764.0,180714.0,117913.0
2026-04-14 18:03:44.963252,713643,1609507318579618,4918549390,-1.01504,0.382592,-0.392352,-2.38875,-0.65625,-2.1525,32.576,5.44,16.936,none,8,3.0,45542.0,178590.0,105794.0,180735.0,117939.0
2026-04-14 18:03:44.964614,713644,1609507318594172,4918564356,-0.977952,0.406016,-0.177632,-2.1175,-0.32375,-2.16125,31.808,5.888001,18.272001,none,8,3.0,45542.0,178590.0,105794.0,180735.0,117939.0
2026-04-14 18:03:44.965380,713645,1609507318603229,4918573066,-0.977952,0.406016,-0.177632,-1.30375,-0.18375,-2.26625,31.808,5.888001,18.272001,none,8,3.0,45542.0,178590.0,105794.0,180735.0,117939.0
2026-04-14 18:03:44.974345,713646,1609507318617722,4918587971,-0.997472,0.404064,-0.267424,-1.05,-0.105,-1.98625,31.984001,5.952,18.024,none,8,3.0,45542.0,178590.0,105794.0,180735.0,117939.0
2026-04-14 18:03:44.981846,713647,1609507318626720,4918596691,-0.997472,0.404064,-0.267424,-1.6275,0.04375,-2.3275,31.984001,5.952,18.024,none,8,3.0,45542.0,178590.0,105794.0,180735.0,117939.0
2026-04-14 18:03:44.991966,713648,1609507318635869,4918605373,-0.964288,0.376736,-0.30256,-2.31875,-0.07875,-2.2225,31.840002,5.872,15.624001,none,8,3.0,45542.0,178590.0,105794.0,180735.0,117939.0
2026-04-14 18:03:45.006945,713649,1609507318650395,4918620424,-0.935008,0.3904,-0.173728,-1.96,-0.1225,-2.17,32.984,5.448,16.880001,none,8,3.0,45542.0,178590.0,105794.0,180735.0,117939.0
2026-04-14 18:03:45.015743,713650,1609507318659383,4918629217,-0.935008,0.3904,-0.173728,-2.24,-0.1925,-2.1875,32.984,5.448,16.880001,none,8,3.0,45542.0,178590.0,105794.0,180735.0,117939.0
2026-04-14 18:03:45.030743,713651,1609507318673919,4918644095,-1.013088,0.38064,-0.392352,-2.84375,-0.4725,-1.95125,32.712,5.752,16.536001,none,8,3.0,45542.0,178590.0,105794.0,180735.0,117939.0
2026-04-14 18:03:45.109341,713662,1609507318682891,4918652862,-1.013088,0.38064,-0.392352,-2.40625,0.20125,-2.0825,32.712,5.752,16.536001,none,8,3.0,45563.0,178673.0,105840.0,180801.0,117995.0
2026-04-14 18:03:45.111997,713663,1609507318697485,4918667755,-1.030656,0.396256,-0.368928,-2.0125,0.25375,-2.2925,32.144,6.256001,18.720001,none,8,3.0,45563.0,178673.0,105840.0,180801.0,117995.0
2026-04-14 18:03:45.114520,713664,1609507318706385,4918676418,-1.030656,0.396256,-0.368928,-1.8375,-0.23625,-2.40625,32.144,6.256001,18.720001,none,8,3.0,45563.0,178673.0,105840.0,180801.0,117995.0
2026-04-14 18:03:45.116964,713665,1609507318715551,4918685144,-0.968192,0.374784,-0.329888,-2.345,-0.07,-2.24,31.392002,6.456,16.624,none,8,3.0,45563.0,178673.0,105840.0,180801.0,117995.0
2026-04-14 18:03:45.119520,713666,1609507318730048,4918700089,-1.040416,0.40016,-0.398208,-2.23125,0.23625,-1.47875,30.896002,6.632,18.592001,none,8,3.0,45563.0,178673.0,105840.0,180801.0,117995.0
2026-04-14 18:03:45.121996,713667,1609507318739037,4918708827,-1.040416,0.40016,-0.398208,-1.82,0.1925,-1.96,30.896002,6.632,18.592001,none,8,3.0,45563.0,178673.0,105840.0,180801.0,117995.0
2026-04-14 18:03:45.127008,713668,1609507318753704,4918723796,-0.93696,0.404064,-0.144448,-2.1175,-0.00875,-2.3975,31.352001,5.784,17.584002,none,8,3.0,45563.0,178673.0,105840.0,180801.0,117995.0
2026-04-14 18:03:45.129499,713669,1609507318762661,4918732508,-0.93696,0.404064,-0.144448,-2.7825,0.1925,-2.135,31.352001,5.784,17.584002,none,8,3.0,45563.0,178673.0,105840.0,180801.0,117995.0
2026-04-14 18:03:45.131970,713670,1609507318771699,4918741231,-1.0248,0.38064,-0.402112,-3.05375,-0.1225,-2.37125,31.952002,5.960001,18.08,none,8,3.0,45563.0,178673.0,105840.0,180801.0,117995.0
2026-04-14 18:03:45.161810,713681,1609507318786497,4918756815,-1.0248,0.38064,-0.402112,-2.0825,-0.0175,-2.38,31.952002,5.960001,18.08,none,8,3.0,45593.0,178775.0,105897.0,180893.0,118058.0
2026-04-14 18:03:45.164392,713682,1609507318795704,4918765525,-1.036512,0.421632,-0.265472,-1.44375,0.0875,-2.3625,31.880001,5.960001,18.648,none,8,3.0,45593.0,178775.0,105897.0,180893.0,118058.0
2026-04-14 18:03:45.169259,713683,1609507318810231,4918780465,-0.958432,0.413824,-0.134688,-1.225,-0.315,-2.205,32.192,6.032,19.92,none,8,3.0,45593.0,178775.0,105897.0,180893.0,118058.0
2026-04-14 18:03:45.175329,713684,1609507318819261,4918789197,-0.958432,0.413824,-0.134688,-1.74125,-0.23625,-2.26625,32.192,6.032,19.92,none,8,3.0,45593.0,178775.0,105897.0,180893.0,118058.0
2026-04-14 18:03:45.184525,713685,1609507318828199,4918797920,-0.958432,0.413824,-0.134688,-1.9775,-0.23625,-1.8725,32.192,6.032,19.92,none,8,3.0,45593.0,178775.0,105897.0,180893.0,118058.0
2026-04-14 18:03:45.200714,713686,1609507318842806,4918812829,-1.042368,0.402112,-0.365024,-2.7125,-0.245,-1.84625,31.984001,5.472,14.216001,none,8,3.0,45593.0,178775.0,105897.0,180893.0,118058.0
2026-04-14 18:03:45.208314,713687,1609507318851763,4918821513,-0.93696,0.372832,-0.257664,-2.9575,0.175,-2.03,33.112003,5.848,16.752,none,8,3.0,45593.0,178775.0,105897.0,180893.0,118058.0
2026-04-14 18:03:45.223272,713688,1609507318866285,4918836410,-0.93696,0.372832,-0.257664,-2.68625,0.07875,-2.24875,33.112003,5.848,16.752,none,8,3.0,45593.0,178775.0,105897.0,180893.0,118058.0
2026-04-14 18:03:45.233104,713689,1609507318875234,4918845101,-1.046272,0.421632,-0.298656,-2.2575,0.18375,-2.37125,32.944,5.504,17.160002,none,8,3.0,45593.0,178775.0,105897.0,180893.0,118058.0
2026-04-14 18:03:45.261805,713700,1609507318889817,4918860134,-0.974048,0.372832,-0.368928,-2.24,-0.14,-2.02125,33.136,6.08,16.224,none,8,3.0,45616.0,178802.0,105891.0,180903.0,118072.0
2026-04-14 18:03:45.264686,713701,1609507318898820,4918868861,-0.974048,0.372832,-0.368928,-2.2925,-0.28875,-1.77625,33.136,6.08,16.224,none,8,3.0,45616.0,178802.0,105891.0,180903.0,118072.0
2026-04-14 18:03:45.267231,713702,1609507318907740,4918877634,-0.974048,0.372832,-0.368928,-1.9425,-0.2975,-2.1525,33.136,6.08,16.224,none,8,3.0,45616.0,178802.0,105891.0,180903.0,118072.0
2026-04-14 18:03:45.279394,713703,1609507318922345,4918892538,-0.958432,0.374784,-0.333792,-2.21375,-0.1225,-2.0475,32.944,5.568,17.224,none,8,3.0,45616.0,178802.0,105891.0,180903.0,118072.0
2026-04-14 18:03:45.287295,713704,1609507318931316,4918901212,-0.98576,0.421632,-0.154208,-2.31875,0.25375,-2.37125,33.032,5.984,16.088001,none,8,3.0,45616.0,178802.0,105891.0,180903.0,118072.0
2026-04-14 18:03:45.301935,713705,1609507318945834,4918916095,-0.98576,0.421632,-0.154208,-2.52,-0.0875,-2.4675,33.032,5.984,16.088001,none,8,3.0,45616.0,178802.0,105891.0,180903.0,118072.0
2026-04-14 18:03:45.310571,713706,1609507318954969,4918924791,-1.03456,0.398208,-0.394304,-2.5725,0.04375,-2.1175,33.072002,5.832,16.672,none,8,3.0,45616.0,178802.0,105891.0,180903.0,118072.0
2026-04-14 18:03:45.321049,713707,1609507318964014,4918933640,-1.03456,0.398208,-0.394304,-3.26375,-0.42875,-1.98625,33.072002,5.832,16.672,none,8,3.0,45616.0,178802.0,105891.0,180903.0,118072.0
2026-04-14 18:03:45.340925,713708,1609507318978494,4918948606,-1.009184,0.382592,-0.392352,-3.3775,-0.63875,-2.24,33.272003,5.648,16.984001,none,8,3.0,45616.0,178802.0,105891.0,180903.0,118072.0
2026-04-14 18:03:45.393585,713719,1609507318987751,4918957365,-1.009184,0.382592,-0.392352,-2.87875,-0.37625,-2.35375,33.272003,5.648,16.984001,none,8,3.0,45659.0,179057.0,105969.0,181097.0,118133.0
2026-04-14 18:03:45.396081,713720,1609507319002373,4918972305,-0.95648,0.404064,-0.160064,-2.3975,-0.20125,-2.23125,32.064003,6.08,17.056002,none,8,3.0,45659.0,179057.0,105969.0,181097.0,118133.0
2026-04-14 18:03:45.398432,713721,1609507319011370,4918981099,-0.935008,0.40016,-0.15616,-1.91625,-0.34125,-1.91625,31.952002,6.184001,16.568,none,8,3.0,45659.0,179057.0,105969.0,181097.0,118133.0
2026-04-14 18:03:45.401094,713722,1609507319020289,4918989762,-0.935008,0.40016,-0.15616,-2.03875,-0.0875,-2.14375,31.952002,6.184001,16.568,none,8,3.0,45659.0,179057.0,105969.0,181097.0,118133.0
2026-04-14 18:03:45.427190,713723,1609507319034798,4919004639,-1.028704,0.3904,-0.404064,-2.1175,-0.35,-2.14375,32.192,5.888001,16.576,none,8,3.0,45659.0,179057.0,105969.0,181097.0,118133.0
2026-04-14 18:03:45.451024,713724,1609507319043739,4919013376,-1.028704,0.3904,-0.404064,-2.52,-0.25375,-1.89875,32.192,5.888001,16.576,none,8,3.0,45659.0,179057.0,105969.0,181097.0,118133.0
2026-04-14 18:03:45.458643,713725,1609507319058249,4919028300,-0.94672,0.398208,-0.162016,-2.51125,-0.25375,-1.715,33.2,5.616,16.576,none,8,3.0,45659.0,179057.0,105969.0,181097.0,118133.0
2026-04-14 18:03:45.461115,713726,1609507319067176,4919036992,-0.94672,0.398208,-0.162016,-2.905,0.04375,-2.19625,33.2,5.616,16.576,none,8,3.0,45659.0,179057.0,105969.0,181097.0,118133.0
2026-04-14 18:03:45.488688,713737,1609507319081683,4919052194,-0.964288,0.372832,-0.349408,-2.87875,-0.14,-2.24,32.776,5.592001,17.064001,none,8,3.0,45631.0,179007.0,105921.0,181048.0,118096.0
2026-04-14 18:03:45.491107,713738,1609507319090651,4919060893,-1.032608,0.413824,-0.31232,-2.31,-0.27125,-2.45875,32.776,5.592001,16.728,none,8,3.0,45631.0,179007.0,105921.0,181048.0,118096.0
2026-04-14 18:03:45.493544,713739,1609507319099565,4919069591,-1.032608,0.413824,-0.31232,-2.345,-0.35,-2.31875,32.848003,5.912,16.728,none,8,3.0,45631.0,179007.0,105921.0,181048.0,118096.0
2026-04-14 18:03:45.495707,713740,1609507319114077,4919082487,-1.026752,0.394304,-0.40016,-2.3275,-0.735,-1.82,32.912003,5.944,16.672,none,8,3.0,45631.0,179007.0,105921.0,181048.0,118096.0
2026-04-14 18:03:45.498143,713741,1609507319123504,4919093304,-1.026752,0.394304,-0.40016,-2.0125,-0.84875,-1.995,32.912003,5.944,16.672,none,8,3.0,45631.0,179007.0,105921.0,181048.0,118096.0
2026-04-14 18:03:45.501097,713742,1609507319138166,4919108441,-0.944768,0.396256,-0.179584,-1.96,-0.90125,-1.715,33.072002,5.648,17.176,none,8,3.0,45631.0,179007.0,105921.0,181048.0,118096.0
2026-04-14 18:03:45.503679,713743,1609507319147135,4919117156,-0.944768,0.396256,-0.179584,-2.2225,-1.05,-1.855,33.072002,5.648,17.176,none,8,3.0,45631.0,179007.0,105921.0,181048.0,118096.0
2026-04-14 18:03:45.522824,713744,1609507319161623,4919130035,-0.970144,0.374784,-0.35136,-2.0825,-1.04125,-1.435,33.072002,5.648,16.696001,none,8,3.0,45631.0,179007.0,105921.0,181048.0,118096.0
2026-04-14 18:03:45.526782,713745,1609507319170882,4919140894,-0.970144,0.386496,-0.226432,-2.5025,-0.9625,-1.33875,33.072002,5.648,20.792002,none,8,3.0,45631.0,179007.0,105921.0,181048.0,118096.0
2026-04-14 18:03:45.536017,713746,1609507319179818,4919149585,-0.942816,0.386496,-0.226432,-2.4325,-1.365,-1.7675,32.368,5.768,20.608002,none,8,3.0,45631.0,179007.0,105921.0,181048.0,118096.0
2026-04-14 18:03:45.573353,713758,1609507319194400,4919164568,-0.970144,0.411872,-0.191296,-1.72375,-1.4525,-1.715,32.736,5.592001,17.84,none,8,3.0,45558.0,178770.0,105794.0,180852.0,117945.0
2026-04-14 18:03:45.575513,713759,1609507319203523,4919173365,-0.970144,0.411872,-0.191296,-1.26875,-1.2425,-1.4875,32.736,5.592001,17.84,none,8,3.0,45558.0,178770.0,105794.0,180852.0,117945.0
2026-04-14 18:03:45.578639,713760,1609507319218170,4919188284,-1.016992,0.392352,-0.398208,-0.98,-1.18125,-1.505,31.984001,6.12,17.352001,none,8,3.0,45558.0,178770.0,105794.0,180852.0,117945.0
2026-04-14 18:03:45.584588,713761,1609507319227479,4919197019,-1.016992,0.392352,-0.398208,-1.82875,-1.37375,-1.95125,31.984001,6.12,17.352001,none,8,3.0,45558.0,178770.0,105794.0,180852.0,117945.0
2026-04-14 18:03:45.593300,713762,1609507319236462,4919205740,-0.948672,0.366976,-0.325984,-2.96625,-1.54875,-1.84625,32.536003,5.976,17.0,none,8,3.0,45558.0,178770.0,105794.0,180852.0,117945.0
2026-04-14 18:03:45.608237,713763,1609507319250930,4919220694,-0.948672,0.366976,-0.325984,-2.82625,-1.65375,-1.65375,32.536003,5.976,17.0,none,8,3.0,45558.0,178770.0,105794.0,180852.0,117945.0
2026-04-14 18:03:45.619501,713764,1609507319259868,4919229473,-1.016992,0.398208,-0.314272,-2.38,-1.84625,-1.4175,33.120003,5.728,17.024,none,8,3.0,45558.0,178770.0,105794.0,180852.0,117945.0
2026-04-14 18:03:45.631112,713765,1609507319274380,4919244372,-1.040416,0.406016,-0.372832,-1.58375,-1.8725,-1.155,33.176003,5.672,17.768002,none,8,3.0,45558.0,178770.0,105794.0,180852.0,117945.0
2026-04-14 18:03:45.668512,713776,1609507319283366,4919253400,-1.040416,0.406016,-0.372832,-1.61,-1.82,-1.2075,33.176003,5.672,17.768002,none,8,3.0,45580.0,178722.0,105850.0,180780.0,118015.0
2026-04-14 18:03:45.671186,713777,1609507319292505,4919262141,-1.01504,0.425536,-0.208864,-1.715,-1.93375,-0.97125,32.760002,6.032,17.472,none,8,3.0,45580.0,178722.0,105850.0,180780.0,118015.0
2026-04-14 18:03:45.673682,713778,1609507319307103,4919277060,-1.01504,0.425536,-0.208864,-2.345,-1.93375,-1.00625,32.760002,6.032,17.472,none,8,3.0,45580.0,178722.0,105850.0,180780.0,118015.0
2026-04-14 18:03:45.675724,713779,1609507319316297,4919285795,-0.987712,0.376736,-0.368928,-2.38875,-2.21375,-0.88375,30.928001,6.32,18.608002,none,8,3.0,45580.0,178722.0,105850.0,180780.0,118015.0
2026-04-14 18:03:45.688686,713780,1609507319330793,4919300713,-0.987712,0.376736,-0.368928,-1.5925,-2.2225,-0.77,30.928001,6.32,18.608002,none,8,3.0,45580.0,178722.0,105850.0,180780.0,118015.0
2026-04-14 18:03:45.696178,713781,1609507319339741,4919309443,-0.94672,0.406016,-0.150304,-1.26,-2.16125,-0.91875,32.456,5.464,16.824001,none,8,3.0,45580.0,178722.0,105850.0,180780.0,118015.0
2026-04-14 18:03:45.707276,713782,1609507319348660,4919318139,-0.94672,0.406016,-0.150304,-0.98875,-1.5225,-0.5425,32.456,5.464,16.824001,none,8,3.0,45580.0,178722.0,105850.0,180780.0,118015.0
2026-04-14 18:03:45.718501,713783,1609507319363189,4919333063,-1.022848,0.398208,-0.396256,-1.295,-1.26,-0.90125,32.920002,5.768,16.768002,none,8,3.0,45580.0,178722.0,105850.0,180780.0,118015.0
2026-04-14 18:03:45.729531,713784,1609507319372200,4919341772,-1.022848,0.423584,-0.148352,-1.93375,-1.46125,-1.33875,32.920002,5.768,16.768002,none,8,3.0,45580.0,178722.0,105850.0,180780.0,118015.0
2026-04-14 18:03:45.795523,713795,1609507319386801,4919356724,-0.989664,0.423584,-0.148352,-2.79125,-1.715,-1.155,33.0,5.744,18.584002,none,8,3.0,45493.0,178450.0,105749.0,180617.0,117882.0
2026-04-14 18:03:45.818515,713796,1609507319395897,4919365521,-0.944768,0.40016,-0.154208,-3.045,-1.49625,-1.155,32.104,5.976,18.136002,none,8,3.0,45493.0,178450.0,105749.0,180617.0,117882.0
2026-04-14 18:03:45.820945,713797,1609507319410432,4919380438,-0.944768,0.40016,-0.154208,-2.625,-1.7325,-0.91875,32.104,5.976,18.136002,none,8,3.0,45493.0,178450.0,105749.0,180617.0,117882.0
2026-04-14 18:03:45.823470,713798,1609507319419369,4919389127,-0.962336,0.38064,-0.327936,-1.6975,-1.70625,-0.81375,31.984001,5.608,17.368,none,8,3.0,45493.0,178450.0,105749.0,180617.0,117882.0
2026-04-14 18:03:45.825409,713799,1609507319428316,4919397794,-0.962336,0.38064,-0.327936,-2.6075,-1.63625,-1.155,31.984001,5.608,17.368,none,8,3.0,45493.0,178450.0,105749.0,180617.0,117882.0
2026-04-14 18:03:45.828505,713800,1609507319442828,4919412836,-1.026752,0.415776,-0.325984,-2.7475,-1.72375,-0.81375,33.04,5.36,16.968,none,8,3.0,45493.0,178450.0,105749.0,180617.0,117882.0
2026-04-14 18:03:45.830952,713801,1609507319451763,4919421524,-1.026752,0.415776,-0.325984,-2.56375,-1.72375,-0.5775,33.04,5.36,16.968,none,8,3.0,45493.0,178450.0,105749.0,180617.0,117882.0
2026-04-14 18:03:45.833582,713802,1609507319466318,4919436392,-1.03456,0.402112,-0.374784,-2.45875,-1.7325,-0.63,33.008003,5.672,16.248001,none,8,3.0,45493.0,178450.0,105749.0,180617.0,117882.0
2026-04-14 18:03:45.836011,713803,1609507319475287,4919445116,-0.954528,0.415776,-0.130784,-1.81125,-1.61875,-0.0875,32.752003,5.344,17.016,none,8,3.0,45493.0,178450.0,105749.0,180617.0,117882.0
2026-04-14 18:03:45.868305,713814,1609507319489968,4919460180,-0.954528,0.415776,-0.130784,-1.39125,-1.65375,-0.0175,32.752003,5.344,17.016,none,8,3.0,45522.0,178363.0,105764.0,180568.0,117906.0
2026-04-14 18:03:45.870610,713815,1609507319498994,4919468934,-1.032608,0.423584,-0.329888,-1.05,-1.575,-0.035,32.744003,5.4,17.08,none,8,3.0,45522.0,178363.0,105764.0,180568.0,117906.0
2026-04-14 18:03:45.873685,713816,1609507319507966,4919477796,-1.032608,0.423584,-0.329888,-1.47875,-1.295,0.37625,32.744003,5.4,17.08,none,8,3.0,45522.0,178363.0,105764.0,180568.0,117906.0
2026-04-14 18:03:45.879825,713817,1609507319522428,4919492788,-0.925248,0.386496,-0.206912,-2.0125,-1.26875,0.3675,32.784,5.256,16.848001,none,8,3.0,45522.0,178363.0,105764.0,180568.0,117906.0
2026-04-14 18:03:45.889463,713818,1609507319531342,4919501504,-0.925248,0.386496,-0.206912,-2.16125,-1.58375,0.28,32.784,5.256,16.848001,none,8,3.0,45522.0,178363.0,105764.0,180568.0,117906.0
2026-04-14 18:03:45.899190,713819,1609507319545841,4919514401,-0.983808,0.42944,-0.142496,-2.135,-1.44375,0.35875,32.920002,5.28,16.848001,none,8,3.0,45522.0,178363.0,105764.0,180568.0,117906.0
2026-04-14 18:03:45.910941,713820,1609507319555434,4919525231,-1.030656,0.435296,-0.226432,-1.68875,-1.2775,0.41125,32.752003,5.16,17.008001,none,8,3.0,45522.0,178363.0,105764.0,180568.0,117906.0
2026-04-14 18:03:45.920546,713821,1609507319564418,4919533942,-1.030656,0.435296,-0.226432,-1.65375,-0.95375,0.32375,32.752003,5.16,17.008001,none,8,3.0,45522.0,178363.0,105764.0,180568.0,117906.0
2026-04-14 18:03:45.936997,713822,1609507319578928,4919548826,-0.950624,0.382592,-0.2928,-2.1525,-0.8925,0.595,32.472,5.696,18.056002,none,8,3.0,45522.0,178363.0,105764.0,180568.0,117906.0
2026-04-14 18:03:45.965675,713833,1609507319588015,4919557632,-0.950624,0.382592,-0.2928,-2.4675,-1.5925,0.21875,32.472,5.696,18.056002,none,8,3.0,45442.0,178192.0,105626.0,180475.0,117778.0
2026-04-14 18:03:45.970791,713834,1609507319602558,4919572594,-0.952576,0.372832,-0.337696,-2.54625,-1.70625,-0.14,31.520002,5.84,17.944,none,8,3.0,45442.0,178192.0,105626.0,180475.0,117778.0
2026-04-14 18:03:45.973402,713835,1609507319611494,4919581284,-0.952576,0.372832,-0.337696,-2.65125,-1.46125,-0.4025,31.520002,5.84,17.944,none,8,3.0,45442.0,178192.0,105626.0,180475.0,117778.0
2026-04-14 18:03:45.977445,713836,1609507319620428,4919589973,-1.020896,0.423584,-0.26352,-2.03875,-1.49625,0.0525,31.984001,5.416,18.384,none,8,3.0,45442.0,178192.0,105626.0,180475.0,117778.0
2026-04-14 18:03:45.990602,713837,1609507319634917,4919604954,-1.036512,0.413824,-0.359168,-0.98,-1.4525,0.4375,32.888,5.344,18.560001,none,8,3.0,45442.0,178192.0,105626.0,180475.0,117778.0
2026-04-14 18:03:46.026758,713838,1609507319643927,4919613659,-1.036512,0.413824,-0.359168,-0.1225,-0.79625,-0.07875,32.888,5.344,18.560001,none,8,3.0,45442.0,178192.0,105626.0,180475.0,117778.0
2026-04-14 18:03:46.029177,713839,1609507319658422,4919628538,-0.933056,0.386496,-0.267424,-1.02375,-0.63,-0.42,32.960003,5.128,16.856,none,8,3.0,45442.0,178192.0,105626.0,180475.0,117778.0
2026-04-14 18:03:46.031801,713840,1609507319667501,4919637229,-0.933056,0.386496,-0.267424,-1.74125,-0.70875,-0.4025,32.960003,5.128,16.856,none,8,3.0,45442.0,178192.0,105626.0,180475.0,117778.0
2026-04-14 18:03:46.037932,713841,1609507319682005,4919652136,-1.013088,0.427488,-0.208864,-2.17875,-0.42,-0.42875,32.752003,5.32,17.336,none,8,3.0,45442.0,178192.0,105626.0,180475.0,117778.0
2026-04-14 18:03:46.074024,713852,1609507319691208,4919660920,-1.013088,0.427488,-0.208864,-1.82875,-0.805,-0.14,32.752003,5.32,17.336,none,8,3.0,45427.0,178172.0,105623.0,180462.0,117746.0
2026-04-14 18:03:46.074173,713853,1609507319700164,4919669666,-1.009184,0.3904,-0.396256,-0.79625,-0.6125,0.665,32.464,5.128,17.048,none,8,3.0,45427.0,178172.0,105623.0,180462.0,117746.0
2026-04-14 18:03:46.076651,713854,1609507319714876,4919684814,-1.013088,0.425536,-0.265472,-0.37625,-0.315,0.69125,32.84,5.216,17.376001,none,8,3.0,45427.0,178172.0,105623.0,180462.0,117746.0
2026-04-14 18:03:46.079144,713855,1609507319723815,4919693513,-1.013088,0.425536,-0.265472,-0.04375,0.11375,0.35,32.84,5.216,17.376001,none,8,3.0,45427.0,178172.0,105623.0,180462.0,117746.0
2026-04-14 18:03:46.097003,713856,1609507319738309,4919708481,-0.935008,0.394304,-0.238144,0.13125,-0.1925,0.385,33.04,5.12,16.712,none,8,3.0,45427.0,178172.0,105623.0,180462.0,117746.0
2026-04-14 18:03:46.104463,713857,1609507319747237,4919717173,-0.935008,0.394304,-0.238144,-0.35,-0.09625,0.74375,33.04,5.12,16.712,none,8,3.0,45427.0,178172.0,105623.0,180462.0,117746.0
2026-04-14 18:03:46.112008,713858,1609507319756166,4919725930,-0.983808,0.425536,-0.17568,0.21875,0.16625,1.12,32.928,5.008,17.264,none,8,3.0,45427.0,178172.0,105623.0,180462.0,117746.0
2026-04-14 18:03:46.127001,713859,1609507319770662,4919740858,-0.983808,0.425536,-0.17568,0.945,-0.25375,1.00625,32.928,5.008,17.264,none,8,3.0,45427.0,178172.0,105623.0,180462.0,117746.0
2026-04-14 18:03:46.135736,713860,1609507319779754,4919749564,-0.952576,0.404064,-0.269376,1.70625,-0.65625,1.21625,32.04,5.056,17.904001,none,8,3.0,45427.0,178172.0,105623.0,180462.0,117746.0
2026-04-14 18:03:46.232344,713871,1609507319794269,4919764609,-0.952576,0.404064,-0.269376,2.3625,-0.7875,2.45,32.04,5.056,17.904001,none,8,3.0,45343.0,178072.0,105472.0,180266.0,117589.0
2026-04-14 18:03:46.237345,713872,1609507319803213,4919773319,-0.979904,0.4392,-0.1952,3.0625,-1.3475,3.21125,32.2,5.048,19.144001,none,8,3.0,45343.0,178072.0,105472.0,180266.0,117589.0
2026-04-14 18:03:46.239830,713873,1609507319817724,4919786152,-1.032608,0.44896,-0.265472,5.39,-1.65375,4.45375,31.896002,4.8,17.952002,none,8,3.0,45343.0,178072.0,105472.0,180266.0,117589.0
2026-04-14 18:03:46.242235,713874,1609507319827109,4919796901,-1.032608,0.44896,-0.265472,8.6625,-1.7675,6.62375,31.896002,4.8,17.952002,none,8,3.0,45343.0,178072.0,105472.0,180266.0,117589.0
2026-04-14 18:03:46.244871,713875,1609507319836043,4919805570,-1.050176,0.519232,-0.191296,12.80125,-1.49625,8.0325,31.920002,4.328,16.968,none,8,3.0,45343.0,178072.0,105472.0,180266.0,117589.0
2026-04-14 18:03:46.247346,713876,1609507319850692,4919820549,-1.050176,0.519232,-0.191296,14.63875,-1.04125,9.5025,31.920002,4.328,16.968,none,8,3.0,45343.0,178072.0,105472.0,180266.0,117589.0
2026-04-14 18:03:46.249890,713877,1609507319859645,4919829268,-0.999424,0.519232,-0.374784,11.8125,-1.23375,9.6425,32.184002,4.768,19.296001,none,8,3.0,45343.0,178072.0,105472.0,180266.0,117589.0
2026-04-14 18:03:46.252350,713878,1609507319874197,4919844207,-0.999424,0.519232,-0.374784,7.18375,-3.15875,10.7625,32.184002,4.768,19.296001,none,8,3.0,45343.0,178072.0,105472.0,180266.0,117589.0
2026-04-14 18:03:46.254876,713879,1609507319883132,4919852932,-0.931104,0.573888,-0.201056,4.92625,-3.31625,12.27625,31.472002,4.576,19.096,none,8,3.0,45343.0,178072.0,105472.0,180266.0,117589.0
2026-04-14 18:03:46.284772,713890,1609507319892234,4919861725,-0.931104,0.573888,-0.201056,-2.68625,-3.99,12.3725,31.472002,4.576,19.096,none,8,3.0,46683.0,181152.0,108111.0,183234.0,120413.0
2026-04-14 18:03:46.298526,713891,1609507319906757,4919876714,-0.983808,0.571936,-0.335744,-13.4575,-6.2125,13.09,31.136002,4.328,18.08,none,8,3.0,46683.0,181152.0,108111.0,183234.0,120413.0
2026-04-14 18:03:46.298882,713892,1609507319915704,4919885457,-0.983808,0.573888,-0.101504,-21.55125,-8.89875,16.73,31.136002,4.328,20.128,none,8,3.0,46683.0,181152.0,108111.0,183234.0,120413.0
2026-04-14 18:03:46.299073,713893,1609507319930354,4919900383,-0.876448,0.573888,-0.101504,-24.5175,-10.00125,21.245,31.392002,4.136,19.032001,none,8,3.0,46683.0,181152.0,108111.0,183234.0,120413.0
2026-04-14 18:03:46.299242,713894,1609507319939483,4919909124,-0.856928,0.49776,-0.277184,-23.2925,-9.58125,24.255,32.048,4.064,18.264,none,8,3.0,46683.0,181152.0,108111.0,183234.0,120413.0
2026-04-14 18:03:46.310757,713895,1609507319953953,4919924062,-0.856928,0.49776,-0.277184,-22.35625,-9.40625,25.0075,32.048,4.064,18.264,none,8,3.0,46683.0,181152.0,108111.0,183234.0,120413.0
2026-04-14 18:03:46.320766,713896,1609507319962988,4919932787,-0.786656,0.460672,0.07808,-22.155,-9.75625,25.6375,32.624,3.952,18.272001,none,8,3.0,46683.0,181152.0,108111.0,183234.0,120413.0
2026-04-14 18:03:46.328357,713897,1609507319971928,4919941503,-0.786656,0.460672,0.07808,-21.49875,-8.61,25.82125,32.624,3.952,18.272001,none,8,3.0,46683.0,181152.0,108111.0,183234.0,120413.0
2026-04-14 18:03:46.342105,713898,1609507319986450,4919956446,-0.782752,0.210816,-0.18544,-21.25375,0.53375,10.98125,32.464,3.656,17.320002,none,8,3.0,46683.0,181152.0,108111.0,183234.0,120413.0
2026-04-14 18:03:46.373128,713909,1609507319995439,4919965467,-0.782752,0.210816,-0.18544,-16.205,-3.68375,-3.56125,32.464,3.656,17.320002,none,8,3.0,48966.0,184765.0,112342.0,187105.0,124961.0
2026-04-14 18:03:46.375423,713910,1609507320009965,4919978377,-0.823744,0.062464,0.00976,-7.3325,-7.98875,2.0475,32.208,3.816,19.632002,none,8,3.0,48966.0,184765.0,112342.0,187105.0,124961.0
2026-04-14 18:03:46.377982,713911,1609507320019230,4919989153,-0.864736,0.052704,-0.12688,4.235,-8.75875,14.761251,31.784002,3.688,18.736,none,8,3.0,48966.0,184765.0,112342.0,187105.0,124961.0
2026-04-14 18:03:46.384468,713912,1609507320028170,4919997890,-0.864736,0.052704,-0.12688,13.2825,-10.6575,21.665,31.784002,3.688,18.736,none,8,3.0,48966.0,184765.0,112342.0,187105.0,124961.0
2026-04-14 18:03:46.398355,713913,1609507320042643,4920012821,-0.919392,0.212768,-0.015616,24.928751,-7.8925,17.6575,32.440002,2.688,17.312,none,8,3.0,48966.0,184765.0,112342.0,187105.0,124961.0
2026-04-14 18:03:46.407012,713914,1609507320051573,4920021515,-0.919392,0.212768,-0.015616,36.60125,-6.78125,16.93125,32.440002,2.688,17.312,none,8,3.0,48966.0,184765.0,112342.0,187105.0,124961.0
2026-04-14 18:03:46.423326,713915,1609507320066200,4920036400,-0.958432,0.421632,-0.052704,53.15625,-8.05,25.59375,32.272003,2.344,18.704,none,8,3.0,48966.0,184765.0,112342.0,187105.0,124961.0
2026-04-14 18:03:46.433342,713916,1609507320075189,4920045085,-0.958432,0.421632,-0.052704,50.68875,-5.88,29.12875,32.272003,2.344,18.704,none,8,3.0,48966.0,184765.0,112342.0,187105.0,124961.0
2026-04-14 18:03:46.469381,713927,1609507320089738,4920060241,-1.09312,0.515328,-0.20496,44.63375,-4.59375,27.5625,31.656002,1.232,19.152,none,8,3.0,56030.0,200258.0,123598.0,199603.0,136920.0
2026-04-14 18:03:46.471853,713928,1609507320098978,4920069023,-1.030656,0.41968,-0.206912,32.515,-2.51125,21.53375,32.52,1.256,17.824001,none,8,3.0,56030.0,200258.0,123598.0,199603.0,136920.0
2026-04-14 18:03:46.474384,713929,1609507320107947,4920077790,-1.030656,0.41968,-0.206912,29.995,-0.74375,19.66125,32.52,1.256,17.824001,none,8,3.0,56030.0,200258.0,123598.0,199603.0,136920.0
2026-04-14 18:03:46.479492,713930,1609507320122580,4920092746,-1.001376,0.325984,-0.3904,26.74,5.5825,18.40125,32.768,0.144,17.624,none,8,3.0,56030.0,200258.0,123598.0,199603.0,136920.0
2026-04-14 18:03:46.489420,713931,1609507320131516,4920101470,-1.001376,0.325984,-0.3904,34.3175,12.88875,14.8925,32.768,0.144,17.624,none,8,3.0,56030.0,200258.0,123598.0,199603.0,136920.0
2026-04-14 18:03:46.501831,713932,1609507320146053,4920116368,-1.001376,0.335744,-0.333792,41.755,22.04125,8.39125,33.144,-0.504,18.088001,none,8,3.0,56030.0,200258.0,123598.0,199603.0,136920.0
2026-04-14 18:03:46.529900,713933,1609507320155048,4920125063,-1.001376,0.335744,-0.333792,54.8275,30.6425,8.81125,33.144,-0.504,18.088001,none,8,3.0,56030.0,200258.0,123598.0,199603.0,136920.0
2026-04-14 18:03:46.552186,713934,1609507320163978,4920133765,-1.03456,0.427488,-0.398208,64.8725,42.74375,10.73625,32.920002,-0.832,17.584002,none,8,3.0,56030.0,200258.0,123598.0,199603.0,136920.0
2026-04-14 18:03:46.554682,713935,1609507320178599,4920148755,-0.96624,0.554368,-0.286944,68.7575,53.55875,8.0675,32.872,-1.232,18.232,none,8,3.0,56030.0,200258.0,123598.0,199603.0,136920.0
2026-04-14 18:03:46.556775,713936,1609507320187716,4920157449,-0.96624,0.554368,-0.286944,63.49,62.4575,3.31625,32.872,-1.232,18.232,none,8,3.0,56030.0,200258.0,123598.0,199603.0,136920.0
2026-04-14 18:03:46.585093,713947,1609507320202257,4920172410,-0.976,0.724192,-0.244,54.38125,70.1925,0.385,33.648003,-1.56,16.576,none,8,3.0,45860.0,175903.0,107259.0,181610.0,119304.0
2026-04-14 18:03:46.589849,713948,1609507320211454,4920181151,-0.976,0.724192,-0.244,35.32375,73.5875,5.95875,33.648003,-1.56,16.576,none,8,3.0,45860.0,175903.0,107259.0,181610.0,119304.0
2026-04-14 18:03:46.592295,713949,1609507320220485,4920189885,-1.007232,0.792512,-0.355264,6.04625,79.28375,11.261251,34.640003,-1.416,15.720001,none,8,3.0,45860.0,175903.0,107259.0,181610.0,119304.0
2026-04-14 18:03:46.594877,713950,1609507320235404,4920205371,-1.007232,0.792512,-0.355264,-25.50625,82.92375,5.80125,34.640003,-1.416,15.720001,none,8,3.0,45860.0,175903.0,107259.0,181610.0,119304.0
2026-04-14 18:03:46.600740,713951,1609507320244429,4920214070,-0.83936,0.489952,-0.357216,-48.37875,81.54125,1.49625,35.264,-0.72,15.768001,none,8,3.0,45860.0,175903.0,107259.0,181610.0,119304.0
2026-04-14 18:03:46.616073,713952,1609507320258963,4920229328,-0.726144,0.44896,-0.284992,-48.53625,84.02625,4.78625,36.432003,-1.208,12.904,none,8,3.0,45860.0,175903.0,107259.0,181610.0,119304.0
2026-04-14 18:03:46.623619,713953,1609507320268007,4920237999,-0.726144,0.44896,-0.284992,-26.241251,91.402504,9.66875,36.432003,-1.208,12.904,none,8,3.0,45860.0,175903.0,107259.0,181610.0,119304.0
2026-04-14 18:03:46.634651,713954,1609507320276984,4920246701,-0.726144,0.44896,-0.284992,3.5525,100.555,11.76875,36.432003,-1.208,12.904,none,8,3.0,45860.0,175903.0,107259.0,181610.0,119304.0
2026-04-14 18:03:46.694815,713965,1609507320291616,4920261625,-0.89792,0.59536,-0.327936,24.15875,108.85,14.58625,37.544003,-1.92,11.456,none,8,3.0,50867.0,194983.0,115620.0,196615.0,128501.0
2026-04-14 18:03:46.697341,713966,1609507320300714,4920270354,-0.925248,0.620736,-0.325984,30.47625,111.4225,19.18,37.440002,-2.208,11.344001,none,8,3.0,50867.0,194983.0,115620.0,196615.0,128501.0
2026-04-14 18:03:46.699818,713967,1609507320315222,4920285297,-0.925248,0.620736,-0.325984,26.76625,109.2525,23.21375,37.440002,-2.208,11.344001,none,8,3.0,50867.0,194983.0,115620.0,196615.0,128501.0
2026-04-14 18:03:46.702368,713968,1609507320324199,4920294005,-0.923296,0.628544,-0.433344,25.4275,105.6475,28.11375,38.312,-3.104,10.288,none,8,3.0,50867.0,194983.0,115620.0,196615.0,128501.0
2026-04-14 18:03:46.705174,713969,1609507320338711,4920308970,-0.923296,0.689056,-0.54656,33.83625,102.03375,35.6475,38.312,-3.656,9.032001,none,8,3.0,50867.0,194983.0,115620.0,196615.0,128501.0
2026-04-14 18:03:46.706838,713970,1609507320347650,4920317690,-0.923296,0.689056,-0.54656,47.87125,98.5075,41.30875,38.928,-3.656,9.032001,none,8,3.0,50867.0,194983.0,115620.0,196615.0,128501.0
2026-04-14 18:03:46.712347,713971,1609507320356778,4920326423,-0.923296,0.689056,-0.54656,57.8725,93.93125,45.10625,38.928,-3.656,9.032001,none,8,3.0,50867.0,194983.0,115620.0,196615.0,128501.0
2026-04-14 18:03:46.729681,713972,1609507320371423,4920341313,-0.831552,0.659776,-0.505568,58.84375,87.87625,47.25,39.072002,-4.848,6.912,none,8,3.0,50867.0,194983.0,115620.0,196615.0,128501.0
2026-04-14 18:03:46.736782,713973,1609507320380436,4920350033,-0.856928,0.636352,-0.632448,58.6775,81.26125,48.475,39.352,-5.424,8.320001,none,8,3.0,50867.0,194983.0,115620.0,196615.0,128501.0
2026-04-14 18:03:46.772313,713984,1609507320395139,4920365093,-0.856928,0.636352,-0.632448,61.03125,74.3925,48.8425,39.352,-5.424,8.320001,none,8,3.0,52266.0,188323.0,118659.0,191771.0,131627.0
2026-04-14 18:03:46.774820,713985,1609507320404168,4920373885,-0.772992,0.540704,-0.80032,64.74125,67.1125,47.78375,40.456,-6.464,5.432,none,8,3.0,52266.0,188323.0,118659.0,191771.0,131627.0
2026-04-14 18:03:46.777295,713986,1609507320413163,4920382609,-0.772992,0.540704,-0.80032,68.985,59.08,47.1975,40.456,-6.464,5.432,none,8,3.0,52266.0,188323.0,118659.0,191771.0,131627.0
2026-04-14 18:03:46.784802,713987,1609507320427696,4920397518,-0.778848,0.870592,-0.601216,73.92875,51.835,48.71125,40.792004,-7.528,4.576,none,8,3.0,52266.0,188323.0,118659.0,191771.0,131627.0
2026-04-14 18:03:46.792334,713988,1609507320436676,4920406273,-0.778848,0.870592,-0.601216,63.35875,56.105,26.85375,40.792004,-7.528,4.576,none,8,3.0,52266.0,188323.0,118659.0,191771.0,131627.0
2026-04-14 18:03:46.808701,713989,1609507320451233,4920421167,-0.689056,0.493856,-0.833504,43.14625,49.735,-0.175,40.4,-7.392,4.28,none,8,3.0,52266.0,188323.0,118659.0,191771.0,131627.0
2026-04-14 18:03:46.817889,713990,1609507320460188,4920429865,-0.579744,0.076128,-0.979904,29.0325,34.04625,1.015,38.848003,-6.8,1.752,none,8,3.0,52266.0,188323.0,118659.0,191771.0,131627.0
2026-04-14 18:03:46.832125,713991,1609507320474690,4920444775,-0.579744,0.076128,-0.979904,29.39125,24.24625,7.67375,38.848003,-6.8,1.752,none,8,3.0,52266.0,188323.0,118659.0,191771.0,131627.0
2026-04-14 18:03:46.839727,713992,1609507320483677,4920453479,-0.587552,0.333792,-0.71248,45.7275,3.38625,23.4675,40.648003,-8.184,4.04,none,8,3.0,52266.0,188323.0,118659.0,191771.0,131627.0
2026-04-14 18:03:46.872343,714003,1609507320492706,4920462210,-0.587552,0.333792,-0.71248,67.89125,-1.9425,38.8675,40.648003,-8.184,4.04,none,8,3.0,65886.0,207092.0,139988.0,204408.0,154648.0
2026-04-14 18:03:46.897370,714004,1609507320507396,4920477193,-0.626592,0.404064,-0.921344,84.95375,3.85875,32.31375,40.168003,-8.904,3.832,none,8,3.0,65886.0,207092.0,139988.0,204408.0,154648.0
2026-04-14 18:03:46.922002,714005,1609507320516415,4920485893,-0.626592,0.404064,-0.921344,84.5075,-2.68625,31.535,40.168003,-8.904,3.832,none,8,3.0,65886.0,207092.0,139988.0,204408.0,154648.0
2026-04-14 18:03:46.924208,714006,1609507320530925,4920500789,-0.899872,0.636352,-1.110688,59.14125,-5.74,21.55125,40.432003,-9.480001,4.928001,none,8,3.0,65886.0,207092.0,139988.0,204408.0,154648.0
2026-04-14 18:03:46.950220,714007,1609507320539946,4920509475,-0.696864,0.427488,-1.475712,23.91375,-16.59875,11.34875,40.432003,-9.480001,5.520001,none,8,3.0,65886.0,207092.0,139988.0,204408.0,154648.0
2026-04-14 18:03:46.957310,714008,1609507320549030,4920518183,-0.696864,0.427488,-1.475712,-21.32375,-22.2775,11.4275,39.424004,-9.168,5.520001,none,8,3.0,65886.0,207092.0,139988.0,204408.0,154648.0
2026-04-14 18:03:46.959381,714009,1609507320563562,4920533078,-0.737856,0.521184,-1.057984,-36.02375,-47.7575,31.78,38.824,-9.088,6.856,none,8,3.0,65886.0,207092.0,139988.0,204408.0,154648.0
2026-04-14 18:03:46.961851,714010,1609507320572519,4920541769,-0.737856,0.521184,-1.057984,-71.8725,-47.8975,26.55625,38.824,-9.088,6.856,none,8,3.0,65886.0,207092.0,139988.0,204408.0,154648.0
2026-04-14 18:03:46.964814,714011,1609507320587005,4920556665,-0.732,0.427488,-0.753472,-78.96,-65.86125,23.1175,38.208,-9.288,8.04,none,8,3.0,65886.0,207092.0,139988.0,204408.0,154648.0
2026-04-14 18:03:46.991830,714022,1609507320596079,4920565455,-0.732,0.427488,-0.753472,-78.96,-70.3325,38.52625,38.208,-9.288,8.04,none,8,3.0,116249.0,250075.0,206865.0,244311.0,222749.0
2026-04-14 18:03:46.994344,714023,1609507320610767,4920580431,-0.720288,0.31232,-0.630496,-68.9325,-65.07375,32.43625,37.864002,-9.288,8.728001,none,8,3.0,116249.0,250075.0,206865.0,244311.0,222749.0
2026-04-14 18:03:46.997335,714024,1609507320619717,4920589178,-0.720288,0.31232,-0.630496,-44.24875,-71.28625,25.08625,37.864002,-9.288,8.728001,none,8,3.0,116249.0,250075.0,206865.0,244311.0,222749.0
2026-04-14 18:03:46.999821,714025,1609507320628807,4920597870,-0.69296,0.368928,-0.601216,-20.2125,-65.47625,26.94125,37.568,-9.52,11.392,none,8,3.0,116249.0,250075.0,206865.0,244311.0,222749.0
2026-04-14 18:03:47.002349,714026,1609507320643362,4920612851,-0.757376,0.46848,-0.784704,11.06,-62.65875,32.6025,36.104,-10.144,11.192,none,8,3.0,116249.0,250075.0,206865.0,244311.0,222749.0
2026-04-14 18:03:47.014773,714027,1609507320652361,4920621574,-0.757376,0.46848,-0.784704,33.04,-63.7175,29.5925,36.104,-10.144,11.192,none,8,3.0,116249.0,250075.0,206865.0,244311.0,222749.0
2026-04-14 18:03:47.023496,714028,1609507320666875,4920636518,-0.718336,0.534848,-0.769088,52.22,-64.89875,23.065,37.264,-11.216001,9.624001,none,8,3.0,116249.0,250075.0,206865.0,244311.0,222749.0
2026-04-14 18:03:47.034346,714029,1609507320675815,4920645236,-0.718336,0.534848,-0.769088,55.60625,-66.64875,21.55125,37.264,-11.216001,9.624001,none,8,3.0,116249.0,250075.0,206865.0,244311.0,222749.0
2026-04-14 18:03:47.040576,714030,1609507320684766,4920654075,-0.778848,0.599264,-0.698816,52.43875,-70.8925,18.69,36.256,-11.592001,10.496,none,8,3.0,116249.0,250075.0,206865.0,244311.0,222749.0
2026-04-14 18:03:47.072034,714041,1609507320699375,4920669399,-0.778848,0.599264,-0.698816,42.90125,-74.78625,17.955,36.256,-11.592001,10.496,none,8,3.0,80040.0,226072.0,160043.0,223751.0,173050.0
2026-04-14 18:03:47.074557,714042,1609507320708423,4920678139,-0.691008,0.491904,-0.486048,34.93875,-76.51875,19.2325,34.776,-11.776001,10.728001,none,8,3.0,80040.0,226072.0,160043.0,223751.0,173050.0
2026-04-14 18:03:47.079306,714043,1609507320722961,4920693029,-0.747616,0.493856,-0.554368,31.19375,-75.775,16.70375,33.776,-11.952001,10.208,none,8,3.0,80040.0,226072.0,160043.0,223751.0,173050.0
2026-04-14 18:03:47.086778,714044,1609507320731942,4920701753,-0.747616,0.493856,-0.554368,36.61875,-75.18875,14.77,33.776,-11.952001,10.208,none,8,3.0,80040.0,226072.0,160043.0,223751.0,173050.0
2026-04-14 18:03:47.103141,714045,1609507320746463,4920716655,-0.69296,0.550464,-0.505568,35.44625,-72.07375,12.95875,34.376003,-13.184001,12.064,none,8,3.0,80040.0,226072.0,160043.0,223751.0,173050.0
2026-04-14 18:03:47.111780,714046,1609507320755424,4920725348,-0.69296,0.550464,-0.505568,39.99625,-72.808754,12.1275,34.376003,-13.184001,12.064,none,8,3.0,80040.0,226072.0,160043.0,223751.0,173050.0
2026-04-14 18:03:47.119482,714047,1609507320764378,4920734090,-0.79056,0.5368,-0.55632,36.12,-74.3225,10.85875,32.952,-13.424001,12.752001,none,8,3.0,80040.0,226072.0,160043.0,223751.0,173050.0
2026-04-14 18:03:47.135628,714048,1609507320778881,4920748984,-0.79056,0.5368,-0.55632,27.72,-76.58875,7.2975,32.952,-13.424001,12.752001,none,8,3.0,80040.0,226072.0,160043.0,223751.0,173050.0
2026-04-14 18:03:47.144466,714049,1609507320787943,4920757675,-0.772992,0.406016,-0.433344,26.355,-80.1325,3.6925,32.784,-13.144001,13.160001,none,8,3.0,80040.0,226072.0,160043.0,223751.0,173050.0
2026-04-14 18:03:47.173332,714060,1609507320802621,4920772613,-0.86864,0.491904,-0.700768,29.286251,-82.76625,4.52375,31.592001,-13.240001,15.824,none,8,3.0,58960.0,207827.0,128306.0,206859.0,141468.0
2026-04-14 18:03:47.175588,714061,1609507320811658,4920781374,-0.86864,0.491904,-0.700768,25.97,-82.53,9.17,31.592001,-13.240001,15.824,none,8,3.0,58960.0,207827.0,128306.0,206859.0,141468.0
2026-04-14 18:03:47.178343,714062,1609507320820725,4920790159,-0.86864,0.491904,-0.700768,20.62375,-82.425,8.295,31.592001,-13.240001,15.824,none,8,3.0,58960.0,207827.0,128306.0,206859.0,141468.0
2026-04-14 18:03:47.193319,714063,1609507320835232,4920805181,-0.876448,0.544608,-0.486048,11.235,-89.775,5.25,30.232002,-13.400001,16.904001,none,8,3.0,58960.0,207827.0,128306.0,206859.0,141468.0
2026-04-14 18:03:47.200704,714064,1609507320844166,4920813865,-0.90768,0.433344,-0.530944,4.94375,-90.50125,10.36,29.560001,-13.856001,15.496,none,8,3.0,58960.0,207827.0,128306.0,206859.0,141468.0
2026-04-14 18:03:47.218421,714065,1609507320858865,4920828857,-0.90768,0.433344,-0.530944,-0.76125,-98.27125,7.6825,29.560001,-13.856001,15.496,none,8,3.0,58960.0,207827.0,128306.0,206859.0,141468.0
2026-04-14 18:03:47.223152,714066,1609507320867795,4920837622,-0.812032,0.3904,-0.382592,-15.75875,-100.35375,14.39375,29.560001,-13.928,16.92,none,8,3.0,58960.0,207827.0,128306.0,206859.0,141468.0
2026-04-14 18:03:47.239257,714067,1609507320882306,4920852627,-0.862784,0.36112,-0.21472,-15.5575,-99.68,13.3,29.560001,-13.896001,17.320002,none,8,3.0,58960.0,207827.0,128306.0,206859.0,141468.0
2026-04-14 18:03:47.265771,714068,1609507320891278,4920861321,-0.862784,0.36112,-0.21472,-21.2625,-100.17,4.7075,28.688002,-13.896001,17.320002,none,8,3.0,58960.0,207827.0,128306.0,206859.0,141468.0
2026-04-14 18:03:47.346075,714079,1609507320900330,4920870134,-0.862784,0.36112,-0.21472,-20.02875,-95.54125,7.14875,28.688002,-13.896001,17.320002,none,8,3.0,60557.0,207463.0,127437.0,204505.0,141484.0
2026-04-14 18:03:47.348255,714080,1609507320914882,4920885047,-1.052128,0.218624,-0.335744,-14.105001,-94.40375,1.6625,27.04,-13.624001,19.240002,none,8,3.0,60557.0,207463.0,127437.0,204505.0,141484.0
2026-04-14 18:03:47.351068,714081,1609507320923929,4920893804,-1.036512,0.210816,-0.12688,-10.91125,-89.145,3.84125,25.920002,-13.864,19.072,none,8,3.0,60557.0,207463.0,127437.0,204505.0,141484.0
2026-04-14 18:03:47.353654,714082,1609507320938430,4920908715,-1.036512,0.210816,-0.12688,-0.35,-82.7575,6.86,25.920002,-13.864,19.072,none,8,3.0,60557.0,207463.0,127437.0,204505.0,141484.0
2026-04-14 18:03:47.356052,714083,1609507320947340,4920917396,-1.067744,0.226432,-0.324032,19.95875,-76.5975,6.39625,25.6,-14.072001,18.944,none,8,3.0,60557.0,207463.0,127437.0,204505.0,141484.0
2026-04-14 18:03:47.358667,714084,1609507320956250,4920926060,-1.067744,0.226432,-0.324032,34.0025,-69.2825,8.14625,25.6,-14.072001,18.944,none,8,3.0,60557.0,207463.0,127437.0,204505.0,141484.0
2026-04-14 18:03:47.361083,714085,1609507320970766,4920941033,-1.069696,0.162016,-0.265472,39.76,-61.52125,9.485,25.400002,-14.792001,19.112001,none,8,3.0,60557.0,207463.0,127437.0,204505.0,141484.0
2026-04-14 18:03:47.363439,714086,1609507320979709,4920949753,-1.069696,0.162016,-0.265472,45.98125,-55.08125,10.325,25.400002,-14.792001,19.112001,none,8,3.0,60557.0,207463.0,127437.0,204505.0,141484.0
2026-04-14 18:03:47.390413,714097,1609507320994585,4920964923,-1.075552,0.144448,-0.2928,60.06875,-46.165,9.61625,25.192001,-15.832001,18.944,none,8,3.0,49715.0,190149.0,110657.0,191512.0,123273.0
2026-04-14 18:03:47.393012,714098,1609507321003695,4920973648,-1.231712,0.376736,-0.38064,84.07,-40.22375,12.3375,24.656002,-16.880001,19.52,none,8,3.0,49715.0,190149.0,110657.0,191512.0,123273.0
2026-04-14 18:03:47.396815,714099,1609507321013008,4920982395,-1.231712,0.376736,-0.38064,102.4625,-39.99625,10.3425,24.656002,-16.880001,19.52,none,8,3.0,49715.0,190149.0,110657.0,191512.0,123273.0
2026-04-14 18:03:47.398043,714100,1609507321027552,4920997379,-1.097024,0.50752,-0.187392,108.12375,-45.10625,11.57625,24.2,-17.824001,18.024,none,8,3.0,49715.0,190149.0,110657.0,191512.0,123273.0
2026-04-14 18:03:47.400861,714101,1609507321036514,4921006134,-1.097024,0.50752,-0.187392,93.9225,-53.7775,6.2475,24.2,-17.824001,18.024,none,8,3.0,49715.0,190149.0,110657.0,191512.0,123273.0
2026-04-14 18:03:47.407192,714102,1609507321051020,4921021191,-1.163392,0.476288,-0.51728,82.41625,-64.75875,8.32125,22.880001,-18.832,18.544,none,8,3.0,49715.0,190149.0,110657.0,191512.0,123273.0
2026-04-14 18:03:47.415941,714103,1609507321059975,4921029887,-1.163392,0.476288,-0.51728,73.96375,-75.22375,5.9675,22.880001,-18.832,18.544,none,8,3.0,49715.0,190149.0,110657.0,191512.0,123273.0
2026-04-14 18:03:47.431078,714104,1609507321074485,4921044824,-0.977952,0.372832,-0.38064,67.4975,-89.1975,-0.665,22.12,-19.52,18.416,none,8,3.0,49715.0,190149.0,110657.0,191512.0,123273.0
2026-04-14 18:03:47.441793,714105,1609507321083437,4921053515,-0.886208,0.472384,-0.271328,65.09125,-104.60625,1.26,22.12,-19.52,16.944,none,8,3.0,49715.0,190149.0,110657.0,191512.0,123273.0
2026-04-14 18:03:47.448549,714106,1609507321092390,4921062232,-0.886208,0.472384,-0.271328,62.16,-112.6825,-0.56875,21.2,-19.864,16.944,none,8,3.0,49715.0,190149.0,110657.0,191512.0,123273.0
2026-04-14 18:03:47.475646,714117,1609507321106934,4921077208,-1.075552,0.589504,-0.630496,73.26375,-120.00625,-6.02,19.824001,-19.896002,19.672,none,8,3.0,66833.0,190030.0,132035.0,192996.0,146681.0
2026-04-14 18:03:47.478651,714118,1609507321115885,4921085958,-1.075552,0.589504,-0.630496,72.8,-120.32125,-23.28375,19.824001,-19.896002,19.672,none,8,3.0,66833.0,190030.0,132035.0,192996.0,146681.0
2026-04-14 18:03:47.486111,714119,1609507321130433,4921098864,-1.016992,0.404064,-0.441152,65.63375,-139.79,-43.015,17.560001,-20.464,20.296001,none,8,3.0,66833.0,190030.0,132035.0,192996.0,146681.0
2026-04-14 18:03:47.499769,714120,1609507321139940,4921109633,-1.016992,0.404064,-0.441152,60.2,-155.05,-27.4575,17.560001,-20.464,20.296001,none,8,3.0,66833.0,190030.0,132035.0,192996.0,146681.0
2026-04-14 18:03:47.507191,714121,1609507321148946,4921118305,-0.835456,0.505568,-0.162016,55.34375,-160.01125,-5.3375,15.792001,-21.352001,19.312,none,8,3.0,66833.0,190030.0,132035.0,192996.0,146681.0
2026-04-14 18:03:47.519576,714122,1609507321163509,4921133275,-0.835456,0.505568,-0.47824,62.27375,-153.43124,3.63125,15.792001,-21.352001,19.312,none,8,3.0,66833.0,190030.0,132035.0,192996.0,146681.0
2026-04-14 18:03:47.529757,714123,1609507321172443,4921141995,-0.974048,0.505568,-0.47824,71.365,-139.02,-17.21125,15.736001,-21.976002,20.28,none,8,3.0,66833.0,190030.0,132035.0,192996.0,146681.0
2026-04-14 18:03:47.544824,714124,1609507321186945,4921156895,-0.974048,0.472384,-0.181536,71.75875,-133.455,-41.2825,14.672001,-22.496,19.968,none,8,3.0,66833.0,190030.0,132035.0,192996.0,146681.0
2026-04-14 18:03:47.575662,714135,1609507321196309,4921165964,-0.974048,0.472384,-0.181536,62.13375,-133.97125,-46.48,14.672001,-22.496,19.968,none,8,3.0,77624.0,186118.0,139590.0,189520.0,157454.0
2026-04-14 18:03:47.578633,714136,1609507321205406,4921174714,-1.001376,0.447008,-0.275232,52.57875,-140.5775,-36.44375,12.584001,-22.2,22.472,none,8,3.0,77624.0,186118.0,139590.0,189520.0,157454.0
2026-04-14 18:03:47.581097,714137,1609507321220003,4921189744,-1.001376,0.447008,-0.275232,43.25125,-142.2925,-32.62,12.584001,-22.2,22.472,none,8,3.0,77624.0,186118.0,139590.0,189520.0,157454.0
2026-04-14 18:03:47.585735,714138,1609507321228960,4921198462,-1.0248,0.359168,-0.162016,44.9925,-139.65,-46.05125,10.64,-22.336,21.848001,none,8,3.0,77624.0,186118.0,139590.0,189520.0,157454.0
2026-04-14 18:03:47.600521,714139,1609507321243516,4921213340,-1.0248,0.359168,-0.162016,56.035,-137.3925,-59.3775,10.64,-22.336,21.848001,none,8,3.0,77624.0,186118.0,139590.0,189520.0,157454.0
2026-04-14 18:03:47.636001,714140,1609507321252555,4921222108,-1.069696,0.349408,-0.30256,63.5075,-135.3625,-64.3125,11.264001,-22.976002,19.648,none,8,3.0,77624.0,186118.0,139590.0,189520.0,157454.0
2026-04-14 18:03:47.638670,714141,1609507321267048,4921237000,-0.968192,0.242048,0.011712,65.9225,-128.42375,-60.68125,10.008,-23.136002,20.864,none,8,3.0,77624.0,186118.0,139590.0,189520.0,157454.0
2026-04-14 18:03:47.641084,714142,1609507321275946,4921245670,-0.968192,0.242048,0.011712,64.18125,-118.62375,-67.01625,10.008,-23.136002,20.864,none,8,3.0,77624.0,186118.0,139590.0,189520.0,157454.0
2026-04-14 18:03:47.665763,714143,1609507321284888,4921254356,-1.056032,0.345504,-0.353312,68.74,-111.405,-72.625,10.008,-23.192001,19.272001,none,8,3.0,77624.0,186118.0,139590.0,189520.0,157454.0
2026-04-14 18:03:47.710648,714154,1609507321299581,4921269288,-1.056032,0.345504,-0.353312,78.155,-103.97625,-73.605,10.112,-23.192001,19.272001,none,8,3.0,59069.0,177933.0,118878.0,184094.0,132040.0
2026-04-14 18:03:47.713202,714155,1609507321308614,4921278005,-1.036512,0.374784,-0.23424,84.23625,-102.78625,-78.715004,9.936001,-23.808,20.088001,none,8,3.0,59069.0,177933.0,118878.0,184094.0,132040.0
2026-04-14 18:03:47.715643,714156,1609507321323120,4921292848,-1.036512,0.374784,-0.23424,76.88625,-99.54,-83.09875,9.936001,-23.808,20.088001,none,8,3.0,59069.0,177933.0,118878.0,184094.0,132040.0
2026-04-14 18:03:47.718205,714157,1609507321332064,4921301541,-0.938912,0.23424,0.056608,53.75125,-91.37625,-76.27375,9.776,-23.560001,18.544,none,8,3.0,59069.0,177933.0,118878.0,184094.0,132040.0
2026-04-14 18:03:47.720693,714158,1609507321341138,4921310320,-0.938912,0.23424,0.056608,36.61,-81.62875,-72.86125,9.776,-23.560001,18.544,none,8,3.0,59069.0,177933.0,118878.0,184094.0,132040.0
2026-04-14 18:03:47.723281,714159,1609507321355655,4921325246,-1.075552,0.099552,-0.122976,41.475,-73.49125,-77.455,9.768001,-23.952002,18.512001,none,8,3.0,59069.0,177933.0,118878.0,184094.0,132040.0
2026-04-14 18:03:47.725637,714160,1609507321364760,4921333945,-1.075552,0.099552,-0.308416,61.6,-66.28125,-83.2825,9.768001,-23.952002,18.512001,none,8,3.0,59069.0,177933.0,118878.0,184094.0,132040.0
2026-04-14 18:03:47.734468,714161,1609507321379268,4921348939,-1.14192,0.298656,-0.308416,83.965004,-67.8125,-88.06,10.440001,-24.568,17.76,none,8,3.0,59069.0,177933.0,118878.0,184094.0,132040.0
2026-04-14 18:03:47.745787,714162,1609507321388204,4921357689,-0.976,0.269376,-0.076128,97.055,-72.96625,-94.8675,10.304001,-24.752,19.096,none,8,3.0,59069.0,177933.0,118878.0,184094.0,132040.0
2026-04-14 18:03:47.779520,714173,1609507321402967,4921372675,-0.976,0.269376,-0.076128,85.35625,-70.9625,-94.08,10.304001,-24.752,19.096,none,8,3.0,47448.0,173765.0,105630.0,180542.0,117124.0
2026-04-14 18:03:47.784607,714174,1609507321411938,4921381450,-1.009184,0.158112,-0.033184,62.895,-64.9425,-81.94375,9.304001,-24.096,19.384,none,8,3.0,47448.0,173765.0,105630.0,180542.0,117124.0
2026-04-14 18:03:47.784987,714175,1609507321420938,4921390187,-1.009184,0.158112,-0.033184,55.6675,-58.70375,-72.1875,9.304001,-24.096,19.384,none,8,3.0,47448.0,173765.0,105630.0,180542.0,117124.0
2026-04-14 18:03:47.794121,714176,1609507321435575,4921405095,-0.913536,0.072224,0.005856,66.05375,-48.55375,-73.4125,9.64,-24.880001,18.896002,none,8,3.0,47448.0,173765.0,105630.0,180542.0,117124.0
2026-04-14 18:03:47.799366,714177,1609507321444634,4921413842,-0.913536,0.072224,0.005856,78.91625,-38.73625,-76.18625,9.64,-24.880001,18.896002,none,8,3.0,47448.0,173765.0,105630.0,180542.0,117124.0
2026-04-14 18:03:47.815490,714178,1609507321459133,4921428894,-1.06384,0.245952,-0.220576,92.18125,-34.86,-77.7,11.728001,-25.840002,11.856001,none,8,3.0,47448.0,173765.0,105630.0,180542.0,117124.0
2026-04-14 18:03:47.824471,714179,1609507321468046,4921437590,-0.942816,0.284992,-0.20496,103.06625,-37.87875,-82.22375,12.320001,-25.768002,15.152,none,8,3.0,47448.0,173765.0,105630.0,180542.0,117124.0
2026-04-14 18:03:47.834543,714180,1609507321476963,4921446275,-0.942816,0.284992,-0.20496,97.090004,-40.67875,-83.85125,12.320001,-25.768002,15.152,none,8,3.0,47448.0,173765.0,105630.0,180542.0,117124.0
2026-04-14 18:03:47.847018,714181,1609507321491481,4921461267,-1.011136,0.230336,-0.128832,78.86375,-41.3175,-80.87625,11.984,-25.808,15.936001,none,8,3.0,47448.0,173765.0,105630.0,180542.0,117124.0
2026-04-14 18:03:47.882132,714192,1609507321500659,4921469983,-1.011136,0.230336,-0.128832,61.27625,-39.55875,-78.26875,11.984,-25.808,15.936001,none,8,3.0,52934.0,186147.0,111682.0,191223.0,123711.0
2026-04-14 18:03:47.884777,714193,1609507321515428,4921484999,-0.909632,0.062464,-0.001952,55.43125,-36.32125,-79.91375,12.6,-25.776001,15.52,none,8,3.0,52934.0,186147.0,111682.0,191223.0,123711.0
2026-04-14 18:03:47.887237,714194,1609507321524481,4921493754,-0.909632,0.062464,-0.001952,59.6225,-31.15875,-85.63625,12.6,-25.776001,15.52,none,8,3.0,52934.0,186147.0,111682.0,191223.0,123711.0
2026-04-14 18:03:47.896871,714195,1609507321538924,4921508699,-1.06384,0.148352,-0.193248,69.9825,-29.46125,-88.13,13.232,-25.856,15.144001,none,8,3.0,52934.0,186147.0,111682.0,191223.0,123711.0
2026-04-14 18:03:47.904834,714196,1609507321547843,4921517397,-0.952576,0.23424,-0.091744,85.81125,-27.18625,-88.97,14.672001,-26.112001,12.896001,none,8,3.0,52934.0,186147.0,111682.0,191223.0,123711.0
2026-04-14 18:03:47.914769,714197,1609507321556855,4921526105,-0.952576,0.23424,-0.091744,86.12625,-21.55125,-95.655,14.672001,-26.112001,12.896001,none,8,3.0,52934.0,186147.0,111682.0,191223.0,123711.0
2026-04-14 18:03:47.947344,714198,1609507321571437,4921541028,-1.00528,0.169824,0.025376,71.575,-16.8525,-92.5225,15.544001,-25.896002,12.632001,none,8,3.0,52934.0,186147.0,111682.0,191223.0,123711.0
2026-04-14 18:03:47.949856,714199,1609507321580354,4921549715,-1.00528,0.169824,0.025376,62.195,-13.02,-87.75375,15.544001,-25.896002,12.632001,none,8,3.0,52934.0,186147.0,111682.0,191223.0,123711.0
2026-04-14 18:03:47.952349,714200,1609507321594871,4921564592,-1.089216,-0.02928,-0.201056,55.4575,-9.555,-85.25125,16.168001,-25.720001,11.648001,none,8,3.0,52934.0,186147.0,111682.0,191223.0,123711.0
2026-04-14 18:03:48.037347,714211,1609507321603922,4921573374,-1.089216,-0.02928,-0.201056,65.14375,-5.3375,-87.325,16.168001,-25.720001,11.648001,none,8,3.0,42147.0,191214.0,96739.0,197019.0,107422.0
2026-04-14 18:03:48.039873,714212,1609507321612904,4921582101,-1.067744,0.025376,0.017568,82.85375,-2.8,-91.90125,16.896,-25.544,10.952001,none,8,3.0,42147.0,191214.0,96739.0,197019.0,107422.0
2026-04-14 18:03:48.062305,714213,1609507321627423,4921597044,-1.100928,0.072224,0.005856,99.77625,0.51625,-93.415,18.296001,-25.704,10.192,none,8,3.0,42147.0,191214.0,96739.0,197019.0,107422.0
2026-04-14 18:03:48.064247,714214,1609507321636350,4921605754,-1.100928,0.072224,0.005856,112.63875,4.655,-91.84875,18.296001,-25.704,10.192,none,8,3.0,42147.0,191214.0,96739.0,197019.0,107422.0
2026-04-14 18:03:48.066808,714215,1609507321650828,4921620656,-1.16144,0.07808,0.005856,120.05,10.4125,-92.435,19.336,-25.888,8.904,none,8,3.0,42147.0,191214.0,96739.0,197019.0,107422.0
2026-04-14 18:03:48.069704,714216,1609507321659760,4921629330,-1.16144,0.07808,0.005856,123.095,13.2825,-92.04125,19.336,-25.888,8.904,none,8,3.0,42147.0,191214.0,96739.0,197019.0,107422.0
2026-04-14 18:03:48.071761,714217,1609507321674315,4921644263,-1.097024,0.056608,0.122976,109.725,16.135,-93.8,20.168001,-25.376001,8.304001,none,8,3.0,42147.0,191214.0,96739.0,197019.0,107422.0
2026-04-14 18:03:48.074674,714218,1609507321683240,4921652966,-1.097024,0.056608,0.122976,94.85,16.66875,-90.86,20.168001,-25.376001,8.304001,none,8,3.0,42147.0,191214.0,96739.0,197019.0,107422.0
2026-04-14 18:03:48.079711,714219,1609507321692205,4921661673,-1.097024,-0.007808,0.101504,81.165,18.55,-87.14125,20.808,-25.096,7.856,none,8,3.0,42147.0,191214.0,96739.0,197019.0,107422.0
2026-04-14 18:03:48.109397,714230,1609507321707111,4921676891,-1.097024,-0.095648,-0.054656,76.8425,18.445,-85.47875,20.808,-25.096,7.856,none,8,3.0,38077.0,180864.0,91751.0,188457.0,101706.0
2026-04-14 18:03:48.112262,714231,1609507321716436,4921685686,-1.079456,-0.095648,-0.054656,76.48375,22.82875,-80.815,21.024,-24.832,6.768,none,8,3.0,38077.0,180864.0,91751.0,188457.0,101706.0
2026-04-14 18:03:48.114884,714232,1609507321730957,4921700581,-1.14192,-0.080032,-0.023424,79.77375,28.14875,-77.76125,21.608002,-24.44,6.2,none,8,3.0,38077.0,180864.0,91751.0,188457.0,101706.0
2026-04-14 18:03:48.117263,714233,1609507321739896,4921709369,-1.14192,-0.080032,-0.023424,83.72,31.9025,-73.00125,21.608002,-24.44,6.2,none,8,3.0,38077.0,180864.0,91751.0,188457.0,101706.0
2026-04-14 18:03:48.119878,714234,1609507321748871,4921718122,-1.114592,-0.056608,-0.10736,89.13625,34.685,-64.68875,22.368002,-24.160002,5.496,none,8,3.0,38077.0,180864.0,91751.0,188457.0,101706.0
2026-04-14 18:03:48.122386,714235,1609507321763520,4921733107,-1.114592,-0.056608,-0.10736,91.7,37.135,-61.94125,22.368002,-24.160002,5.496,none,8,3.0,38077.0,180864.0,91751.0,188457.0,101706.0
2026-04-14 18:03:48.129840,714236,1609507321772567,4921741877,-1.118496,-0.037088,-0.128832,89.66125,36.3825,-60.8825,23.128,-23.688002,4.424,none,8,3.0,38077.0,180864.0,91751.0,188457.0,101706.0
2026-04-14 18:03:48.147128,714237,1609507321787078,4921756801,-1.118496,-0.037088,-0.128832,86.415,35.385,-55.335,23.128,-23.688002,4.424,none,8,3.0,38077.0,180864.0,91751.0,188457.0,101706.0
2026-04-14 18:03:48.154040,714238,1609507321796203,4921765511,-1.118496,-0.01952,-0.080032,84.63875,37.826252,-50.32125,24.024002,-23.592001,3.224,none,8,3.0,38077.0,180864.0,91751.0,188457.0,101706.0
2026-04-14 18:03:48.184749,714249,1609507321805277,4921774304,-1.118496,-0.01952,-0.080032,83.01125,39.445,-47.85375,24.024002,-23.592001,3.224,none,8,3.0,41665.0,182218.0,97478.0,189699.0,108047.0
2026-04-14 18:03:48.186867,714250,1609507321819814,4921789337,-1.077504,-0.070272,0.173728,83.3525,41.46625,-46.41,23.208,-23.144001,2.736,none,8,3.0,41665.0,182218.0,97478.0,189699.0,108047.0
2026-04-14 18:03:48.189836,714251,1609507321828803,4921798218,-1.057984,-0.11712,-0.035136,87.2025,39.6725,-43.19,23.392,-22.512001,2.544,none,8,3.0,41665.0,182218.0,97478.0,189699.0,108047.0
2026-04-14 18:03:48.199853,714252,1609507321843317,4921813143,-1.057984,-0.11712,-0.035136,90.86,38.54375,-38.29875,23.392,-22.512001,2.544,none,8,3.0,41665.0,182218.0,97478.0,189699.0,108047.0
2026-04-14 18:03:48.209443,714253,1609507321852475,4921821831,-1.18096,0.044896,-0.081984,87.42125,40.11875,-38.22,25.432001,-23.216002,-1.616,none,8,3.0,41665.0,182218.0,97478.0,189699.0,108047.0
2026-04-14 18:03:48.225678,714254,1609507321867136,4921836719,-1.18096,0.044896,-0.081984,78.30375,44.49375,-39.29625,25.432001,-23.216002,-1.616,none,8,3.0,41665.0,182218.0,97478.0,189699.0,108047.0
2026-04-14 18:03:48.232354,714255,1609507321876119,4921845537,-1.25904,-0.023424,0.162016,76.57125,48.5275,-40.15375,26.064001,-23.240002,-2.712,none,8,3.0,41665.0,182218.0,97478.0,189699.0,108047.0
2026-04-14 18:03:48.241200,714256,1609507321885135,4921854291,-1.25904,-0.023424,0.162016,78.1725,47.66125,-42.09625,26.064001,-23.240002,-2.712,none,8,3.0,41665.0,182218.0,97478.0,189699.0,108047.0
2026-04-14 18:03:48.279871,714267,1609507321900057,4921869712,-1.20048,-0.119072,0.011712,81.31375,45.43,-41.36125,26.096,-22.608002,-2.28,none,8,3.0,39528.0,186567.0,94700.0,194450.0,105297.0
2026-04-14 18:03:48.284718,714268,1609507321909180,4921878572,-1.124352,-0.10736,0.206912,84.9275,44.31,-35.5075,25.592001,-22.536001,-7.584001,none,8,3.0,39528.0,186567.0,94700.0,194450.0,105297.0
2026-04-14 18:03:48.287414,714269,1609507321923720,4921893531,-1.124352,-0.10736,0.206912,92.505,47.27625,-29.51375,25.592001,-22.536001,-7.584001,none,8,3.0,39528.0,186567.0,94700.0,194450.0,105297.0
2026-04-14 18:03:48.289879,714270,1609507321932802,4921902332,-1.030656,-0.212768,0.033184,95.33125,50.4175,-24.4475,25.792002,-22.744001,-6.12,none,8,3.0,39528.0,186567.0,94700.0,194450.0,105297.0
2026-04-14 18:03:48.298678,714271,1609507321941736,4921911026,-1.030656,-0.212768,0.033184,104.06375,55.01125,-21.13125,25.792002,-22.744001,-6.12,none,8,3.0,39528.0,186567.0,94700.0,194450.0,105297.0
2026-04-14 18:03:48.312402,714272,1609507321956385,4921925997,-1.065792,-0.03904,0.111264,109.75125,58.24,-19.11875,25.984001,-22.032001,-5.984,none,8,3.0,39528.0,186567.0,94700.0,194450.0,105297.0
2026-04-14 18:03:48.322415,714273,1609507321965360,4921934709,-1.065792,-0.03904,0.111264,108.40375,60.75125,-16.30125,25.984001,-22.032001,-5.984,none,8,3.0,39528.0,186567.0,94700.0,194450.0,105297.0
2026-04-14 18:03:48.335838,714274,1609507321979847,4921949614,-1.0248,-0.011712,0.140544,99.67125,59.99,-15.47875,26.560001,-22.232,-7.912,none,8,3.0,39528.0,186567.0,94700.0,194450.0,105297.0
2026-04-14 18:03:48.368646,714275,1609507321988844,4921958290,-1.0248,-0.011712,0.031232,85.07625,56.63,-13.0025,26.560001,-22.232,-7.912,none,8,3.0,39528.0,186567.0,94700.0,194450.0,105297.0
2026-04-14 18:03:48.371058,714276,1609507321997762,4921966970,-1.00528,-0.046848,0.031232,72.17,52.29875,-4.3225,26.184002,-22.056002,-8.784,none,8,3.0,39528.0,186567.0,94700.0,194450.0,105297.0
2026-04-14 18:03:48.445619,714287,1609507322012314,4921981883,-1.01504,-0.089792,0.054656,64.295,48.982502,-0.105,24.784,-21.208,-9.024,none,8,3.0,43967.0,186615.0,102130.0,194800.0,113311.0
2026-04-14 18:03:48.448462,714288,1609507322021406,4921990640,-1.01504,-0.089792,0.054656,60.71625,44.59875,0.735,24.784,-21.208,-9.024,none,8,3.0,43967.0,186615.0,102130.0,194800.0,113311.0
2026-04-14 18:03:48.450932,714289,1609507322036043,4922005562,-1.007232,-0.021472,0.181536,56.84875,41.06375,3.56125,24.68,-21.856,-10.344001,none,8,3.0,43967.0,186615.0,102130.0,194800.0,113311.0
2026-04-14 18:03:48.453520,714290,1609507322044954,4922014245,-1.007232,-0.021472,0.181536,50.86375,38.4475,8.02375,24.68,-21.856,-10.344001,none,8,3.0,43967.0,186615.0,102130.0,194800.0,113311.0
2026-04-14 18:03:48.456089,714291,1609507322059449,4922029216,-0.933056,-0.035136,0.18544,44.275,35.49,11.5325,24.960001,-21.952002,-10.536,none,8,3.0,43967.0,186615.0,102130.0,194800.0,113311.0
2026-04-14 18:03:48.458098,714292,1609507322068344,4922037892,-0.933056,-0.035136,0.18544,37.72125,30.87875,12.9675,24.960001,-21.952002,-10.536,none,8,3.0,43967.0,186615.0,102130.0,194800.0,113311.0
2026-04-14 18:03:48.460494,714293,1609507322077273,4922046588,-1.061888,-0.064416,0.089792,33.92375,26.18,12.2325,24.528002,-21.768002,-13.152,none,8,3.0,43967.0,186615.0,102130.0,194800.0,113311.0
2026-04-14 18:03:48.463529,714294,1609507322091774,4922061655,-1.087264,-0.160064,0.140544,32.54125,22.47,12.08375,24.568,-22.216002,-11.552001,none,8,3.0,43967.0,186615.0,102130.0,194800.0,113311.0
2026-04-14 18:03:48.496083,714305,1609507322101169,4922070743,-1.087264,-0.160064,0.140544,30.44125,18.803751,10.1325,24.568,-22.216002,-11.552001,none,8,3.0,44733.0,196222.0,102005.0,202934.0,112908.0
2026-04-14 18:03:48.498543,714306,1609507322115908,4922085829,-1.022848,-0.427488,0.460672,28.7,12.71375,6.7725,24.44,-22.176,-12.8,none,8,3.0,44733.0,196222.0,102005.0,202934.0,112908.0
2026-04-14 18:03:48.501076,714307,1609507322124855,4922094571,-1.022848,-0.427488,0.460672,33.18875,5.87125,4.3575,24.44,-22.176,-12.8,none,8,3.0,44733.0,196222.0,102005.0,202934.0,112908.0
2026-04-14 18:03:48.503651,714308,1609507322133893,4922103269,-1.036512,-0.640256,0.511424,52.605,-0.91,3.98125,25.152,-21.976002,-13.928,none,8,3.0,44733.0,196222.0,102005.0,202934.0,112908.0
2026-04-14 18:03:48.505670,714309,1609507322148467,4922118275,-1.036512,-0.640256,0.511424,86.205,-2.9225,1.8725,25.152,-21.976002,-13.928,none,8,3.0,44733.0,196222.0,102005.0,202934.0,112908.0
2026-04-14 18:03:48.513663,714310,1609507322157523,4922126997,-1.091168,-0.411872,0.27328,129.12375,2.73,-0.0525,25.712002,-21.656,-13.52,none,8,3.0,44733.0,196222.0,102005.0,202934.0,112908.0
2026-04-14 18:03:48.528163,714311,1609507322172042,4922141921,-1.18096,-0.064416,0.095648,157.24625,17.255,-2.1,25.552002,-20.512001,-15.608001,none,8,3.0,44733.0,196222.0,102005.0,202934.0,112908.0
2026-04-14 18:03:48.536855,714312,1609507322180972,4922150616,-1.18096,-0.064416,0.095648,168.80501,26.4425,-1.6975,25.552002,-20.512001,-15.608001,none,8,3.0,44733.0,196222.0,102005.0,202934.0,112908.0
2026-04-14 18:03:48.553561,714313,1609507322195479,4922165681,-1.18096,0.11712,0.095648,159.635,27.2475,-2.00375,25.272001,-20.056002,-17.568,none,8,3.0,44733.0,196222.0,102005.0,202934.0,112908.0
2026-04-14 18:03:48.608653,714324,1609507322204560,4922174436,-1.18096,0.11712,0.095648,129.92876,19.460001,-2.275,25.272001,-20.056002,-17.568,none,8,3.0,37938.0,187104.0,92514.0,195333.0,102738.0
2026-04-14 18:03:48.611082,714325,1609507322213589,4922183390,-1.204384,0.054656,-0.033184,102.05125,6.55375,1.67125,25.184002,-20.024,-18.208,none,8,3.0,37938.0,187104.0,92514.0,195333.0,102738.0
2026-04-14 18:03:48.613640,714326,1609507322228174,4922198312,-1.204384,0.054656,-0.033184,78.7325,-5.74,8.42625,25.184002,-20.024,-18.208,none,8,3.0,37938.0,187104.0,92514.0,195333.0,102738.0
2026-04-14 18:03:48.616099,714327,1609507322237107,4922206976,-1.098976,-0.062464,0.02928,65.2925,-12.24125,12.8975,25.024002,-19.824001,-18.592001,none,8,3.0,37938.0,187104.0,92514.0,195333.0,102738.0
2026-04-14 18:03:48.621087,714328,1609507322251585,4922221943,-1.065792,-0.076128,0.20496,63.91,-12.38125,12.67875,24.976002,-19.256,-16.824001,none,8,3.0,37938.0,187104.0,92514.0,195333.0,102738.0
2026-04-14 18:03:48.621534,714329,1609507322260486,4922230649,-1.065792,-0.076128,0.20496,66.98125,-7.41125,12.03125,24.976002,-19.256,-16.824001,none,8,3.0,37938.0,187104.0,92514.0,195333.0,102738.0
2026-04-14 18:03:48.626651,714330,1609507322269424,4922239321,-1.065792,-0.076128,0.20496,67.64625,-1.33,11.6725,24.976002,-19.256,-16.824001,none,8,3.0,37938.0,187104.0,92514.0,195333.0,102738.0
2026-04-14 18:03:48.641039,714331,1609507322284007,4922254233,-1.126304,-0.12688,0.031232,72.8,2.51125,14.3675,25.216002,-19.072,-17.096,none,8,3.0,37938.0,187104.0,92514.0,195333.0,102738.0
2026-04-14 18:03:48.648566,714332,1609507322292971,4922262965,-0.999424,-0.037088,0.121024,75.01375,3.71,20.965,24.128,-18.176,-18.864,none,8,3.0,37938.0,187104.0,92514.0,195333.0,102738.0
2026-04-14 18:03:48.682366,714343,1609507322307570,4922275998,-0.999424,-0.037088,0.121024,74.61125,6.43125,23.31,24.128,-18.176,-18.864,none,8,3.0,41674.0,199555.0,97560.0,204819.0,108480.0
2026-04-14 18:03:48.684845,714344,1609507322317117,4922286833,-1.026752,0.042944,0.02928,65.38875,6.86,19.31125,23.464,-18.464,-20.568,none,8,3.0,41674.0,199555.0,97560.0,204819.0,108480.0
2026-04-14 18:03:48.687310,714345,1609507322326185,4922295531,-1.026752,0.042944,0.02928,47.232502,9.21375,13.79875,23.464,-18.464,-20.568,none,8,3.0,41674.0,199555.0,97560.0,204819.0,108480.0
2026-04-14 18:03:48.696039,714346,1609507322340739,4922310521,-1.050176,0.007808,0.245952,35.42875,7.4375,13.3175,24.184002,-18.904001,-20.68,none,8,3.0,41674.0,199555.0,97560.0,204819.0,108480.0
2026-04-14 18:03:48.708707,714347,1609507322349675,4922319239,-1.050176,0.007808,0.245952,24.325,8.70625,13.055,24.184002,-18.904001,-20.68,none,8,3.0,41674.0,199555.0,97560.0,204819.0,108480.0
2026-04-14 18:03:48.733506,714348,1609507322364347,4922334145,-1.104832,-0.121024,0.281088,15.82,10.47375,10.5175,24.36,-18.368,-20.288,none,8,3.0,41674.0,199555.0,97560.0,204819.0,108480.0
2026-04-14 18:03:48.758239,714349,1609507322373280,4922342807,-1.0736,-0.296704,0.374784,10.745,10.3075,6.69375,22.792002,-18.248001,-17.784,none,8,3.0,41674.0,199555.0,97560.0,204819.0,108480.0
2026-04-14 18:03:48.763640,714350,1609507322387821,4922357737,-1.0736,-0.296704,0.374784,15.3825,9.61625,3.99,22.792002,-18.248001,-17.784,none,8,3.0,41674.0,199555.0,97560.0,204819.0,108480.0
2026-04-14 18:03:48.766063,714351,1609507322396748,4922366442,-0.952576,-0.335744,0.324032,22.505,8.02375,3.05375,22.368002,-17.808,-18.76,none,8,3.0,41674.0,199555.0,97560.0,204819.0,108480.0
2026-04-14 18:03:48.796101,714362,1609507322405853,4922375232,-0.952576,-0.335744,0.324032,26.1975,4.87375,5.0925,22.368002,-17.808,-18.76,none,8,3.0,46868.0,210557.0,104144.0,212011.0,115603.0
2026-04-14 18:03:48.798624,714363,1609507322420439,4922390399,-0.983808,-0.259616,0.232288,19.15375,2.93125,4.7075,22.312,-18.032001,-20.144001,none,8,3.0,46868.0,210557.0,104144.0,212011.0,115603.0
2026-04-14 18:03:48.801106,714364,1609507322429409,4922399127,-0.983808,-0.259616,0.232288,12.99375,1.70625,0.76125,22.312,-18.032001,-20.144001,none,8,3.0,46868.0,210557.0,104144.0,212011.0,115603.0
2026-04-14 18:03:48.803638,714365,1609507322443935,4922414156,-1.108736,-0.314272,0.191296,18.97875,2.52875,-4.865,23.104002,-17.912,-20.424002,none,8,3.0,46868.0,210557.0,104144.0,212011.0,115603.0
2026-04-14 18:03:48.809280,714366,1609507322452892,4922422844,-0.93696,-0.222528,0.218624,37.66875,6.72875,-15.16375,23.416,-16.944,-23.072,none,8,3.0,46868.0,210557.0,104144.0,212011.0,115603.0
2026-04-14 18:03:48.817520,714367,1609507322461827,4922431573,-0.93696,-0.222528,0.218624,51.8,4.52375,-18.7775,23.416,-16.944,-23.072,none,8,3.0,46868.0,210557.0,104144.0,212011.0,115603.0
2026-04-14 18:03:48.832335,714368,1609507322476318,4922446467,-0.915488,0.001952,0.33184,61.69625,0.0175,-18.10375,24.152,-16.784,-21.352001,none,8,3.0,46868.0,210557.0,104144.0,212011.0,115603.0
2026-04-14 18:03:48.843032,714369,1609507322485301,4922455167,-0.915488,0.001952,0.33184,62.15125,3.29875,-21.9975,24.152,-16.784,-21.352001,none,8,3.0,46868.0,210557.0,104144.0,212011.0,115603.0
2026-04-14 18:03:48.857323,714370,1609507322499906,4922470104,-0.983808,0.054656,0.033184,53.20875,6.37875,-27.71125,24.376001,-16.064001,-22.312,none,8,3.0,46868.0,210557.0,104144.0,212011.0,115603.0
2026-04-14 18:03:48.884736,714381,1609507322508929,4922478909,-0.983808,0.054656,0.033184,37.8525,8.67125,-29.575,24.376001,-16.064001,-22.312,none,8,3.0,44450.0,206363.0,100069.0,207824.0,110861.0
2026-04-14 18:03:48.887348,714382,1609507322523487,4922491882,-1.042368,-0.013664,0.152256,21.105,11.20875,-31.9725,23.616001,-15.776001,-21.608002,none,8,3.0,44450.0,206363.0,100069.0,207824.0,110861.0
2026-04-14 18:03:48.889832,714383,1609507322532801,4922502792,-1.138016,-0.03904,0.054656,8.6275,8.46125,-35.56875,23.616001,-15.432001,-21.160002,none,8,3.0,44450.0,206363.0,100069.0,207824.0,110861.0
2026-04-14 18:03:48.898648,714384,1609507322541846,4922511500,-1.138016,-0.03904,0.054656,4.9,4.6725,-34.86,23.880001,-15.432001,-21.160002,none,8,3.0,44450.0,206363.0,100069.0,207824.0,110861.0
2026-04-14 18:03:48.915501,714385,1609507322556365,4922526366,-1.059936,-0.050752,0.05856,6.93875,3.92,-32.445,25.144001,-15.456,-23.088001,none,8,3.0,44450.0,206363.0,100069.0,207824.0,110861.0
2026-04-14 18:03:48.922229,714386,1609507322565411,4922535155,-1.059936,-0.050752,0.05856,10.9375,6.04625,-29.61,25.144001,-15.456,-23.088001,none,8,3.0,44450.0,206363.0,100069.0,207824.0,110861.0
2026-04-14 18:03:48.936034,714387,1609507322579892,4922550086,-0.944768,-0.017568,0.173728,13.51875,9.52875,-27.67625,23.704,-14.568001,-21.920002,none,8,3.0,44450.0,206363.0,100069.0,207824.0,110861.0
2026-04-14 18:03:48.945563,714388,1609507322588848,4922558860,-0.944768,-0.017568,0.173728,13.39625,13.5975,-26.5475,23.704,-14.568001,-21.920002,none,8,3.0,44450.0,206363.0,100069.0,207824.0,110861.0
2026-04-14 18:03:48.954826,714389,1609507322597814,4922567540,-0.993568,-0.056608,0.16592,14.91,22.085001,-29.015,23.928001,-14.728001,-23.488,none,8,3.0,44450.0,206363.0,100069.0,207824.0,110861.0
2026-04-14 18:03:48.983641,714400,1609507322612350,4922582574,-0.993568,-0.056608,0.16592,21.2625,29.4,-30.135,23.928001,-14.728001,-23.488,none,8,3.0,39798.0,201363.0,93133.0,203750.0,103565.0
2026-04-14 18:03:48.985667,714401,1609507322621287,4922591350,-1.028704,-0.00976,0.20496,23.96625,32.2875,-27.18625,24.912,-13.936001,-23.304,none,8,3.0,39798.0,201363.0,93133.0,203750.0,103565.0
2026-04-14 18:03:48.991097,714402,1609507322635873,4922604239,-0.999424,-0.05856,-0.023424,23.02125,30.6775,-22.575,24.936,-13.616,-24.336,none,8,3.0,39798.0,201363.0,93133.0,203750.0,103565.0
2026-04-14 18:03:49.006497,714403,1609507322645212,4922614990,-0.999424,-0.05856,-0.023424,20.9125,28.28,-19.43375,24.936,-13.616,-24.336,none,8,3.0,39798.0,201363.0,93133.0,203750.0,103565.0
2026-04-14 18:03:49.022370,714404,1609507322654157,4922623710,-0.991616,-0.042944,0.21472,17.64,28.805,-17.12375,24.328001,-13.896001,-25.968,none,8,3.0,39798.0,201363.0,93133.0,203750.0,103565.0
2026-04-14 18:03:49.024450,714405,1609507322668663,4922638617,-0.991616,-0.042944,0.21472,15.42625,31.045,-14.6125,24.328001,-13.896001,-25.968,none,8,3.0,39798.0,201363.0,93133.0,203750.0,103565.0
2026-04-14 18:03:49.034436,714406,1609507322677690,4922647318,-1.007232,-0.056608,0.244,13.9825,32.165,-14.6125,24.240002,-13.008,-23.400002,none,8,3.0,39798.0,201363.0,93133.0,203750.0,103565.0
2026-04-14 18:03:49.050768,714407,1609507322692223,4922662217,-1.007232,-0.056608,0.244,12.06625,31.4125,-14.62125,24.240002,-13.008,-23.400002,none,8,3.0,39798.0,201363.0,93133.0,203750.0,103565.0
2026-04-14 18:03:49.057037,714408,1609507322701137,4922670906,-1.06384,-0.060512,0.189344,9.10875,28.8925,-14.21875,23.12,-12.832001,-27.136002,none,8,3.0,39798.0,201363.0,93133.0,203750.0,103565.0
2026-04-14 18:03:49.134494,714419,1609507322715658,4922685914,-1.042368,-0.085888,0.22448,7.4375,25.94375,-11.66375,23.944,-13.072001,-25.208002,none,8,3.0,40426.0,202945.0,94246.0,205556.0,104964.0
2026-04-14 18:03:49.137004,714420,1609507322724674,4922694606,-1.042368,-0.085888,0.22448,7.48125,22.49625,-7.74375,23.944,-13.072001,-25.208002,none,8,3.0,40426.0,202945.0,94246.0,205556.0,104964.0
2026-04-14 18:03:49.139447,714421,1609507322733600,4922703290,-1.042368,-0.085888,0.115168,10.63125,19.678751,-4.8125,23.944,-13.072001,-25.208002,none,8,3.0,40426.0,202945.0,94246.0,205556.0,104964.0
2026-04-14 18:03:49.142111,714422,1609507322748133,4922718209,-1.091168,-0.128832,0.115168,19.022501,19.4075,-1.8375,24.04,-12.448001,-25.144001,none,8,3.0,40426.0,202945.0,94246.0,205556.0,104964.0
2026-04-14 18:03:49.144509,714423,1609507322757049,4922726932,-1.0736,-0.140544,0.236192,34.5625,22.93375,-0.28875,23.944,-12.376,-26.192001,none,8,3.0,40426.0,202945.0,94246.0,205556.0,104964.0
2026-04-14 18:03:49.146901,714424,1609507322771586,4922741879,-1.0736,-0.140544,0.236192,52.0975,27.39625,-0.4025,23.944,-12.376,-26.192001,none,8,3.0,40426.0,202945.0,94246.0,205556.0,104964.0
2026-04-14 18:03:49.149321,714425,1609507322780561,4922750566,-1.01504,-0.105408,0.294752,63.0175,31.185,-2.87,23.512001,-11.776001,-26.272001,none,8,3.0,40426.0,202945.0,94246.0,205556.0,104964.0
2026-04-14 18:03:49.152023,714426,1609507322795118,4922765483,-1.038464,-0.089792,0.124928,66.955,30.05625,-4.64625,23.408,-11.000001,-26.312002,none,8,3.0,40426.0,202945.0,94246.0,205556.0,104964.0
2026-04-14 18:03:49.183088,714437,1609507322804412,4922774765,-1.038464,-0.089792,0.124928,70.402504,28.4725,-1.4,23.408,-11.000001,-26.312002,none,8,3.0,41466.0,204878.0,95474.0,206591.0,106412.0
2026-04-14 18:03:49.186491,714438,1609507322813439,4922783483,-1.038464,-0.089792,0.124928,66.99,29.5575,-1.26875,23.408,-11.000001,-26.312002,none,8,3.0,41466.0,204878.0,95474.0,206591.0,106412.0
2026-04-14 18:03:49.188416,714439,1609507322828246,4922798507,-0.999424,-0.031232,0.306464,59.482502,27.93,-0.65625,21.904001,-9.96,-25.880001,none,8,3.0,41466.0,204878.0,95474.0,206591.0,106412.0
2026-04-14 18:03:49.193029,714440,1609507322837348,4922807219,-1.089216,-0.105408,0.017568,49.49,27.5275,-0.2275,22.44,-9.912001,-26.936,none,8,3.0,41466.0,204878.0,95474.0,206591.0,106412.0
2026-04-14 18:03:49.230829,714441,1609507322851855,4922822123,-1.089216,-0.105408,0.017568,40.06625,25.865,0.21,22.44,-9.912001,-26.936,none,8,3.0,41466.0,204878.0,95474.0,206591.0,106412.0
2026-04-14 18:03:49.233369,714442,1609507322860971,4922830812,-1.116544,-0.103456,0.201056,35.32375,24.54375,1.015,23.160002,-9.64,-27.240002,none,8,3.0,41466.0,204878.0,95474.0,206591.0,106412.0
2026-04-14 18:03:49.235829,714443,1609507322870073,4922839535,-1.116544,-0.103456,0.201056,32.90875,24.42125,2.12625,23.160002,-9.64,-27.240002,none,8,3.0,41466.0,204878.0,95474.0,206591.0,106412.0
2026-04-14 18:03:49.240749,714444,1609507322884588,4922854457,-1.118496,-0.037088,0.27328,33.355,25.15625,1.63625,21.848001,-9.336,-27.888,none,8,3.0,41466.0,204878.0,95474.0,206591.0,106412.0
2026-04-14 18:03:49.250771,714445,1609507322893556,4922863138,-1.118496,-0.037088,0.27328,35.201252,24.24625,1.25125,21.848001,-9.336,-27.888,none,8,3.0,41466.0,204878.0,95474.0,206591.0,106412.0
2026-04-14 18:03:49.286821,714456,1609507322908399,4922878113,-1.231712,0.017568,0.031232,31.75375,21.1925,0.74375,22.272001,-9.304001,-31.056002,none,8,3.0,36644.0,197065.0,87950.0,199849.0,97981.0
2026-04-14 18:03:49.289218,714457,1609507322917428,4922886837,-1.206336,-0.103456,-0.027328,19.46875,16.0125,-0.74375,22.032001,-8.888001,-27.456001,none,8,3.0,36644.0,197065.0,87950.0,199849.0,97981.0
2026-04-14 18:03:49.291928,714458,1609507322926386,4922895582,-1.206336,-0.103456,-0.027328,2.59,9.8875,-2.625,22.032001,-8.888001,-27.456001,none,8,3.0,36644.0,197065.0,87950.0,199849.0,97981.0
2026-04-14 18:03:49.296866,714459,1609507322941006,4922910556,-1.139968,0.050752,0.017568,-9.625,5.04875,-1.575,21.928001,-9.152,-27.088001,none,8,3.0,36644.0,197065.0,87950.0,199849.0,97981.0
2026-04-14 18:03:49.308318,714460,1609507322949999,4922919281,-1.139968,0.050752,0.017568,-24.745,6.86875,0.6475,21.928001,-9.152,-27.088001,none,8,3.0,36644.0,197065.0,87950.0,199849.0,97981.0
2026-04-14 18:03:49.320799,714461,1609507322964449,4922934327,-1.177056,0.050752,0.062464,-40.57375,11.08625,0.83125,22.304,-9.392,-27.512001,none,8,3.0,36644.0,197065.0,87950.0,199849.0,97981.0
2026-04-14 18:03:49.332040,714462,1609507322973383,4922943024,-1.177056,0.050752,0.062464,-52.14125,13.51875,0.04375,22.304,-9.392,-27.512001,none,8,3.0,36644.0,197065.0,87950.0,199849.0,97981.0
2026-04-14 18:03:49.343338,714463,1609507322987878,4922957954,-1.303936,-0.02928,-0.037088,-54.9675,12.9325,0.51625,22.472,-10.224001,-26.904001,none,8,3.0,36644.0,197065.0,87950.0,199849.0,97981.0
2026-04-14 18:03:49.353653,714464,1609507322996844,4922966674,-1.270752,0.042944,0.023424,-50.75,10.167501,1.5575,22.056002,-10.672001,-28.248001,none,8,3.0,36644.0,197065.0,87950.0,199849.0,97981.0
2026-04-14 18:03:49.387208,714475,1609507323006267,4922975887,-1.270752,0.042944,0.023424,-52.75375,6.79,2.9225,22.056002,-10.672001,-28.248001,none,8,3.0,37259.0,200808.0,88693.0,202573.0,98961.0
2026-04-14 18:03:49.389737,714476,1609507323020894,4922990846,-1.29808,-0.070272,-0.121024,-52.4125,2.68625,1.40875,21.416,-10.584001,-27.088001,none,8,3.0,37259.0,200808.0,88693.0,202573.0,98961.0
2026-04-14 18:03:49.394344,714477,1609507323030037,4922999566,-1.29808,-0.070272,-0.121024,-44.84375,-1.295,-2.2575,21.416,-10.584001,-27.088001,none,8,3.0,37259.0,200808.0,88693.0,202573.0,98961.0
2026-04-14 18:03:49.396886,714478,1609507323039092,4923008426,-1.247328,-0.132736,-0.232288,-35.91,-3.66625,-0.84875,21.504002,-10.776001,-26.920002,none,8,3.0,37259.0,200808.0,88693.0,202573.0,98961.0
2026-04-14 18:03:49.411058,714479,1609507323053620,4923023358,-1.247328,-0.132736,-0.232288,-27.01125,-5.69625,2.1525,21.504002,-10.776001,-26.920002,none,8,3.0,37259.0,200808.0,88693.0,202573.0,98961.0
2026-04-14 18:03:49.418608,714480,1609507323062621,4923032071,-1.216096,-0.050752,-0.109312,-21.8225,-6.405,5.03125,22.320002,-11.504001,-27.376001,none,8,3.0,37259.0,200808.0,88693.0,202573.0,98961.0
2026-04-14 18:03:49.433606,714481,1609507323077144,4923046988,-1.08336,-0.05856,-0.076128,-26.18,-9.1875,7.30625,21.488,-11.872001,-28.264002,none,8,3.0,37259.0,200808.0,88693.0,202573.0,98961.0
2026-04-14 18:03:49.442280,714482,1609507323086088,4923055699,-1.08336,-0.05856,-0.076128,-37.33625,-14.62125,10.8325,21.488,-11.872001,-28.264002,none,8,3.0,37259.0,200808.0,88693.0,202573.0,98961.0
2026-04-14 18:03:49.468236,714483,1609507323100580,4923070672,-1.042368,-0.140544,-0.031232,-55.04625,-17.89375,13.13375,22.76,-12.592001,-26.848001,none,8,3.0,37259.0,200808.0,88693.0,202573.0,98961.0
2026-04-14 18:03:49.531126,714494,1609507323109750,4923079467,-1.042368,-0.140544,-0.031232,-64.35625,-21.81375,14.761251,22.76,-12.592001,-26.848001,none,8,3.0,34616.0,194565.0,85342.0,201131.0,94705.0
2026-04-14 18:03:49.533646,714495,1609507323118754,4923088223,-1.069696,-0.130784,-0.210816,-70.875,-26.52125,20.83375,21.776001,-12.648001,-24.912,none,8,3.0,34616.0,194565.0,85342.0,201131.0,94705.0
2026-04-14 18:03:49.536134,714496,1609507323133317,4923103133,-1.069696,-0.130784,-0.210816,-70.0,-26.1275,23.94,21.776001,-12.648001,-24.912,none,8,3.0,34616.0,194565.0,85342.0,201131.0,94705.0
2026-04-14 18:03:49.538632,714497,1609507323142282,4923111842,-1.022848,-0.06832,-0.031232,-74.1475,-27.3875,23.21375,21.960001,-13.68,-23.480001,none,8,3.0,34616.0,194565.0,85342.0,201131.0,94705.0
2026-04-14 18:03:49.543310,714498,1609507323156870,4923126761,-1.050176,-0.121024,-0.134688,-82.915,-32.97,22.23375,21.960001,-14.6,-23.232,none,8,3.0,34616.0,194565.0,85342.0,201131.0,94705.0
2026-04-14 18:03:49.546116,714499,1609507323165828,4923135453,-1.050176,-0.121024,-0.134688,-90.55375,-39.48,24.2025,21.552002,-14.6,-23.232,none,8,3.0,34616.0,194565.0,85342.0,201131.0,94705.0
2026-04-14 18:03:49.548463,714500,1609507323180436,4923150416,-0.987712,-0.134688,-0.167872,-87.56125,-40.6175,25.50625,21.536001,-15.088,-22.824001,none,8,3.0,34616.0,194565.0,85342.0,201131.0,94705.0
2026-04-14 18:03:49.551113,714501,1609507323189550,4923159121,-0.987712,-0.134688,-0.167872,-84.945,-41.9125,23.77375,21.536001,-15.088,-22.824001,none,8,3.0,34616.0,194565.0,85342.0,201131.0,94705.0
2026-04-14 18:03:49.555870,714502,1609507323198635,4923167874,-1.00528,-0.031232,-0.05856,-83.16,-43.925,25.803751,22.552002,-16.208,-21.944,none,8,3.0,34616.0,194565.0,85342.0,201131.0,94705.0
2026-04-14 18:03:49.585553,714513,1609507323213220,4923183227,-1.00528,-0.031232,-0.05856,-85.6625,-49.4725,28.23625,22.552002,-16.208,-21.944,none,8,3.0,34644.0,196484.0,85641.0,204402.0,94971.0
2026-04-14 18:03:49.588579,714514,1609507323222244,4923191952,-1.056032,-0.003904,-0.093696,-90.23875,-56.455,25.27875,22.656,-17.296001,-20.928001,none,8,3.0,34644.0,196484.0,85641.0,204402.0,94971.0
2026-04-14 18:03:49.593126,714515,1609507323237309,4923207046,-1.03456,-0.066368,-0.083936,-97.46625,-59.0975,27.29125,22.656,-17.296001,-20.064001,none,8,3.0,34644.0,196484.0,85641.0,204402.0,94971.0
2026-04-14 18:03:49.602378,714516,1609507323246308,4923215740,-1.03456,-0.066368,-0.083936,-100.345,-60.43625,26.45125,22.808,-18.304,-20.064001,none,8,3.0,34644.0,196484.0,85641.0,204402.0,94971.0
2026-04-14 18:03:49.612400,714517,1609507323255251,4923224432,-1.03456,-0.066368,-0.083936,-102.7075,-60.2525,20.2125,22.808,-18.304,-20.064001,none,8,3.0,34644.0,196484.0,85641.0,204402.0,94971.0
2026-04-14 18:03:49.624887,714518,1609507323269839,4923239297,-1.159488,0.005856,-0.081984,-106.33875,-57.155,16.8,23.248001,-18.704,-18.456001,none,8,3.0,34644.0,196484.0,85641.0,204402.0,94971.0
2026-04-14 18:03:49.634872,714519,1609507323278925,4923248023,-1.257088,0.011712,-0.1464,-105.42875,-60.43625,12.31125,23.496,-20.104,-20.208,none,8,3.0,34644.0,196484.0,85641.0,204402.0,94971.0
2026-04-14 18:03:49.650051,714520,1609507323293457,4923262907,-1.257088,0.011712,-0.1464,-107.1,-58.59875,2.26625,23.496,-20.104,-20.208,none,8,3.0,34644.0,196484.0,85641.0,204402.0,94971.0
2026-04-14 18:03:49.658106,714521,1609507323302389,4923271600,-1.05408,-0.10736,-0.099552,-106.26875,-57.3825,-7.14875,24.232,-20.192001,-17.352001,none,8,3.0,34644.0,196484.0,85641.0,204402.0,94971.0
2026-04-14 18:03:49.689894,714532,1609507323311446,4923280359,-1.05408,-0.10736,-0.099552,-102.725,-60.0425,-5.95,24.232,-20.192001,-17.352001,none,8,3.0,32792.0,197694.0,81730.0,204720.0,90785.0
2026-04-14 18:03:49.692222,714533,1609507323326037,4923295276,-0.981856,0.027328,0.10736,-96.62625,-56.23625,1.5925,24.144001,-20.112001,-14.848001,none,8,3.0,32792.0,197694.0,81730.0,204720.0,90785.0
2026-04-14 18:03:49.694387,714534,1609507323335024,4923304000,-0.981856,0.027328,0.10736,-92.51375,-48.5975,2.345,24.144001,-20.112001,-14.848001,none,8,3.0,32792.0,197694.0,81730.0,204720.0,90785.0
2026-04-14 18:03:49.706056,714535,1609507323349639,4923318932,-1.116544,0.003904,0.056608,-94.535,-42.23625,-2.44125,23.800001,-20.688002,-13.040001,none,8,3.0,32792.0,197694.0,81730.0,204720.0,90785.0
2026-04-14 18:03:49.716145,714536,1609507323358554,4923327674,-1.186816,-0.050752,-0.212768,-99.37375,-40.4075,-4.55875,25.096,-22.000002,-15.280001,none,8,3.0,32792.0,197694.0,81730.0,204720.0,90785.0
2026-04-14 18:03:49.723640,714537,1609507323367664,4923336358,-1.186816,-0.050752,-0.212768,-103.22375,-39.9525,-3.29,25.096,-22.000002,-15.280001,none,8,3.0,32792.0,197694.0,81730.0,204720.0,90785.0
2026-04-14 18:03:49.737371,714538,1609507323382609,4923351303,-1.110688,-0.06832,-0.150304,-104.50125,-38.64,-2.5375,25.320002,-21.888,-13.376,none,8,3.0,32792.0,197694.0,81730.0,204720.0,90785.0
2026-04-14 18:03:49.754060,714539,1609507323391911,4923362069,-1.110688,-0.06832,-0.150304,-105.49875,-37.695,-2.415,25.320002,-21.888,-13.376,none,8,3.0,32792.0,197694.0,81730.0,204720.0,90785.0
2026-04-14 18:03:49.762235,714540,1609507323406391,4923374907,-1.128256,-0.035136,0.031232,-105.41125,-36.60125,-0.8925,25.072,-22.224,-12.480001,none,8,3.0,32792.0,197694.0,81730.0,204720.0,90785.0
2026-04-14 18:03:49.789282,714551,1609507323416078,4923385720,-1.128256,-0.035136,0.031232,-107.0125,-34.74625,0.77,25.072,-22.224,-12.480001,none,8,3.0,33213.0,202837.0,82213.0,208898.0,91546.0
2026-04-14 18:03:49.791847,714552,1609507323425075,4923394499,-1.153632,-0.02928,0.011712,-109.34875,-35.1225,0.81375,24.824001,-22.488,-12.288,none,8,3.0,33213.0,202837.0,82213.0,208898.0,91546.0
2026-04-14 18:03:49.796066,714553,1609507323439643,4923409451,-1.157536,-0.081984,-0.259616,-109.45375,-35.84,1.09375,24.424002,-22.968,-10.888001,none,8,3.0,33213.0,202837.0,82213.0,208898.0,91546.0
2026-04-14 18:03:49.804481,714554,1609507323448626,4923418159,-1.157536,-0.081984,-0.259616,-104.51,-35.638752,1.65375,24.424002,-22.968,-10.888001,none,8,3.0,33213.0,202837.0,82213.0,208898.0,91546.0
2026-04-14 18:03:49.847864,714555,1609507323463140,4923433029,-1.106784,-0.076128,-0.07808,-97.62375,-35.805,2.73875,24.552002,-23.28,-9.280001,none,8,3.0,33213.0,202837.0,82213.0,208898.0,91546.0
2026-04-14 18:03:49.848886,714556,1609507323472255,4923441743,-1.106784,-0.076128,-0.07808,-91.81375,-36.40875,3.43875,24.552002,-23.28,-9.280001,none,8,3.0,33213.0,202837.0,82213.0,208898.0,91546.0
2026-04-14 18:03:49.875602,714557,1609507323481286,4923450460,-1.237568,-0.046848,-0.16592,-89.83625,-37.93125,5.20625,24.352001,-23.192001,-6.984,none,8,3.0,33213.0,202837.0,82213.0,208898.0,91546.0
2026-04-14 18:03:49.893751,714558,1609507323495790,4923465370,-1.237568,-0.046848,-0.16592,-91.37625,-41.2825,7.56875,24.352001,-23.192001,-6.984,none,8,3.0,33213.0,202837.0,82213.0,208898.0,91546.0
2026-04-14 18:03:49.896111,714559,1609507323504724,4923474269,-1.13216,-0.1464,-0.154208,-93.73875,-44.42375,9.205,24.264002,-23.52,-6.128,none,8,3.0,33213.0,202837.0,82213.0,208898.0,91546.0
2026-04-14 18:03:49.923306,714570,1609507323519264,4923489220,-1.155584,0.046848,-0.128832,-94.255,-47.38125,12.15375,24.264002,-23.696001,-7.304,none,8,3.0,33613.0,203956.0,82919.0,209964.0,92498.0
2026-04-14 18:03:49.925631,714571,1609507323528243,4923497926,-1.155584,0.046848,-0.128832,-94.01,-43.855,11.3925,23.960001,-23.696001,-7.304,none,8,3.0,33613.0,203956.0,82919.0,209964.0,92498.0
2026-04-14 18:03:49.928709,714572,1609507323537164,4923506616,-1.155584,0.046848,-0.128832,-97.41375,-40.005,4.99625,23.960001,-23.696001,-7.304,none,8,3.0,33613.0,203956.0,82919.0,209964.0,92498.0
2026-04-14 18:03:49.932410,714573,1609507323551940,4923521562,-1.212192,-0.163968,-0.171776,-102.97,-41.30875,7.11375,23.392,-23.496,-2.088,none,8,3.0,33613.0,203956.0,82919.0,209964.0,92498.0
2026-04-14 18:03:49.933063,714574,1609507323560987,4923530322,-1.206336,-0.208864,-0.242048,-107.70375,-44.68625,9.77375,23.192001,-23.912,-3.672,none,8,3.0,33613.0,203956.0,82919.0,209964.0,92498.0
2026-04-14 18:03:49.938217,714575,1609507323575527,4923545299,-1.206336,-0.208864,-0.242048,-111.23,-47.95875,15.1025,23.192001,-23.912,-3.672,none,8,3.0,33613.0,203956.0,82919.0,209964.0,92498.0
2026-04-14 18:03:49.940498,714576,1609507323584499,4923554018,-1.19072,-0.160064,-0.130784,-111.37875,-47.39875,18.9525,23.128,-24.664001,-1.232,none,8,3.0,33613.0,203956.0,82919.0,209964.0,92498.0
2026-04-14 18:03:49.954736,714577,1609507323599048,4923568912,-1.19072,-0.160064,-0.099552,-107.63375,-48.6675,22.61875,23.128,-24.664001,-1.232,none,8,3.0,33613.0,203956.0,82919.0,209964.0,92498.0
2026-04-14 18:03:49.991140,714588,1609507323607976,4923577605,-1.165344,-0.199104,-0.095648,-104.3175,-50.60125,29.05,23.696001,-25.128,-1.24,none,8,3.0,39513.0,225003.0,92625.0,225068.0,103713.0
2026-04-14 18:03:49.993643,714589,1609507323617434,4923586337,-1.165344,-0.199104,-0.095648,-100.8875,-52.57,38.77125,23.696001,-25.128,-1.24,none,8,3.0,39513.0,225003.0,92625.0,225068.0,103713.0
2026-04-14 18:03:49.996128,714590,1609507323632078,4923601237,-1.169248,-0.21472,-0.255712,-95.34875,-53.7075,46.10375,22.36,-25.320002,2.192,none,8,3.0,39513.0,225003.0,92625.0,225068.0,103713.0
2026-04-14 18:03:49.998644,714591,1609507323641070,4923609986,-1.08336,-0.16592,-0.013664,-86.7475,-53.13,50.54875,21.808,-25.552002,2.712,none,8,3.0,39513.0,225003.0,92625.0,225068.0,103713.0
2026-04-14 18:03:50.011122,714592,1609507323655600,4923624994,-1.08336,-0.16592,-0.013664,-76.51,-50.75,53.576252,21.808,-25.552002,2.712,none,8,3.0,39513.0,225003.0,92625.0,225068.0,103713.0
2026-04-14 18:03:50.019841,714593,1609507323664532,4923633696,-1.216096,-0.124928,-0.158112,-62.93,-48.46625,55.615,21.984001,-26.608002,1.576,none,8,3.0,39513.0,225003.0,92625.0,225068.0,103713.0
2026-04-14 18:03:50.031007,714594,1609507323673528,4923642397,-1.216096,-0.124928,-0.158112,-47.81875,-45.255,58.170002,21.984001,-26.608002,1.576,none,8,3.0,39513.0,225003.0,92625.0,225068.0,103713.0
2026-04-14 18:03:50.043130,714595,1609507323688011,4923657256,-1.145824,-0.027328,-0.191296,-41.86,-41.8075,62.09,20.12,-26.568,4.024,none,8,3.0,39513.0,225003.0,92625.0,225068.0,103713.0
2026-04-14 18:03:50.055830,714596,1609507323696993,4923665942,-1.145824,-0.027328,-0.191296,-45.29,-39.7775,61.74875,20.12,-26.568,4.024,none,8,3.0,39513.0,225003.0,92625.0,225068.0,103713.0
2026-04-14 18:03:50.088042,714607,1609507323712031,4923680953,-1.138016,-0.003904,0.046848,-45.5875,-38.0625,59.57,20.288,-27.28,4.136,none,8,3.0,36308.0,212595.0,87531.0,217012.0,97802.0
2026-04-14 18:03:50.090469,714608,1609507323721002,4923689811,-1.100928,0.0,0.124928,-42.875,-33.7575,57.33,19.52,-27.616001,3.8,none,8,3.0,36308.0,212595.0,87531.0,217012.0,97802.0
2026-04-14 18:03:50.092993,714609,1609507323730567,4923700591,-1.100928,0.0,0.124928,-41.965,-27.65,55.107502,19.52,-27.616001,3.8,none,8,3.0,36308.0,212595.0,87531.0,217012.0,97802.0
2026-04-14 18:03:50.100731,714610,1609507323745086,4923713459,-0.981856,0.081984,0.105408,-42.77875,-21.4725,50.96,18.848001,-27.984001,4.704,none,8,3.0,36308.0,212595.0,87531.0,217012.0,97802.0
2026-04-14 18:03:50.112001,714611,1609507323754282,4923724253,-0.981856,0.081984,0.105408,-56.14,-15.70625,46.52375,18.848001,-27.984001,4.704,none,8,3.0,36308.0,212595.0,87531.0,217012.0,97802.0
2026-04-14 18:03:50.124406,714612,1609507323768844,4923739198,-1.153632,0.027328,0.031232,-72.26625,-11.480001,42.13125,18.752,-28.12,5.248,none,8,3.0,36308.0,212595.0,87531.0,217012.0,97802.0
2026-04-14 18:03:50.134385,714613,1609507323777773,4923747875,-1.153632,0.027328,0.031232,-85.015,-8.51375,36.7675,18.752,-28.12,5.248,none,8,3.0,36308.0,212595.0,87531.0,217012.0,97802.0
2026-04-14 18:03:50.143113,714614,1609507323786703,4923756574,-1.16144,-0.013664,0.1464,-85.18125,-5.845,33.92375,17.744001,-28.024002,6.072001,none,8,3.0,36308.0,212595.0,87531.0,217012.0,97802.0
2026-04-14 18:03:50.163310,714615,1609507323801269,4923771615,-1.1712,0.013664,0.0,-77.69125,-2.065,33.85375,17.816,-27.800001,8.224,none,8,3.0,36308.0,212595.0,87531.0,217012.0,97802.0
2026-04-14 18:03:50.234386,714626,1609507323810558,4923780339,-1.1712,0.013664,0.0,-71.82,1.54875,32.61125,17.816,-27.800001,8.224,none,8,3.0,35449.0,211861.0,86011.0,216506.0,96514.0
2026-04-14 18:03:50.236301,714627,1609507323825301,4923795466,-1.08336,0.021472,0.105408,-70.4725,3.70125,30.1875,16.640001,-27.728,8.52,none,8,3.0,35449.0,211861.0,86011.0,216506.0,96514.0
2026-04-14 18:03:50.240019,714628,1609507323834372,4923804164,-1.08336,0.021472,0.105408,-70.9275,5.565,27.72875,16.640001,-27.728,8.52,none,8,3.0,35449.0,211861.0,86011.0,216506.0,96514.0
2026-04-14 18:03:50.240493,714629,1609507323843306,4923812852,-1.081408,0.040992,0.277184,-72.52,8.42625,26.99375,16.336,-27.352001,9.400001,none,8,3.0,35449.0,211861.0,86011.0,216506.0,96514.0
2026-04-14 18:03:50.242997,714630,1609507323857761,4923827752,-1.081408,0.040992,0.277184,-75.285,9.730001,27.615,16.336,-27.352001,9.400001,none,8,3.0,35449.0,211861.0,86011.0,216506.0,96514.0
2026-04-14 18:03:50.245741,714631,1609507323866686,4923836502,-0.93696,-0.089792,0.199104,-81.2525,11.61125,30.75625,15.848001,-27.728,10.376,none,8,3.0,35449.0,211861.0,86011.0,216506.0,96514.0
2026-04-14 18:03:50.248269,714632,1609507323881228,4923851487,-0.93696,-0.105408,0.208864,-89.15375,14.1925,35.420002,15.848001,-27.728,10.376,none,8,3.0,35449.0,211861.0,86011.0,216506.0,96514.0
2026-04-14 18:03:50.250674,714633,1609507323890231,4923860231,-0.93696,-0.103456,0.208864,-93.21375,16.8525,40.34625,15.432001,-27.312002,11.168,none,8,3.0,35449.0,211861.0,86011.0,216506.0,96514.0
2026-04-14 18:03:50.259411,714634,1609507323904748,4923873109,-0.933056,-0.07808,0.152256,-91.9275,20.39625,45.71,14.696001,-26.704,12.480001,none,8,3.0,35449.0,211861.0,86011.0,216506.0,96514.0
2026-04-14 18:03:50.294728,714645,1609507323914208,4923883911,-0.933056,-0.07808,0.152256,-86.51125,24.053751,52.21125,14.696001,-26.704,12.480001,none,8,3.0,38082.0,212998.0,90336.0,214894.0,101862.0
2026-04-14 18:03:50.297367,714646,1609507323923289,4923892715,-0.8784,-0.054656,0.091744,-82.2675,27.0375,57.82,15.384001,-27.416,11.528001,none,8,3.0,38082.0,212998.0,90336.0,214894.0,101862.0
2026-04-14 18:03:50.299874,714647,1609507323937817,4923907634,-0.8784,-0.054656,0.091744,-80.08875,29.75875,62.72,15.384001,-27.416,11.528001,none,8,3.0,38082.0,212998.0,90336.0,214894.0,101862.0
2026-04-14 18:03:50.304128,714648,1609507323946806,4923916429,-0.977952,0.050752,0.193248,-76.72,31.42125,65.9575,14.848001,-27.096,11.808001,none,8,3.0,38082.0,212998.0,90336.0,214894.0,101862.0
2026-04-14 18:03:50.318627,714649,1609507323961346,4923931327,-0.977952,0.050752,0.193248,-76.02,30.345,66.01875,14.848001,-27.096,11.808001,none,8,3.0,38082.0,212998.0,90336.0,214894.0,101862.0
2026-04-14 18:03:50.327003,714650,1609507323970340,4923940109,-1.020896,0.244,0.177632,-93.94,34.44,58.87,14.656001,-26.968,12.056001,none,8,3.0,38082.0,212998.0,90336.0,214894.0,101862.0
2026-04-14 18:03:50.337381,714651,1609507323979280,4923948808,-1.020896,0.244,0.177632,-115.03625,37.03875,48.6675,14.656001,-26.968,12.056001,none,8,3.0,38082.0,212998.0,90336.0,214894.0,101862.0
2026-04-14 18:03:50.349572,714652,1609507323993792,4923963737,-1.120448,-0.035136,0.152256,-130.97,31.2025,50.0675,14.224001,-26.400002,14.112,none,8,3.0,38082.0,212998.0,90336.0,214894.0,101862.0
2026-04-14 18:03:50.359492,714653,1609507324002818,4923972458,-1.042368,-0.20496,0.001952,-146.69376,24.955,55.01125,13.352,-25.720001,17.304,none,8,3.0,38082.0,212998.0,90336.0,214894.0,101862.0
2026-04-14 18:03:50.393266,714664,1609507324017353,4923987575,-1.042368,-0.20496,0.001952,-140.90125,19.46875,57.33,13.352,-25.720001,17.304,none,8,3.0,43782.0,225287.0,98926.0,223384.0,111645.0
2026-04-14 18:03:50.395745,714665,1609507324026315,4923996379,-1.001376,-0.32208,0.212768,-123.0075,21.18375,59.263752,12.424001,-25.528002,15.920001,none,8,3.0,43782.0,225287.0,98926.0,223384.0,111645.0
2026-04-14 18:03:50.398328,714666,1609507324035489,4924005174,-1.001376,-0.32208,0.212768,-74.2875,29.067501,64.3825,12.424001,-25.528002,15.920001,none,8,3.0,43782.0,225287.0,98926.0,223384.0,111645.0
2026-04-14 18:03:50.405947,714667,1609507324050149,4924020142,-1.126304,0.042944,0.021472,-60.3925,39.71625,70.83125,12.448001,-25.664001,15.784,none,8,3.0,43782.0,225287.0,98926.0,223384.0,111645.0
2026-04-14 18:03:50.418319,714668,1609507324059089,4924028831,-1.126304,0.042944,0.021472,-59.9375,43.67125,72.345,12.448001,-25.664001,15.784,none,8,3.0,43782.0,225287.0,98926.0,223384.0,111645.0
2026-04-14 18:03:50.430688,714669,1609507324073686,4924043735,-1.028704,0.027328,0.031232,-80.38625,39.73375,67.61125,12.336,-25.144001,16.528,none,8,3.0,43782.0,225287.0,98926.0,223384.0,111645.0
2026-04-14 18:03:50.440738,714670,1609507324082862,4924052454,-1.028704,-0.025376,0.154208,-98.56875,34.23,69.7025,12.336,-25.144001,16.528,none,8,3.0,43782.0,225287.0,98926.0,223384.0,111645.0
2026-04-14 18:03:50.448307,714671,1609507324091947,4924061199,-0.972096,-0.025376,0.154208,-111.3175,34.1775,71.04125,12.176001,-24.808,17.048,none,8,3.0,43782.0,225287.0,98926.0,223384.0,111645.0
2026-04-14 18:03:50.463311,714672,1609507324106497,4924076077,-0.999424,-0.037088,0.042944,-115.05375,34.60625,69.88625,12.008,-24.112001,18.376001,none,8,3.0,43782.0,225287.0,98926.0,223384.0,111645.0
2026-04-14 18:03:50.518196,714683,1609507324115649,4924084784,-0.999424,-0.037088,0.042944,-115.78,34.545002,70.13125,12.008,-24.112001,18.376001,none,8,3.0,39841.0,214160.0,93572.0,215881.0,105525.0
2026-04-14 18:03:50.520684,714684,1609507324130197,4924099788,-1.001376,0.023424,-0.021472,-118.685,34.08125,72.3275,11.512,-23.28,19.072,none,8,3.0,39841.0,214160.0,93572.0,215881.0,105525.0
2026-04-14 18:03:50.523150,714685,1609507324139118,4924108508,-1.001376,0.023424,-0.021472,-123.15625,34.71125,71.30375,11.512,-23.28,19.072,none,8,3.0,39841.0,214160.0,93572.0,215881.0,105525.0
2026-04-14 18:03:50.525507,714686,1609507324153774,4924123408,-1.009184,0.013664,-0.054656,-121.5375,34.3525,69.8775,11.328,-22.816002,19.808,none,8,3.0,39841.0,214160.0,93572.0,215881.0,105525.0
2026-04-14 18:03:50.528208,714687,1609507324162871,4924132111,-1.009184,0.013664,-0.054656,-120.645004,36.40875,66.73625,11.328,-22.816002,19.808,none,8,3.0,39841.0,214160.0,93572.0,215881.0,105525.0
2026-04-14 18:03:50.530716,714688,1609507324171821,4924140802,-1.003328,0.099552,0.193248,-113.37375,33.43375,63.62125,11.432,-22.36,21.168001,none,8,3.0,39841.0,214160.0,93572.0,215881.0,105525.0
2026-04-14 18:03:50.543242,714689,1609507324186431,4924155692,-0.979904,0.113216,0.142496,-126.21,31.911251,62.64125,11.304001,-20.704,22.968,none,8,3.0,39841.0,214160.0,93572.0,215881.0,105525.0
2026-04-14 18:03:50.572085,714690,1609507324195384,4924164392,-0.979904,0.113216,0.142496,-137.83875,27.06375,61.215,11.304001,-20.704,22.968,none,8,3.0,39841.0,214160.0,93572.0,215881.0,105525.0
2026-04-14 18:03:50.577062,714691,1609507324209877,4924179311,-1.056032,-0.005856,-0.021472,-144.15625,21.4375,59.50875,9.808001,-19.448002,23.168001,none,8,3.0,39841.0,214160.0,93572.0,215881.0,105525.0
2026-04-14 18:03:50.624992,714702,1609507324218869,4924188040,-1.056032,-0.005856,-0.021472,-144.795,18.34,60.64625,9.808001,-19.448002,23.168001,none,8,3.0,54046.0,243132.0,115360.0,240265.0,128790.0
2026-04-14 18:03:50.632379,714703,1609507324227819,4924196741,-1.1224,0.0488,0.007808,-152.6875,16.625,63.53375,9.864,-18.416,23.552002,none,8,3.0,54046.0,243132.0,115360.0,240265.0,128790.0
2026-04-14 18:03:50.634868,714704,1609507324242432,4924211706,-1.1224,0.0488,0.007808,-152.03125,15.75875,65.905,9.864,-18.416,23.552002,none,8,3.0,54046.0,243132.0,115360.0,240265.0,128790.0
2026-04-14 18:03:50.637250,714705,1609507324251388,4924220424,-1.061888,-0.017568,0.193248,-141.21625,13.658751,67.01625,10.280001,-17.296001,25.160002,none,8,3.0,54046.0,243132.0,115360.0,240265.0,128790.0
2026-04-14 18:03:50.639888,714706,1609507324265953,4924235323,-1.175104,0.162016,-0.046848,-126.51625,18.47125,68.9325,9.976001,-16.496,24.808,none,8,3.0,54046.0,243132.0,115360.0,240265.0,128790.0
2026-04-14 18:03:50.641910,714707,1609507324274910,4924244019,-1.175104,0.162016,-0.046848,-112.595,23.56375,74.655,9.976001,-16.496,24.808,none,8,3.0,54046.0,243132.0,115360.0,240265.0,128790.0
2026-04-14 18:03:50.644371,714708,1609507324289392,4924258962,-1.11264,0.247904,0.17568,-106.8725,23.35375,82.1275,10.016001,-15.288001,25.704,none,8,3.0,54046.0,243132.0,115360.0,240265.0,128790.0
2026-04-14 18:03:50.653626,714709,1609507324298334,4924267698,-1.11264,0.247904,0.17568,-107.3275,22.12875,87.2725,10.016001,-15.288001,25.704,none,8,3.0,54046.0,243132.0,115360.0,240265.0,128790.0
2026-04-14 18:03:50.663655,714710,1609507324307290,4924276379,-1.184864,0.255712,-0.070272,-110.0575,21.7,90.71125,7.944,-14.024001,27.744001,none,8,3.0,54046.0,243132.0,115360.0,240265.0,128790.0
2026-04-14 18:03:50.694251,714721,1609507324321925,4924291536,-1.184864,0.255712,-0.070272,-110.88875,21.72625,89.4775,7.944,-14.024001,27.744001,none,8,3.0,89924.0,265944.0,163378.0,259301.0,178305.0
2026-04-14 18:03:50.698366,714722,1609507324330934,4924300271,-1.13216,0.368928,0.144448,-109.1825,21.647501,91.65625,9.304001,-13.792001,26.144001,none,8,3.0,89924.0,265944.0,163378.0,259301.0,178305.0
2026-04-14 18:03:50.701834,714723,1609507324345658,4924315248,-1.104832,0.36112,0.064416,-107.51125,22.82875,90.65,9.208,-12.68,25.320002,none,8,3.0,89924.0,265944.0,163378.0,259301.0,178305.0
2026-04-14 18:03:50.710970,714724,1609507324354772,4924323959,-1.104832,0.36112,0.064416,-105.76125,22.75,89.25875,9.208,-12.68,25.320002,none,8,3.0,89924.0,265944.0,163378.0,259301.0,178305.0
2026-04-14 18:03:50.719239,714725,1609507324363826,4924332688,-1.104832,0.36112,0.064416,-95.17375,20.8775,89.9675,9.208,-12.68,25.320002,none,8,3.0,89924.0,265944.0,163378.0,259301.0,178305.0
2026-04-14 18:03:50.733519,714726,1609507324378318,4924347598,-1.294176,0.445056,0.121024,-90.67625,24.6225,85.98625,9.064,-12.120001,30.224,none,8,3.0,89924.0,265944.0,163378.0,259301.0,178305.0
2026-04-14 18:03:50.743313,714727,1609507324387222,4924356325,-1.186816,0.413824,0.072224,-90.72875,27.76375,79.5025,8.392,-11.080001,28.672,none,8,3.0,89924.0,265944.0,163378.0,259301.0,178305.0
2026-04-14 18:03:50.758744,714728,1609507324401724,4924371262,-1.186816,0.413824,0.072224,-85.67125,31.1325,74.6725,8.392,-11.080001,28.672,none,8,3.0,89924.0,265944.0,163378.0,259301.0,178305.0
2026-04-14 18:03:50.767329,714729,1609507324410675,4924379973,-1.301984,0.525088,0.062464,-82.075,33.845,70.95375,8.464001,-10.56,27.704,none,8,3.0,89924.0,265944.0,163378.0,259301.0,178305.0
2026-04-14 18:03:50.797179,714740,1609507324425301,4924395026,-1.237568,0.532896,0.230336,-72.8,36.365,66.78,8.464001,-10.008,28.384,none,8,3.0,116291.0,281111.0,195430.0,270422.0,211162.0
2026-04-14 18:03:50.799231,714741,1609507324434350,4924403810,-1.237568,0.532896,0.230336,-63.0175,39.2175,60.4625,8.648001,-10.008,28.384,none,8,3.0,116291.0,281111.0,195430.0,270422.0,211162.0
2026-04-14 18:03:50.801746,714742,1609507324443363,4924412548,-1.237568,0.532896,0.230336,-53.8125,41.09875,54.20625,8.648001,-10.008,28.384,none,8,3.0,116291.0,281111.0,195430.0,270422.0,211162.0
2026-04-14 18:03:50.813226,714743,1609507324457891,4924427461,-1.272704,0.52704,0.033184,-51.77375,41.23875,48.0375,8.896001,-9.016001,30.04,none,8,3.0,116291.0,281111.0,195430.0,270422.0,211162.0
2026-04-14 18:03:50.823565,714744,1609507324466829,4924436161,-1.284416,0.482144,0.093696,-56.0175,39.50625,43.39125,10.240001,-9.008,30.096,none,8,3.0,116291.0,281111.0,195430.0,270422.0,211162.0
2026-04-14 18:03:50.838711,714745,1609507324481311,4924451076,-1.284416,0.482144,0.093696,-57.86375,35.62125,38.75375,10.240001,-9.008,30.096,none,8,3.0,116291.0,281111.0,195430.0,270422.0,211162.0
2026-04-14 18:03:50.845609,714746,1609507324490358,4924459805,-1.136064,0.329888,-0.003904,-53.795002,32.357502,36.925,9.512,-8.224,28.400002,none,8,3.0,116291.0,281111.0,195430.0,270422.0,211162.0
2026-04-14 18:03:50.861147,714747,1609507324504998,4924474731,-1.136064,0.329888,-0.003904,-43.58375,29.61,36.732502,9.512,-8.224,28.400002,none,8,3.0,116291.0,281111.0,195430.0,270422.0,211162.0
2026-04-14 18:03:50.893176,714758,1609507324514522,4924483451,-1.147776,0.50752,-0.083936,-34.09875,26.775,38.3425,10.536,-8.168,29.448002,none,8,3.0,119230.0,282570.0,198380.0,271405.0,214540.0
2026-04-14 18:03:50.895973,714759,1609507324523578,4924492287,-1.147776,0.50752,-0.083936,-35.175,25.13,37.0125,10.536,-8.168,29.448002,none,8,3.0,119230.0,282570.0,198380.0,271405.0,214540.0
2026-04-14 18:03:50.898508,714760,1609507324538725,4924507233,-1.065792,0.45872,0.03904,-42.00875,21.7,33.25,10.704,-7.712,28.184002,none,8,3.0,119230.0,282570.0,198380.0,271405.0,214540.0
2026-04-14 18:03:50.906754,714761,1609507324548154,4924518108,-1.04432,0.355264,0.081984,-48.79,17.9025,31.78,10.568001,-6.968,28.192001,none,8,3.0,119230.0,282570.0,198380.0,271405.0,214540.0
2026-04-14 18:03:50.914636,714762,1609507324557214,4924526783,-1.04432,0.355264,0.081984,-49.07,15.89,32.8125,10.568001,-6.968,28.192001,none,8,3.0,119230.0,282570.0,198380.0,271405.0,214540.0
2026-04-14 18:03:50.943314,714763,1609507324571744,4924541703,-1.038464,0.296704,0.054656,-42.13125,15.26,33.775,10.192,-6.920001,28.768002,none,8,3.0,119230.0,282570.0,198380.0,271405.0,214540.0
2026-04-14 18:03:50.946117,714764,1609507324580684,4924550380,-1.038464,0.296704,0.054656,-27.65875,15.47,34.81625,10.192,-6.920001,28.768002,none,8,3.0,119230.0,282570.0,198380.0,271405.0,214540.0
2026-04-14 18:03:50.972180,714765,1609507324595338,4924565263,-1.026752,0.421632,-0.015616,-13.25625,16.835001,38.5525,10.200001,-6.704001,28.696001,none,8,3.0,119230.0,282570.0,198380.0,271405.0,214540.0
2026-04-14 18:03:50.972559,714766,1609507324604471,4924574098,-1.026752,0.421632,-0.015616,-4.2525,17.2025,41.09875,10.200001,-6.704001,28.696001,none,8,3.0,119230.0,282570.0,198380.0,271405.0,214540.0
2026-04-14 18:03:51.002338,714778,1609507324613404,4924582761,-1.009184,0.427488,-0.05856,-2.5375,14.5075,39.445,11.040001,-6.832,27.36,none,8,3.0,96459.0,266185.0,169531.0,257414.0,184871.0
2026-04-14 18:03:51.007351,714779,1609507324629196,4924597705,-0.970144,0.38064,-0.031232,-4.2175,10.4125,38.701252,10.688001,-7.08,27.720001,none,8,3.0,96459.0,266185.0,169531.0,257414.0,184871.0
2026-04-14 18:03:51.009480,714780,1609507324638549,4924608503,-0.970144,0.38064,-0.031232,-5.25875,6.125,39.138752,10.688001,-7.08,27.720001,none,8,3.0,96459.0,266185.0,169531.0,257414.0,184871.0
2026-04-14 18:03:51.011904,714781,1609507324647504,4924617223,-0.843264,0.30256,0.1952,-2.2225,1.6275,40.08375,10.464001,-7.176,27.488,none,8,3.0,96459.0,266185.0,169531.0,257414.0,184871.0
2026-04-14 18:03:51.018196,714782,1609507324662105,4924632244,-0.843264,0.30256,0.1952,7.105,-0.28,40.76625,10.464001,-7.176,27.488,none,8,3.0,96459.0,266185.0,169531.0,257414.0,184871.0
2026-04-14 18:03:51.027369,714783,1609507324671041,4924640941,-0.862784,0.355264,-0.00976,21.39375,-2.17875,41.7025,10.728001,-7.896,27.592001,none,8,3.0,96459.0,266185.0,169531.0,257414.0,184871.0
2026-04-14 18:03:51.043285,714784,1609507324685665,4924655811,-0.862784,0.355264,-0.00976,32.5325,-2.35375,42.8925,10.728001,-7.896,27.592001,none,8,3.0,96459.0,266185.0,169531.0,257414.0,184871.0
2026-04-14 18:03:51.051110,714785,1609507324694776,4924664491,-0.843264,0.62464,-0.013664,35.32375,-2.9225,42.4025,10.264001,-7.912,29.368002,none,8,3.0,96459.0,266185.0,169531.0,257414.0,184871.0
2026-04-14 18:03:51.059466,714786,1609507324703792,4924673198,-0.843264,0.62464,-0.013664,28.72625,-7.28,35.70875,10.264001,-7.912,29.368002,none,8,3.0,96459.0,266185.0,169531.0,257414.0,184871.0
2026-04-14 18:03:51.094693,714797,1609507324718505,4924688209,-0.774944,0.769088,0.089792,16.5025,-20.09875,21.93625,9.648001,-8.272,27.808,none,8,3.0,36304.0,203697.0,87791.0,203922.0,99029.0
2026-04-14 18:03:51.097235,714798,1609507324727581,4924696914,-0.776896,0.59536,0.154208,14.60375,-37.3275,8.6625,9.080001,-8.552,27.816002,none,8,3.0,36304.0,203697.0,87791.0,203922.0,99029.0
2026-04-14 18:03:51.099822,714799,1609507324742106,4924711886,-0.776896,0.59536,0.154208,22.9425,-48.01125,15.47,9.080001,-8.552,27.816002,none,8,3.0,36304.0,203697.0,87791.0,203922.0,99029.0
2026-04-14 18:03:51.107371,714800,1609507324751053,4924720587,-0.767136,0.583648,-0.13664,14.90125,-33.06625,15.3825,8.176001,-8.864,28.472002,none,8,3.0,36304.0,203697.0,87791.0,203922.0,99029.0
2026-04-14 18:03:51.117302,714801,1609507324760012,4924729259,-0.767136,0.583648,-0.13664,5.3025,-30.79125,12.1275,8.176001,-8.864,28.472002,none,8,3.0,36304.0,203697.0,87791.0,203922.0,99029.0
2026-04-14 18:03:51.147345,714802,1609507324774481,4924744208,-0.804224,0.759328,-0.070272,-5.705,-26.635,18.47125,7.672,-7.856,28.616001,none,8,3.0,36304.0,203697.0,87791.0,203922.0,99029.0
2026-04-14 18:03:51.149862,714803,1609507324783496,4924752944,-0.804224,0.759328,-0.070272,-16.835001,-18.165,23.0825,7.672,-7.856,28.616001,none,8,3.0,36304.0,203697.0,87791.0,203922.0,99029.0
2026-04-14 18:03:51.159724,714804,1609507324797971,4924767844,-0.772992,0.456768,0.07808,-22.3475,-15.015,20.58875,7.24,-7.976,28.752,none,8,3.0,36304.0,203697.0,87791.0,203922.0,99029.0
2026-04-14 18:03:51.163073,714805,1609507324807127,4924776563,-0.772992,0.456768,0.281088,-19.7575,-15.855001,15.75,7.24,-7.976,28.752,none,8,3.0,36304.0,203697.0,87791.0,203922.0,99029.0
2026-04-14 18:03:51.194810,714816,1609507324821744,4924791981,-0.735904,0.27328,0.290848,-3.59625,-12.11,16.065,7.72,-8.56,26.856,none,8,3.0,40904.0,205424.0,94172.0,205107.0,106278.0
2026-04-14 18:03:51.196904,714817,1609507324830668,4924800719,-0.65392,0.40016,0.080032,16.70375,-8.60125,20.16875,7.008,-8.504001,29.576002,none,8,3.0,40904.0,205424.0,94172.0,205107.0,106278.0
2026-04-14 18:03:51.199783,714818,1609507324839619,4924809415,-0.65392,0.40016,0.080032,32.61125,-8.9425,21.1925,7.008,-8.504001,29.576002,none,8,3.0,40904.0,205424.0,94172.0,205107.0,106278.0
2026-04-14 18:03:51.209495,714819,1609507324854138,4924824379,-0.696864,0.64416,-0.021472,30.598751,-13.658751,16.24875,6.032,-8.424001,29.640001,none,8,3.0,40904.0,205424.0,94172.0,205107.0,106278.0
2026-04-14 18:03:51.221128,714820,1609507324863101,4924833097,-0.696864,0.64416,-0.021472,13.5625,-26.6175,19.678751,6.032,-8.424001,29.640001,none,8,3.0,40904.0,205424.0,94172.0,205107.0,106278.0
2026-04-14 18:03:51.232337,714821,1609507324877608,4924845968,-0.591456,0.519232,0.12688,-5.8625,-33.3025,15.49625,5.744,-8.968,27.960001,none,8,3.0,40904.0,205424.0,94172.0,205107.0,106278.0
2026-04-14 18:03:51.243833,714822,1609507324886827,4924856731,-0.591456,0.519232,0.12688,-18.62875,-50.74125,14.02625,5.744,-8.968,27.960001,none,8,3.0,40904.0,205424.0,94172.0,205107.0,106278.0
2026-04-14 18:03:51.253834,714823,1609507324895827,4924865389,-0.470432,0.505568,-0.11712,-23.9575,-60.06,12.285,5.832,-8.544001,28.2,none,8,3.0,40904.0,205424.0,94172.0,205107.0,106278.0
2026-04-14 18:03:51.265947,714824,1609507324910314,4924880312,-0.437248,0.525088,0.0976,-22.085001,-64.19,9.80875,5.504,-8.584001,27.984001,none,8,3.0,40904.0,205424.0,94172.0,205107.0,106278.0
2026-04-14 18:03:51.369814,714835,1609507324919497,4924889071,-0.437248,0.525088,0.0976,-2.485,-67.50625,5.145,5.504,-8.584001,27.984001,none,8,3.0,63438.0,215973.0,123109.0,212883.0,136396.0
2026-04-14 18:03:51.372337,714836,1609507324934054,4924904084,-0.67344,0.638304,-0.054656,21.875,-54.81,-5.0225,3.904,-9.424001,29.04,none,8,3.0,63438.0,215973.0,123109.0,212883.0,136396.0
2026-04-14 18:03:51.374845,714837,1609507324943002,4924912768,-0.67344,0.638304,-0.054656,48.8775,-46.1125,-12.81875,3.904,-9.424001,29.04,none,8,3.0,63438.0,215973.0,123109.0,212883.0,136396.0
2026-04-14 18:03:51.377335,714838,1609507324957616,4924927676,-0.720288,0.757376,0.203008,57.88125,-45.10625,-21.2975,3.4,-9.392,29.024002,none,8,3.0,63438.0,215973.0,123109.0,212883.0,136396.0
2026-04-14 18:03:51.380128,714839,1609507324966557,4924936358,-0.720288,0.757376,0.203008,45.33375,-50.33,-32.83,3.4,-9.392,29.024002,none,8,3.0,63438.0,215973.0,123109.0,212883.0,136396.0
2026-04-14 18:03:51.382352,714840,1609507324975493,4924945028,-0.66368,0.577792,0.32208,29.11125,-56.0,-37.345,2.832,-10.016001,27.480001,none,8,3.0,63438.0,215973.0,123109.0,212883.0,136396.0
2026-04-14 18:03:51.384872,714841,1609507324990032,4924960038,-0.728096,0.431392,0.251808,20.125,-50.72375,-42.07,3.472,-10.280001,27.720001,none,8,3.0,63438.0,215973.0,123109.0,212883.0,136396.0
2026-04-14 18:03:51.387366,714842,1609507324998945,4924968745,-0.728096,0.431392,0.251808,15.96875,-40.20625,-47.775,3.472,-10.280001,27.720001,none,8,3.0,63438.0,215973.0,123109.0,212883.0,136396.0
2026-04-14 18:03:51.389879,714843,1609507325013434,4924983639,-0.720288,0.523136,0.259616,21.07875,-25.29625,-50.93375,3.688,-10.616,27.776001,none,8,3.0,63438.0,215973.0,123109.0,212883.0,136396.0
2026-04-14 18:03:51.416969,714854,1609507325022539,4924992378,-0.720288,0.523136,0.259616,24.5525,-9.49375,-51.93125,3.688,-10.616,27.776001,none,8,3.0,42274.0,202630.0,96537.0,203868.0,107962.0
2026-04-14 18:03:51.419274,714855,1609507325031582,4925001118,-0.890112,0.333792,0.080032,17.94625,4.3925,-56.98875,4.28,-10.592001,27.656002,none,8,3.0,42274.0,202630.0,96537.0,203868.0,107962.0
2026-04-14 18:03:51.421928,714856,1609507325046366,4925016214,-0.890112,0.333792,0.080032,27.8425,19.845,-68.31125,4.28,-10.592001,27.656002,none,8,3.0,42274.0,202630.0,96537.0,203868.0,107962.0
2026-04-14 18:03:51.427352,714857,1609507325055414,4925024939,-0.997472,0.437248,0.113216,38.482502,39.4975,-76.7725,5.176,-11.032001,27.376001,none,8,3.0,42274.0,202630.0,96537.0,203868.0,107962.0
2026-04-14 18:03:51.429832,714858,1609507325069976,4925039965,-1.087264,0.505568,0.150304,41.7025,57.12,-75.5825,6.504,-11.280001,28.248001,none,8,3.0,42274.0,202630.0,96537.0,203868.0,107962.0
2026-04-14 18:03:51.435467,714859,1609507325078916,4925048748,-1.087264,0.505568,0.150304,41.0025,65.8525,-82.0925,6.504,-11.280001,28.248001,none,8,3.0,42274.0,202630.0,96537.0,203868.0,107962.0
2026-04-14 18:03:51.450972,714860,1609507325093453,4925063682,-1.095072,0.484096,0.003904,42.875,73.6925,-96.69625,7.696001,-11.400001,26.984001,none,8,3.0,42274.0,202630.0,96537.0,203868.0,107962.0
2026-04-14 18:03:51.459328,714861,1609507325102374,4925072448,-1.095072,0.484096,0.003904,36.085,76.69375,-108.6225,7.696001,-11.400001,26.984001,none,8,3.0,42274.0,202630.0,96537.0,203868.0,107962.0
2026-04-14 18:03:51.468289,714862,1609507325111325,4925081144,-1.013088,0.505568,0.228384,23.45875,78.7675,-116.9875,9.232,-11.248,26.072,none,8,3.0,42274.0,202630.0,96537.0,203868.0,107962.0
2026-04-14 18:03:51.496797,714873,1609507325125963,4925096194,-1.013088,0.505568,0.228384,6.27375,84.86625,-123.2,9.232,-11.248,26.072,none,8,3.0,34405.0,200621.0,84221.0,203468.0,94191.0
2026-04-14 18:03:51.499874,714874,1609507325135005,4925104924,-1.159488,0.335744,0.044896,-6.685,94.815,-126.76125,10.992001,-10.152,27.080002,none,8,3.0,34405.0,200621.0,84221.0,203468.0,94191.0
2026-04-14 18:03:51.507364,714875,1609507325149737,4925119879,-1.159488,0.216672,-0.148352,-9.28375,102.558754,-130.38374,10.992001,-10.152,25.032001,none,8,3.0,34405.0,200621.0,84221.0,203468.0,94191.0
2026-04-14 18:03:51.517393,714876,1609507325158670,4925128684,-1.321504,0.216672,-0.148352,2.1175,109.305,-130.7075,12.408001,-9.624001,26.36,none,8,3.0,34405.0,200621.0,84221.0,203468.0,94191.0
2026-04-14 18:03:51.523629,714877,1609507325167789,4925137420,-1.321504,0.216672,-0.148352,20.74625,115.33375,-133.175,12.408001,-9.624001,26.36,none,8,3.0,34405.0,200621.0,84221.0,203468.0,94191.0
2026-04-14 18:03:51.538260,714878,1609507325182383,4925152450,-1.253184,0.183488,-0.160064,28.6125,110.69625,-130.76875,15.200001,-9.280001,25.192001,none,8,3.0,34405.0,200621.0,84221.0,203468.0,94191.0
2026-04-14 18:03:51.548483,714879,1609507325191326,4925161166,-1.25904,0.23424,0.179584,27.9475,103.99375,-123.26125,16.976002,-9.304001,22.320002,none,8,3.0,34405.0,200621.0,84221.0,203468.0,94191.0
2026-04-14 18:03:51.564867,714880,1609507325205936,4925176058,-1.25904,0.23424,0.179584,27.44875,103.705,-113.96875,16.976002,-9.304001,22.320002,none,8,3.0,34405.0,200621.0,84221.0,203468.0,94191.0
2026-04-14 18:03:51.572040,714881,1609507325214911,4925184741,-1.339072,0.044896,-0.017568,23.58125,102.935,-111.9125,18.464,-9.048,24.328001,none,8,3.0,34405.0,200621.0,84221.0,203468.0,94191.0
2026-04-14 18:03:51.599809,714892,1609507325223947,4925193547,-1.339072,0.044896,-0.017568,27.991251,97.86,-104.99125,18.464,-9.048,24.328001,none,8,3.0,42315.0,227897.0,96627.0,222601.0,108781.0
2026-04-14 18:03:51.601949,714893,1609507325238709,4925208520,-1.1712,-0.052704,0.197152,37.625,94.115,-97.06375,18.408,-8.472,24.752,none,8,3.0,42315.0,227897.0,96627.0,222601.0,108781.0
2026-04-14 18:03:51.604825,714894,1609507325247782,4925217262,-1.1712,-0.052704,0.197152,47.9325,90.16875,-80.7625,18.408,-8.472,24.752,none,8,3.0,42315.0,227897.0,96627.0,222601.0,108781.0
2026-04-14 18:03:51.621526,714895,1609507325262297,4925232162,-1.167296,0.171776,0.324032,53.3225,82.3725,-66.027504,19.104,-8.392,23.192001,none,8,3.0,42315.0,227897.0,96627.0,222601.0,108781.0
2026-04-14 18:03:51.629555,714896,1609507325271319,4925240892,-1.11264,0.206912,0.12688,52.24625,69.545,-54.59125,20.560001,-8.72,22.720001,none,8,3.0,42315.0,227897.0,96627.0,222601.0,108781.0
2026-04-14 18:03:51.643091,714897,1609507325285818,4925255786,-1.11264,0.206912,0.12688,46.29625,60.31375,-49.76125,20.560001,-8.72,22.720001,none,8,3.0,42315.0,227897.0,96627.0,222601.0,108781.0
2026-04-14 18:03:51.678632,714898,1609507325294968,4925264566,-0.999424,0.081984,0.1464,36.04125,51.09125,-48.97375,22.160002,-9.344001,21.36,none,8,3.0,42315.0,227897.0,96627.0,222601.0,108781.0
2026-04-14 18:03:51.680676,714899,1609507325303907,4925273265,-0.999424,0.081984,0.1464,25.2,42.51625,-46.025,22.160002,-9.344001,21.36,none,8,3.0,42315.0,227897.0,96627.0,222601.0,108781.0
2026-04-14 18:03:51.740555,714910,1609507325318829,4925288445,-0.909632,0.011712,0.081984,13.3525,35.7525,-39.5325,22.320002,-8.68,20.064001,none,8,3.0,55235.0,243402.0,116847.0,237760.0,130269.0
2026-04-14 18:03:51.743123,714911,1609507325327815,4925297157,-0.909632,0.011712,0.081984,1.505,29.47875,-34.125,22.320002,-8.68,20.064001,none,8,3.0,55235.0,243402.0,116847.0,237760.0,130269.0
2026-04-14 18:03:51.745661,714912,1609507325342291,4925312075,-0.915488,-0.052704,-0.20496,-7.14,24.395,-30.65125,22.344002,-8.424001,21.752,none,8,3.0,55235.0,243402.0,116847.0,237760.0,130269.0
2026-04-14 18:03:51.748285,714913,1609507325351203,4925320753,-0.911584,-0.033184,-0.027328,-10.386251,22.40875,-26.897501,22.344002,-8.424001,21.504002,none,8,3.0,55235.0,243402.0,116847.0,237760.0,130269.0
2026-04-14 18:03:51.750787,714914,1609507325360128,4925329464,-0.911584,-0.033184,-0.027328,-10.43875,23.178751,-25.05125,22.560001,-8.088,21.504002,none,8,3.0,55235.0,243402.0,116847.0,237760.0,130269.0
2026-04-14 18:03:51.753314,714915,1609507325374757,4925344405,-0.853024,-0.076128,-0.052704,-8.9425,25.41875,-22.7325,22.952002,-8.0,21.616001,none,8,3.0,55235.0,243402.0,116847.0,237760.0,130269.0
2026-04-14 18:03:51.755721,714916,1609507325383757,4925353132,-0.853024,-0.076128,-0.052704,-7.16625,26.15375,-22.54,22.952002,-8.0,21.616001,none,8,3.0,55235.0,243402.0,116847.0,237760.0,130269.0
2026-04-14 18:03:51.758304,714917,1609507325398317,4925368055,-0.876448,-0.056608,-0.06832,-8.3125,25.2175,-22.49625,23.208,-8.04,22.184002,none,8,3.0,55235.0,243402.0,116847.0,237760.0,130269.0
2026-04-14 18:03:51.788232,714918,1609507325407417,4925376758,-0.876448,-0.056608,-0.06832,-10.35125,24.21125,-20.2475,23.208,-8.04,22.184002,none,8,3.0,55235.0,243402.0,116847.0,237760.0,130269.0
2026-04-14 18:03:51.790623,714919,1609507325416356,4925385483,-0.95648,-0.06832,-0.064416,-12.18,21.49875,-18.1825,24.168001,-7.624001,21.28,none,8,3.0,55235.0,243402.0,116847.0,237760.0,130269.0
2026-04-14 18:03:51.818101,714930,1609507325431004,4925400398,-0.95648,-0.06832,-0.064416,-12.136251,18.4625,-15.505,24.168001,-7.624001,21.28,none,8,3.0,65518.0,248481.0,129663.0,241616.0,143468.0
2026-04-14 18:03:51.820696,714931,1609507325439995,4925409096,-1.01504,-0.042944,-0.177632,-10.675,14.84,-13.29125,23.256,-7.176,20.432001,none,8,3.0,65518.0,248481.0,129663.0,241616.0,143468.0
2026-04-14 18:03:51.823215,714932,1609507325454538,4925424083,-0.962336,-0.052704,-0.343552,-8.715,10.15,-11.69,23.328001,-7.576,21.288,none,8,3.0,65518.0,248481.0,129663.0,241616.0,143468.0
2026-04-14 18:03:51.825505,714933,1609507325463490,4925432884,-0.962336,-0.052704,-0.343552,-6.43125,4.7775,-10.4475,23.328001,-7.576,21.288,none,8,3.0,65518.0,248481.0,129663.0,241616.0,143468.0
2026-04-14 18:03:51.834296,714934,1609507325478017,4925447788,-1.013088,-0.15616,-0.281088,0.42875,-1.19875,-11.2875,24.272001,-7.72,21.36,none,8,3.0,65518.0,248481.0,129663.0,241616.0,143468.0
2026-04-14 18:03:51.847058,714935,1609507325486999,4925456496,-1.013088,-0.15616,-0.281088,17.0625,-2.2925,-6.79875,24.272001,-7.72,21.36,none,8,3.0,65518.0,248481.0,129663.0,241616.0,143468.0
2026-04-14 18:03:51.853331,714936,1609507325495965,4925465325,-1.059936,-0.05856,-0.286944,19.39,1.25125,3.1325,24.944,-8.512,20.536001,none,8,3.0,65518.0,248481.0,129663.0,241616.0,143468.0
2026-04-14 18:03:51.869535,714937,1609507325510481,4925480242,-1.059936,-0.05856,-0.286944,33.74875,-4.4625,1.81125,24.944,-8.512,20.536001,none,8,3.0,65518.0,248481.0,129663.0,241616.0,143468.0
2026-04-14 18:03:51.899899,714948,1609507325519841,4925489446,-1.227808,0.154208,-0.417728,34.27375,-2.28375,6.39625,24.224,-8.968,21.896002,none,8,3.0,72195.0,248623.0,136334.0,240212.0,151009.0
2026-04-14 18:03:51.900461,714949,1609507325534449,4925504425,-1.13216,0.10736,-0.208864,25.5325,-0.18375,16.2925,23.576,-9.176001,20.432001,none,8,3.0,72195.0,248623.0,136334.0,240212.0,151009.0
2026-04-14 18:03:51.910171,714950,1609507325543404,4925513116,-1.13216,0.10736,-0.208864,30.765,-2.8875,9.21375,23.576,-9.176001,20.432001,none,8,3.0,72195.0,248623.0,136334.0,240212.0,151009.0
2026-04-14 18:03:51.930019,714951,1609507325552418,4925521825,-1.272704,0.199104,-0.300608,27.92125,-1.77625,8.435,23.576,-9.176001,19.744001,none,8,3.0,72195.0,248623.0,136334.0,240212.0,151009.0
2026-04-14 18:03:51.935899,714952,1609507325566936,4925536746,-1.280512,0.199104,-0.300608,25.06,0.525,13.30875,24.776001,-10.040001,19.744001,none,8,3.0,72195.0,248623.0,136334.0,240212.0,151009.0
2026-04-14 18:03:51.935973,714953,1609507325575975,4925545428,-1.247328,0.290848,-0.13664,30.695,3.6225,13.37875,24.880001,-10.400001,19.320002,none,8,3.0,72195.0,248623.0,136334.0,240212.0,151009.0
2026-04-14 18:03:51.948128,714954,1609507325590464,4925560332,-1.247328,0.290848,-0.13664,33.3375,9.765,15.00625,24.880001,-10.400001,19.320002,none,8,3.0,72195.0,248623.0,136334.0,240212.0,151009.0
2026-04-14 18:03:51.956710,714955,1609507325599435,4925569029,-1.280512,0.423584,-0.093696,43.49625,13.25625,15.5925,24.896002,-11.000001,18.800001,none,8,3.0,72195.0,248623.0,136334.0,240212.0,151009.0
2026-04-14 18:03:51.969702,714956,1609507325613932,4925584007,-1.081408,0.261568,-0.288896,49.875,17.8675,16.73,24.728,-12.304001,19.056002,none,8,3.0,72195.0,248623.0,136334.0,240212.0,151009.0
2026-04-14 18:03:52.002221,714967,1609507325623096,4925592730,-1.081408,0.261568,-0.288896,49.6125,16.3275,15.9425,24.728,-12.304001,19.056002,none,8,3.0,55822.0,245347.0,116057.0,239162.0,128404.0
2026-04-14 18:03:52.002676,714968,1609507325632092,4925601536,-1.081408,0.261568,-0.288896,42.60375,9.8525,24.0275,24.728,-12.304001,19.056002,none,8,3.0,55822.0,245347.0,116057.0,239162.0,128404.0
2026-04-14 18:03:52.004292,714969,1609507325646652,4925616464,-1.050176,0.232288,-0.27328,32.4275,11.97,29.89,23.088001,-12.088,21.216002,none,8,3.0,55822.0,245347.0,116057.0,239162.0,128404.0
2026-04-14 18:03:52.012167,714970,1609507325655644,4925625159,-0.895968,0.101504,-0.333792,20.48375,7.385,29.40875,23.864,-12.944,19.44,none,8,3.0,55822.0,245347.0,116057.0,239162.0,128404.0
2026-04-14 18:03:52.042126,714971,1609507325670277,4925640137,-0.895968,0.101504,-0.333792,8.6975,-2.52,31.61375,23.864,-12.944,19.44,none,8,3.0,55822.0,245347.0,116057.0,239162.0,128404.0
2026-04-14 18:03:52.067341,714972,1609507325679208,4925648849,-0.960384,0.144448,-0.513376,-3.01,-10.03625,34.44,24.216002,-13.056001,18.928001,none,8,3.0,55822.0,245347.0,116057.0,239162.0,128404.0
2026-04-14 18:03:52.091940,714973,1609507325688144,4925657538,-0.960384,0.144448,-0.513376,-15.2075,-11.8825,34.16875,24.216002,-13.056001,18.928001,none,8,3.0,55822.0,245347.0,116057.0,239162.0,128404.0
2026-04-14 18:03:52.099812,714974,1609507325702710,4925672463,-1.061888,0.18544,-0.349408,-24.08,-12.25875,30.89625,23.416,-13.360001,20.232,none,8,3.0,55822.0,245347.0,116057.0,239162.0,128404.0
2026-04-14 18:03:52.102529,714975,1609507325711611,4925681144,-1.061888,0.18544,-0.349408,-26.03125,-12.15375,29.04125,23.416,-13.360001,20.232,none,8,3.0,55822.0,245347.0,116057.0,239162.0,128404.0
2026-04-14 18:03:52.129871,714986,1609507325726300,4925696228,-1.026752,0.22448,-0.365024,-21.385,-10.84125,27.37875,23.224,-12.976001,20.104,none,8,3.0,57377.0,251914.0,119278.0,245085.0,132258.0
2026-04-14 18:03:52.132388,714987,1609507325735218,4925704897,-1.001376,0.265472,-0.327936,-13.36125,-7.90125,23.135,22.944,-13.528001,18.256,none,8,3.0,57377.0,251914.0,119278.0,245085.0,132258.0
2026-04-14 18:03:52.134862,714988,1609507325749858,4925719808,-1.001376,0.265472,-0.327936,-7.44625,-4.095,19.5825,22.944,-13.528001,18.256,none,8,3.0,57377.0,251914.0,119278.0,245085.0,132258.0
2026-04-14 18:03:52.136933,714989,1609507325758997,4925728573,-1.11264,0.28304,-0.425536,-3.05375,0.25375,17.4825,24.104002,-14.048,19.368,none,8,3.0,57377.0,251914.0,119278.0,245085.0,132258.0
2026-04-14 18:03:52.139878,714990,1609507325768135,4925737294,-1.11264,0.28304,-0.425536,1.68,3.9725,15.11125,24.104002,-14.048,19.368,none,8,3.0,57377.0,251914.0,119278.0,245085.0,132258.0
2026-04-14 18:03:52.142282,714991,1609507325782684,4925752199,-1.00528,0.218624,-0.32208,9.9225,8.5225,12.38125,24.288002,-14.336,18.936,none,8,3.0,57377.0,251914.0,119278.0,245085.0,132258.0
2026-04-14 18:03:52.149852,714992,1609507325791689,4925760932,-1.00528,0.218624,-0.32208,20.5625,12.6,10.77125,24.288002,-14.336,18.936,none,8,3.0,57377.0,251914.0,119278.0,245085.0,132258.0
2026-04-14 18:03:52.162358,714993,1609507325806212,4925775890,-1.09312,0.271328,-0.5368,30.59,18.025,9.66,23.920002,-14.56,18.984001,none,8,3.0,57377.0,251914.0,119278.0,245085.0,132258.0
2026-04-14 18:03:52.171105,714994,1609507325815163,4925784607,-1.059936,0.284992,-0.318176,36.89875,22.19,5.1625,24.168001,-15.240001,18.776001,none,8,3.0,57377.0,251914.0,119278.0,245085.0,132258.0
2026-04-14 18:03:52.199385,715005,1609507325824221,4925793388,-1.059936,0.284992,-0.318176,35.93625,20.36125,3.5175,24.168001,-15.240001,18.776001,none,8,3.0,48369.0,244644.0,108154.0,239445.0,119831.0
2026-04-14 18:03:52.202215,715006,1609507325839009,4925808394,-1.126304,0.275232,-0.368928,32.4275,20.2475,6.0725,24.576,-15.864,18.04,none,8,3.0,48369.0,244644.0,108154.0,239445.0,119831.0
2026-04-14 18:03:52.204715,715007,1609507325847974,4925817110,-1.126304,0.275232,-0.368928,31.43875,19.3725,11.05125,24.576,-15.864,18.04,none,8,3.0,48369.0,244644.0,108154.0,239445.0,119831.0
2026-04-14 18:03:52.218131,715008,1609507325862628,4925832055,-1.175104,0.339648,-0.37088,33.5125,19.95875,12.573751,24.584002,-16.072,17.976002,none,8,3.0,48369.0,244644.0,108154.0,239445.0,119831.0
2026-04-14 18:03:52.228624,715009,1609507325871584,4925840856,-1.175104,0.339648,-0.37088,31.36,18.55,5.48625,24.584002,-16.072,17.976002,none,8,3.0,48369.0,244644.0,108154.0,239445.0,119831.0
2026-04-14 18:03:52.235656,715010,1609507325880528,4925849539,-1.136064,0.415776,-0.382592,26.11,14.77875,10.68375,24.616001,-16.392,17.84,none,8,3.0,48369.0,244644.0,108154.0,239445.0,119831.0
2026-04-14 18:03:52.252199,715011,1609507325895020,4925864452,-1.143872,0.376736,-0.433344,17.885,14.42,15.54875,24.352001,-17.048,16.320002,none,8,3.0,48369.0,244644.0,108154.0,239445.0,119831.0
2026-04-14 18:03:52.259459,715012,1609507325904037,4925873164,-1.143872,0.376736,-0.433344,3.70125,9.31875,12.31125,24.352001,-17.048,16.320002,none,8,3.0,48369.0,244644.0,108154.0,239445.0,119831.0
2026-04-14 18:03:52.277357,715013,1609507325918599,4925888079,-1.139968,0.308416,-0.36112,-10.1325,4.55,17.7275,23.720001,-16.400002,18.416,none,8,3.0,48369.0,244644.0,108154.0,239445.0,119831.0
2026-04-14 18:03:52.304697,715024,1609507325927580,4925896976,-1.139968,0.308416,-0.36112,-20.04625,1.855,22.14625,23.720001,-16.400002,18.416,none,8,3.0,44089.0,238864.0,103151.0,236863.0,113847.0
2026-04-14 18:03:52.306761,715025,1609507325942226,4925911933,-1.036512,0.324032,-0.208864,-24.3075,0.2275,20.8775,23.504002,-16.16,17.792002,none,8,3.0,44089.0,238864.0,103151.0,236863.0,113847.0
2026-04-14 18:03:52.309367,715026,1609507325951292,4925920604,-1.036512,0.324032,-0.208864,-25.803751,-0.98875,22.1725,23.504002,-16.16,17.792002,none,8,3.0,44089.0,238864.0,103151.0,236863.0,113847.0
2026-04-14 18:03:52.315591,715027,1609507325960211,4925929339,-1.10288,0.337696,-0.35136,-27.545,-1.93375,22.00625,23.12,-16.344,19.080002,none,8,3.0,44089.0,238864.0,103151.0,236863.0,113847.0
2026-04-14 18:03:52.331135,715028,1609507325974702,4925944221,-1.10288,0.337696,-0.460672,-29.75,-4.41,22.25125,23.12,-16.344,19.080002,none,8,3.0,44089.0,238864.0,103151.0,236863.0,113847.0
2026-04-14 18:03:52.342034,715029,1609507325983676,4925952902,-1.046272,0.316224,-0.460672,-32.99625,-7.04375,21.105,23.960001,-16.544,18.320002,none,8,3.0,44089.0,238864.0,103151.0,236863.0,113847.0
2026-04-14 18:03:52.353656,715030,1609507325998165,4925967885,-1.026752,0.329888,-0.20496,-36.5225,-10.4125,20.22125,23.392,-16.112001,19.528002,none,8,3.0,44089.0,238864.0,103151.0,236863.0,113847.0
2026-04-14 18:03:52.364902,715031,1609507326007181,4925976573,-1.026752,0.329888,-0.20496,-38.6575,-12.59125,19.78375,23.392,-16.112001,19.528002,none,8,3.0,44089.0,238864.0,103151.0,236863.0,113847.0
2026-04-14 18:03:52.495650,715042,1609507326021840,4925991473,-1.089216,0.3416,-0.206912,-37.44125,-13.09,18.5325,21.984001,-15.816001,20.712002,none,8,3.0,43182.0,236427.0,101651.0,234710.0,112068.0
2026-04-14 18:03:52.498006,715043,1609507326031086,4926000343,-1.089216,0.3416,-0.206912,-31.21125,-12.27625,17.87625,21.984001,-15.816001,20.712002,none,8,3.0,43182.0,236427.0,101651.0,234710.0,112068.0
2026-04-14 18:03:52.501113,715044,1609507326040005,4926009085,-1.048224,0.355264,-0.32208,-23.63375,-9.9925,16.905,23.672,-16.272001,18.656,none,8,3.0,43182.0,236427.0,101651.0,234710.0,112068.0
2026-04-14 18:03:52.503552,715045,1609507326054524,4926023981,-1.048224,0.355264,-0.32208,-20.50125,-10.45625,16.1,23.672,-16.272001,18.656,none,8,3.0,43182.0,236427.0,101651.0,234710.0,112068.0
2026-04-14 18:03:52.506126,715046,1609507326063419,4926032656,-1.038464,0.38064,-0.320128,-20.43125,-11.94375,17.4125,23.488,-16.048,19.792002,none,8,3.0,43182.0,236427.0,101651.0,234710.0,112068.0
2026-04-14 18:03:52.508670,715047,1609507326077909,4926047541,-1.120448,0.41968,-0.41968,-22.89,-12.92375,19.66125,22.944,-16.016,19.960001,none,8,3.0,43182.0,236427.0,101651.0,234710.0,112068.0
2026-04-14 18:03:52.510793,715048,1609507326086982,4926056277,-1.120448,0.41968,-0.41968,-27.41375,-14.805,19.73125,22.944,-16.016,19.960001,none,8,3.0,43182.0,236427.0,101651.0,234710.0,112068.0
2026-04-14 18:03:52.513503,715049,1609507326095882,4926064990,-1.057984,0.427488,-0.22448,-32.85625,-18.2,19.74,22.944,-16.016,19.960001,none,8,3.0,43182.0,236427.0,101651.0,234710.0,112068.0
2026-04-14 18:03:52.516109,715050,1609507326110412,4926080051,-1.05408,0.427488,-0.22448,-37.8,-23.17,21.39375,22.264002,-15.728001,19.728,none,8,3.0,43182.0,236427.0,101651.0,234710.0,112068.0
2026-04-14 18:03:52.518607,715051,1609507326119345,4926088749,-1.13216,0.472384,-0.384544,-42.30625,-27.86,23.35375,21.408,-15.216001,20.800001,none,8,3.0,43182.0,236427.0,101651.0,234710.0,112068.0
2026-04-14 18:03:52.546077,715062,1609507326133890,4926103678,-1.13216,0.472384,-0.384544,-48.982502,-32.2525,24.73625,21.408,-15.216001,20.800001,none,8,3.0,46650.0,244089.0,106639.0,240601.0,118256.0
2026-04-14 18:03:52.548664,715063,1609507326142848,4926112416,-1.040416,0.46848,-0.160064,-56.805,-37.37125,24.43875,20.896002,-15.264001,21.912,none,8,3.0,46650.0,244089.0,106639.0,240601.0,118256.0
2026-04-14 18:03:52.551146,715064,1609507326157454,4926127422,-1.069696,0.406016,-0.32208,-65.21375,-41.895,24.94625,19.936,-14.320001,19.264002,none,8,3.0,46650.0,244089.0,106639.0,240601.0,118256.0
2026-04-14 18:03:52.553528,715065,1609507326166389,4926136168,-1.069696,0.406016,-0.32208,-76.2825,-46.64625,25.9175,19.936,-14.320001,19.264002,none,8,3.0,46650.0,244089.0,106639.0,240601.0,118256.0
2026-04-14 18:03:52.556158,715066,1609507326175352,4926144871,-1.069696,0.406016,-0.32208,-85.7675,-53.43625,27.195,19.936,-14.320001,19.264002,none,8,3.0,46650.0,244089.0,106639.0,240601.0,118256.0
2026-04-14 18:03:52.558689,715067,1609507326189904,4926160095,-1.08336,0.386496,-0.138592,-88.33125,-57.25125,24.4125,19.472,-13.288001,24.088001,none,8,3.0,46650.0,244089.0,106639.0,240601.0,118256.0
2026-04-14 18:03:52.560558,715068,1609507326198840,4926168832,-1.081408,0.3904,0.033184,-83.39625,-56.48125,17.64,18.176,-12.856001,24.552002,none,8,3.0,46650.0,244089.0,106639.0,240601.0,118256.0
2026-04-14 18:03:52.573125,715069,1609507326213383,4926183724,-1.081408,0.3904,0.033184,-71.47,-48.02875,17.4125,18.176,-12.856001,24.552002,none,8,3.0,46650.0,244089.0,106639.0,240601.0,118256.0
2026-04-14 18:03:52.606319,715080,1609507326222776,4926192430,-1.079456,0.396256,-0.232288,-54.565,-33.53,12.573751,19.368,-13.120001,22.744001,none,8,3.0,92545.0,257575.0,163275.0,247813.0,178105.0
2026-04-14 18:03:52.608104,715081,1609507326231916,4926201153,-1.079456,0.396256,-0.232288,-43.513752,-27.92125,2.0475,19.368,-13.120001,22.744001,none,8,3.0,92545.0,257575.0,163275.0,247813.0,178105.0
2026-04-14 18:03:52.610697,715082,1609507326246467,4926216090,-1.098976,0.335744,-0.138592,-37.89625,-24.9725,3.96375,18.176,-12.184001,23.728,none,8,3.0,92545.0,257575.0,163275.0,247813.0,178105.0
2026-04-14 18:03:52.613245,715083,1609507326255448,4926224855,-1.098976,0.335744,-0.138592,-29.155,-18.2525,0.91,18.176,-12.184001,23.728,none,8,3.0,92545.0,257575.0,163275.0,247813.0,178105.0
2026-04-14 18:03:52.625657,715084,1609507326269952,4926240282,-1.095072,0.3904,-0.189344,-18.10375,-6.93,3.89375,18.312,-12.232,24.144001,none,8,3.0,92545.0,257575.0,163275.0,247813.0,178105.0
2026-04-14 18:03:52.637309,715085,1609507326278877,4926248979,-1.216096,0.562176,-0.138592,-8.6975,-0.2975,13.53625,17.936,-12.528001,23.920002,none,8,3.0,92545.0,257575.0,163275.0,247813.0,178105.0
2026-04-14 18:03:52.648702,715086,1609507326293420,4926261827,-1.216096,0.562176,-0.138592,-4.96125,-0.00875,12.43375,17.936,-12.528001,23.920002,none,8,3.0,92545.0,257575.0,163275.0,247813.0,178105.0
2026-04-14 18:03:52.660657,715087,1609507326302715,4926272587,-1.182912,0.52704,-0.109312,2.1525,-1.02375,3.38625,18.912,-13.376,22.248001,none,8,3.0,92545.0,257575.0,163275.0,247813.0,178105.0
2026-04-14 18:03:52.671131,715088,1609507326311726,4926281321,-1.182912,0.52704,-0.109312,25.366251,-2.66875,-2.68625,18.912,-13.376,22.248001,none,8,3.0,92545.0,257575.0,163275.0,247813.0,178105.0
2026-04-14 18:03:52.703310,715099,1609507326326812,4926296243,-1.159488,0.493856,-0.130784,56.4725,-2.28375,-5.5125,18.128,-13.6,22.928001,none,8,3.0,57598.0,252932.0,120468.0,247635.0,131757.0
2026-04-14 18:03:52.705621,715100,1609507326335867,4926305074,-1.159488,0.493856,-0.130784,85.53125,0.385,-6.37875,18.128,-13.6,22.928001,none,8,3.0,57598.0,252932.0,120468.0,247635.0,131757.0
2026-04-14 18:03:52.711076,715101,1609507326344795,4926313814,-1.057984,0.413824,-0.011712,104.86,3.3075,-0.18375,19.176,-14.840001,21.672,none,8,3.0,57598.0,252932.0,120468.0,247635.0,131757.0
2026-04-14 18:03:52.716119,715102,1609507326359295,4926328709,-0.833504,0.620736,0.015616,96.69625,3.7275,8.3125,18.624,-15.192,20.656,none,8,3.0,57598.0,252932.0,120468.0,247635.0,131757.0
2026-04-14 18:03:52.723663,715103,1609507326368250,4926337432,-0.833504,0.620736,0.015616,48.01125,2.59,19.01375,18.624,-15.192,20.656,none,8,3.0,57598.0,252932.0,120468.0,247635.0,131757.0
2026-04-14 18:03:52.739872,715104,1609507326382860,4926352360,-0.739808,0.294752,-0.05856,0.11375,4.4275,8.02375,18.384,-14.936001,22.008001,none,8,3.0,57598.0,252932.0,120468.0,247635.0,131757.0
2026-04-14 18:03:52.748634,715105,1609507326391778,4926361052,-0.739808,0.294752,-0.05856,-15.6625,7.735,-7.945,18.384,-14.936001,22.008001,none,8,3.0,57598.0,252932.0,120468.0,247635.0,131757.0
2026-04-14 18:03:52.775523,715106,1609507326406293,4926375947,-0.905728,0.30256,-0.128832,-10.07125,14.02625,-11.01625,17.904001,-14.576001,20.800001,none,8,3.0,57598.0,252932.0,120468.0,247635.0,131757.0
2026-04-14 18:03:52.798514,715107,1609507326415264,4926384647,-0.905728,0.30256,-0.128832,-4.7075,18.6025,-5.24125,17.904001,-14.576001,20.800001,none,8,3.0,57598.0,252932.0,120468.0,247635.0,131757.0
2026-04-14 18:03:52.828665,715118,1609507326424609,4926393374,-0.806176,0.355264,-0.128832,-6.1075,15.98625,-2.87875,18.952002,-14.696001,20.704,none,8,3.0,64774.0,249902.0,133604.0,248638.0,145262.0
2026-04-14 18:03:52.831055,715119,1609507326439577,4926408416,-0.6832,0.339648,0.033184,-5.18,11.62,-1.77625,18.968,-14.424001,20.232,none,8,3.0,64774.0,249902.0,133604.0,248638.0,145262.0
2026-04-14 18:03:52.833651,715120,1609507326448520,4926417125,-0.6832,0.339648,0.033184,-5.59125,10.85,-4.85625,18.968,-14.424001,20.232,none,8,3.0,64774.0,249902.0,133604.0,248638.0,145262.0
2026-04-14 18:03:52.835658,715121,1609507326457839,4926427970,-0.6832,0.339648,0.093696,-12.1625,9.485,-10.255,18.968,-14.424001,20.232,none,8,3.0,64774.0,249902.0,133604.0,248638.0,145262.0
2026-04-14 18:03:52.838652,715122,1609507326472542,4926440994,-0.696864,0.255712,0.093696,-26.2325,12.1975,-16.0825,19.384,-14.392001,19.776001,none,8,3.0,64774.0,249902.0,133604.0,248638.0,145262.0
2026-04-14 18:03:52.841147,715123,1609507326481829,4926451769,-0.827648,0.177632,-0.269376,-31.535,12.32875,-17.6925,19.408,-13.408001,22.008001,none,8,3.0,64774.0,249902.0,133604.0,248638.0,145262.0
2026-04-14 18:03:52.853409,715124,1609507326496343,4926466667,-0.827648,0.177632,-0.269376,-30.68625,9.6425,-16.80875,19.408,-13.408001,22.008001,none,8,3.0,64774.0,249902.0,133604.0,248638.0,145262.0
2026-04-14 18:03:52.862195,715125,1609507326505279,4926475376,-0.845216,0.296704,-0.089792,-19.95,2.40625,-14.8575,18.432001,-13.488001,19.2,none,8,3.0,64774.0,249902.0,133604.0,248638.0,145262.0
2026-04-14 18:03:52.874718,715126,1609507326519818,4926488264,-0.798368,0.431392,0.005856,-10.01875,-4.57625,-9.30125,19.272001,-13.368001,20.624,none,8,3.0,64774.0,249902.0,133604.0,248638.0,145262.0
2026-04-14 18:03:52.904567,715137,1609507326529322,4926499198,-0.798368,0.431392,0.005856,-24.675,-7.7175,-5.5125,19.272001,-13.368001,20.624,none,8,3.0,62359.0,248496.0,130447.0,245518.0,143653.0
2026-04-14 18:03:52.907390,715138,1609507326538349,4926508064,-0.798368,0.431392,0.037088,-45.6575,-10.64,-6.5275,19.272001,-13.368001,20.624,none,8,3.0,62359.0,248496.0,130447.0,245518.0,143653.0
2026-04-14 18:03:52.909530,715139,1609507326552937,4926522974,-0.91744,0.35136,0.040992,-57.1025,-12.41625,-11.7425,19.44,-12.752001,20.808,none,8,3.0,62359.0,248496.0,130447.0,245518.0,143653.0
2026-04-14 18:03:52.918658,715140,1609507326561934,4926531669,-0.938912,0.228384,-0.128832,-53.90875,-9.40625,-13.67625,19.552,-12.704,21.536001,none,8,3.0,62359.0,248496.0,130447.0,245518.0,143653.0
2026-04-14 18:03:52.932417,715141,1609507326576413,4926546586,-0.938912,0.228384,-0.128832,-37.02125,-2.65125,-12.8975,19.552,-12.704,21.536001,none,8,3.0,62359.0,248496.0,130447.0,245518.0,143653.0
2026-04-14 18:03:52.943325,715142,1609507326585347,4926555276,-1.022848,0.345504,-0.15616,-19.22375,0.1575,-10.4125,19.080002,-12.032001,22.752,none,8,3.0,62359.0,248496.0,130447.0,245518.0,143653.0
2026-04-14 18:03:52.952024,715143,1609507326594463,4926563966,-1.022848,0.345504,-0.15616,-12.88,7.8225,-7.37625,19.080002,-12.032001,22.752,none,8,3.0,62359.0,248496.0,130447.0,245518.0,143653.0
2026-04-14 18:03:52.966042,715144,1609507326608961,4926578855,-1.040416,0.437248,-0.062464,-26.15375,5.285,-6.22125,19.640001,-11.856001,22.056002,none,8,3.0,62359.0,248496.0,130447.0,245518.0,143653.0
2026-04-14 18:03:52.973578,715145,1609507326617911,4926587595,-1.040416,0.437248,-0.062464,-46.01625,-0.32375,-5.7575,19.640001,-11.856001,22.056002,none,8,3.0,62359.0,248496.0,130447.0,245518.0,143653.0
2026-04-14 18:03:53.003657,715156,1609507326632431,4926602580,-1.09312,0.353312,-0.177632,-51.59875,10.395,-0.5075,20.432001,-11.616,24.072,none,8,3.0,97423.0,254396.0,172505.0,244876.0,186918.0
2026-04-14 18:03:53.005691,715157,1609507326641390,4926611345,-1.108736,0.335744,-0.17568,-50.7675,14.805,8.715,19.232,-11.016001,22.992,none,8,3.0,97423.0,254396.0,172505.0,244876.0,186918.0
2026-04-14 18:03:53.008718,715158,1609507326650398,4926620128,-1.108736,0.335744,-0.17568,-40.25875,13.448751,17.73625,19.232,-11.016001,22.992,none,8,3.0,97423.0,254396.0,172505.0,244876.0,186918.0
2026-04-14 18:03:53.021162,715159,1609507326664896,4926635052,-1.143872,0.499712,-0.218624,-23.5375,14.323751,20.195,19.800001,-10.976001,22.768002,none,8,3.0,97423.0,254396.0,172505.0,244876.0,186918.0
2026-04-14 18:03:53.029869,715160,1609507326674012,4926643807,-1.143872,0.499712,-0.218624,-9.9925,14.74375,22.7325,19.800001,-10.976001,22.768002,none,8,3.0,97423.0,254396.0,172505.0,244876.0,186918.0
2026-04-14 18:03:53.073425,715161,1609507326688489,4926658723,-1.159488,0.593408,-0.212768,-3.535,13.18625,24.4475,19.688002,-11.440001,22.736002,none,8,3.0,97423.0,254396.0,172505.0,244876.0,186918.0
2026-04-14 18:03:53.075672,715162,1609507326697410,4926667398,-1.159488,0.593408,-0.212768,-3.94625,14.91,28.25375,19.688002,-11.440001,22.736002,none,8,3.0,97423.0,254396.0,172505.0,244876.0,186918.0
2026-04-14 18:03:53.078636,715163,1609507326711987,4926682301,-1.05408,0.525088,-0.244,-6.06375,14.9625,31.21125,19.856,-11.832001,22.216002,none,8,3.0,97423.0,254396.0,172505.0,244876.0,186918.0
2026-04-14 18:03:53.081047,715164,1609507326720920,4926690988,-0.935008,0.37088,-0.206912,-6.51,8.365,29.49625,20.896002,-12.040001,21.464,none,8,3.0,97423.0,254396.0,172505.0,244876.0,186918.0
2026-04-14 18:03:53.108051,715175,1609507326730082,4926700183,-0.935008,0.37088,-0.206912,-0.3325,9.02125,27.48375,20.896002,-12.040001,21.464,none,8,3.0,56848.0,233529.0,119284.0,225997.0,131619.0
2026-04-14 18:03:53.110799,715176,1609507326744702,4926713105,-0.983808,0.314272,-0.163968,6.8425,7.2975,27.825,20.872002,-12.712001,21.6,none,8,3.0,56848.0,233529.0,119284.0,225997.0,131619.0
2026-04-14 18:03:53.113273,715177,1609507326753962,4926723880,-0.983808,0.314272,-0.163968,23.30125,20.79,17.0975,20.872002,-12.712001,21.6,none,8,3.0,56848.0,233529.0,119284.0,225997.0,131619.0
2026-04-14 18:03:53.170670,715178,1609507326768536,4926738816,-0.841312,0.386496,-0.15616,45.4125,33.25,24.57875,21.608002,-13.400001,20.792002,none,8,3.0,56848.0,233529.0,119284.0,225997.0,131619.0
2026-04-14 18:03:53.173250,715179,1609507326777453,4926747472,-0.841312,0.386496,-0.15616,61.52125,38.815,29.05875,21.608002,-13.400001,20.792002,none,8,3.0,56848.0,233529.0,119284.0,225997.0,131619.0
2026-04-14 18:03:53.175627,715180,1609507326786361,4926756274,-0.890112,0.480192,-0.056608,65.415,37.05625,21.14,21.624,-14.712001,20.096,none,8,3.0,56848.0,233529.0,119284.0,225997.0,131619.0
2026-04-14 18:03:53.178277,715181,1609507326800919,4926771168,-0.919392,0.612928,-0.286944,61.7225,38.0275,16.59875,22.152,-14.872001,18.448,none,8,3.0,56848.0,233529.0,119284.0,225997.0,131619.0
2026-04-14 18:03:53.180791,715182,1609507326809837,4926779853,-0.919392,0.612928,-0.286944,50.435,34.69375,15.91625,22.152,-14.872001,18.448,none,8,3.0,56848.0,233529.0,119284.0,225997.0,131619.0
2026-04-14 18:03:53.214505,715193,1609507326824524,4926794684,-1.016992,0.60512,-0.109312,33.62625,33.73125,12.81875,22.256,-15.112,19.392,none,8,3.0,34683.0,180477.0,86506.0,184098.0,96416.0
2026-04-14 18:03:53.217280,715194,1609507326833740,4926803497,-1.016992,0.60512,-0.109312,17.4475,32.45375,12.87125,22.256,-15.112,19.392,none,8,3.0,34683.0,180477.0,86506.0,184098.0,96416.0
2026-04-14 18:03:53.219413,715195,1609507326843086,4926812486,-1.011136,0.573888,-0.247904,2.40625,27.8075,14.805,22.752,-15.048,20.080002,none,8,3.0,34683.0,180477.0,86506.0,184098.0,96416.0
2026-04-14 18:03:53.222116,715196,1609507326857630,4926827399,-1.011136,0.573888,-0.247904,-8.9425,22.8375,9.4675,22.752,-15.048,20.080002,none,8,3.0,34683.0,180477.0,86506.0,184098.0,96416.0
2026-04-14 18:03:53.224361,715197,1609507326866557,4926836139,-0.972096,0.528992,-0.105408,-16.7475,20.57125,7.2625,22.584002,-15.024001,19.616001,none,8,3.0,34683.0,180477.0,86506.0,184098.0,96416.0
2026-04-14 18:03:53.236962,715198,1609507326881062,4926851059,-1.001376,0.441152,-0.242048,-22.785,19.73125,5.99375,22.584002,-15.024001,19.160002,none,8,3.0,34683.0,180477.0,86506.0,184098.0,96416.0
2026-04-14 18:03:53.245545,715199,1609507326890002,4926859747,-1.001376,0.441152,-0.242048,-24.7275,22.1375,4.5325,22.096,-14.704,19.160002,none,8,3.0,34683.0,180477.0,86506.0,184098.0,96416.0
2026-04-14 18:03:53.260569,715200,1609507326904502,4926874635,-0.933056,0.431392,-0.056608,-22.9425,25.12125,4.33125,23.288002,-14.840001,19.224,none,8,3.0,34683.0,180477.0,86506.0,184098.0,96416.0
2026-04-14 18:03:53.272019,715201,1609507326913491,4926883328,-0.933056,0.431392,-0.056608,-19.87125,27.44,2.84375,23.288002,-14.840001,19.224,none,8,3.0,34683.0,180477.0,86506.0,184098.0,96416.0
2026-04-14 18:03:53.278363,715202,1609507326922420,4926892050,-0.923296,0.548512,-0.183488,-21.97125,30.44125,3.325,23.464,-14.392001,19.472,none,8,3.0,34683.0,180477.0,86506.0,184098.0,96416.0
2026-04-14 18:03:53.305788,715213,1609507326936973,4926905362,-0.923296,0.548512,-0.183488,-25.03375,31.82375,4.62,23.464,-14.392001,19.472,none,8,3.0,42308.0,194472.0,97094.0,195235.0,109302.0
2026-04-14 18:03:53.308317,715214,1609507326946269,4926916178,-0.991616,0.495808,-0.40016,-27.58,30.09125,3.57,22.856,-13.912001,20.92,none,8,3.0,42308.0,194472.0,97094.0,195235.0,109302.0
2026-04-14 18:03:53.318345,715215,1609507326960846,4926931126,-0.991616,0.495808,-0.40016,-32.025,24.6575,1.19,22.856,-13.912001,20.92,none,8,3.0,42308.0,194472.0,97094.0,195235.0,109302.0
2026-04-14 18:03:53.325753,715216,1609507326969801,4926939856,-0.944768,0.503616,-0.425536,-36.505,19.9675,-0.56875,23.296001,-13.792001,19.744001,none,8,3.0,42308.0,194472.0,97094.0,195235.0,109302.0
2026-04-14 18:03:53.335870,715217,1609507326978759,4926948569,-0.944768,0.503616,-0.425536,-38.605,19.88875,-3.40375,23.296001,-13.792001,19.744001,none,8,3.0,42308.0,194472.0,97094.0,195235.0,109302.0
2026-04-14 18:03:53.349799,715218,1609507326993428,4926963551,-0.99552,0.499712,-0.236192,-38.045002,18.13,-5.215,23.264002,-13.72,19.376001,none,8,3.0,42308.0,194472.0,97094.0,195235.0,109302.0
2026-04-14 18:03:53.359437,715219,1609507327002569,4926972242,-1.08336,0.466528,-0.25376,-39.3225,13.27375,-2.9925,24.152,-13.352,19.544,none,8,3.0,42308.0,194472.0,97094.0,195235.0,109302.0
2026-04-14 18:03:53.373131,715220,1609507327017062,4926987161,-1.08336,0.466528,-0.25376,-37.2225,7.49,2.555,24.152,-13.352,19.544,none,8,3.0,42308.0,194472.0,97094.0,195235.0,109302.0
2026-04-14 18:03:53.407389,715231,1609507327026048,4926995842,-1.00528,0.495808,-0.345504,-25.10375,5.5825,7.7175,24.136002,-13.584001,19.824001,none,8,3.0,50940.0,217947.0,106167.0,215440.0,119930.0
2026-04-14 18:03:53.409510,715232,1609507327040631,4927010824,-1.00528,0.495808,-0.345504,-8.77625,9.4325,6.86,24.136002,-13.584001,19.824001,none,8,3.0,50940.0,217947.0,106167.0,215440.0,119930.0
2026-04-14 18:03:53.411994,715233,1609507327049573,4927019562,-0.870592,0.550464,-0.382592,3.9375,11.61125,-13.51875,24.032001,-13.568001,19.960001,none,8,3.0,50940.0,217947.0,106167.0,215440.0,119930.0
2026-04-14 18:03:53.417393,715234,1609507327058506,4927028248,-0.870592,0.550464,-0.382592,3.07125,6.6675,-20.9125,24.032001,-13.568001,19.960001,none,8,3.0,50940.0,217947.0,106167.0,215440.0,119930.0
2026-04-14 18:03:53.429353,715235,1609507327073031,4927043159,-0.911584,0.554368,-0.406016,-12.87125,2.4675,-16.58125,23.432001,-12.824,20.936,none,8,3.0,50940.0,217947.0,106167.0,215440.0,119930.0
2026-04-14 18:03:53.438575,715236,1609507327081988,4927051853,-0.911584,0.554368,-0.2928,-30.31,0.6125,-2.905,23.432001,-12.824,20.936,none,8,3.0,50940.0,217947.0,106167.0,215440.0,119930.0
2026-04-14 18:03:53.453645,715237,1609507327096495,4927066730,-0.925248,0.374784,-0.2928,-44.905,1.3125,-6.62375,23.272001,-12.68,20.696001,none,8,3.0,50940.0,217947.0,106167.0,215440.0,119930.0
2026-04-14 18:03:53.460781,715238,1609507327105551,4927075404,-0.99552,0.499712,-0.327936,-59.2025,0.6125,-5.88875,24.232,-12.344001,20.240002,none,8,3.0,50940.0,217947.0,106167.0,215440.0,119930.0
2026-04-14 18:03:53.471145,715239,1609507327114613,4927084111,-0.99552,0.499712,-0.327936,-72.02125,-1.8025,5.4425,24.232,-12.344001,20.240002,none,8,3.0,50940.0,217947.0,106167.0,215440.0,119930.0
2026-04-14 18:03:53.576823,715250,1609507327129681,4927099016,-1.001376,0.519232,-0.472384,-72.66875,-7.51625,8.96,24.184002,-11.528001,20.76,none,8,3.0,63781.0,225739.0,122288.0,219957.0,137999.0
2026-04-14 18:03:53.579909,715251,1609507327138667,4927107870,-1.001376,0.519232,-0.472384,-72.24,-10.05375,3.43875,24.184002,-11.528001,20.76,none,8,3.0,63781.0,225739.0,122288.0,219957.0,137999.0
2026-04-14 18:03:53.582400,715252,1609507327153525,4927122894,-0.999424,0.54656,-0.306464,-65.9925,-14.62125,5.005,22.856,-10.184,23.232,none,8,3.0,63781.0,225739.0,122288.0,219957.0,137999.0
2026-04-14 18:03:53.584884,715253,1609507327162477,4927131686,-0.999424,0.54656,-0.304512,-71.0325,-16.555,9.45875,22.856,-10.184,23.232,none,8,3.0,63781.0,225739.0,122288.0,219957.0,137999.0
2026-04-14 18:03:53.587378,715254,1609507327171529,4927140374,-0.909632,0.402112,-0.304512,-65.17,-15.9075,8.93375,22.136002,-9.88,22.984001,none,8,3.0,63781.0,225739.0,122288.0,219957.0,137999.0
2026-04-14 18:03:53.589850,715255,1609507327186043,4927155263,-0.944768,0.386496,-0.173728,-52.0625,-12.005,7.63,21.952002,-9.8,22.800001,none,8,3.0,63781.0,225739.0,122288.0,219957.0,137999.0
2026-04-14 18:03:53.592083,715256,1609507327195130,4927163981,-0.944768,0.386496,-0.173728,-30.397501,-5.90625,6.9475,21.952002,-9.8,22.800001,none,8,3.0,63781.0,225739.0,122288.0,219957.0,137999.0
2026-04-14 18:03:53.594818,715257,1609507327209608,4927178901,-0.911584,0.499712,-0.167872,-14.07,1.40875,9.1175,22.720001,-10.120001,22.672,none,8,3.0,63781.0,225739.0,122288.0,219957.0,137999.0
2026-04-14 18:03:53.597353,715258,1609507327218522,4927187604,-0.911584,0.499712,-0.167872,-1.33875,4.66375,10.395,22.720001,-10.120001,22.672,none,8,3.0,63781.0,225739.0,122288.0,219957.0,137999.0
2026-04-14 18:03:53.624312,715269,1609507327233183,4927202918,-0.987712,0.554368,-0.2928,9.5375,2.93125,8.925,22.912,-10.096001,22.592001,none,8,3.0,79523.0,228108.0,140204.0,220655.0,158534.0
2026-04-14 18:03:53.626878,715270,1609507327242198,4927211768,-0.987712,0.554368,-0.2928,14.07,0.4025,8.93375,22.912,-10.096001,22.592001,none,8,3.0,79523.0,228108.0,140204.0,220655.0,158534.0
2026-04-14 18:03:53.629759,715271,1609507327251205,4927220496,-0.831552,0.622688,-0.267424,11.54125,-0.1925,9.0825,23.016,-10.688001,21.776001,none,8,3.0,79523.0,228108.0,140204.0,220655.0,158534.0
2026-04-14 18:03:53.632237,715272,1609507327265784,4927235416,-0.958432,0.661728,-0.337696,4.515,2.82625,6.95625,22.984001,-10.392,22.296001,none,8,3.0,79523.0,228108.0,140204.0,220655.0,158534.0
2026-04-14 18:03:53.634632,715273,1609507327274753,4927244114,-0.958432,0.661728,-0.337696,-4.19125,5.73125,4.69,22.984001,-10.392,22.296001,none,8,3.0,79523.0,228108.0,140204.0,220655.0,158534.0
2026-04-14 18:03:53.646039,715274,1609507327289236,4927259060,-0.948672,0.519232,-0.050752,-12.2325,3.35125,2.3275,23.960001,-10.904,21.688002,none,8,3.0,79523.0,228108.0,140204.0,220655.0,158534.0
2026-04-14 18:03:53.659470,715275,1609507327298183,4927267785,-0.948672,0.519232,-0.050752,-15.26875,-0.84,0.9625,23.960001,-10.904,21.688002,none,8,3.0,79523.0,228108.0,140204.0,220655.0,158534.0
2026-04-14 18:03:53.664876,715276,1609507327307103,4927276493,-0.837408,0.486048,-0.124928,-10.78875,-2.75625,1.51375,24.216002,-11.080001,21.352001,none,8,3.0,79523.0,228108.0,140204.0,220655.0,158534.0
2026-04-14 18:03:53.678590,715277,1609507327321582,4927291403,-0.837408,0.486048,-0.124928,-1.505,-0.5775,1.26,24.216002,-11.080001,21.352001,none,8,3.0,79523.0,228108.0,140204.0,220655.0,158534.0
2026-04-14 18:03:53.733564,715288,1609507327330783,4927300222,-0.905728,0.593408,-0.189344,4.83,4.36625,1.75875,24.216002,-10.816001,22.704,none,8,3.0,86012.0,224145.0,146366.0,216528.0,165705.0
2026-04-14 18:03:53.735626,715289,1609507327345413,4927315152,-1.028704,0.698816,-0.308416,5.99375,8.855001,2.66875,22.472,-10.296001,23.176,none,8,3.0,86012.0,224145.0,146366.0,216528.0,165705.0
2026-04-14 18:03:53.738608,715290,1609507327354523,4927323849,-1.028704,0.698816,-0.308416,1.46125,8.56625,1.91625,22.472,-10.296001,23.176,none,8,3.0,86012.0,224145.0,146366.0,216528.0,165705.0
2026-04-14 18:03:53.741106,715291,1609507327363505,4927332685,-1.028704,0.698816,-0.308416,-6.86,5.27625,2.38875,22.472,-10.296001,23.176,none,8,3.0,86012.0,224145.0,146366.0,216528.0,165705.0
2026-04-14 18:03:53.743138,715292,1609507327378084,4927347589,-0.987712,0.66368,-0.122976,-14.7875,1.65375,1.30375,22.352001,-10.048,23.632002,none,8,3.0,86012.0,224145.0,146366.0,216528.0,165705.0
2026-04-14 18:03:53.745653,715293,1609507327387136,4927356421,-0.976,0.515328,-0.314272,-18.3225,-0.14875,-0.63875,22.984001,-10.424001,22.336,none,8,3.0,86012.0,224145.0,146366.0,216528.0,165705.0
2026-04-14 18:03:53.761127,715294,1609507327401636,4927371385,-0.976,0.515328,-0.314272,-16.73875,0.0525,-2.415,22.984001,-10.424001,22.336,none,8,3.0,86012.0,224145.0,146366.0,216528.0,165705.0
2026-04-14 18:03:53.765736,715295,1609507327410582,4927380135,-0.91744,0.437248,-0.30256,-12.6875,0.58625,-3.43875,24.2,-10.624001,21.384,none,8,3.0,86012.0,224145.0,146366.0,216528.0,165705.0
2026-04-14 18:03:53.782379,715296,1609507327425108,4927395066,-0.96624,0.521184,-0.259616,-5.81,3.71,-4.41875,24.504002,-10.896001,22.232,none,8,3.0,86012.0,224145.0,146366.0,216528.0,165705.0
2026-04-14 18:03:53.809234,715307,1609507327434219,4927403908,-0.96624,0.521184,-0.259616,1.98625,8.785,-5.22375,24.504002,-10.896001,22.232,none,8,3.0,82692.0,220488.0,142191.0,214089.0,161160.0
2026-04-14 18:03:53.811941,715308,1609507327443228,4927412709,-0.96624,0.521184,-0.259616,6.8075,12.50375,-5.43375,24.504002,-10.896001,22.232,none,8,3.0,82692.0,220488.0,142191.0,214089.0,161160.0
2026-04-14 18:03:53.814437,715309,1609507327457764,4927427618,-0.919392,0.474336,-0.279136,8.47875,12.81875,-5.04875,24.136002,-10.584001,22.944,none,8,3.0,82692.0,220488.0,142191.0,214089.0,161160.0
2026-04-14 18:03:53.823235,715310,1609507327466873,4927436316,-0.989664,0.560224,-0.232288,10.00125,12.59125,-4.10375,23.992,-10.784,22.104002,none,8,3.0,82692.0,220488.0,142191.0,214089.0,161160.0
2026-04-14 18:03:53.838590,715311,1609507327481346,4927451256,-0.989664,0.560224,-0.232288,9.03,10.42125,-1.47875,23.992,-10.784,22.104002,none,8,3.0,82692.0,220488.0,142191.0,214089.0,161160.0
2026-04-14 18:03:53.847349,715312,1609507327490306,4927459944,-0.964288,0.558272,-0.376736,4.47125,7.86625,0.63,24.584002,-10.792001,21.048,none,8,3.0,82692.0,220488.0,142191.0,214089.0,161160.0
2026-04-14 18:03:53.899477,715313,1609507327499246,4927468855,-0.964288,0.558272,-0.376736,-2.44125,5.9325,2.975,24.584002,-10.792001,21.048,none,8,3.0,82692.0,220488.0,142191.0,214089.0,161160.0
2026-04-14 18:03:53.901962,715314,1609507327513744,4927483748,-0.901824,0.489952,-0.314272,-9.30125,4.45375,5.31125,24.848001,-11.016001,21.208,none,8,3.0,82692.0,220488.0,142191.0,214089.0,161160.0
2026-04-14 18:03:53.904239,715315,1609507327522819,4927492470,-0.901824,0.489952,-0.314272,-12.9325,5.10125,5.80125,24.848001,-11.016001,21.208,none,8,3.0,82692.0,220488.0,142191.0,214089.0,161160.0
2026-04-14 18:03:53.932401,715326,1609507327537423,4927507405,-0.892064,0.480192,-0.259616,-11.9525,6.02875,5.075,23.952002,-10.512,23.12,none,8,3.0,82163.0,216646.0,140728.0,210870.0,160304.0
2026-04-14 18:03:53.934851,715327,1609507327546412,4927516084,-0.88816,0.538752,-0.080032,-7.60375,5.7925,3.6925,23.328001,-10.200001,22.064001,none,8,3.0,82163.0,216646.0,140728.0,210870.0,160304.0
2026-04-14 18:03:53.937361,715328,1609507327560903,4927531191,-0.88816,0.538752,-0.080032,-3.255,5.52125,2.4675,23.328001,-10.200001,22.064001,none,8,3.0,82163.0,216646.0,140728.0,210870.0,160304.0
2026-04-14 18:03:53.939849,715329,1609507327569875,4927539903,-0.856928,0.493856,-0.11712,-0.3675,4.38375,1.61875,23.128,-10.472,22.864,none,8,3.0,82163.0,216646.0,140728.0,210870.0,160304.0
2026-04-14 18:03:53.942233,715330,1609507327578872,4927548663,-0.856928,0.493856,-0.11712,-0.665,3.1675,0.1925,23.128,-10.472,22.864,none,8,3.0,82163.0,216646.0,140728.0,210870.0,160304.0
2026-04-14 18:03:53.952076,715331,1609507327593404,4927563579,-0.851072,0.357216,-0.142496,-1.65375,4.4975,-1.58375,24.184002,-10.824,22.000002,none,8,3.0,82163.0,216646.0,140728.0,210870.0,160304.0
2026-04-14 18:03:53.958705,715332,1609507327602426,4927572366,-0.851072,0.357216,-0.142496,1.05875,5.45125,-3.12375,24.184002,-10.824,22.000002,none,8,3.0,82163.0,216646.0,140728.0,210870.0,160304.0
2026-04-14 18:03:53.973608,715333,1609507327616937,4927587265,-0.979904,0.443104,-0.183488,6.53625,6.44875,-4.47125,25.408,-11.152,20.888,none,8,3.0,82163.0,216646.0,140728.0,210870.0,160304.0
2026-04-14 18:03:53.986042,715334,1609507327625872,4927595951,-0.972096,0.548512,-0.072224,11.76,7.0525,-4.10375,25.408,-11.152,22.472,none,8,3.0,82163.0,216646.0,140728.0,210870.0,160304.0
2026-04-14 18:03:54.011825,715345,1609507327640477,4927609222,-0.972096,0.548512,-0.072224,14.805,6.74625,-4.62875,25.320002,-11.224001,22.472,none,8,3.0,85677.0,209036.0,143156.0,203281.0,163608.0
2026-04-14 18:03:54.014392,715346,1609507327649942,4927620124,-1.030656,0.583648,-0.228384,16.07375,5.355,-5.495,24.560001,-11.128,21.944,none,8,3.0,85677.0,209036.0,143156.0,203281.0,163608.0
2026-04-14 18:03:54.017307,715347,1609507327658963,4927628822,-1.030656,0.583648,-0.228384,13.36125,0.63,-4.38375,24.560001,-11.128,21.944,none,8,3.0,85677.0,209036.0,143156.0,203281.0,163608.0
2026-04-14 18:03:54.031097,715348,1609507327673647,4927643734,-0.942816,0.638304,-0.189344,5.11875,-4.08625,0.21875,24.176,-11.608001,20.648,none,8,3.0,85677.0,209036.0,143156.0,203281.0,163608.0
2026-04-14 18:03:54.038594,715349,1609507327682588,4927652484,-0.942816,0.638304,-0.189344,-5.53875,-10.7275,7.67375,24.176,-11.608001,20.648,none,8,3.0,85677.0,209036.0,143156.0,203281.0,163608.0
2026-04-14 18:03:54.054928,715350,1609507327697116,4927667432,-0.925248,0.571936,-0.267424,-10.01875,-15.28625,17.28125,25.2,-11.384001,21.224,none,8,3.0,85677.0,209036.0,143156.0,203281.0,163608.0
2026-04-14 18:03:54.063678,715351,1609507327706048,4927676125,-0.925248,0.509472,-0.298656,-13.2125,-9.58125,12.18,25.2,-11.384001,21.224,none,8,3.0,85677.0,209036.0,143156.0,203281.0,163608.0
2026-04-14 18:03:54.072424,715352,1609507327715097,4927684810,-1.009184,0.513376,-0.298656,-11.29625,-10.54375,5.03125,25.008001,-11.432,20.336,none,8,3.0,85677.0,209036.0,143156.0,203281.0,163608.0
2026-04-14 18:03:54.112272,715363,1609507327729604,4927699725,-0.890112,0.597312,-0.265472,-8.6625,-7.63875,3.815,24.712002,-11.048,22.248001,none,8,3.0,103228.0,201132.0,161416.0,193763.0,183273.0
2026-04-14 18:03:54.114789,715364,1609507327738695,4927708496,-0.890112,0.597312,-0.265472,-7.28875,-4.9525,4.31375,24.712002,-11.048,22.248001,none,8,3.0,103228.0,201132.0,161416.0,193763.0,183273.0
2026-04-14 18:03:54.116945,715365,1609507327753247,4927723521,-0.954528,0.568032,-0.325984,-7.88375,-5.5125,3.64875,22.736002,-11.016001,23.840002,none,8,3.0,103228.0,201132.0,161416.0,193763.0,183273.0
2026-04-14 18:03:54.119856,715366,1609507327762189,4927732212,-0.954528,0.568032,-0.325984,-5.495,-9.24875,-0.525,22.736002,-11.016001,23.840002,none,8,3.0,103228.0,201132.0,161416.0,193763.0,183273.0
2026-04-14 18:03:54.129321,715367,1609507327771116,4927740903,-0.827648,0.562176,-0.091744,-0.18375,-11.095,-2.38875,24.384,-11.56,21.832,none,8,3.0,103228.0,201132.0,161416.0,193763.0,183273.0
2026-04-14 18:03:54.142264,715368,1609507327785630,4927755819,-0.827648,0.562176,-0.091744,0.95375,-6.8075,6.65875,24.384,-11.56,21.832,none,8,3.0,103228.0,201132.0,161416.0,193763.0,183273.0
2026-04-14 18:03:54.152050,715369,1609507327794664,4927764522,-0.864736,0.698816,-0.318176,6.16875,-3.43875,11.55,24.584002,-11.672001,21.68,none,8,3.0,103228.0,201132.0,161416.0,193763.0,183273.0
2026-04-14 18:03:54.166132,715370,1609507327809364,4927779412,-0.843264,0.691008,-0.080032,4.27,1.28625,6.055,24.68,-11.792001,21.52,none,8,3.0,103228.0,201132.0,161416.0,193763.0,183273.0
2026-04-14 18:03:54.183277,715371,1609507327818467,4927788111,-0.843264,0.691008,-0.080032,7.53375,5.78375,2.70375,24.68,-11.792001,21.52,none,8,3.0,103228.0,201132.0,161416.0,193763.0,183273.0
2026-04-14 18:03:54.210809,715382,1609507327833645,4927803034,-0.9272,0.589504,-0.1464,4.69,13.97375,0.2275,23.968,-11.856001,22.496,none,8,3.0,103451.0,197244.0,157713.0,189449.0,179865.0
2026-04-14 18:03:54.213654,715383,1609507327842640,4927811848,-0.9272,0.589504,-0.1464,2.415,18.165,-1.5925,23.968,-11.856001,22.496,none,8,3.0,103451.0,197244.0,157713.0,189449.0,179865.0
2026-04-14 18:03:54.216122,715384,1609507327851571,4927820550,-0.911584,0.550464,-0.111264,5.9325,14.8225,-6.15125,24.056002,-11.912001,22.28,none,8,3.0,103451.0,197244.0,157713.0,189449.0,179865.0
2026-04-14 18:03:54.222447,715385,1609507327866164,4927835481,-0.911584,0.550464,-0.111264,10.57875,12.80125,-5.1275,24.056002,-11.912001,22.28,none,8,3.0,103451.0,197244.0,157713.0,189449.0,179865.0
2026-04-14 18:03:54.247434,715386,1609507327875114,4927844217,-0.942816,0.698816,-0.25376,16.178751,15.3125,-4.31375,24.728,-12.848001,20.12,none,8,3.0,103451.0,197244.0,157713.0,189449.0,179865.0
2026-04-14 18:03:54.272311,715387,1609507327889646,4927859131,-0.991616,0.665632,-0.294752,13.7725,18.147501,-5.43375,24.712002,-11.976001,21.936,none,8,3.0,103451.0,197244.0,157713.0,189449.0,179865.0
2026-04-14 18:03:54.274805,715388,1609507327898613,4927867821,-0.991616,0.665632,-0.294752,16.51125,17.08,-6.9825,24.712002,-11.976001,21.936,none,8,3.0,103451.0,197244.0,157713.0,189449.0,179865.0
2026-04-14 18:03:54.279826,715389,1609507327907685,4927876535,-0.991616,0.655872,-0.208864,11.235,16.7475,-9.073751,24.712002,-14.024001,22.44,none,8,3.0,103451.0,197244.0,157713.0,189449.0,179865.0
2026-04-14 18:03:54.282325,715390,1609507327922149,4927891409,-0.894016,0.655872,-0.208864,7.0,12.69625,-3.80625,24.784,-12.376,22.44,none,8,3.0,103451.0,197244.0,157713.0,189449.0,179865.0
2026-04-14 18:03:54.312023,715401,1609507327931069,4927900473,-0.853024,0.691008,-0.099552,-4.165,6.825,1.19,23.824001,-11.72,23.016,none,8,3.0,105658.0,204263.0,160987.0,197239.0,183484.0
2026-04-14 18:03:54.314527,715402,1609507327945659,4927915460,-0.853024,0.691008,-0.099552,-18.5325,2.135,3.395,23.824001,-11.72,23.016,none,8,3.0,105658.0,204263.0,160987.0,197239.0,183484.0
2026-04-14 18:03:54.317435,715403,1609507327954729,4927924325,-0.815936,0.599264,-0.091744,-31.01875,0.63,5.53,23.752,-11.288,23.312,none,8,3.0,105658.0,204263.0,160987.0,197239.0,183484.0
2026-04-14 18:03:54.319918,715404,1609507327963765,4927933024,-0.815936,0.599264,-0.091744,-33.6175,0.035,6.3875,23.752,-11.288,23.312,none,8,3.0,105658.0,204263.0,160987.0,197239.0,183484.0
2026-04-14 18:03:54.348608,715405,1609507327978277,4927947894,-0.874496,0.583648,-0.121024,-24.64,0.2975,4.5675,24.064001,-11.672001,22.296001,none,8,3.0,105658.0,204263.0,160987.0,197239.0,183484.0
2026-04-14 18:03:54.349236,715406,1609507327987227,4927956623,-0.874496,0.583648,-0.121024,-15.98625,2.415,0.7525,24.064001,-11.672001,22.296001,none,8,3.0,105658.0,204263.0,160987.0,197239.0,183484.0
2026-04-14 18:03:54.359448,715407,1609507328001743,4927971546,-0.895968,0.655872,-0.187392,-10.6225,3.75375,-2.9225,24.68,-11.528001,22.416,none,8,3.0,105658.0,204263.0,160987.0,197239.0,183484.0
2026-04-14 18:03:54.367309,715408,1609507328010666,4927980256,-0.835456,0.62464,-0.144448,-11.89125,8.12,-4.47125,25.512001,-11.752001,21.144001,none,8,3.0,105658.0,204263.0,160987.0,197239.0,183484.0
2026-04-14 18:03:54.382367,715409,1609507328025186,4927995154,-0.835456,0.62464,-0.144448,-15.5925,11.935,-6.64125,25.512001,-11.752001,21.144001,none,8,3.0,105658.0,204263.0,160987.0,197239.0,183484.0
2026-04-14 18:03:54.412421,715420,1609507328034552,4928003899,-0.85888,0.493856,-0.28304,-16.14375,13.658751,-11.8475,25.272001,-11.256001,22.2,none,8,3.0,108418.0,218810.0,166273.0,211221.0,189054.0
2026-04-14 18:03:54.414953,715421,1609507328043537,4928012665,-0.85888,0.493856,-0.28304,-8.225,15.39125,-17.15875,25.272001,-11.256001,22.2,none,8,3.0,108418.0,218810.0,166273.0,211221.0,189054.0
2026-04-14 18:03:54.417419,715422,1609507328058243,4928027687,-0.903776,0.54656,-0.359168,3.78875,18.87375,-19.74,25.416,-11.008,21.464,none,8,3.0,108418.0,218810.0,166273.0,211221.0,189054.0
2026-04-14 18:03:54.422439,715423,1609507328067323,4928036407,-0.903776,0.54656,-0.359168,11.99625,21.9275,-21.35,25.416,-11.008,21.464,none,8,3.0,108418.0,218810.0,166273.0,211221.0,189054.0
2026-04-14 18:03:54.438690,715424,1609507328081823,4928051307,-0.876448,0.630496,-0.251808,12.78375,23.3625,-20.0375,26.696001,-11.088,20.528002,none,8,3.0,108418.0,218810.0,166273.0,211221.0,189054.0
2026-04-14 18:03:54.451074,715425,1609507328090758,4928060043,-0.944768,0.569984,-0.435296,8.5225,22.04125,-16.94875,26.192001,-11.320001,21.096,none,8,3.0,108418.0,218810.0,166273.0,211221.0,189054.0
2026-04-14 18:03:54.466616,715426,1609507328099680,4928068772,-0.944768,0.569984,-0.435296,2.75625,17.43875,-14.81375,26.192001,-11.320001,21.096,none,8,3.0,108418.0,218810.0,166273.0,211221.0,189054.0
2026-04-14 18:03:54.469484,715427,1609507328114195,4928083793,-0.901824,0.532896,-0.450912,-3.22875,15.05875,-13.8425,27.000002,-11.312,20.616001,none,8,3.0,108418.0,218810.0,166273.0,211221.0,189054.0
2026-04-14 18:03:54.480762,715428,1609507328123145,4928092520,-0.901824,0.532896,-0.450912,-6.44875,15.53125,-11.99625,27.000002,-11.312,20.616001,none,8,3.0,108418.0,218810.0,166273.0,211221.0,189054.0
2026-04-14 18:03:54.515818,715439,1609507328137827,4928107860,-0.950624,0.49776,-0.413824,-9.59875,16.91375,-11.6025,26.384,-10.872001,21.464,none,8,3.0,90664.0,224800.0,147895.0,219532.0,170340.0
2026-04-14 18:03:54.518323,715440,1609507328146841,4928116634,-0.950624,0.49776,-0.413824,-11.261251,16.59,-13.685,26.384,-10.872001,21.464,none,8,3.0,90664.0,224800.0,147895.0,219532.0,170340.0
2026-04-14 18:03:54.520756,715441,1609507328155810,4928125352,-0.919392,0.404064,-0.41968,-10.50875,16.02125,-14.2275,25.816002,-10.280001,21.880001,none,8,3.0,90664.0,224800.0,147895.0,219532.0,170340.0
2026-04-14 18:03:54.527064,715442,1609507328170359,4928140270,-0.964288,0.392352,-0.421632,-7.4375,15.1025,-12.45125,27.112001,-10.712001,21.296001,none,8,3.0,90664.0,224800.0,147895.0,219532.0,170340.0
2026-04-14 18:03:54.535824,715443,1609507328179463,4928148966,-0.964288,0.392352,-0.421632,-3.68375,17.4125,-12.6,27.112001,-10.712001,21.296001,none,8,3.0,90664.0,224800.0,147895.0,219532.0,170340.0
2026-04-14 18:03:54.549462,715444,1609507328193936,4928163895,-0.977952,0.33184,-0.452864,0.67375,19.4075,-17.928751,28.256,-11.000001,20.008001,none,8,3.0,90664.0,224800.0,147895.0,219532.0,170340.0
2026-04-14 18:03:54.560526,715445,1609507328202866,4928172580,-0.977952,0.33184,-0.452864,3.92,21.805,-18.9,28.256,-11.000001,20.008001,none,8,3.0,90664.0,224800.0,147895.0,219532.0,170340.0
2026-04-14 18:03:54.574436,715446,1609507328217341,4928187604,-1.0248,0.515328,-0.374784,6.25625,22.72375,-12.59125,28.344002,-10.776001,19.896002,none,8,3.0,90664.0,224800.0,147895.0,219532.0,170340.0
2026-04-14 18:03:54.582010,715447,1609507328226298,4928196363,-1.0248,0.515328,-0.374784,6.58875,21.14,-5.9675,28.344002,-10.776001,19.896002,none,8,3.0,90664.0,224800.0,147895.0,219532.0,170340.0
2026-04-14 18:03:54.667630,715458,1609507328235935,4928205119,-1.001376,0.587552,-0.366976,4.1125,15.1725,-2.9575,27.736002,-10.552,20.888,none,8,3.0,67733.0,213726.0,124591.0,211909.0,142374.0
2026-04-14 18:03:54.667807,715459,1609507328250471,4928220182,-0.913536,0.46848,-0.345504,-0.7175,6.02,-1.2425,27.576002,-10.72,19.888,none,8,3.0,67733.0,213726.0,124591.0,211909.0,142374.0
2026-04-14 18:03:54.667869,715460,1609507328259398,4928228867,-0.913536,0.46848,-0.345504,-6.25625,-3.395,-1.4525,27.576002,-10.72,19.888,none,8,3.0,67733.0,213726.0,124591.0,211909.0,142374.0
2026-04-14 18:03:54.667919,715461,1609507328273910,4928243763,-0.823744,0.505568,-0.121024,-8.295,-8.155,-2.96625,28.232002,-10.408001,19.736,none,8,3.0,67733.0,213726.0,124591.0,211909.0,142374.0
2026-04-14 18:03:54.670660,715462,1609507328282824,4928252447,-0.823744,0.505568,-0.121024,-6.15125,-6.7025,-4.26125,28.232002,-10.408001,19.736,none,8,3.0,67733.0,213726.0,124591.0,211909.0,142374.0
2026-04-14 18:03:54.673160,715463,1609507328291801,4928261128,-0.845216,0.550464,-0.171776,-1.89,-0.4375,-4.90875,28.424002,-11.040001,19.704,none,8,3.0,67733.0,213726.0,124591.0,211909.0,142374.0
2026-04-14 18:03:54.675522,715464,1609507328306377,4928276150,-0.845216,0.550464,-0.171776,3.92,6.11625,-3.47375,28.424002,-11.040001,19.704,none,8,3.0,67733.0,213726.0,124591.0,211909.0,142374.0
2026-04-14 18:03:54.678092,715465,1609507328315471,4928284895,-0.999424,0.57584,-0.324032,7.665,9.16125,-3.395,28.36,-10.648001,19.656,none,8,3.0,67733.0,213726.0,124591.0,211909.0,142374.0
2026-04-14 18:03:54.687221,715466,1609507328330016,4928299820,-0.999424,0.65392,-0.337696,11.12125,7.56,-6.06375,28.36,-10.648001,19.656,none,8,3.0,67733.0,213726.0,124591.0,211909.0,142374.0
2026-04-14 18:03:54.716823,715477,1609507328339294,4928309038,-0.876448,0.64416,-0.337696,15.636251,6.39625,-2.205,28.504002,-11.192,19.832,none,8,3.0,71373.0,222936.0,128595.0,219432.0,147393.0
2026-04-14 18:03:54.719882,715478,1609507328348404,4928317806,-0.876448,0.64416,-0.337696,15.54875,7.0875,0.525,28.504002,-11.192,19.832,none,8,3.0,71373.0,222936.0,128595.0,219432.0,147393.0
2026-04-14 18:03:54.722389,715479,1609507328362951,4928332733,-0.83936,0.599264,-0.386496,9.24,7.0525,-4.025,26.816002,-10.872001,20.704,none,8,3.0,71373.0,222936.0,128595.0,219432.0,147393.0
2026-04-14 18:03:54.729890,715480,1609507328371889,4928341449,-0.835456,0.4392,-0.431392,6.13375,6.99125,-8.75,28.096,-10.968,19.984001,none,8,3.0,71373.0,222936.0,128595.0,219432.0,147393.0
2026-04-14 18:03:54.742186,715481,1609507328386471,4928356407,-0.835456,0.4392,-0.431392,7.8925,11.3925,-9.98375,28.096,-10.968,19.984001,none,8,3.0,71373.0,222936.0,128595.0,219432.0,147393.0
2026-04-14 18:03:54.753496,715482,1609507328395404,4928365126,-0.903776,0.45872,-0.486048,18.26125,19.66125,-14.455,29.12,-11.664001,18.824001,none,8,3.0,71373.0,222936.0,128595.0,219432.0,147393.0
2026-04-14 18:03:54.766859,715483,1609507328409911,4928380067,-0.903776,0.45872,-0.486048,32.96125,29.16375,-13.27375,29.12,-11.664001,18.824001,none,8,3.0,71373.0,222936.0,128595.0,219432.0,147393.0
2026-04-14 18:03:54.777362,715484,1609507328418856,4928388765,-0.991616,0.587552,-0.521184,41.79,32.5675,-14.60375,29.240002,-11.464001,19.736,none,8,3.0,71373.0,222936.0,128595.0,219432.0,147393.0
2026-04-14 18:03:54.783608,715485,1609507328427778,4928397478,-0.991616,0.587552,-0.521184,45.43,29.18125,-23.40625,29.240002,-11.464001,19.736,none,8,3.0,71373.0,222936.0,128595.0,219432.0,147393.0
2026-04-14 18:03:54.816975,715496,1609507328442332,4928412635,-0.933056,0.587552,-0.573888,48.37875,28.84,-27.8075,29.192001,-11.688001,18.968,none,8,3.0,54310.0,230595.0,109514.0,228684.0,123771.0
2026-04-14 18:03:54.819874,715497,1609507328451303,4928421380,-0.84912,0.466528,-0.382592,46.9525,28.60375,-31.535,29.192001,-12.032001,17.072,none,8,3.0,54310.0,230595.0,109514.0,228684.0,123771.0
2026-04-14 18:03:54.822402,715498,1609507328465826,4928434267,-0.84912,0.466528,-0.382592,45.7275,26.3025,-33.59125,29.472002,-12.032001,17.072,none,8,3.0,54310.0,230595.0,109514.0,228684.0,123771.0
2026-04-14 18:03:54.831902,715499,1609507328475157,4928445038,-0.931104,0.447008,-0.49776,45.535,28.11375,-34.50125,30.624,-11.896001,17.088001,none,8,3.0,54310.0,230595.0,109514.0,228684.0,123771.0
2026-04-14 18:03:54.841004,715500,1609507328484100,4928453723,-0.931104,0.447008,-0.49776,45.0625,30.87,-33.285,30.624,-11.896001,17.088001,none,8,3.0,54310.0,230595.0,109514.0,228684.0,123771.0
2026-04-14 18:03:54.855969,715501,1609507328498661,4928468719,-0.876448,0.489952,-0.355264,36.82875,29.49625,-31.3425,30.160002,-11.320001,18.368,none,8,3.0,54310.0,230595.0,109514.0,228684.0,123771.0
2026-04-14 18:03:54.863513,715502,1609507328507625,4928477476,-0.876448,0.489952,-0.355264,13.37875,28.16625,-25.865,30.160002,-11.320001,18.368,none,8,3.0,54310.0,230595.0,109514.0,228684.0,123771.0
2026-04-14 18:03:54.879882,715503,1609507328522245,4928492531,-1.018944,0.550464,-0.443104,-14.5775,27.23875,-17.9375,31.216002,-11.384001,16.952002,none,8,3.0,54310.0,230595.0,109514.0,228684.0,123771.0
2026-04-14 18:03:54.889558,715504,1609507328531235,4928501227,-1.018944,0.550464,-0.573888,-20.16875,23.52875,-25.62875,31.216002,-11.384001,16.952002,none,8,3.0,54310.0,230595.0,109514.0,228684.0,123771.0
2026-04-14 18:03:54.919931,715515,1609507328545876,4928514378,-1.036512,0.345504,-0.573888,-20.64125,19.215,-37.765,31.136002,-10.792001,12.280001,none,8,3.0,34467.0,218246.0,83877.0,221165.0,95389.0
2026-04-14 18:03:54.923907,715516,1609507328555259,4928525220,-0.933056,0.402112,-0.275232,-13.4225,14.1575,-30.79125,31.496002,-10.592001,16.424002,none,8,3.0,34467.0,218246.0,83877.0,221165.0,95389.0
2026-04-14 18:03:54.924364,715517,1609507328564196,4928533904,-0.933056,0.402112,-0.275232,-2.275,10.05375,-23.65125,31.496002,-10.592001,16.424002,none,8,3.0,34467.0,218246.0,83877.0,221165.0,95389.0
2026-04-14 18:03:54.935513,715518,1609507328578698,4928549024,-0.894016,0.38064,-0.384544,4.4975,7.07,-22.14625,31.480001,-10.336,18.240002,none,8,3.0,34467.0,218246.0,83877.0,221165.0,95389.0
2026-04-14 18:03:54.944742,715519,1609507328587723,4928557755,-0.894016,0.38064,-0.384544,4.96125,8.3125,-21.76125,31.480001,-10.336,18.240002,none,8,3.0,34467.0,218246.0,83877.0,221165.0,95389.0
2026-04-14 18:03:54.957235,715520,1609507328602293,4928570745,-0.93696,0.392352,-0.388448,-1.89875,6.78125,-22.65375,31.576002,-9.792001,16.568,none,8,3.0,34467.0,218246.0,83877.0,221165.0,95389.0
2026-04-14 18:03:54.988617,715521,1609507328611693,4928581491,-0.93696,0.392352,-0.2928,-5.11,4.165,-23.0825,31.576002,-9.792001,16.568,none,8,3.0,34467.0,218246.0,83877.0,221165.0,95389.0
2026-04-14 18:03:54.991131,715522,1609507328620636,4928590241,-0.911584,0.437248,-0.2928,-2.8,1.2075,-20.29125,31.328001,-9.208,16.544,none,8,3.0,34467.0,218246.0,83877.0,221165.0,95389.0
2026-04-14 18:03:55.066104,715533,1609507328635120,4928605092,-0.964288,0.392352,-0.528992,-8.8025,-2.1525,-20.6325,30.264002,-9.320001,16.568,none,8,3.0,34311.0,215901.0,83404.0,217425.0,94938.0
2026-04-14 18:03:55.068604,715534,1609507328644641,4928613816,-0.964288,0.392352,-0.528992,-11.305,-4.61125,-18.8825,30.264002,-9.320001,16.568,none,8,3.0,34311.0,215901.0,83404.0,217425.0,94938.0
2026-04-14 18:03:55.071117,715535,1609507328659247,4928628701,-0.903776,0.40016,-0.27328,-10.71875,-6.86875,-16.33625,30.496002,-8.76,16.456001,none,8,3.0,34311.0,215901.0,83404.0,217425.0,94938.0
2026-04-14 18:03:55.073645,715536,1609507328668170,4928637400,-0.903776,0.40016,-0.27328,-7.455,-7.9275,-12.64375,30.496002,-8.76,16.456001,none,8,3.0,34311.0,215901.0,83404.0,217425.0,94938.0
2026-04-14 18:03:55.075689,715537,1609507328677230,4928646121,-0.991616,0.445056,-0.404064,-11.4625,-10.64875,-8.9425,30.584002,-8.736,16.544,none,8,3.0,34311.0,215901.0,83404.0,217425.0,94938.0
2026-04-14 18:03:55.078339,715538,1609507328691728,4928661034,-0.991616,0.445056,-0.404064,-16.28375,-12.2325,-7.11375,30.584002,-8.736,16.544,none,8,3.0,34311.0,215901.0,83404.0,217425.0,94938.0
2026-04-14 18:03:55.080539,715539,1609507328700652,4928669891,-0.991616,0.384544,-0.450912,-15.6625,-12.39,-6.43125,30.704002,-8.568001,18.368,none,8,3.0,34311.0,215901.0,83404.0,217425.0,94938.0
2026-04-14 18:03:55.088234,715540,1609507328715246,4928684862,-0.931104,0.394304,-0.245952,-5.52125,-13.08125,-11.40125,30.576002,-8.368,16.672,none,8,3.0,34311.0,215901.0,83404.0,217425.0,94938.0
2026-04-14 18:03:55.090640,715541,1609507328724266,4928693599,-0.931104,0.394304,-0.245952,1.86375,-12.915,-15.365,30.576002,-8.368,16.672,none,8,3.0,34311.0,215901.0,83404.0,217425.0,94938.0
2026-04-14 18:03:55.093157,715542,1609507328733192,4928702326,-0.81984,0.425536,-0.359168,10.36875,-10.7275,-15.96,30.560001,-8.728001,18.824001,none,8,3.0,34311.0,215901.0,83404.0,217425.0,94938.0
2026-04-14 18:03:55.120552,715553,1609507328748022,4928717665,-0.81984,0.425536,-0.359168,11.57625,-13.9475,-9.38,30.560001,-8.728001,18.824001,none,8,3.0,40803.0,213999.0,93078.0,213558.0,105648.0
2026-04-14 18:03:55.125556,715554,1609507328757048,4928726439,-0.870592,0.513376,-0.454816,8.855001,-13.97375,-5.775,30.264002,-8.552,16.888,none,8,3.0,40803.0,213999.0,93078.0,213558.0,105648.0
2026-04-14 18:03:55.128235,715555,1609507328771568,4928741348,-0.870592,0.513376,-0.454816,6.25625,-11.3225,-3.6575,30.264002,-8.552,16.888,none,8,3.0,40803.0,213999.0,93078.0,213558.0,105648.0
2026-04-14 18:03:55.136773,715556,1609507328780667,4928750096,-0.8784,0.40016,-0.25376,1.3125,-10.675,-4.83,30.008001,-8.656,17.032001,none,8,3.0,40803.0,213999.0,93078.0,213558.0,105648.0
2026-04-14 18:03:55.153234,715557,1609507328795128,4928764988,-0.93696,0.40016,-0.386496,-2.1,-14.980001,-1.44375,29.752,-8.92,18.136002,none,8,3.0,40803.0,213999.0,93078.0,213558.0,105648.0
2026-04-14 18:03:55.159474,715558,1609507328804091,4928773714,-0.93696,0.40016,-0.386496,0.56,-21.210001,5.03125,29.752,-8.92,18.136002,none,8,3.0,40803.0,213999.0,93078.0,213558.0,105648.0
2026-04-14 18:03:55.168247,715559,1609507328813109,4928782429,-0.93696,0.509472,-0.417728,9.96625,-16.86125,12.43375,29.752,-8.92,18.136002,none,8,3.0,40803.0,213999.0,93078.0,213558.0,105648.0
2026-04-14 18:03:55.184384,715560,1609507328827582,4928797417,-0.90768,0.511424,-0.417728,13.685,-13.5625,8.995,28.952002,-8.84,18.608002,none,8,3.0,40803.0,213999.0,93078.0,213558.0,105648.0
2026-04-14 18:03:55.216925,715571,1609507328836529,4928806051,-0.7808,0.515328,-0.25376,11.2175,-13.658751,4.1475,28.432001,-8.792001,17.208,none,8,3.0,44024.0,202135.0,97619.0,203547.0,109855.0
2026-04-14 18:03:55.219432,715572,1609507328851650,4928820987,-0.7808,0.515328,-0.25376,0.35,-14.06125,6.0375,28.432001,-8.792001,17.208,none,8,3.0,44024.0,202135.0,97619.0,203547.0,109855.0
2026-04-14 18:03:55.221876,715573,1609507328860605,4928829720,-0.774944,0.382592,-0.230336,-14.0525,-15.58375,6.2825,28.872002,-8.696,17.512001,none,8,3.0,44024.0,202135.0,97619.0,203547.0,109855.0
2026-04-14 18:03:55.226929,715574,1609507328869572,4928838413,-0.774944,0.382592,-0.230336,-27.265,-20.6325,6.9125,28.872002,-8.696,17.512001,none,8,3.0,44024.0,202135.0,97619.0,203547.0,109855.0
2026-04-14 18:03:55.239477,715575,1609507328884087,4928853384,-0.813984,0.230336,-0.456768,-35.1225,-26.3725,3.045,29.12,-8.568001,18.584002,none,8,3.0,44024.0,202135.0,97619.0,203547.0,109855.0
2026-04-14 18:03:55.248319,715576,1609507328893023,4928862126,-0.813984,0.230336,-0.456768,-30.21375,-22.35625,6.51,29.12,-8.568001,18.584002,none,8,3.0,44024.0,202135.0,97619.0,203547.0,109855.0
2026-04-14 18:03:55.263306,715577,1609507328907522,4928877052,-0.80032,0.300608,-0.417728,-13.16,-14.1225,6.92125,28.664001,-8.224,20.216002,none,8,3.0,44024.0,202135.0,97619.0,203547.0,109855.0
2026-04-14 18:03:55.274577,715578,1609507328916465,4928885728,-0.862784,0.44896,-0.236192,-7.84875,-7.21875,4.99625,27.152,-8.304001,20.528002,none,8,3.0,44024.0,202135.0,97619.0,203547.0,109855.0
2026-04-14 18:03:55.287073,715579,1609507328931164,4928900668,-0.862784,0.44896,-0.236192,-12.705,-2.79125,5.8275,27.152,-8.304001,20.528002,none,8,3.0,44024.0,202135.0,97619.0,203547.0,109855.0
2026-04-14 18:03:55.317289,715590,1609507328940616,4928909434,-0.962336,0.335744,-0.441152,-11.34,0.6125,3.24625,28.696001,-8.768001,18.640001,none,8,3.0,37639.0,196071.0,89147.0,199380.0,100312.0
2026-04-14 18:03:55.319791,715591,1609507328950081,4928920314,-0.962336,0.335744,-0.441152,-15.91625,0.2975,-4.0425,28.696001,-8.768001,18.640001,none,8,3.0,37639.0,196071.0,89147.0,199380.0,100312.0
2026-04-14 18:03:55.322291,715592,1609507328964887,4928935233,-0.974048,0.359168,-0.45872,-21.27125,1.28625,-2.98375,29.128002,-8.400001,18.696001,none,8,3.0,37639.0,196071.0,89147.0,199380.0,100312.0
2026-04-14 18:03:55.352875,715593,1609507328973835,4928943902,-0.974048,0.359168,-0.45872,-26.460001,5.425,-3.17625,29.128002,-8.400001,18.696001,none,8,3.0,37639.0,196071.0,89147.0,199380.0,100312.0
2026-04-14 18:03:55.355497,715594,1609507328982831,4928952581,-0.96624,0.423584,-0.255712,-31.045,10.85,-3.43,29.728,-8.200001,19.44,none,8,3.0,37639.0,196071.0,89147.0,199380.0,100312.0
2026-04-14 18:03:55.357618,715595,1609507328997352,4928967614,-1.057984,0.271328,-0.454816,-33.52125,12.62625,-3.91125,28.880001,-7.76,20.032001,none,8,3.0,37639.0,196071.0,89147.0,199380.0,100312.0
2026-04-14 18:03:55.381989,715596,1609507329006309,4928976306,-1.057984,0.271328,-0.454816,-30.02125,11.34875,-6.475,28.880001,-7.76,20.032001,none,8,3.0,37639.0,196071.0,89147.0,199380.0,100312.0
2026-04-14 18:03:55.384559,715597,1609507329020862,4928991202,-1.007232,0.259616,-0.22448,-20.86875,12.145,-8.21625,29.080002,-8.008,18.888,none,8,3.0,37639.0,196071.0,89147.0,199380.0,100312.0
2026-04-14 18:03:55.386539,715598,1609507329029868,4928999938,-1.007232,0.259616,-0.22448,-9.17,9.38875,-6.79875,29.080002,-8.008,18.888,none,8,3.0,37639.0,196071.0,89147.0,199380.0,100312.0
2026-04-14 18:03:55.422890,715609,1609507329039517,4929008907,-1.018944,0.324032,-0.277184,6.57125,13.5275,-12.39,30.048002,-8.352,19.544,none,8,3.0,34988.0,200239.0,85221.0,204747.0,96460.0
2026-04-14 18:03:55.425862,715610,1609507329054357,4929023879,-1.018944,0.324032,-0.277184,20.16,11.78625,-14.28,30.048002,-8.352,19.544,none,8,3.0,34988.0,200239.0,85221.0,204747.0,96460.0
2026-04-14 18:03:55.429157,715611,1609507329063390,4929032580,-1.069696,0.64416,-0.50752,19.66125,9.2225,-4.62875,29.216002,-7.936,21.904001,none,8,3.0,34988.0,200239.0,85221.0,204747.0,96460.0
2026-04-14 18:03:55.437906,715612,1609507329077921,4929047503,-1.163392,0.763232,-0.505568,4.8125,2.94,5.8625,28.864002,-7.856,21.712002,none,8,3.0,34988.0,200239.0,85221.0,204747.0,96460.0
2026-04-14 18:03:55.442915,715613,1609507329086840,4929056298,-1.163392,0.763232,-0.505568,-23.21375,-9.695,12.69625,28.864002,-7.856,21.712002,none,8,3.0,34988.0,200239.0,85221.0,204747.0,96460.0
2026-04-14 18:03:55.451667,715614,1609507329095860,4929065002,-1.1712,0.609024,-0.443104,-56.8925,-22.46125,21.13125,28.424002,-7.648,21.328001,none,8,3.0,34988.0,200239.0,85221.0,204747.0,96460.0
2026-04-14 18:03:55.470322,715615,1609507329110447,4929079897,-1.1712,0.609024,-0.443104,-84.35,-31.053751,29.25125,28.424002,-7.648,21.328001,none,8,3.0,34988.0,200239.0,85221.0,204747.0,96460.0
2026-04-14 18:03:55.490534,715616,1609507329119392,4929088633,-1.061888,0.343552,-0.113216,-99.1725,-41.02875,34.685,27.240002,-7.264,21.376001,none,8,3.0,34988.0,200239.0,85221.0,204747.0,96460.0
2026-04-14 18:03:55.494874,715617,1609507329133918,4929103517,-1.061888,0.343552,-0.113216,-99.47875,-49.72625,34.0375,27.240002,-7.264,21.376001,none,8,3.0,34988.0,200239.0,85221.0,204747.0,96460.0
2026-04-14 18:03:55.530333,715628,1609507329143053,4929112233,-1.042368,0.329888,0.072224,-85.84625,-50.505,33.27625,27.384,-7.208,21.672,none,8,3.0,41686.0,236139.0,94822.0,243129.0,107546.0
2026-04-14 18:03:55.535346,715629,1609507329157586,4929127205,-1.118496,0.671488,0.044896,-60.94375,-48.78125,38.38625,26.488,-7.248,24.080002,none,8,3.0,41686.0,236139.0,94822.0,243129.0,107546.0
2026-04-14 18:03:55.538987,715630,1609507329166516,4929135894,-1.118496,0.671488,0.044896,-37.905,-39.47125,39.40125,26.488,-7.248,24.080002,none,8,3.0,41686.0,236139.0,94822.0,243129.0,107546.0
2026-04-14 18:03:55.557090,715631,1609507329175472,4929144609,-1.118496,0.921344,0.060512,-33.13625,-29.18125,3.5,26.488,-7.248,24.080002,none,8,3.0,41686.0,236139.0,94822.0,243129.0,107546.0
2026-04-14 18:03:55.583105,715632,1609507329189974,4929159544,-1.464,0.9272,0.060512,-42.00875,-46.3925,-10.50875,25.560001,-5.888001,24.288002,none,8,3.0,41686.0,236139.0,94822.0,243129.0,107546.0
2026-04-14 18:03:55.586679,715633,1609507329198908,4929168218,-1.481568,0.835456,-0.320128,-79.590004,-66.92,-18.43625,23.400002,-3.536,24.592001,none,8,3.0,41686.0,236139.0,94822.0,243129.0,107546.0
2026-04-14 18:03:55.616835,715634,1609507329213417,4929183148,-1.481568,0.835456,-0.320128,-127.40875,-110.04875,-37.9575,23.400002,-3.536,24.592001,none,8,3.0,41686.0,236139.0,94822.0,243129.0,107546.0
2026-04-14 18:03:55.630270,715635,1609507329222537,4929191867,-1.323456,0.27328,-0.372832,-158.19125,-153.0375,-27.5625,21.144001,-2.264,24.624,none,8,3.0,41686.0,236139.0,94822.0,243129.0,107546.0
2026-04-14 18:03:55.633555,715636,1609507329231568,4929200600,-1.323456,0.27328,-0.372832,-166.46,-198.51125,26.87125,21.144001,-2.264,24.624,none,8,3.0,41686.0,236139.0,94822.0,243129.0,107546.0
2026-04-14 18:03:55.648944,715647,1609507329246287,4929216490,-1.056032,0.607072,-0.083936,-158.78625,-212.38,69.69375,18.448,-0.968,25.416,none,8,3.0,132301.0,255422.0,205170.0,256107.0,227225.0
2026-04-14 18:03:55.653549,715648,1609507329255416,4929225520,-1.056032,0.607072,-0.083936,-159.425,-199.5875,58.94,18.448,-0.968,25.416,none,8,3.0,132301.0,255422.0,205170.0,256107.0,227225.0
2026-04-14 18:03:55.666445,715649,1609507329270327,4929238727,-1.0248,0.464576,-0.345504,-160.0725,-192.29,30.86125,15.872001,0.56,26.208002,none,8,3.0,132301.0,255422.0,205170.0,256107.0,227225.0
2026-04-14 18:03:55.668626,715650,1609507329279996,4929249561,-1.104832,0.59536,-0.1464,-149.0825,-194.3025,26.67,13.52,2.44,26.784,none,8,3.0,132301.0,255422.0,205170.0,256107.0,227225.0
2026-04-14 18:03:55.669823,715651,1609507329289003,4929258436,-1.104832,0.59536,-0.1464,-147.98875,-189.7875,20.01125,13.52,2.44,26.784,none,8,3.0,132301.0,255422.0,205170.0,256107.0,227225.0
2026-04-14 18:03:55.672465,715652,1609507329303715,4929273393,-1.331264,0.591456,-0.095648,-168.13126,-188.65875,-4.76875,11.424001,4.84,26.936,none,8,3.0,132301.0,255422.0,205170.0,256107.0,227225.0
2026-04-14 18:03:55.695326,715653,1609507329312855,4929282287,-1.331264,0.591456,-0.095648,-198.765,-200.06,-23.77375,11.424001,4.84,26.936,none,8,3.0,132301.0,255422.0,205170.0,256107.0,227225.0
2026-04-14 18:03:55.708878,715654,1609507329327342,4929297179,-1.360544,0.308416,-0.368928,-227.1325,-226.765,-31.33375,8.056001,8.200001,27.424002,none,8,3.0,132301.0,255422.0,205170.0,256107.0,227225.0
2026-04-14 18:03:55.711498,715655,1609507329336351,4929305903,-1.360544,0.308416,-0.203008,-241.99,-258.37,-41.99125,8.056001,8.200001,27.424002,none,8,3.0,132301.0,255422.0,205170.0,256107.0,227225.0
2026-04-14 18:03:55.784115,715666,1609507329345430,4929314754,-1.098976,0.085888,-0.203008,-233.0125,-278.94125,-56.3675,4.912,11.016001,26.904001,none,8,3.0,124714.0,227632.0,194120.0,230838.0,215966.0
2026-04-14 18:03:55.784324,715667,1609507329359992,4929329738,-0.853024,0.124928,0.00976,-208.9675,-277.57626,-64.40875,1.112,13.072001,27.904001,none,8,3.0,124714.0,227632.0,194120.0,230838.0,215966.0
2026-04-14 18:03:55.784491,715668,1609507329368944,4929338490,-0.853024,0.124928,0.00976,-187.95876,-262.9725,-75.7225,1.112,13.072001,27.904001,none,8,3.0,124714.0,227632.0,194120.0,230838.0,215966.0
2026-04-14 18:03:55.784594,715669,1609507329383584,4929353400,-0.700768,-0.027328,0.181536,-171.33376,-240.89626,-92.33875,-2.224,15.168001,26.432001,none,8,3.0,124714.0,227632.0,194120.0,230838.0,215966.0
2026-04-14 18:03:55.784661,715670,1609507329392497,4929362109,-0.700768,-0.027328,0.181536,-152.24126,-214.22626,-105.315,-2.224,15.168001,26.432001,none,8,3.0,124714.0,227632.0,194120.0,230838.0,215966.0
2026-04-14 18:03:55.786217,715671,1609507329401402,4929370830,-0.696864,-0.091744,0.300608,-122.885,-181.1075,-111.15125,-4.28,16.024,26.408,none,8,3.0,124714.0,227632.0,194120.0,230838.0,215966.0
2026-04-14 18:03:55.788373,715672,1609507329416176,4929385843,-0.696864,-0.091744,0.300608,-73.7625,-149.00375,-111.58875,-4.28,16.024,26.408,none,8,3.0,124714.0,227632.0,194120.0,230838.0,215966.0
2026-04-14 18:03:55.790479,715673,1609507329425146,4929394500,-0.919392,0.037088,0.216672,-8.61,-120.21625,-111.57125,-6.064,14.104001,24.576,none,8,3.0,124714.0,227632.0,194120.0,230838.0,215966.0
2026-04-14 18:03:55.824215,715684,1609507329439834,4929409361,-1.198528,0.236192,0.491904,60.9525,-114.05625,-112.35,-7.352,12.56,25.616001,none,8,3.0,27986.0,178330.0,75567.0,188588.0,83293.0
2026-04-14 18:03:55.835685,715685,1609507329449162,4929418045,-1.198528,0.236192,0.491904,120.33,-141.53125,-108.4825,-7.352,12.56,25.616001,none,8,3.0,27986.0,178330.0,75567.0,188588.0,83293.0
2026-04-14 18:03:55.835942,715686,1609507329458128,4929426812,-0.636352,0.532896,0.329888,151.94376,-145.985,-96.0575,-10.008,10.64,29.984001,none,8,3.0,27986.0,178330.0,75567.0,188588.0,83293.0
2026-04-14 18:03:55.836159,715687,1609507329472985,4929441917,-0.636352,0.532896,0.329888,157.49126,-119.46375,-84.84875,-10.008,10.64,29.984001,none,8,3.0,27986.0,178330.0,75567.0,188588.0,83293.0
2026-04-14 18:03:55.836800,715688,1609507329481921,4929450632,-0.495808,0.626592,0.310368,141.155,-94.10625,-88.340004,-12.104001,9.52,28.224,none,8,3.0,27986.0,178330.0,75567.0,188588.0,83293.0
2026-04-14 18:03:55.854754,715689,1609507329496764,4929465519,-0.495808,0.626592,0.310368,106.085,-76.195,-101.7625,-12.104001,9.52,28.224,none,8,3.0,27986.0,178330.0,75567.0,188588.0,83293.0
2026-04-14 18:03:55.867184,715690,1609507329506076,4929476297,-0.491904,0.51728,0.523136,62.30875,-56.21,-109.865,-12.192,8.52,25.808,none,8,3.0,27986.0,178330.0,75567.0,188588.0,83293.0
2026-04-14 18:03:55.873399,715691,1609507329515201,4929485074,-0.491904,0.51728,0.523136,17.5,-38.96375,-112.665,-12.192,8.52,25.808,none,8,3.0,27986.0,178330.0,75567.0,188588.0,83293.0
2026-04-14 18:03:55.885679,715692,1609507329529674,4929499970,-0.421632,0.4392,0.609024,-17.71875,-22.3125,-115.605,-11.160001,7.904,25.760002,none,8,3.0,27986.0,178330.0,75567.0,188588.0,83293.0
2026-04-14 18:03:55.897040,715693,1609507329538637,4929508700,-0.482144,0.386496,0.501664,-38.8325,-1.5575,-117.67,-11.192,8.120001,27.36,none,8,3.0,27986.0,178330.0,75567.0,188588.0,83293.0
2026-04-14 18:03:55.924614,715704,1609507329553218,4929521621,-0.482144,0.386496,0.501664,-54.495,18.4625,-115.2725,-11.192,8.120001,27.36,none,8,3.0,39111.0,200311.0,97014.0,200230.0,105841.0
2026-04-14 18:03:55.927070,715705,1609507329562530,4929532476,-0.417728,0.290848,0.694912,-65.23125,35.2625,-110.10125,-11.472,8.912001,26.2,none,8,3.0,39111.0,200311.0,97014.0,200230.0,105841.0
2026-04-14 18:03:55.929519,715706,1609507329571493,4929541222,-0.417728,0.290848,0.694912,-66.92875,52.64,-106.81125,-11.472,8.912001,26.2,none,8,3.0,39111.0,200311.0,97014.0,200230.0,105841.0
2026-04-14 18:03:55.942089,715707,1609507329586087,4929556425,-0.493856,0.41968,0.577792,-49.1575,68.20625,-97.76375,-10.824,8.728001,26.856,none,8,3.0,39111.0,200311.0,97014.0,200230.0,105841.0
2026-04-14 18:03:55.951997,715708,1609507329595096,4929565110,-0.493856,0.41968,0.577792,-14.65625,81.36625,-82.39875,-10.824,8.728001,26.856,none,8,3.0,39111.0,200311.0,97014.0,200230.0,105841.0
2026-04-14 18:03:55.965435,715709,1609507329609582,4929577954,-0.45872,0.493856,0.759328,14.752501,90.2125,-71.61,-9.808001,7.928001,25.840002,none,8,3.0,39111.0,200311.0,97014.0,200230.0,105841.0
2026-04-14 18:03:55.975616,715710,1609507329618825,4929588731,-0.495808,0.579744,0.628544,25.97875,95.725,-66.7625,-9.808001,7.864,25.872002,none,8,3.0,39111.0,200311.0,97014.0,200230.0,105841.0
2026-04-14 18:03:55.983304,715711,1609507329627788,4929597427,-0.495808,0.579744,0.628544,30.21375,97.50125,-57.68,-7.792,7.864,25.872002,none,8,3.0,39111.0,200311.0,97014.0,200230.0,105841.0
2026-04-14 18:03:56.023340,715722,1609507329642661,4929612309,-0.474336,0.646112,0.845216,30.6775,95.40125,-43.46125,-6.952,7.224001,26.536001,none,8,3.0,34887.0,173855.0,89550.0,180252.0,97605.0
2026-04-14 18:03:56.025631,715723,1609507329651914,4929621156,-0.474336,0.646112,0.845216,23.9575,89.62625,-31.10625,-6.952,7.224001,26.536001,none,8,3.0,34887.0,173855.0,89550.0,180252.0,97605.0
2026-04-14 18:03:56.028305,715724,1609507329666439,4929636061,-0.550464,0.59536,0.6344,14.37625,81.87375,-20.67625,-7.000001,7.624001,28.240002,none,8,3.0,34887.0,173855.0,89550.0,180252.0,97605.0
2026-04-14 18:03:56.032032,715725,1609507329675433,4929644755,-0.550464,0.59536,0.6344,4.90875,67.68125,-7.9975,-7.000001,7.624001,28.240002,none,8,3.0,34887.0,173855.0,89550.0,180252.0,97605.0
2026-04-14 18:03:56.042213,715726,1609507329684381,4929653500,-0.577792,0.17568,1.149728,-5.565,39.795002,5.3375,-7.528,7.08,27.928001,none,8,3.0,34887.0,173855.0,89550.0,180252.0,97605.0
2026-04-14 18:03:56.054352,715727,1609507329698888,4929668392,-0.577792,0.284992,1.266848,17.4825,15.58375,22.7675,-7.528,7.08,27.928001,none,8,3.0,34887.0,173855.0,89550.0,180252.0,97605.0
2026-04-14 18:03:56.091065,715728,1609507329707811,4929677138,-0.607072,0.281088,1.266848,65.135,0.105,44.905,-6.224001,5.784,25.920002,none,8,3.0,34887.0,173855.0,89550.0,180252.0,97605.0
2026-04-14 18:03:56.111093,715729,1609507329722341,4929692039,-0.499712,0.435296,1.368352,75.4775,-14.21875,46.48875,-7.256001,6.128,27.504002,none,8,3.0,34887.0,173855.0,89550.0,180252.0,97605.0
2026-04-14 18:03:56.113610,715730,1609507329731302,4929700738,-0.499712,0.435296,1.368352,36.67125,-32.357502,35.2625,-7.256001,6.128,27.504002,none,8,3.0,34887.0,173855.0,89550.0,180252.0,97605.0
2026-04-14 18:03:56.145719,715741,1609507329746181,4929715653,-0.640256,0.244,1.14192,-17.03625,-48.64125,32.66375,-8.192,6.728,27.048,none,8,3.0,35372.0,179995.0,89383.0,186638.0,97668.0
2026-04-14 18:03:56.147843,715742,1609507329755168,4929724375,-0.640256,0.244,1.14192,-49.07,-59.115,40.451252,-8.192,6.728,27.048,none,8,3.0,35372.0,179995.0,89383.0,186638.0,97668.0
2026-04-14 18:03:56.149121,715743,1609507329764291,4929733132,-0.806176,0.169824,0.804224,-45.92875,-64.26875,48.4925,-8.6,7.088,26.992,none,8,3.0,35372.0,179995.0,89383.0,186638.0,97668.0
2026-04-14 18:03:56.149217,715744,1609507329779302,4929748071,-0.806176,0.169824,1.290272,-20.991251,-62.0375,51.5375,-8.6,7.088,26.992,none,8,3.0,35372.0,179995.0,89383.0,186638.0,97668.0
2026-04-14 18:03:56.150380,715745,1609507329788656,4929758852,-0.5856,-0.074176,1.290272,-28.210001,-51.40625,40.66125,-8.8,7.784,26.424002,none,8,3.0,35372.0,179995.0,89383.0,186638.0,97668.0
2026-04-14 18:03:56.155588,715746,1609507329797659,4929767572,-0.5856,-0.074176,1.290272,-51.31875,-28.65625,22.5575,-8.8,7.784,26.424002,none,8,3.0,35372.0,179995.0,89383.0,186638.0,97668.0
2026-04-14 18:03:56.169846,715747,1609507329812140,4929782457,-0.640256,0.113216,0.384544,-39.095,-9.42375,26.45125,-7.824,7.880001,24.672,none,8,3.0,35372.0,179995.0,89383.0,186638.0,97668.0
2026-04-14 18:03:56.178633,715748,1609507329821191,4929791150,-0.901824,0.056608,0.337696,-41.27375,-0.245,25.13875,-8.624001,9.032001,28.656002,none,8,3.0,35372.0,179995.0,89383.0,186638.0,97668.0
2026-04-14 18:03:56.189543,715749,1609507329835705,4929804062,-0.901824,0.056608,0.337696,-67.19125,11.66375,-0.49,-8.624001,9.032001,28.656002,none,8,3.0,35372.0,179995.0,89383.0,186638.0,97668.0
2026-04-14 18:03:56.222409,715760,1609507329845101,4929814887,-0.915488,-0.07808,0.519232,-58.345,6.44875,3.33375,-8.360001,9.736,27.112001,none,8,3.0,30290.0,176558.0,79496.0,184793.0,86431.0
2026-04-14 18:03:56.224955,715761,1609507329854152,4929823636,-0.915488,-0.07808,0.519232,-43.46125,3.01875,22.26,-8.360001,9.736,27.112001,none,8,3.0,30290.0,176558.0,79496.0,184793.0,86431.0
2026-04-14 18:03:56.227435,715762,1609507329868664,4929838661,-0.689056,0.01952,0.335744,-33.0575,0.3675,25.89125,-9.168,10.104,27.168001,none,8,3.0,30290.0,176558.0,79496.0,184793.0,86431.0
2026-04-14 18:03:56.237249,715763,1609507329877590,4929847533,-0.689056,0.01952,0.335744,-27.15125,-4.0425,23.7125,-9.168,10.104,27.168001,none,8,3.0,30290.0,176558.0,79496.0,184793.0,86431.0
2026-04-14 18:03:56.267294,715764,1609507329892122,4929862434,-0.558272,0.355264,0.530944,-34.965,-3.63125,23.56375,-8.160001,10.0,24.984001,none,8,3.0,30290.0,176558.0,79496.0,184793.0,86431.0
2026-04-14 18:03:56.269784,715765,1609507329901038,4929871111,-0.802272,0.318176,0.77104,-68.3725,-3.01875,16.52,-7.904,11.8,25.880001,none,8,3.0,30290.0,176558.0,79496.0,184793.0,86431.0
2026-04-14 18:03:56.274876,715766,1609507329915678,4929886059,-0.802272,0.318176,0.77104,-108.2725,-5.71375,13.86875,-7.904,11.8,25.880001,none,8,3.0,30290.0,176558.0,79496.0,184793.0,86431.0
2026-04-14 18:03:56.281977,715767,1609507329924653,4929894777,-0.675392,0.060512,1.040416,-126.595,-10.92,14.385,-8.424001,13.232,25.096,none,8,3.0,30290.0,176558.0,79496.0,184793.0,86431.0
2026-04-14 18:03:56.289957,715768,1609507329933575,4929903549,-0.675392,0.060512,1.040416,-116.6725,-18.52375,11.33125,-8.424001,13.232,25.096,none,8,3.0,30290.0,176558.0,79496.0,184793.0,86431.0
2026-04-14 18:03:56.325732,715780,1609507329948211,4929918524,-0.603168,-0.28304,0.671488,-91.65625,-24.45625,4.865,-8.704,14.408001,23.712002,none,8,3.0,27405.0,165915.0,73473.0,174444.0,79035.0
2026-04-14 18:03:56.330800,715781,1609507329957171,4929927296,-0.603168,-0.28304,0.671488,-84.97125,-25.10375,-15.11125,-8.704,14.408001,23.712002,none,8,3.0,27405.0,165915.0,73473.0,174444.0,79035.0
2026-04-14 18:03:56.331088,715782,1609507329971796,4929940214,-0.75152,-0.456768,0.450912,-70.105,-14.49,-24.395,-8.584001,14.304001,24.592001,none,8,3.0,27405.0,165915.0,73473.0,174444.0,79035.0
2026-04-14 18:03:56.339143,715783,1609507329981119,4929950982,-0.739808,0.076128,0.720288,-11.19125,-10.5875,-13.74625,-8.584001,14.304001,24.936,none,8,3.0,27405.0,165915.0,73473.0,174444.0,79035.0
2026-04-14 18:03:56.346014,715784,1609507329990056,4929959748,-0.739808,0.076128,0.720288,35.37625,-14.84,-16.6775,-8.688001,13.848001,24.936,none,8,3.0,27405.0,165915.0,73473.0,174444.0,79035.0
2026-04-14 18:03:56.361039,715785,1609507330004585,4929974661,-0.64416,-0.003904,0.860832,31.29875,-19.985,-15.28625,-7.944,13.928,23.480001,none,8,3.0,27405.0,165915.0,73473.0,174444.0,79035.0
2026-04-14 18:03:56.369797,715786,1609507330013579,4929983364,-0.64416,-0.003904,0.860832,-1.505,-24.1325,-5.88875,-7.944,13.928,23.480001,none,8,3.0,27405.0,165915.0,73473.0,174444.0,79035.0
2026-04-14 18:03:56.386182,715787,1609507330028066,4929998252,-0.716384,-0.167872,0.944768,-17.43,-27.90375,-10.43875,-8.808001,13.288001,23.456001,none,8,3.0,27405.0,165915.0,73473.0,174444.0,79035.0
2026-04-14 18:03:56.393303,715788,1609507330037083,4930006983,-0.716384,-0.167872,0.944768,-13.41375,-32.576252,-21.84,-8.808001,13.288001,23.456001,none,8,3.0,27405.0,165915.0,73473.0,174444.0,79035.0
2026-04-14 18:03:56.424607,715799,1609507330051592,4930021945,-0.714432,-0.1952,0.739808,-17.24625,-29.54,-24.255,-9.072001,13.408001,23.36,none,8,3.0,25330.0,163704.0,68593.0,172069.0,73905.0
2026-04-14 18:03:56.425677,715800,1609507330060543,4930030637,-0.714432,-0.1952,0.739808,-9.21375,-20.8425,-25.34,-9.072001,13.408001,23.36,none,8,3.0,25330.0,163704.0,68593.0,172069.0,73905.0
2026-04-14 18:03:56.451103,715801,1609507330069525,4930039361,-0.72224,-0.173728,0.646112,8.1025,-16.6075,-28.35,-11.112,13.968,25.640001,none,8,3.0,25330.0,163704.0,68593.0,172069.0,73905.0
2026-04-14 18:03:56.473688,715802,1609507330084017,4930052391,-0.95648,0.07808,0.610976,23.52875,-11.165,-25.08625,-10.904,12.816001,24.656002,none,8,3.0,25330.0,163704.0,68593.0,172069.0,73905.0
2026-04-14 18:03:56.475730,715803,1609507330093183,4930063140,-0.95648,0.07808,0.610976,38.56125,-1.39125,-20.32625,-10.904,12.816001,24.656002,none,8,3.0,25330.0,163704.0,68593.0,172069.0,73905.0
2026-04-14 18:03:56.478527,715804,1609507330107732,4930078012,-0.874496,0.140544,0.823744,56.04375,8.23375,-17.5875,-9.8,11.960001,25.032001,none,8,3.0,25330.0,163704.0,68593.0,172069.0,73905.0
2026-04-14 18:03:56.483498,715805,1609507330116705,4930086709,-0.874496,0.140544,0.823744,69.97375,11.36625,-11.4975,-9.8,11.960001,25.032001,none,8,3.0,25330.0,163704.0,68593.0,172069.0,73905.0
2026-04-14 18:03:56.486150,715806,1609507330125794,4930095433,-0.747616,0.148352,0.622688,74.2175,11.76875,-2.79125,-9.912001,11.216001,25.344002,none,8,3.0,25330.0,163704.0,68593.0,172069.0,73905.0
2026-04-14 18:03:56.497417,715807,1609507330140280,4930110453,-0.747616,0.148352,0.622688,67.26125,8.9775,-0.9975,-9.912001,11.216001,25.344002,none,8,3.0,25330.0,163704.0,68593.0,172069.0,73905.0
2026-04-14 18:03:56.525519,715818,1609507330149335,4930119555,-0.667584,0.277184,1.013088,66.7625,12.45125,5.92375,-9.448001,10.872001,25.856,none,8,3.0,25477.0,159665.0,67473.0,167456.0,73101.0
2026-04-14 18:03:56.527054,715819,1609507330164011,4930132431,-0.843264,0.396256,1.28832,76.0375,11.24375,12.0225,-9.688001,9.656,25.624,none,8,3.0,25477.0,159665.0,67473.0,167456.0,73101.0
2026-04-14 18:03:56.529812,715820,1609507330173222,4930143213,-0.843264,0.396256,1.28832,74.655,7.39375,9.1175,-9.688001,9.656,25.624,none,8,3.0,25477.0,159665.0,67473.0,167456.0,73101.0
2026-04-14 18:03:56.541054,715821,1609507330182241,4930151898,-0.843264,0.3904,1.196576,67.96125,5.92375,9.511251,-9.688001,9.656,25.624,none,8,3.0,25477.0,159665.0,67473.0,167456.0,73101.0
2026-04-14 18:03:56.553537,715822,1609507330196746,4930166834,-0.784704,0.3904,1.196576,58.2575,1.11125,13.7375,-8.76,9.048,24.688002,none,8,3.0,25477.0,159665.0,67473.0,167456.0,73101.0
2026-04-14 18:03:56.563105,715823,1609507330205850,4930175542,-0.724192,0.037088,0.8296,48.81625,-5.57375,8.18125,-9.160001,8.184,24.984001,none,8,3.0,25477.0,159665.0,67473.0,167456.0,73101.0
2026-04-14 18:03:56.577400,715824,1609507330220326,4930190441,-0.724192,0.037088,0.8296,54.83625,-9.49375,4.1475,-9.160001,8.184,24.984001,none,8,3.0,25477.0,159665.0,67473.0,167456.0,73101.0
2026-04-14 18:03:56.589867,715825,1609507330229263,4930199128,-0.6832,0.0,0.597312,69.23875,-8.19,2.86125,-8.792001,7.152,26.472002,none,8,3.0,25477.0,159665.0,67473.0,167456.0,73101.0
2026-04-14 18:03:56.625339,715836,1609507330243839,4930214000,-0.74176,0.22448,0.366976,86.8525,-5.08375,1.1725,-10.0,6.312,26.720001,none,8,3.0,27974.0,154327.0,71819.0,161232.0,76957.0
2026-04-14 18:03:56.628482,715837,1609507330252869,4930222748,-0.74176,0.22448,0.366976,92.1725,-4.795,1.5925,-10.0,6.312,26.720001,none,8,3.0,27974.0,154327.0,71819.0,161232.0,76957.0
2026-04-14 18:03:56.631000,715838,1609507330261854,4930231479,-0.74176,0.22448,0.366976,80.45625,-4.5325,-0.21,-10.0,6.312,26.720001,none,8,3.0,27974.0,154327.0,71819.0,161232.0,76957.0
2026-04-14 18:03:56.633483,715839,1609507330276403,4930246379,-0.76128,0.324032,0.38064,67.235,-0.90125,-0.49,-9.336,5.192,25.856,none,8,3.0,27974.0,154327.0,71819.0,161232.0,76957.0
2026-04-14 18:03:56.642084,715840,1609507330285542,4930255073,-0.698816,0.255712,0.772992,51.9225,2.96625,-3.50875,-8.912001,5.248,25.840002,none,8,3.0,27974.0,154327.0,71819.0,161232.0,76957.0
2026-04-14 18:03:56.656930,715841,1609507330300020,4930270059,-0.698816,0.255712,0.772992,37.35375,6.475,-5.39,-8.912001,5.248,25.840002,none,8,3.0,27974.0,154327.0,71819.0,161232.0,76957.0
2026-04-14 18:03:56.666047,715842,1609507330308949,4930278781,-0.763232,0.25376,0.798368,29.8725,7.90125,-2.8525,-8.96,4.192,25.880001,none,8,3.0,27974.0,154327.0,71819.0,161232.0,76957.0
2026-04-14 18:03:56.681144,715843,1609507330323533,4930293684,-0.726144,0.144448,0.616832,26.03125,7.875,-4.0775,-8.96,4.424,27.752,none,8,3.0,27974.0,154327.0,71819.0,161232.0,76957.0
2026-04-14 18:03:56.689445,715844,1609507330332495,4930302373,-0.726144,0.144448,0.616832,22.16375,6.335,-3.99,-8.968,4.424,27.752,none,8,3.0,27974.0,154327.0,71819.0,161232.0,76957.0
2026-04-14 18:03:56.697369,715845,1609507330341471,4930311117,-0.726144,0.144448,0.616832,18.803751,5.74875,-3.96375,-8.968,4.424,27.752,none,8,3.0,27974.0,154327.0,71819.0,161232.0,76957.0
2026-04-14 18:03:56.724754,715856,1609507330356088,4930326114,-0.716384,0.10736,0.769088,23.397501,8.925,-5.5825,-9.144,3.944,26.352001,none,8,3.0,32268.0,153126.0,79752.0,159496.0,84861.0
2026-04-14 18:03:56.727210,715857,1609507330365107,4930334812,-0.808128,0.138592,0.735904,33.2675,10.386251,-7.21875,-9.752001,3.28,26.248001,none,8,3.0,32268.0,153126.0,79752.0,159496.0,84861.0
2026-04-14 18:03:56.738504,715858,1609507330379675,4930349720,-0.808128,0.138592,0.735904,44.7475,10.255,-8.79375,-9.752001,3.28,26.248001,none,8,3.0,32268.0,153126.0,79752.0,159496.0,84861.0
2026-04-14 18:03:56.744834,715859,1609507330388585,4930358542,-0.659776,0.257664,0.718336,55.50125,12.22375,-10.19375,-8.736,2.192,26.464,none,8,3.0,32268.0,153126.0,79752.0,159496.0,84861.0
2026-04-14 18:03:56.753623,715860,1609507330397545,4930367315,-0.659776,0.257664,0.718336,63.46375,14.42875,-11.7425,-8.736,2.192,26.464,none,8,3.0,32268.0,153126.0,79752.0,159496.0,84861.0
2026-04-14 18:03:56.768405,715861,1609507330412034,4930382221,-0.720288,0.314272,0.589504,63.166252,15.785,-11.6725,-9.440001,1.68,27.568,none,8,3.0,32268.0,153126.0,79752.0,159496.0,84861.0
2026-04-14 18:03:56.778634,715862,1609507330420981,4930390905,-0.720288,0.314272,0.589504,57.25125,15.5925,-10.03625,-9.440001,1.68,27.568,none,8,3.0,32268.0,153126.0,79752.0,159496.0,84861.0
2026-04-14 18:03:56.793299,715863,1609507330435516,4930405866,-0.694912,0.310368,0.763232,51.31875,15.11125,-9.3975,-8.792001,0.792,27.6,none,8,3.0,32268.0,153126.0,79752.0,159496.0,84861.0
2026-04-14 18:03:56.871146,715874,1609507330444442,4930414879,-0.718336,0.37088,0.718336,47.4425,15.26875,-10.85875,-9.968,0.936,25.936,none,8,3.0,61925.0,162622.0,125768.0,167630.0,137235.0
2026-04-14 18:03:56.873629,715875,1609507330459039,4930427724,-0.718336,0.37088,0.718336,41.2475,14.8225,-12.8975,-9.968,0.936,25.936,none,8,3.0,61925.0,162622.0,125768.0,167630.0,137235.0
2026-04-14 18:03:56.875648,715876,1609507330468450,4930438525,-0.743712,0.46848,0.765184,31.61375,14.28,-13.0725,-9.792001,0.408,27.560001,none,8,3.0,61925.0,162622.0,125768.0,167630.0,137235.0
2026-04-14 18:03:56.878620,715877,1609507330477393,4930447212,-0.743712,0.46848,0.765184,23.2225,11.9875,-12.46,-9.792001,0.408,27.560001,none,8,3.0,61925.0,162622.0,125768.0,167630.0,137235.0
2026-04-14 18:03:56.881126,715878,1609507330491882,4930462106,-0.772992,0.513376,0.718336,17.59625,8.25125,-11.3575,-8.752001,-0.232,27.384,none,8,3.0,61925.0,162622.0,125768.0,167630.0,137235.0
2026-04-14 18:03:56.910697,715879,1609507330500806,4930470859,-0.772992,0.513376,0.718336,13.4575,6.74625,-10.3075,-8.752001,-0.232,27.384,none,8,3.0,61925.0,162622.0,125768.0,167630.0,137235.0
2026-04-14 18:03:56.913208,715880,1609507330515485,4930485828,-0.81984,0.482144,0.583648,10.57,7.63875,-9.292501,-8.72,-0.152,27.752,none,8,3.0,61925.0,162622.0,125768.0,167630.0,137235.0
2026-04-14 18:03:56.915643,715881,1609507330524438,4930494531,-0.81984,0.454816,0.450912,8.9075,9.38,-9.14375,-8.72,-0.152,27.752,none,8,3.0,61925.0,162622.0,125768.0,167630.0,137235.0
2026-04-14 18:03:56.918181,715882,1609507330533370,4930503260,-0.847168,0.454816,0.450912,7.805,10.08875,-8.44375,-8.744,-0.088,30.640001,none,8,3.0,61925.0,162622.0,125768.0,167630.0,137235.0
2026-04-14 18:03:56.945687,715893,1609507330548219,4930518174,-0.728096,0.376736,0.616832,5.7925,11.19125,-6.76375,-8.488001,-0.408,26.568,none,8,3.0,71699.0,165278.0,135360.0,169962.0,149314.0
2026-04-14 18:03:56.948268,715894,1609507330557388,4930526868,-0.728096,0.376736,0.616832,4.19125,14.91875,-3.96375,-8.488001,-0.408,26.568,none,8,3.0,71699.0,165278.0,135360.0,169962.0,149314.0
2026-04-14 18:03:56.950799,715895,1609507330572015,4930541785,-0.769088,0.415776,0.5368,5.5825,22.16375,-2.23125,-6.968,-0.768,26.352001,none,8,3.0,71699.0,165278.0,135360.0,169962.0,149314.0
2026-04-14 18:03:56.953299,715896,1609507330581000,4930550480,-0.769088,0.415776,0.5368,7.8225,31.710001,-0.0175,-6.968,-0.768,26.352001,none,8,3.0,71699.0,165278.0,135360.0,169962.0,149314.0
2026-04-14 18:03:56.955692,715897,1609507330589941,4930559204,-0.815936,0.452864,0.515328,6.7375,39.305,1.33875,-6.568,-0.408,26.720001,none,8,3.0,71699.0,165278.0,135360.0,169962.0,149314.0
2026-04-14 18:03:56.960772,715898,1609507330604563,4930574358,-0.815936,0.452864,0.515328,-0.21,42.5775,3.4825,-6.568,-0.408,26.720001,none,8,3.0,71699.0,165278.0,135360.0,169962.0,149314.0
2026-04-14 18:03:56.969573,715899,1609507330613603,4930583081,-0.813984,0.388448,0.51728,-8.96875,43.19875,5.53875,-5.816001,-0.392,25.704,none,8,3.0,71699.0,165278.0,135360.0,169962.0,149314.0
2026-04-14 18:03:56.985928,715900,1609507330628103,4930598098,-0.882304,0.343552,0.495808,-18.38375,41.90375,4.375,-6.072001,0.424,27.656002,none,8,3.0,71699.0,165278.0,135360.0,169962.0,149314.0
2026-04-14 18:03:56.993167,715901,1609507330637058,4930606809,-0.882304,0.343552,0.495808,-28.49875,39.48875,0.39375,-6.072001,0.424,27.656002,none,8,3.0,71699.0,165278.0,135360.0,169962.0,149314.0
2026-04-14 18:03:57.029598,715912,1609507330651674,4930620193,-0.890112,0.33184,0.52704,-37.5375,36.505,-6.195,-5.648,0.336,27.112001,none,8,3.0,35047.0,156054.0,84723.0,162414.0,90425.0
2026-04-14 18:03:57.031973,715913,1609507330661217,4930631061,-0.890112,0.33184,0.52704,-43.16375,23.05625,-8.33875,-5.648,0.336,27.112001,none,8,3.0,35047.0,156054.0,84723.0,162414.0,90425.0
2026-04-14 18:03:57.034510,715914,1609507330670163,4930639770,-0.81008,0.318176,0.560224,-47.32875,8.9425,-6.06375,-6.088,1.232,27.744001,none,8,3.0,35047.0,156054.0,84723.0,162414.0,90425.0
2026-04-14 18:03:57.040775,715915,1609507330684733,4930654849,-0.81008,0.318176,0.560224,-49.23625,3.0275,-4.05125,-6.088,1.232,27.744001,none,8,3.0,35047.0,156054.0,84723.0,162414.0,90425.0
2026-04-14 18:03:57.049588,715916,1609507330693689,4930663542,-0.77104,0.267424,0.687104,-49.70875,1.61,-4.2,-5.952,1.888,28.080002,none,8,3.0,35047.0,156054.0,84723.0,162414.0,90425.0
2026-04-14 18:03:57.068918,715917,1609507330708194,4930678442,-0.851072,0.222528,0.554368,-49.6825,0.49,-6.4925,-4.976,2.536,27.624,none,8,3.0,35047.0,156054.0,84723.0,162414.0,90425.0
2026-04-14 18:03:57.075360,715918,1609507330717141,4930687133,-0.851072,0.222528,0.554368,-50.12,-3.92,-8.4875,-4.976,2.536,27.624,none,8,3.0,35047.0,156054.0,84723.0,162414.0,90425.0
2026-04-14 18:03:57.081741,715919,1609507330726079,4930695850,-0.796416,0.247904,0.581696,-51.52,-9.292501,-9.345,-4.976,3.184,26.800001,none,8,3.0,35047.0,156054.0,84723.0,162414.0,90425.0
2026-04-14 18:03:57.096858,715920,1609507330740568,4930710770,-0.796416,0.247904,0.581696,-46.9875,-12.06625,-7.55125,-6.056,3.184,26.800001,none,8,3.0,35047.0,156054.0,84723.0,162414.0,90425.0
2026-04-14 18:03:57.130560,715931,1609507330750163,4930719577,-0.815936,0.345504,0.737856,-41.1775,-13.74625,-5.08375,-5.432,3.056,26.624,none,8,3.0,31499.0,149122.0,76927.0,155449.0,82830.0
2026-04-14 18:03:57.133717,715932,1609507330764779,4930734585,-0.815936,0.345504,0.737856,-40.355,-13.9825,-4.89125,-5.432,3.056,26.624,none,8,3.0,31499.0,149122.0,76927.0,155449.0,82830.0
2026-04-14 18:03:57.135751,715933,1609507330773730,4930743336,-0.698816,0.245952,0.815936,-41.982502,-13.011251,-3.50875,-6.472,4.04,27.504002,none,8,3.0,31499.0,149122.0,76927.0,155449.0,82830.0
2026-04-14 18:03:57.141180,715934,1609507330782786,4930752040,-0.698816,0.245952,0.815936,-43.076252,-9.28375,-4.13875,-6.472,4.04,27.504002,none,8,3.0,31499.0,149122.0,76927.0,155449.0,82830.0
2026-04-14 18:03:57.153674,715935,1609507330797323,4930767120,-0.798368,0.144448,0.755424,-40.50375,-4.725,-6.405,-6.192,4.496,28.608002,none,8,3.0,31499.0,149122.0,76927.0,155449.0,82830.0
2026-04-14 18:03:57.162436,715936,1609507330806375,4930775842,-0.798368,0.050752,0.466528,-27.88625,-0.5075,-5.34625,-6.192,4.496,28.608002,none,8,3.0,31499.0,149122.0,76927.0,155449.0,82830.0
2026-04-14 18:03:57.190959,715937,1609507330820907,4930790913,-0.815936,0.050752,0.466528,-8.96,4.90875,-3.29875,-5.856,4.44,27.984001,none,8,3.0,31499.0,149122.0,76927.0,155449.0,82830.0
2026-04-14 18:03:57.212069,715938,1609507330830019,4930799599,-0.862784,0.230336,0.610976,8.39125,7.5075,-1.05,-6.12,4.048,26.592001,none,8,3.0,31499.0,149122.0,76927.0,155449.0,82830.0
2026-04-14 18:03:57.237061,715939,1609507330839138,4930808343,-0.862784,0.230336,0.610976,20.545,3.955,0.98875,-6.12,4.048,26.592001,none,8,3.0,31499.0,149122.0,76927.0,155449.0,82830.0
2026-04-14 18:03:57.266934,715950,1609507330853741,4930823447,-0.782752,0.407968,0.64416,26.0925,0.28875,2.37125,-5.208,3.568,26.984001,none,8,3.0,34318.0,145889.0,81901.0,152125.0,88951.0
2026-04-14 18:03:57.269211,715951,1609507330862652,4930832132,-0.782752,0.407968,0.64416,16.51125,-1.42625,2.12625,-5.208,3.568,26.984001,none,8,3.0,34318.0,145889.0,81901.0,152125.0,88951.0
2026-04-14 18:03:57.271941,715952,1609507330877296,4930847034,-0.737856,0.396256,0.759328,-4.57625,-1.30375,0.27125,-5.216,4.08,26.848001,none,8,3.0,34318.0,145889.0,81901.0,152125.0,88951.0
2026-04-14 18:03:57.274393,715953,1609507330886255,4930855726,-0.737856,0.396256,0.759328,-27.7025,0.1225,-3.57875,-5.216,4.08,26.848001,none,8,3.0,34318.0,145889.0,81901.0,152125.0,88951.0
2026-04-14 18:03:57.276885,715954,1609507330895363,4930864492,-0.831552,0.275232,0.64416,-41.72,3.22,-6.83375,-5.096,4.568,25.776001,none,8,3.0,34318.0,145889.0,81901.0,152125.0,88951.0
2026-04-14 18:03:57.279438,715955,1609507330910097,4930879428,-0.83936,0.22448,0.747616,-40.6,6.1075,-8.435,-5.416,4.952,27.664001,none,8,3.0,34318.0,145889.0,81901.0,152125.0,88951.0
2026-04-14 18:03:57.281978,715956,1609507330919078,4930888148,-0.83936,0.22448,0.747616,-29.96875,8.82875,-6.93875,-5.416,4.952,27.664001,none,8,3.0,34318.0,145889.0,81901.0,152125.0,88951.0
2026-04-14 18:03:57.289572,715957,1609507330933605,4930903100,-0.827648,0.216672,0.757376,-17.885,11.97875,-4.85625,-5.976,5.072,27.720001,none,8,3.0,34318.0,145889.0,81901.0,152125.0,88951.0
2026-04-14 18:03:57.300681,715958,1609507330942552,4930911797,-0.827648,0.216672,0.757376,-7.91,14.6125,-3.59625,-5.976,5.072,27.720001,none,8,3.0,34318.0,145889.0,81901.0,152125.0,88951.0
2026-04-14 18:03:57.332048,715969,1609507330957160,4930926868,-0.901824,0.238144,0.499712,-1.02375,15.8375,-1.295,-4.6,4.76,26.664001,none,8,3.0,37281.0,141290.0,87789.0,147516.0,95118.0
2026-04-14 18:03:57.334574,715970,1609507330966142,4930935617,-0.901824,0.238144,0.499712,-0.2975,15.3475,-0.6475,-4.6,4.76,26.664001,none,8,3.0,37281.0,141290.0,87789.0,147516.0,95118.0
2026-04-14 18:03:57.337073,715971,1609507330975125,4930944335,-0.794464,0.222528,0.568032,-2.86125,14.84,-0.875,-5.472,4.92,27.712002,none,8,3.0,37281.0,141290.0,87789.0,147516.0,95118.0
2026-04-14 18:03:57.347077,715972,1609507330989871,4930959211,-0.812032,0.316224,0.718336,-5.1275,14.7875,-1.2075,-4.952,5.568,28.584002,none,8,3.0,37281.0,141290.0,87789.0,147516.0,95118.0
2026-04-14 18:03:57.353065,715973,1609507330998849,4930967951,-0.812032,0.316224,0.718336,-5.10125,13.755,-0.98875,-4.952,5.568,28.584002,none,8,3.0,37281.0,141290.0,87789.0,147516.0,95118.0
2026-04-14 18:03:57.369497,715974,1609507331013335,4930982872,-0.774944,0.265472,0.681248,-5.88875,12.83625,-2.1,-3.992,4.632,26.864002,none,8,3.0,37281.0,141290.0,87789.0,147516.0,95118.0
2026-04-14 18:03:57.378207,715975,1609507331022357,4930991687,-0.774944,0.265472,0.681248,-10.115,12.22375,-3.9725,-3.992,4.632,26.864002,none,8,3.0,37281.0,141290.0,87789.0,147516.0,95118.0
2026-04-14 18:03:57.388281,715976,1609507331031292,4931000414,-0.825696,0.232288,0.76128,-13.09,12.3025,-5.3725,-4.656,5.016,26.888,none,8,3.0,37281.0,141290.0,87789.0,147516.0,95118.0
2026-04-14 18:03:57.400866,715977,1609507331045978,4931015288,-0.825696,0.232288,0.76128,-11.61125,12.90625,-5.24125,-4.656,5.016,26.888,none,8,3.0,37281.0,141290.0,87789.0,147516.0,95118.0
2026-04-14 18:03:57.430817,715988,1609507331055078,4931024478,-0.774944,0.226432,0.732,-6.83375,11.6375,-4.52375,-3.64,4.992,26.208002,none,8,3.0,38458.0,140330.0,90528.0,146741.0,97897.0
2026-04-14 18:03:57.436135,715989,1609507331069618,4931039416,-0.796416,0.286944,0.691008,0.98875,9.33625,-4.655,-3.536,5.056,26.712002,none,8,3.0,38458.0,140330.0,90528.0,146741.0,97897.0
2026-04-14 18:03:57.438679,715990,1609507331078611,4931048099,-0.796416,0.286944,0.691008,6.545,7.455,-4.41875,-3.536,5.056,26.712002,none,8,3.0,38458.0,140330.0,90528.0,146741.0,97897.0
2026-04-14 18:03:57.453912,715991,1609507331093220,4931063035,-0.872544,0.277184,0.493856,6.265,5.57375,-4.40125,-3.496,5.352,27.792002,none,8,3.0,38458.0,140330.0,90528.0,146741.0,97897.0
2026-04-14 18:03:57.459355,715992,1609507331102160,4931071766,-0.872544,0.277184,0.493856,1.33,3.185,-4.13,-3.496,5.352,27.792002,none,8,3.0,38458.0,140330.0,90528.0,146741.0,97897.0
2026-04-14 18:03:57.467231,715993,1609507331111166,4931080491,-0.851072,0.216672,0.474336,-3.03625,2.2925,-3.59625,-3.424,5.032,26.384,none,8,3.0,38458.0,140330.0,90528.0,146741.0,97897.0
2026-04-14 18:03:57.483594,715994,1609507331125673,4931095424,-0.851072,0.216672,0.474336,-5.215,2.19625,-2.17875,-3.424,5.032,26.384,none,8,3.0,38458.0,140330.0,90528.0,146741.0,97897.0
2026-04-14 18:03:57.489559,715995,1609507331134609,4931104125,-0.833504,0.232288,0.511424,-6.8075,1.015,-1.1025,-3.928,4.976,26.744001,none,8,3.0,38458.0,140330.0,90528.0,146741.0,97897.0
2026-04-14 18:03:57.583358,716006,1609507331149256,4931119061,-0.851072,0.251808,0.632448,-7.49875,-0.735,-1.1025,-3.68,5.064,26.648,none,8,3.0,40883.0,139326.0,96166.0,145790.0,103405.0
2026-04-14 18:03:57.606133,716007,1609507331158186,4931127797,-0.851072,0.251808,0.632448,-8.015,-0.23625,-1.8025,-3.68,5.064,26.648,none,8,3.0,40883.0,139326.0,96166.0,145790.0,103405.0
2026-04-14 18:03:57.608674,716008,1609507331167179,4931136620,-0.851072,0.251808,0.632448,-6.86875,0.1225,-1.68875,-3.68,5.064,26.648,none,8,3.0,40883.0,139326.0,96166.0,145790.0,103405.0
2026-04-14 18:03:57.610635,716009,1609507331181692,4931151488,-0.895968,0.191296,0.40992,-7.14,-0.79625,-0.70875,-4.44,5.736,27.760002,none,8,3.0,40883.0,139326.0,96166.0,145790.0,103405.0
2026-04-14 18:03:57.613617,716010,1609507331190657,4931160270,-0.905728,0.259616,0.558272,-6.85125,-1.54,0.7,-5.04,5.808,28.632002,none,8,3.0,40883.0,139326.0,96166.0,145790.0,103405.0
2026-04-14 18:03:57.615661,716011,1609507331205165,4931175215,-0.905728,0.259616,0.558272,-6.72,-1.25125,0.53375,-5.04,5.808,28.632002,none,8,3.0,40883.0,139326.0,96166.0,145790.0,103405.0
2026-04-14 18:03:57.618124,716012,1609507331214085,4931183899,-0.860832,0.23424,0.503616,-7.4375,-0.63,-0.18375,-5.264,5.88,29.000002,none,8,3.0,40883.0,139326.0,96166.0,145790.0,103405.0
2026-04-14 18:03:57.620664,716013,1609507331228613,4931198913,-0.860832,0.23424,0.503616,-9.52,0.13125,-1.085,-5.264,5.88,29.000002,none,8,3.0,40883.0,139326.0,96166.0,145790.0,103405.0
2026-04-14 18:03:57.623655,716014,1609507331237620,4931207615,-0.77104,0.191296,0.616832,-8.61875,1.1725,-2.63375,-4.592,5.656,26.688002,none,8,3.0,40883.0,139326.0,96166.0,145790.0,103405.0
2026-04-14 18:03:57.625727,716015,1609507331246672,4931216314,-0.77104,0.191296,0.616832,-4.06875,1.9425,-3.91125,-4.592,5.656,26.688002,none,8,3.0,40883.0,139326.0,96166.0,145790.0,103405.0
2026-04-14 18:03:57.656057,716026,1609507331261398,4931231266,-0.841312,0.220576,0.452864,0.42875,2.07375,-4.03375,-4.312,5.624,28.008001,none,8,3.0,68690.0,173684.0,145389.0,183114.0,157220.0
2026-04-14 18:03:57.658640,716027,1609507331270470,4931240098,-0.876448,0.26352,0.603168,2.3625,2.33625,-4.13,-4.24,5.608,28.688002,none,8,3.0,68690.0,173684.0,145389.0,183114.0,157220.0
2026-04-14 18:03:57.661037,716028,1609507331285022,4931255062,-0.876448,0.26352,0.603168,2.26625,2.14375,-4.515,-4.24,5.608,28.688002,none,8,3.0,68690.0,173684.0,145389.0,183114.0,157220.0
2026-04-14 18:03:57.663435,716029,1609507331293971,4931263753,-0.786656,0.226432,0.696864,1.82875,1.54875,-5.43375,-4.368,5.464,27.688002,none,8,3.0,68690.0,173684.0,145389.0,183114.0,157220.0
2026-04-14 18:03:57.666020,716030,1609507331302933,4931272473,-0.786656,0.226432,0.696864,2.3975,0.81375,-6.30875,-4.368,5.464,27.688002,none,8,3.0,68690.0,173684.0,145389.0,183114.0,157220.0
2026-04-14 18:03:57.673165,716031,1609507331317500,4931287503,-0.778848,0.269376,0.616832,4.20875,-0.20125,-6.3875,-4.32,5.032,26.784,none,8,3.0,68690.0,173684.0,145389.0,183114.0,157220.0
2026-04-14 18:03:57.683605,716032,1609507331326529,4931296213,-0.778848,0.269376,0.616832,5.7575,-1.435,-6.7725,-4.32,5.032,26.784,none,8,3.0,68690.0,173684.0,145389.0,183114.0,157220.0
2026-04-14 18:03:57.699840,716033,1609507331341120,4931311108,-0.81008,0.286944,0.573888,5.7225,-2.30125,-7.97125,-3.816,5.192,26.760002,none,8,3.0,68690.0,173684.0,145389.0,183114.0,157220.0
2026-04-14 18:03:57.730626,716044,1609507331350062,4931319781,-0.899872,0.284992,0.603168,4.59375,-3.05375,-9.511251,-3.816,5.192,28.008001,none,8,3.0,63096.0,177128.0,136714.0,186262.0,148594.0
2026-04-14 18:03:57.734848,716045,1609507331364607,4931334734,-0.899872,0.284992,0.603168,4.59375,-3.43,-9.77375,-4.68,4.872,28.008001,none,8,3.0,63096.0,177128.0,136714.0,186262.0,148594.0
2026-04-14 18:03:57.738236,716046,1609507331373602,4931343463,-0.903776,0.247904,0.509472,6.23,-4.17375,-9.1875,-3.512,4.584,26.752,none,8,3.0,63096.0,177128.0,136714.0,186262.0,148594.0
2026-04-14 18:03:57.740351,716047,1609507331382596,4931352226,-0.903776,0.247904,0.509472,7.13125,-4.7425,-8.636251,-3.512,4.584,26.752,none,8,3.0,63096.0,177128.0,136714.0,186262.0,148594.0
2026-04-14 18:03:57.754832,716048,1609507331397230,4931367190,-0.817888,0.228384,0.509472,7.79625,-5.53875,-6.57125,-4.064,4.688,27.000002,none,8,3.0,63096.0,177128.0,136714.0,186262.0,148594.0
2026-04-14 18:03:57.762337,716049,1609507331406181,4931375918,-0.817888,0.228384,0.509472,5.69625,-6.46625,-5.06625,-4.064,4.688,27.000002,none,8,3.0,63096.0,177128.0,136714.0,186262.0,148594.0
2026-04-14 18:03:57.778607,716050,1609507331420761,4931390825,-0.845216,0.230336,0.659776,2.9925,-6.72875,-3.63125,-4.296,4.576,26.760002,none,8,3.0,63096.0,177128.0,136714.0,186262.0,148594.0
2026-04-14 18:03:57.786960,716051,1609507331429700,4931399550,-0.845216,0.230336,0.659776,1.07625,-7.49,-2.835,-4.296,4.576,26.760002,none,8,3.0,63096.0,177128.0,136714.0,186262.0,148594.0
2026-04-14 18:03:57.802291,716052,1609507331444197,4931414519,-0.864736,0.232288,0.591456,1.5225,-8.00625,-2.79125,-3.904,4.504,25.872002,none,8,3.0,63096.0,177128.0,136714.0,186262.0,148594.0
2026-04-14 18:03:57.833003,716063,1609507331453166,4931423381,-0.786656,0.21472,0.755424,2.37125,-8.40875,-2.65125,-4.24,4.552,26.592001,none,8,3.0,53990.0,171203.0,122717.0,180550.0,134347.0
2026-04-14 18:03:57.836029,716064,1609507331462430,4931432118,-0.786656,0.21472,0.755424,1.35625,-8.7675,-3.43,-4.24,4.552,26.592001,none,8,3.0,53990.0,171203.0,122717.0,180550.0,134347.0
2026-04-14 18:03:57.838428,716065,1609507331476997,4931447087,-0.796416,0.201056,0.747616,-0.28875,-8.0675,-3.3425,-4.144,4.784,27.496002,none,8,3.0,53990.0,171203.0,122717.0,180550.0,134347.0
2026-04-14 18:03:57.843154,716066,1609507331485930,4931455843,-0.796416,0.201056,0.747616,-0.41125,-7.13125,-2.52,-4.144,4.784,27.496002,none,8,3.0,53990.0,171203.0,122717.0,180550.0,134347.0
2026-04-14 18:03:57.857266,716067,1609507331500543,4931470732,-0.815936,0.203008,0.542656,0.9975,-6.685,-2.02125,-4.992,4.84,27.496002,none,8,3.0,53990.0,171203.0,122717.0,180550.0,134347.0
2026-04-14 18:03:57.865725,716068,1609507331509647,4931479425,-0.815936,0.203008,0.542656,1.68875,-6.195,-1.8025,-4.992,4.84,27.496002,none,8,3.0,53990.0,171203.0,122717.0,180550.0,134347.0
2026-04-14 18:03:57.875637,716069,1609507331518601,4931488106,-0.77104,0.244,0.716384,1.00625,-5.1975,-1.365,-5.304,4.424,26.840002,none,8,3.0,53990.0,171203.0,122717.0,180550.0,134347.0
2026-04-14 18:03:57.889894,716070,1609507331533259,4931503033,-0.772992,0.22448,0.743712,-0.1925,-4.31375,-1.47875,-4.28,4.424,26.432001,none,8,3.0,53990.0,171203.0,122717.0,180550.0,134347.0
2026-04-14 18:03:57.924805,716071,1609507331542215,4931511735,-0.772992,0.22448,0.743712,-0.63,-3.675,-2.38,-4.28,4.424,26.432001,none,8,3.0,53990.0,171203.0,122717.0,180550.0,134347.0
2026-04-14 18:03:57.987415,716082,1609507331556844,4931527189,-0.782752,0.169824,0.60512,-0.25375,-1.8375,-2.33625,-4.296,4.264,26.384,none,8,3.0,59373.0,175249.0,131341.0,184886.0,143437.0
2026-04-14 18:03:57.989877,716083,1609507331565834,4931535852,-0.782752,0.169824,0.60512,0.455,-0.21875,-2.625,-4.296,4.264,26.384,none,8,3.0,59373.0,175249.0,131341.0,184886.0,143437.0
2026-04-14 18:03:57.991808,716084,1609507331574766,4931544594,-0.853024,0.228384,0.460672,3.1325,1.18125,-1.995,-4.464,4.296,27.008001,none,8,3.0,59373.0,175249.0,131341.0,184886.0,143437.0
2026-04-14 18:03:57.994528,716085,1609507331589262,4931559565,-0.853024,0.228384,0.460672,8.67125,2.3275,-1.67125,-4.464,4.296,27.008001,none,8,3.0,59373.0,175249.0,131341.0,184886.0,143437.0
2026-04-14 18:03:57.997081,716086,1609507331598198,4931568270,-0.8784,0.310368,0.626592,11.43625,2.35375,-3.15875,-4.328,4.264,26.744001,none,8,3.0,59373.0,175249.0,131341.0,184886.0,143437.0
2026-04-14 18:03:57.999918,716087,1609507331612665,4931581113,-0.792512,0.261568,0.648064,12.005,2.30125,-4.3575,-4.432,3.768,27.864002,none,8,3.0,59373.0,175249.0,131341.0,184886.0,143437.0
2026-04-14 18:03:58.002459,716088,1609507331622036,4931591881,-0.792512,0.261568,0.648064,9.948751,2.1175,-5.005,-4.432,3.768,27.864002,none,8,3.0,59373.0,175249.0,131341.0,184886.0,143437.0
2026-04-14 18:03:58.004874,716089,1609507331636677,4931606944,-0.81984,0.275232,0.72224,8.60125,1.855,-4.48875,-4.256,4.072,26.752,none,8,3.0,59373.0,175249.0,131341.0,184886.0,143437.0
2026-04-14 18:03:58.008698,716090,1609507331645586,4931615635,-0.81984,0.275232,0.72224,8.295,1.49625,-4.34875,-4.256,4.072,26.752,none,8,3.0,59373.0,175249.0,131341.0,184886.0,143437.0
2026-04-14 18:03:58.034614,716101,1609507331655229,4931624382,-0.860832,0.257664,0.552416,8.82,0.86625,-4.71625,-4.304,3.616,27.136002,none,8,3.0,64649.0,177765.0,139069.0,187543.0,151136.0
2026-04-14 18:03:58.036701,716102,1609507331669817,4931639366,-0.860832,0.257664,0.552416,9.24875,0.74375,-4.22625,-4.304,3.616,27.136002,none,8,3.0,64649.0,177765.0,139069.0,187543.0,151136.0
2026-04-14 18:03:58.039815,716103,1609507331678783,4931648062,-0.776896,0.249856,0.642208,10.3775,0.1575,-3.43,-4.184,3.6,27.408,none,8,3.0,64649.0,177765.0,139069.0,187543.0,151136.0
2026-04-14 18:03:58.049793,716104,1609507331693353,4931663106,-0.813984,0.25376,0.691008,9.555,-0.39375,-2.66,-5.128,3.712,27.536001,none,8,3.0,64649.0,177765.0,139069.0,187543.0,151136.0
2026-04-14 18:03:58.058598,716105,1609507331702346,4931671813,-0.813984,0.25376,0.691008,7.525,-1.00625,-2.2925,-5.128,3.712,27.536001,none,8,3.0,64649.0,177765.0,139069.0,187543.0,151136.0
2026-04-14 18:03:58.067376,716106,1609507331711327,4931680515,-0.813984,0.25376,0.691008,4.9875,-2.135,-2.1175,-5.128,3.712,27.536001,none,8,3.0,64649.0,177765.0,139069.0,187543.0,151136.0
2026-04-14 18:03:58.082363,716107,1609507331725775,4931695405,-0.786656,0.230336,0.730048,3.71,-2.98375,-2.7125,-4.6,3.552,26.016,none,8,3.0,64649.0,177765.0,139069.0,187543.0,151136.0
2026-04-14 18:03:58.091126,716108,1609507331734723,4931704086,-0.817888,0.244,0.482144,4.41875,-3.75375,-2.7475,-5.08,3.344,27.904001,none,8,3.0,64649.0,177765.0,139069.0,187543.0,151136.0
2026-04-14 18:03:58.105697,716109,1609507331749225,4931719035,-0.817888,0.244,0.482144,4.9175,-4.45375,-2.91375,-5.08,3.344,27.904001,none,8,3.0,64649.0,177765.0,139069.0,187543.0,151136.0
2026-04-14 18:03:58.133124,716120,1609507331758385,4931727780,-0.774944,0.265472,0.747616,4.26125,-4.7425,-3.22,-4.528,3.112,27.624,none,8,3.0,67768.0,180492.0,143418.0,190338.0,155406.0
2026-04-14 18:03:58.135593,716121,1609507331767392,4931736551,-0.774944,0.265472,0.747616,2.2925,-4.6025,-3.31625,-4.528,3.112,27.624,none,8,3.0,67768.0,180492.0,143418.0,190338.0,155406.0
2026-04-14 18:03:58.138624,716122,1609507331781937,4931751422,-0.831552,0.265472,0.716384,1.2775,-4.08625,-2.70375,-4.528,3.136,26.808,none,8,3.0,67768.0,180492.0,143418.0,190338.0,155406.0
2026-04-14 18:03:58.148211,716123,1609507331790941,4931760156,-0.831552,0.265472,0.716384,2.30125,-3.885,-2.05625,-4.528,3.136,26.808,none,8,3.0,67768.0,180492.0,143418.0,190338.0,155406.0
2026-04-14 18:03:58.187383,716124,1609507331805468,4931775169,-0.862784,0.257664,0.607072,2.82625,-2.3625,-2.065,-4.488,3.024,26.456001,none,8,3.0,67768.0,180492.0,143418.0,190338.0,155406.0
2026-04-14 18:03:58.189849,716125,1609507331814415,4931783862,-0.784704,0.271328,0.648064,2.5375,-1.93375,-1.015,-5.184,3.144,27.864002,none,8,3.0,67768.0,180492.0,143418.0,190338.0,155406.0
2026-04-14 18:03:58.192191,716126,1609507331829003,4931798778,-0.784704,0.271328,0.648064,1.81125,-1.47875,-0.58625,-5.184,3.144,27.864002,none,8,3.0,67768.0,180492.0,143418.0,190338.0,155406.0
2026-04-14 18:03:58.196204,716127,1609507331837945,4931807465,-0.7808,0.26352,0.681248,0.53375,-0.88375,-1.295,-5.304,3.112,27.872002,none,8,3.0,67768.0,180492.0,143418.0,190338.0,155406.0
2026-04-14 18:03:58.204297,716128,1609507331846884,4931816168,-0.7808,0.26352,0.681248,-1.47,0.65625,-1.7675,-5.304,3.112,27.872002,none,8,3.0,67768.0,180492.0,143418.0,190338.0,155406.0
2026-04-14 18:03:58.233585,716139,1609507331861431,4931831205,-0.788608,0.255712,0.700768,-0.93625,2.065,-0.62125,-4.216,3.328,27.528002,none,8,3.0,72820.0,185539.0,150473.0,195304.0,162739.0
2026-04-14 18:03:58.236131,716140,1609507331870427,4931839935,-0.788608,0.255712,0.700768,0.95375,3.2375,0.07875,-4.216,3.328,27.528002,none,8,3.0,72820.0,185539.0,150473.0,195304.0,162739.0
2026-04-14 18:03:58.242140,716141,1609507331885094,4931854917,-0.778848,0.247904,0.677344,2.40625,4.2875,-0.3325,-4.552,3.16,28.016,none,8,3.0,72820.0,185539.0,150473.0,195304.0,162739.0
2026-04-14 18:03:58.251113,716142,1609507331894086,4931863645,-0.798368,0.23424,0.519232,3.2375,5.18,0.37625,-5.44,2.592,24.864,none,8,3.0,72820.0,185539.0,150473.0,195304.0,162739.0
2026-04-14 18:03:58.258259,716143,1609507331903076,4931872373,-0.798368,0.23424,0.519232,5.04,6.69375,1.155,-5.44,2.592,24.864,none,8,3.0,72820.0,185539.0,150473.0,195304.0,162739.0
2026-04-14 18:03:58.308977,716144,1609507331917587,4931887307,-0.853024,0.267424,0.474336,6.13375,8.12,1.8725,-4.016,2.28,26.696001,none,8,3.0,72820.0,185539.0,150473.0,195304.0,162739.0
2026-04-14 18:03:58.310970,716145,1609507331926508,4931895987,-0.853024,0.267424,0.474336,7.9975,9.6775,3.40375,-4.016,2.28,26.696001,none,8,3.0,72820.0,185539.0,150473.0,195304.0,162739.0
2026-04-14 18:03:58.313479,716146,1609507331940946,4931910823,-0.772992,0.259616,0.591456,9.35375,10.71875,4.54125,-4.968,2.784,28.776001,none,8,3.0,72820.0,185539.0,150473.0,195304.0,162739.0
2026-04-14 18:03:58.315987,716147,1609507331949883,4931919516,-0.772992,0.259616,0.591456,9.765,12.06625,5.03125,-4.968,2.784,28.776001,none,8,3.0,72820.0,185539.0,150473.0,195304.0,162739.0
2026-04-14 18:03:58.343308,716158,1609507331964644,4931934568,-0.7808,0.238144,0.618784,9.8525,13.1075,5.1275,-4.968,2.672,28.824001,none,8,3.0,80010.0,199117.0,159838.0,207138.0,172596.0
2026-04-14 18:03:58.346170,716159,1609507331973661,4931943265,-0.7808,0.238144,0.52704,10.255,12.9675,4.62,-4.968,2.672,28.824001,none,8,3.0,80010.0,199117.0,159838.0,207138.0,172596.0
2026-04-14 18:03:58.348684,716160,1609507331982694,4931952003,-0.89792,0.271328,0.52704,12.83625,12.38125,3.85875,-5.336,2.568,28.000002,none,8,3.0,80010.0,199117.0,159838.0,207138.0,172596.0
2026-04-14 18:03:58.354872,716161,1609507331997234,4931966972,-0.823744,0.32208,0.708576,13.39625,11.15625,2.58125,-5.688,2.136,27.840002,none,8,3.0,80010.0,199117.0,159838.0,207138.0,172596.0
2026-04-14 18:03:58.362396,716162,1609507332006191,4931975678,-0.823744,0.32208,0.708576,13.39625,10.84125,3.0975,-5.688,2.136,27.840002,none,8,3.0,80010.0,199117.0,159838.0,207138.0,172596.0
2026-04-14 18:03:58.378670,716163,1609507332020779,4931990629,-0.872544,0.30256,0.513376,11.935,10.955,2.9225,-3.368,1.744,26.904001,none,8,3.0,80010.0,199117.0,159838.0,207138.0,172596.0
2026-04-14 18:03:58.390848,716164,1609507332029762,4931999337,-0.872544,0.30256,0.513376,8.98625,10.08875,1.7325,-3.368,1.744,26.904001,none,8,3.0,80010.0,199117.0,159838.0,207138.0,172596.0
2026-04-14 18:03:58.394248,716165,1609507332038726,4932008053,-0.86864,0.324032,0.560224,7.06125,8.8725,1.61875,-3.28,1.608,26.920002,none,8,3.0,80010.0,199117.0,159838.0,207138.0,172596.0
2026-04-14 18:03:58.411030,716166,1609507332053254,4932023002,-0.86864,0.324032,0.560224,6.71125,8.3125,2.1175,-3.28,1.608,26.920002,none,8,3.0,80010.0,199117.0,159838.0,207138.0,172596.0
2026-04-14 18:03:58.438514,716177,1609507332062264,4932031734,-0.870592,0.335744,0.57584,6.36125,8.12,2.275,-3.344,1.608,26.632002,none,8,3.0,73987.0,201158.0,151521.0,208986.0,164019.0
2026-04-14 18:03:58.441118,716178,1609507332076801,4932046696,-0.880352,0.327936,0.50752,4.17375,7.07,0.90125,-4.056,1.88,27.864002,none,8,3.0,73987.0,201158.0,151521.0,208986.0,164019.0
2026-04-14 18:03:58.443093,716179,1609507332085745,4932055378,-0.880352,0.327936,0.50752,2.3975,6.23875,-0.07875,-4.056,1.88,27.864002,none,8,3.0,73987.0,201158.0,151521.0,208986.0,164019.0
2026-04-14 18:03:58.457378,716180,1609507332100263,4932070349,-0.774944,0.294752,0.646112,0.91875,5.20625,-0.69125,-3.744,1.704,27.144001,none,8,3.0,73987.0,201158.0,151521.0,208986.0,164019.0
2026-04-14 18:03:58.467374,716181,1609507332109185,4932079046,-0.774944,0.294752,0.646112,-0.20125,3.8325,-0.7,-3.744,1.704,27.144001,none,8,3.0,73987.0,201158.0,151521.0,208986.0,164019.0
2026-04-14 18:03:58.474626,716182,1609507332118103,4932087715,-0.870592,0.32208,0.628544,0.2625,3.57,-0.875,-3.088,1.536,26.952002,none,8,3.0,73987.0,201158.0,151521.0,208986.0,164019.0
2026-04-14 18:03:58.489212,716183,1609507332132614,4932102649,-0.870592,0.32208,0.628544,2.16125,3.57875,-0.70875,-3.088,1.536,26.952002,none,8,3.0,73987.0,201158.0,151521.0,208986.0,164019.0
2026-04-14 18:03:58.498465,716184,1609507332141541,4932111343,-0.85888,0.275232,0.671488,6.74625,4.17375,0.60375,-2.776,1.12,27.144001,none,8,3.0,73987.0,201158.0,151521.0,208986.0,164019.0
2026-04-14 18:03:58.536124,716195,1609507332156155,4932126543,-0.886208,0.31232,0.484096,17.4475,6.04625,1.5925,-2.928,0.968,28.208002,none,8,3.0,57318.0,190054.0,127303.0,199041.0,139259.0
2026-04-14 18:03:58.538651,716196,1609507332165204,4932135265,-0.886208,0.31232,0.484096,28.175,5.62625,1.72375,-2.928,0.968,28.208002,none,8,3.0,57318.0,190054.0,127303.0,199041.0,139259.0
2026-04-14 18:03:58.540622,716197,1609507332179963,4932150222,-0.79056,0.327936,0.59536,34.405,5.3375,2.65125,-2.552,0.152,26.800001,none,8,3.0,57318.0,190054.0,127303.0,199041.0,139259.0
2026-04-14 18:03:58.546133,716198,1609507332188901,4932158937,-0.79056,0.327936,0.59536,36.0325,4.515,2.0825,-2.552,0.152,26.800001,none,8,3.0,57318.0,190054.0,127303.0,199041.0,139259.0
2026-04-14 18:03:58.564115,716199,1609507332197875,4932167625,-0.886208,0.347456,0.443104,36.6975,3.535,1.785,-3.12,-0.4,26.992,none,8,3.0,57318.0,190054.0,127303.0,199041.0,139259.0
2026-04-14 18:03:58.564472,716200,1609507332208992,4932177972,-0.886208,0.347456,0.443104,38.7275,2.28375,1.61875,-3.12,-0.4,26.992,none,8,3.0,57318.0,190054.0,127303.0,199041.0,139259.0
2026-04-14 18:03:58.578333,716201,1609507332223529,4932192862,-0.81008,0.363072,0.456768,42.735,0.91,0.86625,-4.008,-0.592,27.824001,none,8,3.0,57318.0,190054.0,127303.0,199041.0,139259.0
2026-04-14 18:03:58.589426,716202,1609507332232562,4932201650,-0.81008,0.363072,0.456768,44.86125,0.1225,0.79625,-4.008,-0.592,27.824001,none,8,3.0,57318.0,190054.0,127303.0,199041.0,139259.0
2026-04-14 18:03:58.604536,716203,1609507332247052,4932216543,-0.89792,0.376736,0.366976,40.10125,-0.035,0.70875,-3.192,-1.112,26.944002,none,8,3.0,57318.0,190054.0,127303.0,199041.0,139259.0
2026-04-14 18:03:58.684197,716214,1609507332255973,4932225225,-0.905728,0.368928,0.415776,31.84125,-0.23625,0.7,-3.192,-1.024,25.152,none,8,3.0,42736.0,174122.0,103394.0,184165.0,113155.0
2026-04-14 18:03:58.684330,716215,1609507332265435,4932233965,-0.905728,0.368928,0.415776,25.43625,-0.5425,1.21625,-3.912,-1.024,25.152,none,8,3.0,42736.0,174122.0,103394.0,184165.0,113155.0
2026-04-14 18:03:58.685446,716216,1609507332280511,4932248976,-0.827648,0.324032,0.423584,21.28,-0.7,0.70875,-3.904,-1.264,27.888,none,8,3.0,42736.0,174122.0,103394.0,184165.0,113155.0
2026-04-14 18:03:58.690587,716217,1609507332289823,4932259748,-0.827648,0.324032,0.423584,18.52375,-0.81375,0.32375,-3.904,-1.264,27.888,none,8,3.0,42736.0,174122.0,103394.0,184165.0,113155.0
2026-04-14 18:03:58.693320,716218,1609507332304414,4932274671,-0.825696,0.388448,0.618784,17.815,-0.95375,-0.20125,-4.24,-1.408,28.272001,none,8,3.0,42736.0,174122.0,103394.0,184165.0,113155.0
2026-04-14 18:03:58.695845,716219,1609507332313360,4932283388,-0.825696,0.388448,0.618784,17.325,-0.595,-1.23375,-4.24,-1.408,28.272001,none,8,3.0,42736.0,174122.0,103394.0,184165.0,113155.0
2026-04-14 18:03:58.698324,716220,1609507332322301,4932292088,-0.788608,0.37088,0.651968,15.53125,-0.42,-2.695,-3.536,-1.816,28.064001,none,8,3.0,42736.0,174122.0,103394.0,184165.0,113155.0
2026-04-14 18:03:58.700694,716221,1609507332336867,4932307098,-0.788608,0.333792,0.528992,13.86875,-0.1225,-3.17625,-3.72,-1.984,28.312002,none,8,3.0,42736.0,174122.0,103394.0,184165.0,113155.0
2026-04-14 18:03:58.703325,716222,1609507332345822,4932315784,-0.788608,0.333792,0.528992,12.73125,0.44625,-3.10625,-3.72,-1.984,28.312002,none,8,3.0,42736.0,174122.0,103394.0,184165.0,113155.0
2026-04-14 18:03:58.738330,716233,1609507332360701,4932330802,-0.845216,0.388448,0.64416,10.6225,0.8225,-3.2025,-3.152,-2.272,28.248001,none,8,3.0,41647.0,172992.0,101381.0,183099.0,110941.0
2026-04-14 18:03:58.740848,716234,1609507332369717,4932339597,-0.845216,0.388448,0.64416,7.63,1.26,-3.15875,-3.152,-2.272,28.248001,none,8,3.0,41647.0,172992.0,101381.0,183099.0,110941.0
2026-04-14 18:03:58.743299,716235,1609507332378654,4932348350,-0.8784,0.366976,0.398208,5.57375,1.365,-3.08875,-4.584,-1.752,29.088001,none,8,3.0,41647.0,172992.0,101381.0,183099.0,110941.0
2026-04-14 18:03:58.750839,716236,1609507332393249,4932363355,-0.8784,0.366976,0.398208,5.3025,2.52875,-3.255,-4.584,-1.752,29.088001,none,8,3.0,41647.0,172992.0,101381.0,183099.0,110941.0
2026-04-14 18:03:58.758324,716237,1609507332402226,4932372049,-0.89792,0.3904,0.382592,5.55625,3.4475,-3.38625,-2.84,-2.752,26.648,none,8,3.0,41647.0,172992.0,101381.0,183099.0,110941.0
2026-04-14 18:03:58.774530,716238,1609507332416749,4932386955,-0.866688,0.42944,0.577792,5.565,4.4975,-3.26375,-2.84,-2.752,26.720001,none,8,3.0,41647.0,172992.0,101381.0,183099.0,110941.0
2026-04-14 18:03:58.783516,716239,1609507332425834,4932395644,-0.862784,0.42944,0.577792,3.73625,5.0575,-3.0275,-2.904,-2.384,26.720001,none,8,3.0,41647.0,172992.0,101381.0,183099.0,110941.0
2026-04-14 18:03:58.798515,716240,1609507332440345,4932410635,-0.817888,0.365024,0.474336,0.76125,5.81,-2.9225,-3.056,-2.688,27.12,none,8,3.0,41647.0,172992.0,101381.0,183099.0,110941.0
2026-04-14 18:03:58.828622,716241,1609507332449265,4932419311,-0.817888,0.365024,0.474336,-2.02125,5.81875,-3.0275,-3.056,-2.688,27.12,none,8,3.0,41647.0,172992.0,101381.0,183099.0,110941.0
2026-04-14 18:03:58.856206,716252,1609507332458540,4932428187,-0.886208,0.398208,0.54656,-3.7275,6.18625,-2.8175,-3.488,-2.552,26.416,none,8,3.0,43338.0,175688.0,104544.0,185783.0,114611.0
2026-04-14 18:03:58.858657,716253,1609507332473142,4932443292,-0.886208,0.398208,0.54656,-4.15625,6.81625,-3.80625,-3.488,-2.552,26.416,none,8,3.0,43338.0,175688.0,104544.0,185783.0,114611.0
2026-04-14 18:03:58.861199,716254,1609507332482112,4932452030,-0.890112,0.402112,0.37088,-3.57,6.4225,-4.15625,-3.576,-2.576,27.080002,none,8,3.0,43338.0,175688.0,104544.0,185783.0,114611.0
2026-04-14 18:03:58.863667,716255,1609507332496765,4932467061,-0.890112,0.402112,0.511424,-2.6425,6.755,-3.4825,-3.576,-2.576,27.080002,none,8,3.0,43338.0,175688.0,104544.0,185783.0,114611.0
2026-04-14 18:03:58.867749,716256,1609507332505764,4932475783,-0.796416,0.349408,0.509472,-3.31625,7.76125,-3.89375,-3.376,-2.864,27.376001,none,8,3.0,43338.0,175688.0,104544.0,185783.0,114611.0
2026-04-14 18:03:58.873599,716257,1609507332514789,4932484503,-0.796416,0.349408,0.509472,-3.5875,8.28625,-4.2175,-3.376,-2.864,27.376001,none,8,3.0,43338.0,175688.0,104544.0,185783.0,114611.0
2026-04-14 18:03:58.886061,716258,1609507332529285,4932499518,-0.909632,0.372832,0.476288,-1.435,9.0825,-3.955,-2.232,-2.96,26.864002,none,8,3.0,43338.0,175688.0,104544.0,185783.0,114611.0
2026-04-14 18:03:58.898483,716259,1609507332538224,4932508201,-0.833504,0.36112,0.40992,1.5225,9.4675,-3.3075,-2.312,-2.672,27.056002,none,8,3.0,43338.0,175688.0,104544.0,185783.0,114611.0
2026-04-14 18:03:58.909318,716260,1609507332552789,4932523138,-0.833504,0.36112,0.40992,4.05125,9.1175,-2.56375,-2.312,-2.672,27.056002,none,8,3.0,43338.0,175688.0,104544.0,185783.0,114611.0
2026-04-14 18:03:58.937416,716271,1609507332561920,4932531907,-0.802272,0.402112,0.607072,3.8675,8.715,-2.37125,-2.656,-2.72,27.960001,none,8,3.0,47447.0,180162.0,111761.0,190190.0,123054.0
2026-04-14 18:03:58.939910,716272,1609507332571030,4932540685,-0.802272,0.402112,0.607072,1.68875,8.84625,-2.87875,-2.656,-2.72,27.960001,none,8,3.0,47447.0,180162.0,111761.0,190190.0,123054.0
2026-04-14 18:03:58.941916,716273,1609507332585722,4932555585,-0.847168,0.363072,0.415776,-0.175,9.1875,-2.98375,-3.624,-2.104,28.880001,none,8,3.0,47447.0,180162.0,111761.0,190190.0,123054.0
2026-04-14 18:03:58.951170,716274,1609507332594880,4932564281,-0.847168,0.363072,0.415776,-0.51625,8.51375,-2.8875,-3.624,-2.104,28.880001,none,8,3.0,47447.0,180162.0,111761.0,190190.0,123054.0
2026-04-14 18:03:58.964523,716275,1609507332609318,4932579127,-0.85888,0.40016,0.60512,0.21,8.11125,-2.84375,-2.192,-2.76,26.768002,none,8,3.0,47447.0,180162.0,111761.0,190190.0,123054.0
2026-04-14 18:03:58.975611,716276,1609507332618290,4932587861,-0.876448,0.415776,0.55632,1.51375,7.55125,-3.4125,-0.144,-2.632,27.112001,none,8,3.0,47447.0,180162.0,111761.0,190190.0,123054.0
2026-04-14 18:03:58.989943,716277,1609507332632839,4932602764,-0.876448,0.415776,0.55632,2.70375,6.335,-3.36,-1.832,-2.632,27.112001,none,8,3.0,47447.0,180162.0,111761.0,190190.0,123054.0
2026-04-14 18:03:58.999615,716278,1609507332641816,4932611473,-0.837408,0.417728,0.593408,2.66875,5.74875,-3.01875,-1.4,-2.992,27.800001,none,8,3.0,47447.0,180162.0,111761.0,190190.0,123054.0
2026-04-14 18:03:59.024924,716279,1609507332650809,4932620267,-0.837408,0.417728,0.593408,0.86625,5.24125,-3.22,-1.4,-2.992,27.800001,none,8,3.0,47447.0,180162.0,111761.0,190190.0,123054.0
2026-04-14 18:03:59.074778,716290,1609507332665419,4932635494,-0.866688,0.40992,0.597312,-0.665,4.7775,-3.36875,-2.48,-2.688,28.136002,none,8,3.0,46063.0,178852.0,109472.0,188766.0,120335.0
2026-04-14 18:03:59.077265,716291,1609507332674320,4932644243,-0.866688,0.40992,0.597312,-0.98875,4.515,-3.36875,-2.48,-2.688,28.136002,none,8,3.0,46063.0,178852.0,109472.0,188766.0,120335.0
2026-04-14 18:03:59.079769,716292,1609507332688794,4932659118,-0.825696,0.366976,0.489952,0.81375,3.82375,-2.7475,-2.712,-2.72,27.176,none,8,3.0,46063.0,178852.0,109472.0,188766.0,120335.0
2026-04-14 18:03:59.081851,716293,1609507332697722,4932667864,-0.825696,0.366976,0.489952,2.7475,3.52625,-2.72125,-2.712,-2.72,27.176,none,8,3.0,46063.0,178852.0,109472.0,188766.0,120335.0
2026-04-14 18:03:59.084776,716294,1609507332706792,4932676611,-0.806176,0.406016,0.571936,3.99875,2.58125,-2.58125,-1.704,-3.072,28.504002,none,8,3.0,46063.0,178852.0,109472.0,188766.0,120335.0
2026-04-14 18:03:59.087384,716295,1609507332721457,4932691693,-0.911584,0.413824,0.345504,3.325,1.26,-2.5375,-1.448,-2.904,26.776001,none,8,3.0,46063.0,178852.0,109472.0,188766.0,120335.0
2026-04-14 18:03:59.089887,716296,1609507332730449,4932700396,-0.911584,0.413824,0.345504,0.55125,0.4725,-2.56375,-1.448,-2.904,26.776001,none,8,3.0,46063.0,178852.0,109472.0,188766.0,120335.0
2026-04-14 18:03:59.101115,716297,1609507332745074,4932715320,-0.91744,0.402112,0.49776,-3.99875,0.0875,-3.45625,-1.352,-3.016,26.984001,none,8,3.0,46063.0,178852.0,109472.0,188766.0,120335.0
2026-04-14 18:03:59.112391,716298,1609507332754171,4932724055,-0.91744,0.402112,0.49776,-6.18625,0.4025,-3.57875,-1.352,-3.016,26.984001,none,8,3.0,46063.0,178852.0,109472.0,188766.0,120335.0
2026-04-14 18:03:59.139782,716309,1609507332768778,4932739039,-0.817888,0.337696,0.501664,-6.825,0.23625,-3.6925,-2.416,-2.576,28.024002,none,8,3.0,43291.0,175488.0,104658.0,185466.0,114612.0
2026-04-14 18:03:59.142203,716310,1609507332777724,4932747720,-0.817888,0.337696,0.501664,-5.64375,0.7175,-2.79125,-2.416,-2.576,28.024002,none,8,3.0,43291.0,175488.0,104658.0,185466.0,114612.0
2026-04-14 18:03:59.144908,716311,1609507332786754,4932756466,-0.851072,0.366976,0.542656,-4.1475,0.98,-2.73,-1.4,-3.36,29.680002,none,8,3.0,43291.0,175488.0,104658.0,185466.0,114612.0
2026-04-14 18:03:59.158197,716312,1609507332801330,4932771385,-0.825696,0.3416,0.482144,-2.7475,1.98625,-2.75625,-1.448,-3.024,27.144001,none,8,3.0,43291.0,175488.0,104658.0,185466.0,114612.0
2026-04-14 18:03:59.168485,716313,1609507332810239,4932780131,-0.825696,0.3416,0.482144,-0.90125,3.2725,-2.51125,-1.448,-3.024,27.144001,none,8,3.0,43291.0,175488.0,104658.0,185466.0,114612.0
2026-04-14 18:03:59.182270,716314,1609507332824756,4932795010,-0.851072,0.378688,0.560224,0.385,3.64,-2.68625,-2.144,-2.728,28.496002,none,8,3.0,43291.0,175488.0,104658.0,185466.0,114612.0
2026-04-14 18:03:59.191021,716315,1609507332833787,4932803738,-0.851072,0.378688,0.560224,-0.5075,4.75125,-3.3075,-2.144,-2.728,28.496002,none,8,3.0,43291.0,175488.0,104658.0,185466.0,114612.0
2026-04-14 18:03:59.200817,716316,1609507332842749,4932812446,-0.890112,0.347456,0.329888,-0.91875,5.3375,-4.36625,-1.456,-2.56,27.096,none,8,3.0,43291.0,175488.0,104658.0,185466.0,114612.0
2026-04-14 18:03:59.214863,716317,1609507332857264,4932827336,-0.890112,0.347456,0.329888,-1.96,5.78375,-5.60875,-1.456,-2.56,27.096,none,8,3.0,43291.0,175488.0,104658.0,185466.0,114612.0
2026-04-14 18:03:59.242294,716328,1609507332866225,4932836098,-0.925248,0.413824,0.521184,-4.87375,5.845,-7.1925,-2.176,-2.568,27.792002,none,8,3.0,40677.0,173909.0,99709.0,183907.0,109024.0
2026-04-14 18:03:59.244359,716329,1609507332880748,4932851062,-0.876448,0.398208,0.610976,-6.615,5.4075,-8.61875,-2.016,-2.472,27.928001,none,8,3.0,40677.0,173909.0,99709.0,183907.0,109024.0
2026-04-14 18:03:59.246815,716330,1609507332889686,4932859787,-0.876448,0.398208,0.610976,-6.09,4.655,-10.6925,-2.016,-2.472,27.928001,none,8,3.0,40677.0,173909.0,99709.0,183907.0,109024.0
2026-04-14 18:03:59.259515,716331,1609507332904204,4932872668,-0.909632,0.40992,0.6832,-5.775,5.7225,-12.215,-0.728,-2.864,26.824001,none,8,3.0,40677.0,173909.0,99709.0,183907.0,109024.0
2026-04-14 18:03:59.269786,716332,1609507332913520,4932883428,-0.909632,0.40992,0.6832,-5.83625,8.44375,-13.475,-0.728,-2.864,26.824001,none,8,3.0,40677.0,173909.0,99709.0,183907.0,109024.0
2026-04-14 18:03:59.281178,716333,1609507332922507,4932892117,-0.999424,0.462624,0.71248,-3.28125,9.7825,-15.09375,-1.896,-2.544,28.392002,none,8,3.0,40677.0,173909.0,99709.0,183907.0,109024.0
2026-04-14 18:03:59.294911,716334,1609507332937036,4932906997,-0.999424,0.462624,0.71248,0.83125,13.34375,-15.11125,-1.896,-2.544,28.392002,none,8,3.0,40677.0,173909.0,99709.0,183907.0,109024.0
2026-04-14 18:03:59.302067,716335,1609507332946160,4932915781,-1.153632,0.601216,0.538752,4.8125,21.30625,-14.37625,-0.12,-2.448,28.144001,none,8,3.0,40677.0,173909.0,99709.0,183907.0,109024.0
2026-04-14 18:03:59.348567,716346,1609507332961198,4932930807,-1.233664,0.583648,0.427488,6.90375,32.2525,-16.02125,-0.792,-2.52,26.464,none,8,3.0,43347.0,183512.0,105293.0,193630.0,116220.0
2026-04-14 18:03:59.349316,716347,1609507332970201,4932939705,-1.233664,0.583648,0.427488,6.55375,43.4875,-20.34375,-0.792,-2.52,26.464,none,8,3.0,43347.0,183512.0,105293.0,193630.0,116220.0
2026-04-14 18:03:59.349423,716348,1609507332979225,4932948395,-1.233664,0.583648,0.427488,-3.19375,48.01125,-22.715,-0.792,-2.52,26.464,none,8,3.0,43347.0,183512.0,105293.0,193630.0,116220.0
2026-04-14 18:03:59.351742,716349,1609507332993730,4932963296,-1.106784,0.466528,0.394304,-13.7375,52.77125,-20.65,0.768,-2.984,28.192001,none,8,3.0,43347.0,183512.0,105293.0,193630.0,116220.0
2026-04-14 18:03:59.358566,716350,1609507333002908,4932972071,-1.175104,0.406016,0.523136,-20.29125,56.4375,-16.37125,1.848,-2.568,26.936,none,8,3.0,43347.0,183512.0,105293.0,193630.0,116220.0
2026-04-14 18:03:59.393811,716351,1609507333017473,4932986983,-1.175104,0.406016,0.523136,-23.47625,55.06375,-12.15375,1.848,-2.568,26.936,none,8,3.0,43347.0,183512.0,105293.0,193630.0,116220.0
2026-04-14 18:03:59.395687,716352,1609507333026401,4932995673,-1.192672,0.368928,0.281088,-21.3675,53.83,-8.5225,2.512,-2.536,27.368002,none,8,3.0,43347.0,183512.0,105293.0,193630.0,116220.0
2026-04-14 18:03:59.397958,716353,1609507333035429,4933004353,-1.192672,0.368928,0.281088,-11.935,56.63,-6.50125,2.512,-2.536,27.368002,none,8,3.0,43347.0,183512.0,105293.0,193630.0,116220.0
2026-04-14 18:03:59.423711,716354,1609507333049970,4933019284,-1.15168,0.445056,0.306464,0.13125,60.4275,-5.4775,3.008,-2.176,28.048002,none,8,3.0,43347.0,183512.0,105293.0,193630.0,116220.0
2026-04-14 18:03:59.448614,716355,1609507333058885,4933028010,-1.15168,0.445056,0.306464,7.67375,60.61125,-4.69875,3.008,-2.176,28.048002,none,8,3.0,43347.0,183512.0,105293.0,193630.0,116220.0
2026-04-14 18:03:59.506158,716366,1609507333073420,4933042949,-1.00528,0.456768,0.37088,8.925,58.275,-4.2525,2.616,-1.992,28.688002,none,8,3.0,88318.0,226052.0,170827.0,230236.0,182843.0
2026-04-14 18:03:59.508748,716367,1609507333082369,4933051676,-0.913536,0.372832,0.199104,1.8725,55.01125,-5.845,3.376,-1.632,29.456001,none,8,3.0,88318.0,226052.0,170827.0,230236.0,182843.0
2026-04-14 18:03:59.513658,716368,1609507333096880,4933066606,-0.913536,0.372832,0.199104,-10.14125,50.63625,-7.805,3.376,-1.632,29.456001,none,8,3.0,88318.0,226052.0,170827.0,230236.0,182843.0
2026-04-14 18:03:59.516143,716369,1609507333105828,4933075315,-0.8784,0.300608,0.255712,-20.8425,45.63125,-9.065,3.88,-1.816,27.168001,none,8,3.0,88318.0,226052.0,170827.0,230236.0,182843.0
2026-04-14 18:03:59.518569,716370,1609507333114796,4933084007,-0.8784,0.300608,0.255712,-24.64875,39.69875,-10.92875,3.88,-1.816,27.168001,none,8,3.0,88318.0,226052.0,170827.0,230236.0,182843.0
2026-04-14 18:03:59.523554,716371,1609507333129315,4933098935,-0.802272,0.26352,0.277184,-20.4925,33.62625,-12.62625,4.2,-1.336,27.984001,none,8,3.0,88318.0,226052.0,170827.0,230236.0,182843.0
2026-04-14 18:03:59.524011,716372,1609507333138261,4933107670,-0.802272,0.26352,0.277184,-13.02,28.81375,-12.7225,4.2,-1.336,27.984001,none,8,3.0,88318.0,226052.0,170827.0,230236.0,182843.0
2026-04-14 18:03:59.525670,716373,1609507333152759,4933122627,-0.698816,0.257664,0.339648,-4.2875,23.5025,-13.86,3.552,-1.24,27.832,none,8,3.0,88318.0,226052.0,170827.0,230236.0,182843.0
2026-04-14 18:03:59.553499,716384,1609507333162345,4933131398,-0.550464,0.245952,0.281088,2.03,19.03125,-15.30375,3.552,-0.984,26.904001,none,8,3.0,54784.0,205648.0,123203.0,213173.0,134431.0
2026-04-14 18:03:59.555527,716385,1609507333171342,4933140226,-0.550464,0.245952,0.281088,9.8175,16.3625,-15.75875,3.336,-0.984,26.904001,none,8,3.0,54784.0,205648.0,123203.0,213173.0,134431.0
2026-04-14 18:03:59.558632,716386,1609507333186522,4933155174,-0.493856,0.236192,0.267424,18.8825,11.94375,-14.56875,4.0,-2.232,27.208002,none,8,3.0,54784.0,205648.0,123203.0,213173.0,134431.0
2026-04-14 18:03:59.561049,716387,1609507333195803,4933165929,-0.493856,0.236192,0.267424,21.37625,10.43,-16.24875,4.0,-2.232,27.208002,none,8,3.0,54784.0,205648.0,123203.0,213173.0,134431.0
2026-04-14 18:03:59.563555,716388,1609507333204740,4933174659,-0.538752,0.208864,0.005856,17.43875,7.9275,-19.2675,4.744,-2.016,27.184002,none,8,3.0,54784.0,205648.0,123203.0,213173.0,134431.0
2026-04-14 18:03:59.575669,716389,1609507333219374,4933189679,-0.538752,0.208864,0.005856,15.9775,6.1425,-18.7775,4.744,-2.016,27.184002,none,8,3.0,54784.0,205648.0,123203.0,213173.0,134431.0
2026-04-14 18:03:59.587426,716390,1609507333228313,4933198359,-0.642208,0.32208,0.060512,18.9175,6.125,-17.745,5.768,-2.712,26.736002,none,8,3.0,54784.0,205648.0,123203.0,213173.0,134431.0
2026-04-14 18:03:59.599922,716391,1609507333242818,4933211230,-0.730048,0.431392,0.113216,22.435,5.36375,-18.75125,5.736,-3.072,25.304,none,8,3.0,54784.0,205648.0,123203.0,213173.0,134431.0
2026-04-14 18:03:59.609522,716392,1609507333252073,4933222013,-0.730048,0.431392,0.113216,25.24375,5.6,-19.22375,5.736,-3.072,25.304,none,8,3.0,54784.0,205648.0,123203.0,213173.0,134431.0
2026-04-14 18:03:59.644747,716403,1609507333266787,4933237027,-0.739808,0.38064,0.054656,21.48125,6.16875,-16.66,5.048,-3.2,25.456001,none,8,3.0,46463.0,184274.0,110520.0,193808.0,121069.0
2026-04-14 18:03:59.647282,716404,1609507333275836,4933245815,-0.739808,0.38064,0.054656,13.7025,7.7175,-12.10125,5.048,-3.2,25.456001,none,8,3.0,46463.0,184274.0,110520.0,193808.0,121069.0
2026-04-14 18:03:59.649804,716405,1609507333284824,4933254559,-0.788608,0.30256,0.199104,7.7875,10.71,-8.05875,5.152,-2.48,26.632002,none,8,3.0,46463.0,184274.0,110520.0,193808.0,121069.0
2026-04-14 18:03:59.656150,716406,1609507333299403,4933269452,-0.788608,0.30256,0.199104,5.41625,13.27375,-4.9525,5.152,-2.48,26.632002,none,8,3.0,46463.0,184274.0,110520.0,193808.0,121069.0
2026-04-14 18:03:59.667383,716407,1609507333308389,4933278140,-0.724192,0.284992,0.454816,8.32125,15.23375,0.34125,5.92,-3.28,25.68,none,8,3.0,46463.0,184274.0,110520.0,193808.0,121069.0
2026-04-14 18:03:59.679389,716408,1609507333322890,4933293073,-0.979904,0.474336,0.70272,13.60625,15.855001,5.705,7.968,-3.424,25.472002,none,8,3.0,46463.0,184274.0,110520.0,193808.0,121069.0
2026-04-14 18:03:59.689913,716409,1609507333331836,4933301765,-0.979904,0.474336,0.70272,18.34875,14.74375,8.05,6.28,-3.424,25.472002,none,8,3.0,46463.0,184274.0,110520.0,193808.0,121069.0
2026-04-14 18:03:59.697409,716410,1609507333340771,4933310456,-0.979904,0.474336,0.70272,20.58875,8.89,8.575,6.28,-3.424,25.472002,none,8,3.0,46463.0,184274.0,110520.0,193808.0,121069.0
2026-04-14 18:03:59.713156,716411,1609507333355268,4933325335,-1.241472,0.4392,0.620736,11.03375,1.1025,6.81625,5.32,-3.4,25.184002,none,8,3.0,46463.0,184274.0,110520.0,193808.0,121069.0
2026-04-14 18:03:59.790850,716422,1609507333364701,4933334163,-1.467904,0.28304,0.769088,-4.45375,-13.195,7.72625,5.328,-3.072,24.344002,none,8,3.0,67000.0,203568.0,144401.0,212477.0,156590.0
2026-04-14 18:03:59.793287,716423,1609507333379435,4933349194,-1.467904,0.28304,0.769088,-25.01625,-32.15625,9.073751,5.328,-3.072,24.344002,none,8,3.0,67000.0,203568.0,144401.0,212477.0,156590.0
2026-04-14 18:03:59.795864,716424,1609507333388410,4933357886,-1.383968,-0.0488,1.11264,-53.01625,-50.96875,3.815,4.92,-2.328,25.536001,none,8,3.0,67000.0,203568.0,144401.0,212477.0,156590.0
2026-04-14 18:03:59.798221,716425,1609507333397460,4933366593,-1.383968,-0.0488,1.11264,-89.55625,-55.37,-8.61875,4.92,-2.328,25.536001,none,8,3.0,67000.0,203568.0,144401.0,212477.0,156590.0
2026-04-14 18:03:59.800635,716426,1609507333412002,4933381492,-1.050176,0.095648,0.806176,-76.5975,-41.7025,-3.38625,4.776,-2.04,25.664001,none,8,3.0,67000.0,203568.0,144401.0,212477.0,156590.0
2026-04-14 18:03:59.803356,716427,1609507333420930,4933390185,-1.050176,0.095648,0.806176,-2.8175,-29.3125,10.0275,4.776,-2.04,25.664001,none,8,3.0,67000.0,203568.0,144401.0,212477.0,156590.0
2026-04-14 18:03:59.805862,716428,1609507333435470,4933405082,-0.977952,0.300608,0.441152,45.745,-22.155,3.63125,4.312,-2.4,27.048,none,8,3.0,67000.0,203568.0,144401.0,212477.0,156590.0
2026-04-14 18:03:59.808296,716429,1609507333444505,4933413821,-0.98576,0.357216,0.181536,52.815,-13.64125,-7.65625,3.464,-3.104,26.768002,none,8,3.0,67000.0,203568.0,144401.0,212477.0,156590.0
2026-04-14 18:03:59.816489,716430,1609507333459129,4933428852,-0.98576,0.357216,0.181536,40.67875,-3.63125,-9.275,3.464,-3.104,26.768002,none,8,3.0,67000.0,203568.0,144401.0,212477.0,156590.0
2026-04-14 18:03:59.845659,716441,1609507333468229,4933437925,-1.05408,0.495808,0.470432,30.12625,2.77375,-4.8825,4.008,-3.448,26.008001,none,8,3.0,34218.0,175522.0,86669.0,185140.0,93988.0
2026-04-14 18:03:59.848314,716442,1609507333477248,4933446692,-1.05408,0.495808,0.470432,20.5975,3.98125,-5.04875,4.008,-3.448,26.008001,none,8,3.0,34218.0,175522.0,86669.0,185140.0,93988.0
2026-04-14 18:03:59.850850,716443,1609507333491857,4933461616,-1.046272,0.349408,0.402112,-0.39375,-1.14625,-11.99625,3.8,-2.888,26.688002,none,8,3.0,34218.0,175522.0,86669.0,185140.0,93988.0
2026-04-14 18:03:59.858339,716444,1609507333500780,4933470302,-1.046272,0.349408,0.402112,-33.34625,-12.5475,-17.54375,3.8,-2.888,26.688002,none,8,3.0,34218.0,175522.0,86669.0,185140.0,93988.0
2026-04-14 18:03:59.874599,716445,1609507333515304,4933485181,-0.919392,0.203008,0.245952,-56.25375,-20.265,-13.3,4.464,-2.192,26.496002,none,8,3.0,34218.0,175522.0,86669.0,185140.0,93988.0
2026-04-14 18:03:59.880878,716446,1609507333524270,4933493926,-0.960384,0.36112,0.138592,-47.25875,-14.63,-1.86375,4.296,-2.264,26.488,none,8,3.0,34218.0,175522.0,86669.0,185140.0,93988.0
2026-04-14 18:03:59.889598,716447,1609507333533206,4933502630,-0.960384,0.36112,0.138592,-23.2575,-5.4775,2.8875,4.296,-2.264,26.488,none,8,3.0,34218.0,175522.0,86669.0,185140.0,93988.0
2026-04-14 18:03:59.904597,716448,1609507333547716,4933517511,-1.026752,0.431392,0.216672,-11.20875,-3.6925,1.3475,4.168,-2.128,26.368002,none,8,3.0,34218.0,175522.0,86669.0,185140.0,93988.0
2026-04-14 18:03:59.911911,716449,1609507333556662,4933526231,-1.026752,0.431392,0.216672,-21.5425,-8.33875,1.505,4.168,-2.128,26.368002,none,8,3.0,34218.0,175522.0,86669.0,185140.0,93988.0
2026-04-14 18:03:59.946857,716460,1609507333571258,4933541262,-0.90768,0.144448,0.257664,-47.22375,-17.465,2.0475,3.872,-0.76,26.160002,none,8,3.0,66507.0,180118.0,135175.0,189680.0,149192.0
2026-04-14 18:03:59.949388,716461,1609507333580237,4933549986,-0.90768,0.144448,0.257664,-67.9,-26.1975,3.7625,3.872,-0.76,26.160002,none,8,3.0,66507.0,180118.0,135175.0,189680.0,149192.0
2026-04-14 18:03:59.951964,716462,1609507333594766,4933564971,-0.753472,0.056608,0.50752,-73.64,-26.64375,2.47625,4.056,-0.64,26.496002,none,8,3.0,66507.0,180118.0,135175.0,189680.0,149192.0
2026-04-14 18:03:59.961984,716463,1609507333603774,4933573666,-0.753472,0.056608,0.50752,-64.1375,-15.645,8.39125,4.056,-0.64,26.496002,none,8,3.0,66507.0,180118.0,135175.0,189680.0,149192.0
2026-04-14 18:03:59.969280,716464,1609507333612722,4933582361,-0.821792,-0.050752,0.519232,-53.8125,-1.18125,12.81875,3.872,0.128,26.584002,none,8,3.0,66507.0,180118.0,135175.0,189680.0,149192.0
2026-04-14 18:03:59.984587,716465,1609507333627307,4933597405,-0.860832,-0.122976,0.6344,-33.0925,11.27875,9.24875,3.744,-0.2,26.976002,none,8,3.0,66507.0,180118.0,135175.0,189680.0,149192.0
2026-04-14 18:03:59.992028,716466,1609507333636345,4933606161,-0.860832,-0.122976,0.6344,2.09125,19.2675,6.41375,3.744,-0.2,26.976002,none,8,3.0,66507.0,180118.0,135175.0,189680.0,149192.0
2026-04-14 18:04:00.013030,716467,1609507333650947,4933621201,-0.895968,0.109312,0.737856,40.4075,22.6275,-0.9275,3.696,-0.776,26.344002,none,8,3.0,66507.0,180118.0,135175.0,189680.0,149192.0
2026-04-14 18:04:00.018084,716468,1609507333659889,4933629896,-0.895968,0.109312,0.737856,56.46375,10.5,-16.94875,3.696,-0.776,26.344002,none,8,3.0,66507.0,180118.0,135175.0,189680.0,149192.0
2026-04-14 18:04:00.048303,716479,1609507333674487,4933643260,-0.89792,0.17568,0.808128,72.8175,-10.29,-22.6275,3.64,-1.832,26.416,none,8,3.0,128292.0,255617.0,197971.0,249242.0,214242.0
2026-04-14 18:04:00.050816,716480,1609507333683842,4933654038,-0.89792,0.17568,0.808128,93.75625,-26.18875,-17.9375,3.64,-1.832,26.416,none,8,3.0,128292.0,255617.0,197971.0,249242.0,214242.0
2026-04-14 18:04:00.053367,716481,1609507333692800,4933662766,-0.948672,0.384544,0.694912,106.4525,-40.013752,-25.06,2.672,-3.624,27.016,none,8,3.0,128292.0,255617.0,197971.0,249242.0,214242.0
2026-04-14 18:04:00.064624,716482,1609507333707399,4933677691,-0.976,0.447008,0.659776,103.215004,-59.263752,-42.28,1.808,-4.632,26.696001,none,8,3.0,128292.0,255617.0,197971.0,249242.0,214242.0
2026-04-14 18:04:00.073374,716483,1609507333716358,4933686391,-0.976,0.447008,0.659776,84.98875,-79.415,-51.93125,1.808,-4.632,26.696001,none,8,3.0,128292.0,255617.0,197971.0,249242.0,214242.0
2026-04-14 18:04:00.108350,716484,1609507333730982,4933701281,-1.003328,0.568032,0.511424,68.871254,-101.17625,-45.99875,0.24,-5.264,26.656002,none,8,3.0,128292.0,255617.0,197971.0,249242.0,214242.0
2026-04-14 18:04:00.110748,716485,1609507333739908,4933709975,-1.003328,0.568032,0.511424,62.6675,-124.6875,-35.0,0.24,-5.264,26.656002,none,8,3.0,128292.0,255617.0,197971.0,249242.0,214242.0
2026-04-14 18:04:00.113374,716486,1609507333749088,4933718716,-0.853024,0.774944,0.091744,56.18375,-138.6,-23.68625,-1.544,-6.128,26.576002,none,8,3.0,128292.0,255617.0,197971.0,249242.0,214242.0
2026-04-14 18:04:00.194422,716497,1609507333763593,4933733626,-0.853024,0.774944,0.091744,55.83375,-149.5375,-5.4775,-1.544,-6.128,26.576002,none,8,3.0,108323.0,238603.0,168770.0,231097.0,183216.0
2026-04-14 18:04:00.196987,716498,1609507333772537,4933742357,-0.67344,0.630496,0.06832,54.6,-156.21375,13.16875,-3.816,-6.664001,29.016,none,8,3.0,108323.0,238603.0,168770.0,231097.0,183216.0
2026-04-14 18:04:00.199477,716499,1609507333787044,4933757237,-0.749568,0.46848,0.396256,52.482502,-144.62,18.54125,-6.008,-6.792,27.576002,none,8,3.0,108323.0,238603.0,168770.0,231097.0,183216.0
2026-04-14 18:04:00.201976,716500,1609507333796134,4933765973,-0.749568,0.46848,0.396256,45.77125,-123.55,15.47,-6.008,-6.792,27.576002,none,8,3.0,108323.0,238603.0,168770.0,231097.0,183216.0
2026-04-14 18:04:00.204439,716501,1609507333805101,4933774700,-0.749568,0.46848,0.38064,44.65125,-101.15875,16.5025,-6.008,-6.792,27.576002,none,8,3.0,108323.0,238603.0,168770.0,231097.0,183216.0
2026-04-14 18:04:00.206921,716502,1609507333819588,4933789699,-1.098976,0.203008,0.382592,59.75375,-90.51,24.96375,-7.464,-7.824,28.400002,none,8,3.0,108323.0,238603.0,168770.0,231097.0,183216.0
2026-04-14 18:04:00.209187,716503,1609507333828504,4933798425,-0.905728,0.4392,-0.20496,92.7325,-90.2125,33.32875,-9.248,-9.968,27.048,none,8,3.0,108323.0,238603.0,168770.0,231097.0,183216.0
2026-04-14 18:04:00.211767,716504,1609507333843023,4933813332,-0.905728,0.4392,-0.20496,125.9475,-93.7825,35.65625,-9.248,-9.968,27.048,none,8,3.0,108323.0,238603.0,168770.0,231097.0,183216.0
2026-04-14 18:04:00.214546,716505,1609507333851993,4933822113,-0.564128,0.421632,0.437248,145.31125,-112.105,43.09375,-10.728001,-12.120001,25.352001,none,8,3.0,108323.0,238603.0,168770.0,231097.0,183216.0
2026-04-14 18:04:00.247079,716516,1609507333866801,4933837027,-0.417728,0.737856,0.329888,147.86626,-107.86125,57.61875,-10.904,-13.552001,24.536001,none,8,3.0,125605.0,253758.0,193043.0,247626.0,209086.0
2026-04-14 18:04:00.249601,716517,1609507333875859,4933845936,-0.417728,0.737856,0.329888,150.70125,-80.99875,72.415,-10.904,-13.552001,24.536001,none,8,3.0,125605.0,253758.0,193043.0,247626.0,209086.0
2026-04-14 18:04:00.252122,716518,1609507333884830,4933854630,-0.417728,0.737856,0.329888,152.53,-54.27625,78.75875,-10.904,-13.552001,24.536001,none,8,3.0,125605.0,253758.0,193043.0,247626.0,209086.0
2026-04-14 18:04:00.256991,716519,1609507333899544,4933869515,-0.388448,0.915488,0.44896,141.75,-37.44125,77.402504,-11.832001,-14.648001,24.376001,none,8,3.0,125605.0,253758.0,193043.0,247626.0,209086.0
2026-04-14 18:04:00.264625,716520,1609507333908497,4933878260,-0.544608,1.057984,0.003904,100.5375,-29.6975,71.12,-12.656,-14.568001,23.944,none,8,3.0,125605.0,253758.0,193043.0,247626.0,209086.0
2026-04-14 18:04:00.280741,716521,1609507333923014,4933893192,-0.544608,1.057984,0.003904,27.62375,-31.465,64.155,-12.656,-14.568001,23.944,none,8,3.0,125605.0,253758.0,193043.0,247626.0,209086.0
2026-04-14 18:04:00.297034,716522,1609507333931929,4933901885,-0.632448,0.962336,0.015616,-69.0725,-46.655,57.1375,-14.800001,-11.896001,24.832,none,8,3.0,125605.0,253758.0,193043.0,247626.0,209086.0
2026-04-14 18:04:00.298029,716523,1609507333940945,4933910592,-0.632448,0.962336,0.015616,-157.14125,-59.9725,57.855,-14.800001,-11.896001,24.832,none,8,3.0,125605.0,253758.0,193043.0,247626.0,209086.0
2026-04-14 18:04:00.313522,716524,1609507333955450,4933925533,-0.558272,0.884256,0.327936,-221.87375,-58.89625,66.66625,-14.528001,-9.080001,25.688002,none,8,3.0,125605.0,253758.0,193043.0,247626.0,209086.0
2026-04-14 18:04:00.346181,716535,1609507333964394,4933934513,-0.558272,0.884256,0.327936,-265.895,-54.25,68.2325,-14.528001,-9.080001,25.688002,none,8,3.0,70814.0,206812.0,136760.0,215782.0,148367.0
2026-04-14 18:04:00.353690,716536,1609507333978977,4933947488,-0.591456,0.569984,0.122976,-284.515,-49.945,54.36375,-15.224001,-4.8,26.768002,none,8,3.0,70814.0,206812.0,136760.0,215782.0,148367.0
2026-04-14 18:04:00.356170,716537,1609507333988363,4933958322,-0.62464,0.181536,0.281088,-285.18,-47.92375,36.1025,-16.04,-0.256,26.664001,none,8,3.0,70814.0,206812.0,136760.0,215782.0,148367.0
2026-04-14 18:04:00.358591,716538,1609507333997319,4933967004,-0.62464,0.181536,0.281088,-285.18,-39.1825,32.68125,-16.04,-0.256,26.664001,none,8,3.0,70814.0,206812.0,136760.0,215782.0,148367.0
2026-04-14 18:04:00.368210,716539,1609507334012012,4933981936,-0.6344,0.13664,0.269376,-285.18,-22.84625,50.00625,-15.880001,4.736,27.44,none,8,3.0,70814.0,206812.0,136760.0,215782.0,148367.0
2026-04-14 18:04:00.378415,716540,1609507334021037,4933990641,-0.6344,0.13664,0.269376,-285.18,-5.36375,65.66875,-15.880001,4.736,27.44,none,8,3.0,70814.0,206812.0,136760.0,215782.0,148367.0
2026-04-14 18:04:00.392114,716541,1609507334035560,4934005552,-0.659776,0.130784,0.347456,-285.18,8.7325,63.2625,-14.464001,7.856,25.816002,none,8,3.0,70814.0,206812.0,136760.0,215782.0,148367.0
2026-04-14 18:04:00.402309,716542,1609507334044548,4934014242,-0.659776,0.130784,0.347456,-283.3075,17.38625,55.6675,-14.464001,7.856,25.816002,none,8,3.0,70814.0,206812.0,136760.0,215782.0,148367.0
2026-04-14 18:04:00.416169,716543,1609507334059145,4934029219,-0.612928,-0.072224,0.413824,-270.89127,23.98375,58.8525,-14.112,11.256001,25.632002,none,8,3.0,70814.0,206812.0,136760.0,215782.0,148367.0
2026-04-14 18:04:00.445826,716554,1609507334068650,4934038022,-0.60512,-0.154208,0.747616,-248.9375,34.16,71.84625,-13.208,13.920001,27.160002,none,8,3.0,32163.0,192691.0,84049.0,202332.0,91527.0
2026-04-14 18:04:00.448663,716555,1609507334077643,4934046793,-0.60512,-0.154208,0.747616,-218.79375,43.7675,77.77,-13.208,13.920001,27.160002,none,8,3.0,32163.0,192691.0,84049.0,202332.0,91527.0
2026-04-14 18:04:00.451184,716556,1609507334092326,4934061767,-0.747616,-0.228384,0.753472,-180.565,55.335,73.54375,-11.920001,15.688001,25.312,none,8,3.0,32163.0,192691.0,84049.0,202332.0,91527.0
2026-04-14 18:04:00.460610,716557,1609507334101271,4934070478,-0.747616,-0.228384,0.753472,-130.45375,71.19,74.89125,-11.920001,15.688001,25.312,none,8,3.0,32163.0,192691.0,84049.0,202332.0,91527.0
2026-04-14 18:04:00.494831,716558,1609507334115878,4934085447,-0.845216,-0.083936,0.509472,-83.79875,82.41625,75.92375,-11.384001,16.856,26.144001,none,8,3.0,32163.0,192691.0,84049.0,202332.0,91527.0
2026-04-14 18:04:00.519855,716559,1609507334124820,4934094155,-0.845216,-0.083936,0.509472,-52.14125,86.87,68.17125,-11.384001,16.856,26.144001,none,8,3.0,32163.0,192691.0,84049.0,202332.0,91527.0
2026-04-14 18:04:00.542187,716560,1609507334133751,4934102985,-0.769088,-0.027328,0.501664,-30.02125,86.590004,64.4175,-11.304001,17.640001,26.576002,none,8,3.0,32163.0,192691.0,84049.0,202332.0,91527.0
2026-04-14 18:04:00.544912,716561,1609507334148227,4934117871,-0.651968,0.01952,0.392352,-13.3175,83.72,60.103752,-9.84,17.536001,29.088001,none,8,3.0,32163.0,192691.0,84049.0,202332.0,91527.0
2026-04-14 18:04:00.547408,716562,1609507334157217,4934126609,-0.651968,0.01952,0.392352,-0.98,83.79,52.47375,-9.84,17.536001,29.088001,none,8,3.0,32163.0,192691.0,84049.0,202332.0,91527.0
2026-04-14 18:04:00.579427,716573,1609507334171854,4934141959,-0.626592,0.163968,0.376736,6.7725,87.43,45.8325,-8.816,17.528002,28.032001,none,8,3.0,30521.0,182413.0,80786.0,192129.0,87973.0
2026-04-14 18:04:00.582144,716574,1609507334180819,4934150673,-0.626592,0.163968,0.376736,4.06,91.9275,36.9775,-8.816,17.528002,28.032001,none,8,3.0,30521.0,182413.0,80786.0,192129.0,87973.0
2026-04-14 18:04:00.584864,716575,1609507334189741,4934159356,-0.675392,0.232288,0.612928,-8.09375,97.8775,27.48375,-8.016001,18.072,30.048002,none,8,3.0,30521.0,182413.0,80786.0,192129.0,87973.0
2026-04-14 18:04:00.587372,716576,1609507334204354,4934174305,-0.675392,0.232288,0.612928,-31.710001,107.89625,15.81125,-8.016001,18.072,30.048002,none,8,3.0,30521.0,182413.0,80786.0,192129.0,87973.0
2026-04-14 18:04:00.589882,716577,1609507334213302,4934183064,-1.69824,0.142496,1.272704,-49.6475,122.78,8.82,-7.696001,19.128,29.128002,none,8,3.0,30521.0,182413.0,80786.0,192129.0,87973.0
2026-04-14 18:04:00.592192,716578,1609507334227863,4934198023,-1.69824,0.142496,1.272704,-87.4125,84.93625,-13.25625,-7.696001,19.128,29.128002,none,8,3.0,30521.0,182413.0,80786.0,192129.0,87973.0
2026-04-14 18:04:00.594893,716579,1609507334236855,4934206696,-1.907104,-0.581696,1.52256,-128.58125,-24.5525,-41.48375,-8.440001,20.744001,27.576002,none,8,3.0,30521.0,182413.0,80786.0,192129.0,87973.0
2026-04-14 18:04:00.608744,716580,1609507334251398,4934221800,-0.831552,0.027328,1.095072,-94.43,-57.9775,0.09625,-7.904,20.240002,28.096,none,8,3.0,30521.0,182413.0,80786.0,192129.0,87973.0
2026-04-14 18:04:00.618230,716581,1609507334260327,4934230505,-0.831552,0.027328,1.095072,-6.79875,-45.1675,37.607502,-7.904,20.240002,28.096,none,8,3.0,30521.0,182413.0,80786.0,192129.0,87973.0
2026-04-14 18:04:00.648293,716592,1609507334269854,4934239466,-1.438624,0.033184,0.94672,52.745,-25.73375,7.8575,-9.176001,19.936,28.376001,none,8,3.0,22397.0,176775.0,63246.0,185741.0,67476.0
2026-04-14 18:04:00.649350,716593,1609507334284501,4934254453,-1.438624,0.033184,0.94672,64.9075,-8.505,-21.37625,-9.176001,19.936,28.376001,none,8,3.0,22397.0,176775.0,63246.0,185741.0,67476.0
2026-04-14 18:04:00.651876,716594,1609507334293477,4934263175,-1.401536,-0.037088,0.40992,44.7475,-8.18125,-19.01375,-8.728001,19.344002,28.800001,none,8,3.0,22397.0,176775.0,63246.0,185741.0,67476.0
2026-04-14 18:04:00.664790,716595,1609507334307987,4934278085,-1.401536,-0.037088,0.40992,18.2175,-25.54125,-12.0225,-8.728001,19.344002,28.800001,none,8,3.0,22397.0,176775.0,63246.0,185741.0,67476.0
2026-04-14 18:04:00.674808,716596,1609507334316923,4934286792,-0.837408,-0.244,0.310368,14.77,-44.9925,-7.23625,-10.64,18.92,28.264002,none,8,3.0,22397.0,176775.0,63246.0,185741.0,67476.0
2026-04-14 18:04:00.682354,716597,1609507334325858,4934295503,-0.837408,-0.244,0.310368,31.7275,-54.43375,-3.15,-10.64,18.92,28.264002,none,8,3.0,22397.0,176775.0,63246.0,185741.0,67476.0
2026-04-14 18:04:00.698668,716598,1609507334340366,4934310420,-0.679296,-0.064416,0.304512,55.7025,-52.08,-7.9625,-10.120001,17.784,28.744001,none,8,3.0,22397.0,176775.0,63246.0,185741.0,67476.0
2026-04-14 18:04:00.706187,716599,1609507334349313,4934319106,-0.5856,0.261568,0.571936,80.82375,-43.79375,-16.178751,-10.120001,17.784,30.880001,none,8,3.0,22397.0,176775.0,63246.0,185741.0,67476.0
2026-04-14 18:04:00.721185,716600,1609507334363802,4934334016,-0.5856,0.261568,0.571936,97.13375,-34.9125,-18.62,-11.408001,16.728,30.880001,none,8,3.0,22397.0,176775.0,63246.0,185741.0,67476.0
2026-04-14 18:04:00.778557,716611,1609507334373023,4934342790,-0.581696,0.38064,0.661728,100.75625,-29.65375,-17.272501,-10.816001,15.072001,29.384,none,8,3.0,23280.0,168998.0,63979.0,177967.0,68927.0
2026-04-14 18:04:00.781072,716612,1609507334387545,4934357715,-0.581696,0.38064,0.661728,92.26,-26.915,-16.51125,-10.816001,15.072001,29.384,none,8,3.0,23280.0,168998.0,63979.0,177967.0,68927.0
2026-04-14 18:04:00.783611,716613,1609507334396482,4934366395,-0.513376,0.220576,0.999424,78.00625,-21.8225,-11.62875,-12.056001,15.048,30.544,none,8,3.0,23280.0,168998.0,63979.0,177967.0,68927.0
2026-04-14 18:04:00.785690,716614,1609507334405408,4934375093,-0.513376,0.220576,0.999424,68.635,-16.1175,-6.23875,-12.056001,15.048,30.544,none,8,3.0,23280.0,168998.0,63979.0,177967.0,68927.0
2026-04-14 18:04:00.788637,716615,1609507334420244,4934389997,-0.7808,0.267424,0.856928,69.50125,-12.71375,-8.5225,-12.256001,13.280001,30.632002,none,8,3.0,23280.0,168998.0,63979.0,177967.0,68927.0
2026-04-14 18:04:00.791175,716616,1609507334429333,4934398757,-0.7808,0.267424,0.638304,74.22625,-12.67,-8.6275,-12.256001,13.280001,30.632002,none,8,3.0,23280.0,168998.0,63979.0,177967.0,68927.0
2026-04-14 18:04:00.802133,716617,1609507334443917,4934413651,-0.83936,0.339648,0.632448,72.345,-13.81625,-4.1125,-11.696,12.000001,30.416002,none,8,3.0,23280.0,168998.0,63979.0,177967.0,68927.0
2026-04-14 18:04:00.809530,716618,1609507334452883,4934422366,-0.730048,0.238144,0.757376,62.58,-15.8025,-1.53125,-11.864,11.360001,30.832,none,8,3.0,23280.0,168998.0,63979.0,177967.0,68927.0
2026-04-14 18:04:00.819432,716619,1609507334461832,4934431045,-0.730048,0.238144,0.757376,52.15875,-15.61,2.2575,-11.864,11.360001,30.832,none,8,3.0,23280.0,168998.0,63979.0,177967.0,68927.0
2026-04-14 18:04:00.897004,716630,1609507334476343,4934446076,-0.732,0.12688,0.66368,45.59625,-15.16375,7.07,-12.928,11.648001,32.544003,none,8,3.0,22921.0,167508.0,63217.0,176587.0,68140.0
2026-04-14 18:04:00.899917,716631,1609507334485354,4934454771,-0.732,0.12688,0.66368,33.705,-15.51375,6.57125,-12.928,11.648001,32.544003,none,8,3.0,22921.0,167508.0,63217.0,176587.0,68140.0
2026-04-14 18:04:00.902062,716632,1609507334499861,4934469670,-0.821792,0.13664,0.538752,23.8875,-12.52125,4.26125,-13.928,11.216001,32.832,none,8,3.0,22921.0,167508.0,63217.0,176587.0,68140.0
2026-04-14 18:04:00.905151,716633,1609507334508811,4934478346,-0.821792,0.13664,0.538752,23.695,-8.23375,3.1325,-13.928,11.216001,32.832,none,8,3.0,22921.0,167508.0,63217.0,176587.0,68140.0
2026-04-14 18:04:00.907410,716634,1609507334523329,4934493278,-0.864736,0.220576,0.706624,24.272501,-5.005,2.38,-14.128,10.656,31.768002,none,8,3.0,22921.0,167508.0,63217.0,176587.0,68140.0
2026-04-14 18:04:00.909551,716635,1609507334532273,4934501968,-0.815936,0.201056,0.730048,22.741251,-2.31,3.4475,-13.912001,10.224001,32.008003,none,8,3.0,22921.0,167508.0,63217.0,176587.0,68140.0
2026-04-14 18:04:00.912411,716636,1609507334541216,4934510667,-0.815936,0.201056,0.730048,18.3925,-0.04375,4.0075,-13.912001,10.224001,32.008003,none,8,3.0,22921.0,167508.0,63217.0,176587.0,68140.0
2026-04-14 18:04:00.914890,716637,1609507334555702,4934525595,-0.776896,0.232288,0.765184,11.5325,3.63125,4.1125,-12.880001,10.352,32.04,none,8,3.0,22921.0,167508.0,63217.0,176587.0,68140.0
2026-04-14 18:04:00.921158,716638,1609507334564661,4934534318,-0.776896,0.232288,0.765184,2.5025,6.44,4.22625,-12.880001,10.352,32.04,none,8,3.0,22921.0,167508.0,63217.0,176587.0,68140.0
2026-04-14 18:04:00.948350,716649,1609507334579499,4934549322,-0.765184,0.199104,0.739808,-4.43625,8.47,4.61125,-11.848001,10.176001,31.568,none,8,3.0,21804.0,166481.0,61256.0,175624.0,65429.0
2026-04-14 18:04:00.951037,716650,1609507334588579,4934558090,-0.765184,0.199104,0.739808,-6.67625,10.5,4.50625,-11.848001,10.176001,31.568,none,8,3.0,21804.0,166481.0,61256.0,175624.0,65429.0
2026-04-14 18:04:00.967394,716651,1609507334597643,4934566770,-0.671488,0.171776,0.821792,-4.19125,12.215,3.64,-12.448001,10.696,31.296001,none,8,3.0,21804.0,166481.0,61256.0,175624.0,65429.0
2026-04-14 18:04:00.969924,716652,1609507334612149,4934581638,-0.657824,0.189344,0.716384,2.205,13.16,2.66875,-11.536,9.952001,31.376001,none,8,3.0,21804.0,166481.0,61256.0,175624.0,65429.0
2026-04-14 18:04:00.978268,716653,1609507334621270,4934590363,-0.657824,0.189344,0.716384,10.386251,13.965,2.54625,-11.536,9.952001,31.376001,none,8,3.0,21804.0,166481.0,61256.0,175624.0,65429.0
2026-04-14 18:04:00.991962,716654,1609507334635753,4934605283,-0.710528,0.18544,0.66368,20.44,14.533751,3.22,-11.168,10.248,31.312002,none,8,3.0,21804.0,166481.0,61256.0,175624.0,65429.0
2026-04-14 18:04:01.002404,716655,1609507334644697,4934613993,-0.710528,0.18544,0.66368,26.50375,16.66,4.41875,-11.168,10.248,31.312002,none,8,3.0,21804.0,166481.0,61256.0,175624.0,65429.0
2026-04-14 18:04:01.016184,716656,1609507334659176,4934628929,-0.76128,0.33184,0.872544,23.135,20.3175,4.34,-10.928,9.472,31.448002,none,8,3.0,21804.0,166481.0,61256.0,175624.0,65429.0
2026-04-14 18:04:01.025633,716657,1609507334668103,4934637598,-0.76128,0.33184,0.872544,11.34,21.8925,2.02125,-10.928,9.472,31.448002,none,8,3.0,21804.0,166481.0,61256.0,175624.0,65429.0
2026-04-14 18:04:01.053529,716668,1609507334677084,4934646318,-0.728096,0.294752,0.698816,-1.46125,19.705,-1.365,-10.648001,9.952001,32.368,none,8,3.0,21340.0,166642.0,60398.0,175440.0,64696.0
2026-04-14 18:04:01.055710,716669,1609507334691624,4934661276,-0.691008,0.279136,0.765184,-9.5725,17.325,-2.1,-10.648001,10.488001,33.672,none,8,3.0,21340.0,166642.0,60398.0,175440.0,64696.0
2026-04-14 18:04:01.058735,716670,1609507334700573,4934670064,-0.691008,0.279136,0.765184,-13.09875,16.37125,-1.32125,-11.816001,10.488001,33.672,none,8,3.0,21340.0,166642.0,60398.0,175440.0,64696.0
2026-04-14 18:04:01.073675,716671,1609507334715090,4934685111,-0.747616,0.218624,0.583648,-15.68,16.52875,-1.39125,-10.872001,9.872001,31.568,none,8,3.0,21340.0,166642.0,60398.0,175440.0,64696.0
2026-04-14 18:04:01.082400,716672,1609507334724127,4934693796,-0.747616,0.218624,0.583648,-17.3425,17.053751,-1.91625,-10.872001,9.872001,31.568,none,8,3.0,21340.0,166642.0,60398.0,175440.0,64696.0
2026-04-14 18:04:01.088636,716673,1609507334733109,4934702485,-0.691008,0.169824,0.720288,-18.515,18.52375,-0.9625,-9.712001,10.208,29.688002,none,8,3.0,21340.0,166642.0,60398.0,175440.0,64696.0
2026-04-14 18:04:01.104942,716674,1609507334747619,4934717439,-0.691008,0.169824,0.720288,-18.375,20.1425,0.665,-9.712001,10.208,29.688002,none,8,3.0,21340.0,166642.0,60398.0,175440.0,64696.0
2026-04-14 18:04:01.113673,716675,1609507334756553,4934726137,-0.76128,0.242048,0.636352,-18.9525,22.0675,0.525,-9.416,10.416,31.632002,none,8,3.0,21340.0,166642.0,60398.0,175440.0,64696.0
2026-04-14 18:04:01.149711,716686,1609507334771700,4934741277,-0.76128,0.242048,0.636352,-21.1575,24.053751,-0.8225,-9.416,10.416,31.632002,none,8,3.0,22138.0,166018.0,61508.0,174373.0,66770.0
2026-04-14 18:04:01.152331,716687,1609507334780930,4934750086,-0.753472,0.286944,0.62464,-24.885,25.795,-1.26,-9.0,10.76,31.256002,none,8,3.0,22138.0,166018.0,61508.0,174373.0,66770.0
2026-04-14 18:04:01.154835,716688,1609507334789952,4934758789,-0.753472,0.286944,0.62464,-28.7,26.18875,-0.8925,-9.0,10.76,31.256002,none,8,3.0,22138.0,166018.0,61508.0,174373.0,66770.0
2026-04-14 18:04:01.160787,716689,1609507334804504,4934773817,-0.749568,0.279136,0.782752,-32.2,25.99625,-0.02625,-9.512,11.336,32.440002,none,8,3.0,22138.0,166018.0,61508.0,174373.0,66770.0
2026-04-14 18:04:01.170199,716690,1609507334813559,4934782559,-0.80032,0.230336,0.716384,-34.64125,26.022501,0.98875,-9.160001,11.656,31.512001,none,8,3.0,22138.0,166018.0,61508.0,174373.0,66770.0
2026-04-14 18:04:01.187443,716691,1609507334828049,4934797542,-0.80032,0.230336,0.716384,-37.1875,26.97625,1.53125,-9.160001,11.656,31.512001,none,8,3.0,22138.0,166018.0,61508.0,174373.0,66770.0
2026-04-14 18:04:01.193682,716692,1609507334836952,4934806235,-0.772992,0.203008,0.755424,-38.255,28.4375,2.52875,-8.104,11.896001,31.208002,none,8,3.0,22138.0,166018.0,61508.0,174373.0,66770.0
2026-04-14 18:04:01.229737,716693,1609507334851442,4934821148,-0.772992,0.203008,0.755424,-39.33125,28.735,3.7625,-8.104,11.896001,31.208002,none,8,3.0,22138.0,166018.0,61508.0,174373.0,66770.0
2026-04-14 18:04:01.254979,716694,1609507334860450,4934829839,-0.755424,0.150304,0.638304,-40.92375,29.58375,4.13,-7.36,12.552001,33.056,none,8,3.0,22138.0,166018.0,61508.0,174373.0,66770.0
2026-04-14 18:04:01.259492,716695,1609507334869552,4934838534,-0.755424,0.150304,0.638304,-42.84875,30.695,5.24125,-7.36,12.552001,33.056,none,8,3.0,22138.0,166018.0,61508.0,174373.0,66770.0
2026-04-14 18:04:01.287146,716706,1609507334884097,4934853651,-0.732,-0.066368,0.612928,-40.3375,32.0425,9.87875,-8.616,13.376,32.848003,none,8,3.0,24869.0,165898.0,66320.0,174187.0,73308.0
2026-04-14 18:04:01.292086,716707,1609507334893147,4934862363,-0.825696,-0.07808,0.542656,-24.22,31.66625,17.92,-8.696,13.200001,32.392002,none,8,3.0,24869.0,165898.0,66320.0,174187.0,73308.0
2026-04-14 18:04:01.294607,716708,1609507334907639,4934877254,-0.825696,-0.07808,0.542656,-3.71875,24.9025,19.81,-8.696,13.200001,32.392002,none,8,3.0,24869.0,165898.0,66320.0,174187.0,73308.0
2026-04-14 18:04:01.297063,716709,1609507334916595,4934886032,-0.749568,0.105408,0.626592,7.65625,18.235,13.37875,-8.808001,12.824,32.04,none,8,3.0,24869.0,165898.0,66320.0,174187.0,73308.0
2026-04-14 18:04:01.299597,716710,1609507334925526,4934894725,-0.749568,0.105408,0.626592,0.875,13.79875,8.33,-8.808001,12.824,32.04,none,8,3.0,24869.0,165898.0,66320.0,174187.0,73308.0
2026-04-14 18:04:01.302174,716711,1609507334940209,4934909684,-0.806176,0.066368,0.755424,-11.73375,10.01875,2.5375,-7.384,13.328001,31.136002,none,8,3.0,24869.0,165898.0,66320.0,174187.0,73308.0
2026-04-14 18:04:01.306109,716712,1609507334949146,4934918429,-0.806176,0.066368,0.755424,-23.49375,3.4125,-7.18375,-7.384,13.328001,31.136002,none,8,3.0,24869.0,165898.0,66320.0,174187.0,73308.0
2026-04-14 18:04:01.320719,716713,1609507334963649,4934933360,-0.661728,0.001952,0.75152,-31.15,-1.1025,-20.69375,-7.976,13.280001,31.664001,none,8,3.0,24869.0,165898.0,66320.0,174187.0,73308.0
2026-04-14 18:04:01.354584,716725,1609507334973192,4934942578,-0.661728,0.001952,0.75152,-29.26,-7.28,-32.52375,-7.976,13.280001,31.664001,none,8,3.0,26164.0,172685.0,68912.0,181512.0,76280.0
2026-04-14 18:04:01.357115,716726,1609507334982357,4934951361,-0.562176,0.142496,0.837408,-36.68875,-14.245,-44.8875,-7.416,13.256001,31.112001,none,8,3.0,26164.0,172685.0,68912.0,181512.0,76280.0
2026-04-14 18:04:01.359547,716727,1609507334996981,4934966298,-0.51728,0.212768,0.6832,-53.0075,-20.78125,-56.14,-9.144,13.424001,29.776001,none,8,3.0,26164.0,172685.0,68912.0,181512.0,76280.0
2026-04-14 18:04:01.389636,716728,1609507335005965,4934975082,-0.51728,0.212768,0.6832,-68.3725,-26.38125,-64.89875,-9.144,13.424001,29.776001,none,8,3.0,26164.0,172685.0,68912.0,181512.0,76280.0
2026-04-14 18:04:01.392066,716729,1609507335020499,4934989977,-0.525088,0.337696,0.530944,-73.465004,-29.3825,-67.9525,-8.704,13.320001,28.504002,none,8,3.0,26164.0,172685.0,68912.0,181512.0,76280.0
2026-04-14 18:04:01.394554,716730,1609507335029430,4934998708,-0.525088,0.337696,0.530944,-65.3975,-26.075,-62.4225,-8.704,13.320001,28.504002,none,8,3.0,26164.0,172685.0,68912.0,181512.0,76280.0
2026-04-14 18:04:01.400632,716731,1609507335043971,4935013653,-0.513376,0.066368,0.47824,-49.665,-16.94,-59.40375,-9.288,13.176001,28.400002,none,8,3.0,26164.0,172685.0,68912.0,181512.0,76280.0
2026-04-14 18:04:01.409403,716732,1609507335052944,4935022388,-0.513376,0.066368,0.47824,-24.4125,-5.215,-61.31125,-9.288,13.176001,28.400002,none,8,3.0,26164.0,172685.0,68912.0,181512.0,76280.0
2026-04-14 18:04:01.419534,716733,1609507335061868,4935031069,-0.5368,0.103456,0.40992,15.75,9.3275,-56.5775,-8.672001,11.848001,28.640001,none,8,3.0,26164.0,172685.0,68912.0,181512.0,76280.0
2026-04-14 18:04:01.453367,716744,1609507335076503,4935046006,-0.62464,0.150304,0.37088,58.33625,30.7825,-45.10625,-8.584001,10.368,29.168001,none,8,3.0,27365.0,167190.0,71474.0,174681.0,79220.0
2026-04-14 18:04:01.455760,716745,1609507335085463,4935054756,-0.62464,0.150304,0.37088,83.76375,49.84,-38.535,-8.584001,10.368,29.168001,none,8,3.0,27365.0,167190.0,71474.0,174681.0,79220.0
2026-04-14 18:04:01.458341,716746,1609507335100071,4935069722,-0.823744,0.1952,0.32208,100.09125,63.945,-31.0975,-9.120001,9.048,30.568,none,8,3.0,27365.0,167190.0,71474.0,174681.0,79220.0
2026-04-14 18:04:01.465870,716747,1609507335109050,4935078495,-0.823744,0.1952,0.32208,107.26625,73.01875,-17.94625,-9.120001,9.048,30.568,none,8,3.0,27365.0,167190.0,71474.0,174681.0,79220.0
2026-04-14 18:04:01.474637,716748,1609507335117987,4935087246,-1.352736,0.56608,0.587552,104.29125,76.755,-2.23125,-6.440001,6.896,28.536001,none,8,3.0,27365.0,167190.0,71474.0,174681.0,79220.0
2026-04-14 18:04:01.488343,716749,1609507335132556,4935102167,-1.352736,0.56608,0.587552,96.24125,66.6925,19.01375,-6.440001,6.896,28.536001,none,8,3.0,27365.0,167190.0,71474.0,174681.0,79220.0
2026-04-14 18:04:01.498158,716750,1609507335141497,4935110871,-1.440576,0.6344,0.57584,37.96625,37.1175,31.675,-6.032,7.024,28.456001,none,8,3.0,27365.0,167190.0,71474.0,174681.0,79220.0
2026-04-14 18:04:01.514790,716751,1609507335156201,4935125769,-1.085312,0.115168,0.407968,-38.5525,26.897501,29.56625,-5.344,7.944,27.720001,none,8,3.0,27365.0,167190.0,71474.0,174681.0,79220.0
2026-04-14 18:04:01.521042,716752,1609507335165149,4935134504,-1.085312,0.115168,0.407968,-80.57,26.215,26.285,-5.344,7.944,27.720001,none,8,3.0,27365.0,167190.0,71474.0,174681.0,79220.0
2026-04-14 18:04:01.552435,716763,1609507335179765,4935149902,-0.972096,-0.288896,0.21472,-90.895,25.96125,24.675,-5.408001,8.848001,28.936,none,8,3.0,30289.0,199034.0,77107.0,207242.0,85088.0
2026-04-14 18:04:01.554920,716764,1609507335188831,4935158701,-0.972096,-0.288896,0.21472,-75.66125,29.61,22.75875,-5.408001,8.848001,28.936,none,8,3.0,30289.0,199034.0,77107.0,207242.0,85088.0
2026-04-14 18:04:01.557325,716765,1609507335197835,4935167419,-0.948672,-0.491904,0.324032,-48.615,30.54625,19.01375,-5.752,8.848001,29.112001,none,8,3.0,30289.0,199034.0,77107.0,207242.0,85088.0
2026-04-14 18:04:01.568412,716766,1609507335212466,4935182395,-0.948672,-0.491904,0.324032,-15.89,26.36375,13.72,-5.752,8.848001,29.112001,none,8,3.0,30289.0,199034.0,77107.0,207242.0,85088.0
2026-04-14 18:04:01.599268,716767,1609507335221412,4935191102,-0.8784,-0.349408,0.622688,17.31625,18.31375,9.52875,-5.288,7.824,28.528002,none,8,3.0,30289.0,199034.0,77107.0,207242.0,85088.0
2026-04-14 18:04:01.602238,716768,1609507335235928,4935205984,-0.72224,-0.037088,0.505568,48.2475,8.89,7.11375,-5.960001,7.504,30.928001,none,8,3.0,30289.0,199034.0,77107.0,207242.0,85088.0
2026-04-14 18:04:01.629887,716769,1609507335244865,4935214655,-0.72224,-0.037088,0.505568,72.35375,-1.12875,2.4325,-5.960001,7.504,30.928001,none,8,3.0,30289.0,199034.0,77107.0,207242.0,85088.0
2026-04-14 18:04:01.632344,716770,1609507335253830,4935223386,-0.72224,-0.037088,0.505568,84.9975,-9.47625,-9.073751,-5.960001,7.504,30.928001,none,8,3.0,30289.0,199034.0,77107.0,207242.0,85088.0
2026-04-14 18:04:01.634899,716771,1609507335268309,4935238279,-0.726144,0.142496,0.249856,90.615,-16.23125,-25.06,-6.456,6.632,31.440002,none,8,3.0,30289.0,199034.0,77107.0,207242.0,85088.0
2026-04-14 18:04:01.662079,716782,1609507335277350,4935247216,-0.66368,0.20496,0.251808,98.315,-18.305,-40.775,-7.04,5.032,31.608002,none,8,3.0,28556.0,185947.0,74131.0,193592.0,81967.0
2026-04-14 18:04:01.664423,716783,1609507335292036,4935262176,-0.66368,0.20496,0.251808,115.6575,-14.735,-53.71625,-7.04,5.032,31.608002,none,8,3.0,28556.0,185947.0,74131.0,193592.0,81967.0
2026-04-14 18:04:01.667147,716784,1609507335301159,4935271076,-0.983808,0.519232,0.306464,145.775,-10.4125,-62.16875,-7.84,2.68,31.776001,none,8,3.0,28556.0,185947.0,74131.0,193592.0,81967.0
2026-04-14 18:04:01.673739,716785,1609507335315709,4935286025,-1.985184,1.321504,1.331264,181.37875,-11.5325,-64.96875,-8.776,-0.96,32.168003,none,8,3.0,28556.0,185947.0,74131.0,193592.0,81967.0
2026-04-14 18:04:01.682045,716786,1609507335324807,4935294742,-1.985184,1.321504,1.331264,213.71875,-40.7575,-46.19125,-8.776,-0.96,32.168003,none,8,3.0,28556.0,185947.0,74131.0,193592.0,81967.0
2026-04-14 18:04:01.692128,716787,1609507335333891,4935303433,-1.985184,1.321504,1.331264,197.09375,-83.7375,-17.10625,-8.776,-0.96,32.168003,none,8,3.0,28556.0,185947.0,74131.0,193592.0,81967.0
2026-04-14 18:04:01.704797,716788,1609507335348395,4935318387,-0.83936,0.890112,1.260992,119.16625,-70.9975,-50.2075,-8.568001,-1.936,30.392002,none,8,3.0,28556.0,185947.0,74131.0,193592.0,81967.0
2026-04-14 18:04:01.713502,716789,1609507335357324,4935327073,-0.704672,0.281088,0.632448,60.50625,-52.77125,-86.56375,-9.632001,-2.768,31.824001,none,8,3.0,28556.0,185947.0,74131.0,193592.0,81967.0
2026-04-14 18:04:01.729954,716790,1609507335371909,4935342010,-0.704672,0.281088,0.632448,43.951252,-34.7375,-87.31625,-9.632001,-2.768,31.824001,none,8,3.0,28556.0,185947.0,74131.0,193592.0,81967.0
2026-04-14 18:04:01.757111,716801,1609507335380927,4935350783,-0.691008,0.11712,0.376736,47.17125,-12.355001,-88.13,-9.76,-3.896,30.816002,none,8,3.0,31171.0,203389.0,79079.0,207632.0,87223.0
2026-04-14 18:04:01.759423,716802,1609507335389925,4935359535,-0.691008,0.11712,0.376736,53.1825,5.11875,-92.51375,-9.76,-3.896,30.816002,none,8,3.0,31171.0,203389.0,79079.0,207632.0,87223.0
2026-04-14 18:04:01.762436,716803,1609507335404480,4935374492,-0.774944,0.392352,0.357216,48.23,12.6175,-90.51,-10.216001,-4.376,29.848001,none,8,3.0,31171.0,203389.0,79079.0,207632.0,87223.0
2026-04-14 18:04:01.769968,716804,1609507335413438,4935383190,-0.774944,0.392352,0.357216,33.52125,4.5675,-82.31125,-10.216001,-4.376,29.848001,none,8,3.0,31171.0,203389.0,79079.0,207632.0,87223.0
2026-04-14 18:04:01.785689,716805,1609507335427947,4935398096,-0.813984,0.447008,0.769088,11.3575,-5.2675,-79.14375,-9.312,-4.608,30.320002,none,8,3.0,31171.0,203389.0,79079.0,207632.0,87223.0
2026-04-14 18:04:01.794873,716806,1609507335436885,4935406806,-0.700768,0.121024,0.880352,-7.3325,-5.57375,-82.11875,-10.528001,-4.488,30.168001,none,8,3.0,31171.0,203389.0,79079.0,207632.0,87223.0
2026-04-14 18:04:01.809628,716807,1609507335451406,4935421687,-0.700768,0.121024,0.880352,-10.54375,-0.16625,-82.3375,-10.528001,-4.488,30.168001,none,8,3.0,31171.0,203389.0,79079.0,207632.0,87223.0
2026-04-14 18:04:01.817422,716808,1609507335460399,4935430378,-0.716384,0.105408,0.730048,3.38625,7.315,-79.24875,-9.296001,-4.84,31.088001,none,8,3.0,31171.0,203389.0,79079.0,207632.0,87223.0
2026-04-14 18:04:01.825735,716809,1609507335469339,4935439053,-0.716384,0.105408,0.730048,23.275,13.86875,-78.26875,-9.296001,-4.84,31.088001,none,8,3.0,31171.0,203389.0,79079.0,207632.0,87223.0
2026-04-14 18:04:01.854930,716820,1609507335484264,4935454093,-0.665632,0.138592,0.75152,36.70625,21.455,-74.795,-10.992001,-5.032,32.056,none,8,3.0,26925.0,183521.0,70919.0,190666.0,78134.0
2026-04-14 18:04:01.857338,716821,1609507335493478,4935462881,-0.665632,0.138592,0.75152,37.52,23.56375,-69.95625,-10.992001,-5.032,32.056,none,8,3.0,26925.0,183521.0,70919.0,190666.0,78134.0
2026-04-14 18:04:01.864625,716822,1609507335507997,4935477970,-0.776896,0.031232,0.767136,29.3125,21.58625,-67.89125,-8.928,-6.432,30.192001,none,8,3.0,26925.0,183521.0,70919.0,190666.0,78134.0
2026-04-14 18:04:01.875119,716823,1609507335517111,4935486681,-0.792512,-0.01952,0.538752,25.03375,18.97875,-66.61375,-8.872001,-6.728,29.608002,none,8,3.0,26925.0,183521.0,70919.0,190666.0,78134.0
2026-04-14 18:04:01.882001,716824,1609507335526179,4935495375,-0.792512,-0.01952,0.538752,30.3625,16.82625,-64.33875,-8.872001,-6.728,29.608002,none,8,3.0,26925.0,183521.0,70919.0,190666.0,78134.0
2026-04-14 18:04:01.896822,716825,1609507335540664,4935510259,-0.821792,0.226432,0.441152,46.4625,13.1075,-64.68875,-8.576,-7.472,29.536001,none,8,3.0,26925.0,183521.0,70919.0,190666.0,78134.0
2026-04-14 18:04:01.906148,716826,1609507335549611,4935518975,-0.821792,0.226432,0.441152,72.75625,11.03375,-61.3025,-8.576,-7.472,29.536001,none,8,3.0,26925.0,183521.0,70919.0,190666.0,78134.0
2026-04-14 18:04:01.922435,716827,1609507335564106,4935533989,-0.886208,0.257664,0.474336,87.535,13.04625,-50.56625,-9.088,-8.808001,30.288002,none,8,3.0,26925.0,183521.0,70919.0,190666.0,78134.0
2026-04-14 18:04:01.929933,716828,1609507335573046,4935542688,-0.886208,0.257664,0.474336,75.005,15.82,-41.79,-9.088,-8.808001,30.288002,none,8,3.0,26925.0,183521.0,70919.0,190666.0,78134.0
2026-04-14 18:04:02.047424,716839,1609507335582209,4935551431,-1.0736,0.25376,0.80032,45.63125,20.405,-33.17125,-7.856,-9.184,29.400002,none,8,3.0,25800.0,179210.0,68632.0,186689.0,75389.0
2026-04-14 18:04:02.049925,716840,1609507335596857,4935566302,-1.0736,0.320128,0.558272,18.61125,30.0125,-23.07375,-7.856,-9.184,29.400002,none,8,3.0,25800.0,179210.0,68632.0,186689.0,75389.0
2026-04-14 18:04:02.052395,716841,1609507335605787,4935574995,-1.032608,0.320128,0.558272,1.19875,42.18375,-10.85,-8.264,-8.848001,30.872002,none,8,3.0,25800.0,179210.0,68632.0,186689.0,75389.0
2026-04-14 18:04:02.056461,716842,1609507335620293,4935589897,-0.845216,-0.111264,0.495808,-23.73875,43.6975,-5.48625,-7.8,-7.944,30.672,none,8,3.0,25800.0,179210.0,68632.0,186689.0,75389.0
2026-04-14 18:04:02.056895,716843,1609507335629204,4935598605,-0.845216,-0.111264,0.495808,-50.02375,42.6475,1.0325,-7.8,-7.944,30.672,none,8,3.0,25800.0,179210.0,68632.0,186689.0,75389.0
2026-04-14 18:04:02.059405,716844,1609507335643963,4935613514,-0.851072,-0.257664,0.544608,-53.4975,46.576252,10.4825,-7.376,-8.104,31.216002,none,8,3.0,25800.0,179210.0,68632.0,186689.0,75389.0
2026-04-14 18:04:02.064713,716845,1609507335652934,4935622270,-0.851072,-0.257664,0.544608,-35.13125,48.27375,9.065,-7.376,-8.104,31.216002,none,8,3.0,25800.0,179210.0,68632.0,186689.0,75389.0
2026-04-14 18:04:02.066265,716846,1609507335661849,4935630965,-0.8296,-0.130784,0.577792,-8.645,47.5825,8.49625,-7.000001,-7.552001,31.840002,none,8,3.0,25800.0,179210.0,68632.0,186689.0,75389.0
2026-04-14 18:04:02.091927,716857,1609507335676913,4935645834,-0.8296,-0.130784,0.577792,5.85375,43.3825,9.80875,-7.000001,-7.552001,31.840002,none,8,3.0,25858.0,176152.0,68613.0,183781.0,75409.0
2026-04-14 18:04:02.094815,716858,1609507335686003,4935654523,-0.86864,-0.015616,0.368928,12.15375,37.68625,4.7425,-7.288001,-8.032001,31.424002,none,8,3.0,25858.0,176152.0,68613.0,183781.0,75409.0
2026-04-14 18:04:02.097316,716859,1609507335695347,4935665301,-0.86864,-0.015616,0.368928,17.4825,32.83,-0.315,-7.288001,-8.032001,31.424002,none,8,3.0,25858.0,176152.0,68613.0,183781.0,75409.0
2026-04-14 18:04:02.099818,716860,1609507335709975,4935680227,-0.895968,0.119072,0.687104,21.105,27.93,-1.1375,-6.984,-8.472,31.000002,none,8,3.0,25858.0,176152.0,68613.0,183781.0,75409.0
2026-04-14 18:04:02.102008,716861,1609507335719048,4935688932,-0.993568,0.191296,0.620736,21.735,22.3475,-0.65625,-7.016,-9.064,29.624,none,8,3.0,25858.0,176152.0,68613.0,183781.0,75409.0
2026-04-14 18:04:02.104892,716862,1609507335733726,4935703961,-0.993568,0.191296,0.620736,19.8625,19.04,-0.88375,-7.016,-9.064,29.624,none,8,3.0,25858.0,176152.0,68613.0,183781.0,75409.0
2026-04-14 18:04:02.107392,716863,1609507335742771,4935712687,-0.989664,0.173728,0.435296,17.19375,18.61125,-3.96375,-6.096,-9.592,30.872002,none,8,3.0,25858.0,176152.0,68613.0,183781.0,75409.0
2026-04-14 18:04:02.114943,716864,1609507335757457,4935727590,-0.989664,0.173728,0.435296,14.0875,19.78375,-5.87125,-6.096,-9.592,30.872002,none,8,3.0,25858.0,176152.0,68613.0,183781.0,75409.0
2026-04-14 18:04:02.123676,716865,1609507335766505,4935736278,-1.007232,0.187392,0.407968,7.63875,19.83625,-5.5825,-5.864,-9.616,32.84,none,8,3.0,25858.0,176152.0,68613.0,183781.0,75409.0
2026-04-14 18:04:02.155861,716876,1609507335775460,4935744975,-1.007232,0.187392,0.407968,5.15375,19.59125,-2.87875,-5.864,-9.616,32.84,none,8,3.0,25831.0,172594.0,68530.0,180381.0,75109.0
2026-04-14 18:04:02.159446,716877,1609507335790064,4935759915,-1.056032,0.138592,0.318176,3.10625,22.11125,-0.95375,-5.656,-10.368,30.832,none,8,3.0,25831.0,172594.0,68530.0,180381.0,75109.0
2026-04-14 18:04:02.160507,716878,1609507335798983,4935768657,-0.99552,0.081984,0.277184,0.0,24.6925,-0.4725,-5.36,-10.472,31.232002,none,8,3.0,25831.0,172594.0,68530.0,180381.0,75109.0
2026-04-14 18:04:02.171051,716879,1609507335813559,4935783579,-0.99552,0.081984,0.277184,-1.26875,26.10125,0.805,-5.36,-10.472,31.232002,none,8,3.0,25831.0,172594.0,68530.0,180381.0,75109.0
2026-04-14 18:04:02.179862,716880,1609507335822570,4935792262,-0.933056,0.083936,0.404064,-1.96,26.45125,1.96875,-4.408,-10.664001,29.720001,none,8,3.0,25831.0,172594.0,68530.0,180381.0,75109.0
2026-04-14 18:04:02.187378,716881,1609507335831512,4935801022,-0.933056,0.083936,0.404064,-4.1825,24.9375,2.79125,-4.408,-10.664001,29.720001,none,8,3.0,25831.0,172594.0,68530.0,180381.0,75109.0
2026-04-14 18:04:02.203695,716882,1609507335846018,4935815920,-0.987712,0.162016,0.281088,-3.24625,23.03875,4.725,-3.536,-11.128,28.44,none,8,3.0,25831.0,172594.0,68530.0,180381.0,75109.0
2026-04-14 18:04:02.211957,716883,1609507335854993,4935824620,-0.987712,0.162016,0.281088,2.44125,22.56625,6.48375,-3.536,-11.128,28.44,none,8,3.0,25831.0,172594.0,68530.0,180381.0,75109.0
2026-04-14 18:04:02.226977,716884,1609507335869506,4935839531,-0.903776,0.187392,0.472384,5.52125,23.485,8.198751,-3.416,-11.264001,29.656002,none,8,3.0,25831.0,172594.0,68530.0,180381.0,75109.0
2026-04-14 18:04:02.258637,716895,1609507335879010,4935848258,-0.903776,0.187392,0.470432,2.555,23.9575,10.31625,-3.416,-11.264001,30.368002,none,8,3.0,26259.0,169125.0,69218.0,176770.0,75962.0
2026-04-14 18:04:02.261063,716896,1609507335888012,4935857037,-0.958432,0.142496,0.470432,-0.77875,23.94875,13.92125,-3.664,-11.480001,30.368002,none,8,3.0,26259.0,169125.0,69218.0,176770.0,75962.0
2026-04-14 18:04:02.263435,716897,1609507335902551,4935871990,-0.925248,0.113216,0.493856,-2.07375,22.7325,15.846251,-4.944,-11.320001,31.056002,none,8,3.0,26259.0,169125.0,69218.0,176770.0,75962.0
2026-04-14 18:04:02.268528,716898,1609507335911476,4935880720,-0.925248,0.113216,0.493856,1.5925,21.41125,16.3625,-4.944,-11.320001,31.056002,none,8,3.0,26259.0,169125.0,69218.0,176770.0,75962.0
2026-04-14 18:04:02.283641,716899,1609507335926041,4935895669,-1.020896,0.222528,0.447008,7.23625,20.64125,17.61375,-4.208,-11.952001,30.304,none,8,3.0,26259.0,169125.0,69218.0,176770.0,75962.0
2026-04-14 18:04:02.290778,716900,1609507335935039,4935904462,-1.020896,0.222528,0.447008,10.03625,19.81875,19.03125,-4.208,-11.952001,30.304,none,8,3.0,26259.0,169125.0,69218.0,176770.0,75962.0
2026-04-14 18:04:02.305749,716901,1609507335949538,4935919339,-1.075552,0.23424,0.345504,9.10875,19.022501,19.83625,-3.232,-12.280001,29.808,none,8,3.0,26259.0,169125.0,69218.0,176770.0,75962.0
2026-04-14 18:04:02.331168,716902,1609507335958491,4935928012,-1.075552,0.23424,0.345504,5.38125,18.6025,21.21875,-3.232,-12.280001,29.808,none,8,3.0,26259.0,169125.0,69218.0,176770.0,75962.0
2026-04-14 18:04:02.361024,716903,1609507335967452,4935936745,-1.04432,0.121024,0.222528,-0.37625,18.235,23.68625,-3.12,-12.288,29.312002,none,8,3.0,26259.0,169125.0,69218.0,176770.0,75962.0
2026-04-14 18:04:02.388676,716914,1609507335982068,4935951785,-1.003328,0.003904,0.228384,-7.62125,16.205,23.24,-4.192,-12.816001,30.432001,none,8,3.0,26640.0,166641.0,69878.0,174203.0,76726.0
2026-04-14 18:04:02.391176,716915,1609507335991004,4935960475,-1.003328,0.003904,0.228384,-11.59375,13.90375,20.71125,-4.192,-12.816001,30.432001,none,8,3.0,26640.0,166641.0,69878.0,174203.0,76726.0
2026-04-14 18:04:02.393701,716916,1609507336005527,4935975341,-0.972096,0.02928,0.374784,-9.52875,12.55625,18.34875,-3.856,-12.76,29.192001,none,8,3.0,26640.0,166641.0,69878.0,174203.0,76726.0
2026-04-14 18:04:02.395746,716917,1609507336014523,4935984120,-0.972096,0.02928,0.374784,-4.445,11.22625,14.41125,-3.856,-12.76,29.192001,none,8,3.0,26640.0,166641.0,69878.0,174203.0,76726.0
2026-04-14 18:04:02.398651,716918,1609507336023583,4935992873,-0.921344,0.103456,0.392352,2.56375,11.1475,11.47125,-2.992,-13.264001,29.752,none,8,3.0,26640.0,166641.0,69878.0,174203.0,76726.0
2026-04-14 18:04:02.401151,716919,1609507336038270,4936007834,-0.921344,0.103456,0.392352,7.0875,12.66125,9.765,-2.992,-13.264001,29.752,none,8,3.0,26640.0,166641.0,69878.0,174203.0,76726.0
2026-04-14 18:04:02.403657,716920,1609507336047348,4936016520,-1.016992,0.290848,0.349408,10.885,14.4725,8.225,-2.888,-13.384001,31.128002,none,8,3.0,26640.0,166641.0,69878.0,174203.0,76726.0
2026-04-14 18:04:02.419885,716921,1609507336061840,4936031435,-1.022848,0.36112,0.210816,12.15375,17.0975,6.9125,-2.584,-13.784,30.080002,none,8,3.0,26640.0,166641.0,69878.0,174203.0,76726.0
2026-04-14 18:04:02.427463,716922,1609507336070769,4936040185,-1.022848,0.36112,0.210816,10.71875,18.62875,6.53625,-2.584,-13.784,30.080002,none,8,3.0,26640.0,166641.0,69878.0,174203.0,76726.0
2026-04-14 18:04:02.459330,716933,1609507336085681,4936055151,-0.993568,0.2928,0.240096,4.6725,19.7225,6.57125,-3.472,-13.880001,30.496002,none,8,3.0,27668.0,162230.0,71704.0,169803.0,78796.0
2026-04-14 18:04:02.461907,716934,1609507336094733,4936063947,-0.993568,0.2928,0.240096,-4.83,19.39,7.0875,-3.472,-13.880001,30.496002,none,8,3.0,27668.0,162230.0,71704.0,169803.0,78796.0
2026-04-14 18:04:02.464846,716935,1609507336103680,4936072629,-0.983808,0.220576,0.35136,-13.29125,17.675,8.58375,-4.12,-13.176001,31.2,none,8,3.0,27668.0,162230.0,71704.0,169803.0,78796.0
2026-04-14 18:04:02.474935,716936,1609507336118309,4936087515,-0.983808,0.220576,0.35136,-15.68,16.485,10.08,-4.12,-13.176001,31.2,none,8,3.0,27668.0,162230.0,71704.0,169803.0,78796.0
2026-04-14 18:04:02.483670,716937,1609507336127360,4936096269,-1.0248,0.163968,0.140544,-11.55,17.47375,9.03,-2.136,-14.336,29.912,none,8,3.0,27668.0,162230.0,71704.0,169803.0,78796.0
2026-04-14 18:04:02.497438,716938,1609507336141827,4936111235,-1.079456,0.271328,0.306464,-4.59375,19.73125,6.29125,-1.824,-14.472001,29.536001,none,8,3.0,27668.0,162230.0,71704.0,169803.0,78796.0
2026-04-14 18:04:02.507486,716939,1609507336150761,4936119916,-1.079456,0.271328,0.306464,1.575,20.02,3.2725,-1.824,-14.472001,29.536001,none,8,3.0,27668.0,162230.0,71704.0,169803.0,78796.0
2026-04-14 18:04:02.517471,716940,1609507336159719,4936128653,-1.079456,0.271328,0.306464,2.37125,17.605,2.16125,-1.824,-14.472001,29.536001,none,8,3.0,27668.0,162230.0,71704.0,169803.0,78796.0
2026-04-14 18:04:02.529986,716941,1609507336174303,4936143511,-1.013088,0.206912,0.160064,-1.995,13.83375,1.575,-2.0,-14.296001,31.408,none,8,3.0,27668.0,162230.0,71704.0,169803.0,78796.0
2026-04-14 18:04:02.564851,716952,1609507336183387,4936152236,-0.99552,0.197152,0.281088,-4.26125,12.31125,0.5775,-2.816,-14.512001,29.768002,none,8,3.0,27224.0,163422.0,70970.0,171101.0,77958.0
2026-04-14 18:04:02.566840,716953,1609507336197945,4936167216,-0.99552,0.197152,0.281088,0.60375,13.65,-0.63875,-2.816,-14.512001,29.768002,none,8,3.0,27224.0,163422.0,70970.0,171101.0,77958.0
2026-04-14 18:04:02.569867,716954,1609507336207018,4936175993,-1.106784,0.245952,0.085888,7.0,14.39375,-0.93625,-2.36,-14.672001,30.04,none,8,3.0,27224.0,163422.0,70970.0,171101.0,77958.0
2026-04-14 18:04:02.572373,716955,1609507336216060,4936184721,-1.106784,0.245952,0.085888,8.33,12.4775,-1.5575,-2.36,-14.672001,30.04,none,8,3.0,27224.0,163422.0,70970.0,171101.0,77958.0
2026-04-14 18:04:02.587422,716956,1609507336230857,4936199610,-1.028704,0.247904,0.265472,5.11,9.1,-0.27125,-1.208,-15.192,29.728,none,8,3.0,27224.0,163422.0,70970.0,171101.0,77958.0
2026-04-14 18:04:02.596985,716957,1609507336240160,4936210394,-1.028704,0.247904,0.265472,0.665,6.53625,0.9275,-1.208,-15.192,29.728,none,8,3.0,27224.0,163422.0,70970.0,171101.0,77958.0
2026-04-14 18:04:02.609538,716958,1609507336254682,4936223249,-1.00528,0.18544,0.093696,-1.4525,5.67875,0.74375,-1.448,-15.296001,29.808,none,8,3.0,27224.0,163422.0,70970.0,171101.0,77958.0
2026-04-14 18:04:02.623541,716959,1609507336264077,4936233997,-1.01504,0.197152,0.113216,-0.7,5.20625,-0.4025,-1.568,-15.448001,29.792002,none,8,3.0,27224.0,163422.0,70970.0,171101.0,77958.0
2026-04-14 18:04:02.631746,716960,1609507336273010,4936242689,-1.01504,0.197152,0.113216,1.9775,5.52125,0.27125,-1.568,-15.448001,29.792002,none,8,3.0,27224.0,163422.0,70970.0,171101.0,77958.0
2026-04-14 18:04:02.755763,716971,1609507336288029,4936258175,-1.100928,0.26352,0.261568,4.5325,5.04875,1.89875,-3.344,-15.072001,31.488,none,8,3.0,27293.0,162909.0,71109.0,170492.0,78164.0
2026-04-14 18:04:02.758247,716972,1609507336297044,4936266929,-1.100928,0.26352,0.261568,4.50625,2.19625,2.695,-3.344,-15.072001,31.488,none,8,3.0,27293.0,162909.0,71109.0,170492.0,78164.0
2026-04-14 18:04:02.760812,716973,1609507336311539,4936281827,-1.030656,0.267424,0.376736,5.3725,-0.9975,3.26375,-3.552,-15.064001,30.792002,none,8,3.0,27293.0,162909.0,71109.0,170492.0,78164.0
2026-04-14 18:04:02.763286,716974,1609507336320457,4936290505,-1.030656,0.267424,0.376736,7.51625,-2.625,2.30125,-3.552,-15.064001,30.792002,none,8,3.0,27293.0,162909.0,71109.0,170492.0,78164.0
2026-04-14 18:04:02.765739,716975,1609507336329392,4936299171,-1.03456,0.296704,0.193248,10.15,-3.4825,0.37625,-2.352,-15.448001,28.864002,none,8,3.0,27293.0,162909.0,71109.0,170492.0,78164.0
2026-04-14 18:04:02.768308,716976,1609507336343937,4936314092,-1.032608,0.32208,0.26352,10.08,-4.82125,-1.67125,-2.392,-15.904,30.872002,none,8,3.0,27293.0,162909.0,71109.0,170492.0,78164.0
2026-04-14 18:04:02.770695,716977,1609507336352858,4936322773,-1.032608,0.32208,0.26352,7.93625,-6.08125,-2.52875,-2.392,-15.904,30.872002,none,8,3.0,27293.0,162909.0,71109.0,170492.0,78164.0
2026-04-14 18:04:02.773294,716978,1609507336367644,4936337668,-1.036512,0.257664,0.054656,6.36125,-7.2625,-2.94875,-2.976,-16.192001,30.736002,none,8,3.0,27293.0,162909.0,71109.0,170492.0,78164.0
2026-04-14 18:04:02.775710,716979,1609507336376622,4936346354,-1.036512,0.257664,0.054656,6.57125,-7.4025,-3.0275,-2.976,-16.192001,30.736002,none,8,3.0,27293.0,162909.0,71109.0,170492.0,78164.0
2026-04-14 18:04:02.803378,716990,1609507336391139,4936361288,-0.979904,0.218624,0.1952,6.58,-7.09625,-3.99,-3.152,-16.432001,30.472002,none,8,3.0,28128.0,161880.0,72633.0,169276.0,79956.0
2026-04-14 18:04:02.805864,716991,1609507336400262,4936369979,-0.979904,0.218624,0.1952,7.1925,-6.90375,-4.64625,-3.152,-16.432001,30.472002,none,8,3.0,28128.0,161880.0,72633.0,169276.0,79956.0
2026-04-14 18:04:02.808443,716992,1609507336409446,4936378822,-0.919392,0.208864,0.300608,9.415,-6.23875,-3.8675,-3.088,-16.872002,29.752,none,8,3.0,28128.0,161880.0,72633.0,169276.0,79956.0
2026-04-14 18:04:02.810777,716993,1609507336424004,4936393744,-1.065792,0.294752,0.17568,12.32,-4.6725,-2.44125,-2.016,-17.248001,29.128002,none,8,3.0,28128.0,161880.0,72633.0,169276.0,79956.0
2026-04-14 18:04:02.814705,716994,1609507336432940,4936402490,-1.065792,0.294752,0.17568,12.4425,-3.4125,-3.45625,-2.016,-17.248001,29.128002,none,8,3.0,28128.0,161880.0,72633.0,169276.0,79956.0
2026-04-14 18:04:02.815517,716995,1609507336447682,4936417601,-1.013088,0.2928,0.300608,7.875,-4.2175,-4.29625,-1.952,-17.248001,29.272001,none,8,3.0,28128.0,161880.0,72633.0,169276.0,79956.0
2026-04-14 18:04:02.819858,716996,1609507336456693,4936426358,-1.013088,0.2928,0.300608,0.7875,-4.75125,-4.03375,-1.952,-17.248001,29.272001,none,8,3.0,28128.0,161880.0,72633.0,169276.0,79956.0
2026-04-14 18:04:02.821678,716997,1609507336465714,4936435069,-1.108736,0.265472,0.281088,-4.03375,-4.2875,-4.2,-2.272,-17.056002,29.480001,none,8,3.0,28128.0,161880.0,72633.0,169276.0,79956.0
2026-04-14 18:04:02.862213,717008,1609507336480526,4936450122,-1.108736,0.265472,0.281088,-4.34875,-3.70125,-4.585,-2.272,-17.056002,29.480001,none,8,3.0,27400.0,163452.0,71345.0,171262.0,78484.0
2026-04-14 18:04:02.864629,717009,1609507336489828,4936458932,-1.091168,0.197152,0.318176,-1.9075,-3.29875,-4.935,-2.824,-17.136002,30.464,none,8,3.0,27400.0,163452.0,71345.0,171262.0,78484.0
2026-04-14 18:04:02.867440,717010,1609507336504328,4936473887,-1.075552,0.160064,0.193248,0.30625,-3.45625,-5.635,-4.032,-16.768002,30.800001,none,8,3.0,27400.0,163452.0,71345.0,171262.0,78484.0
2026-04-14 18:04:02.869952,717011,1609507336513265,4936482591,-1.075552,0.160064,0.193248,3.22,-3.71,-6.93,-4.032,-16.768002,30.800001,none,8,3.0,27400.0,163452.0,71345.0,171262.0,78484.0
2026-04-14 18:04:02.878682,717012,1609507336522302,4936491273,-1.075552,0.160064,0.193248,10.3075,-2.8875,-7.86625,-4.032,-16.768002,30.800001,none,8,3.0,27400.0,163452.0,71345.0,171262.0,78484.0
2026-04-14 18:04:02.893689,717013,1609507336536741,4936506249,-0.989664,0.238144,0.345504,20.1425,-0.02625,-8.25125,-2.168,-17.432001,29.896002,none,8,3.0,27400.0,163452.0,71345.0,171262.0,78484.0
2026-04-14 18:04:02.900781,717014,1609507336545844,4936515001,-0.970144,0.378688,0.284992,24.3425,1.8025,-6.29125,-2.432,-17.576,29.784002,none,8,3.0,27400.0,163452.0,71345.0,171262.0,78484.0
2026-04-14 18:04:02.917289,717015,1609507336560345,4936529904,-0.970144,0.378688,0.284992,22.015,1.05875,-5.0925,-2.432,-17.576,29.784002,none,8,3.0,27400.0,163452.0,71345.0,171262.0,78484.0
2026-04-14 18:04:02.927423,717016,1609507336569276,4936538638,-1.032608,0.324032,0.167872,16.02125,0.25375,-4.15625,-2.576,-17.768002,30.184002,none,8,3.0,27400.0,163452.0,71345.0,171262.0,78484.0
2026-04-14 18:04:02.964927,717027,1609507336584382,4936553542,-1.0736,0.298656,0.199104,9.66,1.19875,-1.12,-3.16,-17.424002,28.232002,none,8,3.0,28053.0,161771.0,72529.0,169679.0,79864.0
2026-04-14 18:04:02.967796,717028,1609507336593368,4936562351,-1.0736,0.298656,0.199104,4.865,2.87,1.7325,-3.16,-17.424002,28.232002,none,8,3.0,28053.0,161771.0,72529.0,169679.0,79864.0
2026-04-14 18:04:02.969415,717029,1609507336602425,4936571114,-1.0736,0.298656,0.199104,3.2725,5.17125,3.68375,-3.16,-17.424002,28.232002,none,8,3.0,28053.0,161771.0,72529.0,169679.0,79864.0
2026-04-14 18:04:02.974923,717030,1609507336617296,4936586157,-1.018944,0.300608,0.388448,2.52875,5.4075,4.8125,-2.952,-18.2,30.960001,none,8,3.0,28053.0,161771.0,72529.0,169679.0,79864.0
2026-04-14 18:04:02.982437,717031,1609507336626267,4936594903,-1.038464,0.247904,0.122976,0.60375,5.2325,5.59125,-2.328,-17.808,29.128002,none,8,3.0,28053.0,161771.0,72529.0,169679.0,79864.0
2026-04-14 18:04:02.993214,717032,1609507336635528,4936605813,-1.038464,0.247904,0.122976,-2.58125,3.955,5.1975,-2.328,-17.808,29.128002,none,8,3.0,28053.0,161771.0,72529.0,169679.0,79864.0
2026-04-14 18:04:03.008142,717033,1609507336650026,4936618671,-0.98576,0.232288,0.267424,-3.73625,3.745,2.6075,-3.016,-17.592001,30.744001,none,8,3.0,28053.0,161771.0,72529.0,169679.0,79864.0
2026-04-14 18:04:03.017257,717034,1609507336659301,4936629429,-0.98576,0.232288,0.267424,-2.66,4.3225,-0.5075,-3.016,-17.592001,30.744001,none,8,3.0,28053.0,161771.0,72529.0,169679.0,79864.0
2026-04-14 18:04:03.028588,717035,1609507336673793,4936642371,-1.1224,0.251808,0.162016,-2.31,3.71875,-2.7825,-2.752,-17.184,30.296001,none,8,3.0,28053.0,161771.0,72529.0,169679.0,79864.0
2026-04-14 18:04:03.116042,717046,1609507336683671,4936653162,-1.1224,0.251808,0.162016,-3.4475,1.18125,-3.71875,-2.752,-17.184,30.296001,none,8,3.0,27547.0,161763.0,71723.0,170141.0,78877.0
2026-04-14 18:04:03.118576,717047,1609507336692723,4936662025,-1.05408,0.162016,0.18544,-8.2425,-2.9575,-3.29,-2.456,-17.456001,29.064001,none,8,3.0,27547.0,161763.0,71723.0,170141.0,78877.0
2026-04-14 18:04:03.121077,717048,1609507336707193,4936676978,-0.997472,0.101504,0.203008,-13.37875,-8.295,-3.1325,-4.456,-17.176,30.2,none,8,3.0,27547.0,161763.0,71723.0,170141.0,78877.0
2026-04-14 18:04:03.123549,717049,1609507336716247,4936685723,-0.997472,0.101504,0.203008,-14.77875,-12.25875,-4.6025,-4.456,-17.176,30.2,none,8,3.0,27547.0,161763.0,71723.0,170141.0,78877.0
2026-04-14 18:04:03.125642,717050,1609507336730965,4936700642,-0.913536,0.12688,0.318176,-11.41875,-13.9825,-6.55375,-3.28,-16.896,30.232002,none,8,3.0,27547.0,161763.0,71723.0,170141.0,78877.0
2026-04-14 18:04:03.128556,717051,1609507336739896,4936709320,-0.913536,0.12688,0.318176,-4.83875,-14.945,-7.00875,-3.28,-16.896,30.232002,none,8,3.0,27547.0,161763.0,71723.0,170141.0,78877.0
2026-04-14 18:04:03.131069,717052,1609507336748921,4936718045,-0.977952,0.226432,0.193248,2.68625,-14.875,-6.4925,-3.712,-16.984001,30.352001,none,8,3.0,27547.0,161763.0,71723.0,170141.0,78877.0
2026-04-14 18:04:03.133458,717053,1609507336763463,4936732983,-0.977952,0.226432,0.193248,6.825,-14.1225,-6.53625,-3.712,-16.984001,30.352001,none,8,3.0,27547.0,161763.0,71723.0,170141.0,78877.0
2026-04-14 18:04:03.136063,717054,1609507336772412,4936741717,-1.007232,0.327936,0.3416,6.685,-14.02625,-6.4575,-4.032,-17.488,30.192001,none,8,3.0,27547.0,161763.0,71723.0,170141.0,78877.0
2026-04-14 18:04:03.163603,717065,1609507336787284,4936756882,-0.921344,0.288896,0.417728,3.5175,-15.16375,-5.215,-4.336,-17.664001,29.152002,none,8,3.0,27510.0,160797.0,71705.0,169194.0,78834.0
2026-04-14 18:04:03.166197,717066,1609507336796284,4936765633,-0.921344,0.288896,0.417728,-1.04125,-16.33625,-3.91125,-4.336,-17.664001,29.152002,none,8,3.0,27510.0,160797.0,71705.0,169194.0,78834.0
2026-04-14 18:04:03.168676,717067,1609507336805229,4936774405,-0.997472,0.25376,0.244,-5.90625,-17.4825,-3.0625,-3.92,-17.264,28.272001,none,8,3.0,27510.0,160797.0,71705.0,169194.0,78834.0
2026-04-14 18:04:03.175705,717068,1609507336819867,4936789405,-0.997472,0.25376,0.244,-9.31875,-17.94625,-1.4,-3.92,-17.264,28.272001,none,8,3.0,27510.0,160797.0,71705.0,169194.0,78834.0
2026-04-14 18:04:03.184942,717069,1609507336828960,4936798093,-0.993568,0.271328,0.3416,-8.40875,-17.47375,-0.6825,-4.048,-17.512001,29.368002,none,8,3.0,27510.0,160797.0,71705.0,169194.0,78834.0
2026-04-14 18:04:03.200607,717070,1609507336843475,4936812999,-0.993568,0.271328,0.3416,-5.69625,-16.58125,-0.53375,-4.048,-17.512001,29.368002,none,8,3.0,27510.0,160797.0,71705.0,169194.0,78834.0
2026-04-14 18:04:03.209343,717071,1609507336852406,4936821688,-1.032608,0.265472,0.275232,-5.005,-14.8225,0.0,-3.808,-17.304,27.024002,none,8,3.0,27510.0,160797.0,71705.0,169194.0,78834.0
2026-04-14 18:04:03.217319,717072,1609507336861331,4936830411,-1.032608,0.265472,0.275232,-5.95,-13.195,0.4025,-3.808,-17.304,27.024002,none,8,3.0,27510.0,160797.0,71705.0,169194.0,78834.0
2026-04-14 18:04:03.232279,717073,1609507336875823,4936845322,-1.032608,0.22448,0.339648,-7.7,-12.46,0.07875,-4.848,-16.576,30.176,none,8,3.0,27510.0,160797.0,71705.0,169194.0,78834.0
2026-04-14 18:04:03.263702,717084,1609507336884895,4936854057,-1.032608,0.22448,0.421632,-7.56875,-11.97,0.77875,-4.848,-16.576,30.176,none,8,3.0,27116.0,160534.0,71024.0,169021.0,78015.0
2026-04-14 18:04:03.265655,717085,1609507336899535,4936868982,-0.94672,0.197152,0.421632,-3.815,-10.73625,1.1025,-5.536,-17.248001,28.288002,none,8,3.0,27116.0,160534.0,71024.0,169021.0,78015.0
2026-04-14 18:04:03.268158,717086,1609507336908541,4936877679,-0.952576,0.265472,0.359168,2.44125,-8.75875,0.805,-4.336,-17.400002,29.600002,none,8,3.0,27116.0,160534.0,71024.0,169021.0,78015.0
2026-04-14 18:04:03.312178,717087,1609507336923088,4936892594,-0.952576,0.265472,0.359168,6.44,-6.23,-0.315,-4.336,-17.400002,29.600002,none,8,3.0,27116.0,160534.0,71024.0,169021.0,78015.0
2026-04-14 18:04:03.314342,717088,1609507336932017,4936901300,-0.938912,0.2928,0.435296,6.37,-4.50625,-0.06125,-4.44,-17.320002,29.008001,none,8,3.0,27116.0,160534.0,71024.0,169021.0,78015.0
2026-04-14 18:04:03.316817,717089,1609507336940915,4936910047,-0.938912,0.2928,0.435296,2.19625,-4.17375,1.72375,-4.44,-17.320002,29.008001,none,8,3.0,27116.0,160534.0,71024.0,169021.0,78015.0
2026-04-14 18:04:03.319352,717090,1609507336955383,4936924937,-1.046272,0.290848,0.404064,-2.03875,-4.47125,3.33375,-5.728,-16.984001,30.608002,none,8,3.0,27116.0,160534.0,71024.0,169021.0,78015.0
2026-04-14 18:04:03.321869,717091,1609507336964315,4936933625,-1.046272,0.290848,0.404064,-4.165,-4.52375,4.0075,-5.728,-16.984001,30.608002,none,8,3.0,27116.0,160534.0,71024.0,169021.0,78015.0
2026-04-14 18:04:03.334826,717092,1609507336978826,4936948587,-1.069696,0.245952,0.226432,-2.7125,-4.22625,5.29375,-5.832,-17.096,29.568,none,8,3.0,27116.0,160534.0,71024.0,169021.0,78015.0
2026-04-14 18:04:03.362461,717103,1609507336987915,4936957374,-0.954528,0.177632,0.286944,0.74375,-3.40375,6.30875,-5.648,-17.592001,29.272001,none,8,3.0,27169.0,159931.0,71137.0,168469.0,78093.0
2026-04-14 18:04:03.364982,717104,1609507337002562,4936972282,-0.954528,0.177632,0.286944,3.01,-2.96625,6.545,-5.648,-17.592001,29.272001,none,8,3.0,27169.0,159931.0,71137.0,168469.0,78093.0
2026-04-14 18:04:03.367403,717105,1609507337011576,4936981068,-0.979904,0.210816,0.425536,4.40125,-2.5725,6.48375,-5.192,-17.672,29.136002,none,8,3.0,27169.0,159931.0,71137.0,168469.0,78093.0
2026-04-14 18:04:03.378520,717106,1609507337020597,4936989853,-0.979904,0.210816,0.425536,7.035,-2.2225,6.895,-5.192,-17.672,29.136002,none,8,3.0,27169.0,159931.0,71137.0,168469.0,78093.0
2026-04-14 18:04:03.392044,717107,1609507337035045,4937004814,-1.032608,0.247904,0.306464,9.7475,-1.49625,4.6725,-5.832,-17.568,30.576002,none,8,3.0,27169.0,159931.0,71137.0,168469.0,78093.0
2026-04-14 18:04:03.402277,717108,1609507337043955,4937013579,-1.032608,0.247904,0.306464,11.0075,-1.05875,2.5375,-5.832,-17.568,30.576002,none,8,3.0,27169.0,159931.0,71137.0,168469.0,78093.0
2026-04-14 18:04:03.438280,717109,1609507337058444,4937028458,-1.056032,0.267424,0.2928,9.89625,-1.12,2.52875,-5.264,-17.792002,28.944002,none,8,3.0,27169.0,159931.0,71137.0,168469.0,78093.0
2026-04-14 18:04:03.463722,717110,1609507337067504,4937037201,-1.05408,0.220576,0.26352,5.915,-2.14375,3.26375,-6.664001,-17.352001,29.232002,none,8,3.0,27169.0,159931.0,71137.0,168469.0,78093.0
2026-04-14 18:04:03.466233,717111,1609507337076423,4937045875,-1.05408,0.220576,0.26352,3.08,-2.94875,4.08625,-6.664001,-17.352001,29.232002,none,8,3.0,27169.0,159931.0,71137.0,168469.0,78093.0
2026-04-14 18:04:03.496008,717122,1609507337091213,4937060819,-1.057984,0.201056,0.275232,2.63375,-3.14125,3.61375,-6.976,-17.776001,30.096,none,8,3.0,27126.0,159552.0,71025.0,168100.0,77945.0
2026-04-14 18:04:03.498675,717123,1609507337100205,4937069585,-1.057984,0.201056,0.275232,4.47125,-2.2575,1.82875,-6.976,-17.776001,30.096,none,8,3.0,27126.0,159552.0,71025.0,168100.0,77945.0
2026-04-14 18:04:03.500687,717124,1609507337114712,4937084536,-0.954528,0.163968,0.30256,7.23625,-1.86375,0.2625,-6.376,-17.832,29.912,none,8,3.0,27126.0,159552.0,71025.0,168100.0,77945.0
2026-04-14 18:04:03.503175,717125,1609507337123677,4937093248,-0.954528,0.163968,0.30256,10.0275,-1.435,-1.575,-6.376,-17.832,29.912,none,8,3.0,27126.0,159552.0,71025.0,168100.0,77945.0
2026-04-14 18:04:03.505543,717126,1609507337138417,4937108135,-0.938912,0.236192,0.476288,12.5825,-1.02375,-3.08875,-6.08,-18.048,30.000002,none,8,3.0,27126.0,159552.0,71025.0,168100.0,77945.0
2026-04-14 18:04:03.508109,717127,1609507337147397,4937116864,-0.931104,0.300608,0.462624,14.07875,-0.9625,-3.70125,-6.128,-18.264,26.904001,none,8,3.0,27126.0,159552.0,71025.0,168100.0,77945.0
2026-04-14 18:04:03.513738,717128,1609507337156318,4937125552,-0.931104,0.300608,0.462624,14.875,-1.14625,-5.20625,-6.128,-18.264,26.904001,none,8,3.0,27126.0,159552.0,71025.0,168100.0,77945.0
2026-04-14 18:04:03.528263,717129,1609507337170843,4937140506,-0.911584,0.30256,0.365024,13.48375,-1.295,-5.6525,-5.056,-18.76,28.896002,none,8,3.0,27126.0,159552.0,71025.0,168100.0,77945.0
2026-04-14 18:04:03.550693,717130,1609507337179775,4937149208,-0.911584,0.30256,0.365024,10.98125,-0.95375,-5.355,-5.056,-18.76,28.896002,none,8,3.0,27126.0,159552.0,71025.0,168100.0,77945.0
2026-04-14 18:04:03.580008,717141,1609507337194414,4937164170,-0.93696,0.310368,0.353312,10.03625,0.0525,-5.52125,-5.0,-18.672,27.800001,none,8,3.0,27443.0,158557.0,71566.0,167014.0,78591.0
2026-04-14 18:04:03.583034,717142,1609507337203398,4937172894,-0.93696,0.310368,0.353312,8.91625,1.05,-6.01125,-5.0,-18.672,27.800001,none,8,3.0,27443.0,158557.0,71566.0,167014.0,78591.0
2026-04-14 18:04:03.583680,717143,1609507337212597,4937181636,-0.9272,0.316224,0.353312,7.5425,1.93375,-6.39625,-5.08,-19.104,28.736002,none,8,3.0,27443.0,158557.0,71566.0,167014.0,78591.0
2026-04-14 18:04:03.585437,717144,1609507337227126,4937196561,-0.9272,0.33184,0.425536,4.17375,1.3125,-5.94125,-5.08,-19.104,28.736002,none,8,3.0,27443.0,158557.0,71566.0,167014.0,78591.0
2026-04-14 18:04:03.593011,717145,1609507337236228,4937205260,-0.96624,0.327936,0.425536,0.37625,0.35,-5.8625,-4.8,-18.984001,28.584002,none,8,3.0,27443.0,158557.0,71566.0,167014.0,78591.0
2026-04-14 18:04:03.606975,717146,1609507337250800,4937220215,-0.919392,0.308416,0.464576,-0.56,0.35,-5.31125,-4.704,-18.944,28.496002,none,8,3.0,27443.0,158557.0,71566.0,167014.0,78591.0
2026-04-14 18:04:03.618042,717147,1609507337259801,4937228979,-0.919392,0.308416,0.464576,1.925,1.19,-4.73375,-4.704,-18.944,28.496002,none,8,3.0,27443.0,158557.0,71566.0,167014.0,78591.0
2026-04-14 18:04:03.625638,717148,1609507337268761,4937237650,-0.903776,0.296704,0.320128,3.92875,1.9775,-3.99875,-6.752,-18.92,28.032001,none,8,3.0,27443.0,158557.0,71566.0,167014.0,78591.0
2026-04-14 18:04:03.639189,717149,1609507337283254,4937252556,-0.903776,0.296704,0.320128,4.165,2.35375,-3.08,-6.752,-18.92,28.032001,none,8,3.0,27443.0,158557.0,71566.0,167014.0,78591.0
2026-04-14 18:04:03.666773,717160,1609507337292295,4937261317,-0.950624,0.310368,0.36112,2.17875,1.98625,-1.8725,-4.96,-19.648,28.792002,none,8,3.0,27413.0,158427.0,71486.0,166895.0,78532.0
2026-04-14 18:04:03.669597,717161,1609507337306846,4937276323,-0.950624,0.310368,0.36112,-0.14875,2.275,-0.41125,-4.96,-19.648,28.792002,none,8,3.0,27413.0,158427.0,71486.0,166895.0,78532.0
2026-04-14 18:04:03.673065,717162,1609507337315792,4937285049,-1.007232,0.324032,0.247904,0.81375,2.9925,0.455,-5.68,-19.336,32.352,none,8,3.0,27413.0,158427.0,71486.0,166895.0,78532.0
2026-04-14 18:04:03.686862,717163,1609507337330253,4937300037,-0.950624,0.294752,0.247904,2.03875,4.1475,0.595,-5.08,-19.472,29.048002,none,8,3.0,27413.0,158427.0,71486.0,166895.0,78532.0
2026-04-14 18:04:03.698271,717164,1609507337339203,4937308746,-0.950624,0.294752,0.247904,0.4725,4.31375,0.98875,-5.08,-19.472,29.048002,none,8,3.0,27413.0,158427.0,71486.0,166895.0,78532.0
2026-04-14 18:04:03.704381,717165,1609507337348124,4937317443,-0.981856,0.275232,0.415776,-3.12375,3.68375,1.1725,-5.08,-19.472,29.184002,none,8,3.0,27413.0,158427.0,71486.0,166895.0,78532.0
2026-04-14 18:04:03.718298,717166,1609507337362780,4937332592,-0.970144,0.275232,0.415776,-6.825,3.045,1.09375,-5.072,-19.352001,29.184002,none,8,3.0,27413.0,158427.0,71486.0,166895.0,78532.0
2026-04-14 18:04:03.728342,717167,1609507337371865,4937341305,-0.960384,0.232288,0.388448,-7.7,3.36875,1.12,-5.552,-19.224,29.576002,none,8,3.0,27413.0,158427.0,71486.0,166895.0,78532.0
2026-04-14 18:04:03.765560,717178,1609507337386654,4937356247,-0.960384,0.232288,0.388448,-6.4925,3.26375,0.28,-5.552,-19.224,29.576002,none,8,3.0,26902.0,158821.0,70623.0,167398.0,77496.0
2026-04-14 18:04:03.768252,717179,1609507337395697,4937365030,-1.03456,0.267424,0.193248,-3.61375,2.51125,-0.5075,-4.88,-19.240002,30.008001,none,8,3.0,26902.0,158821.0,70623.0,167398.0,77496.0
2026-04-14 18:04:03.770621,717180,1609507337404665,4937373751,-1.03456,0.267424,0.193248,-1.16375,2.275,-1.60125,-4.88,-19.240002,30.008001,none,8,3.0,26902.0,158821.0,70623.0,167398.0,77496.0
2026-04-14 18:04:03.777156,717181,1609507337419366,4937388672,-1.048224,0.339648,0.300608,-0.28875,1.995,-2.16125,-5.72,-19.112001,29.576002,none,8,3.0,26902.0,158821.0,70623.0,167398.0,77496.0
2026-04-14 18:04:03.803101,717182,1609507337428302,4937397391,-1.048224,0.339648,0.261568,-0.69125,2.17,-1.96,-5.72,-19.112001,29.576002,none,8,3.0,26902.0,158821.0,70623.0,167398.0,77496.0
2026-04-14 18:04:03.830671,717183,1609507337442835,4937412271,-0.958432,0.294752,0.261568,-1.63625,2.38,-2.1525,-4.664,-19.608002,27.936,none,8,3.0,26902.0,158821.0,70623.0,167398.0,77496.0
2026-04-14 18:04:03.833083,717184,1609507337451741,4937420956,-1.030656,0.298656,0.193248,-2.30125,2.6425,-1.8375,-6.336,-18.912,30.552002,none,8,3.0,26902.0,158821.0,70623.0,167398.0,77496.0
2026-04-14 18:04:03.837700,717185,1609507337466250,4937435850,-1.030656,0.298656,0.193248,-2.5725,2.58125,-0.945,-6.336,-18.912,30.552002,none,8,3.0,26902.0,158821.0,70623.0,167398.0,77496.0
2026-04-14 18:04:03.838636,717186,1609507337475191,4937444565,-0.976,0.277184,0.222528,-2.0475,2.91375,-0.5075,-6.424,-19.152,29.472002,none,8,3.0,26902.0,158821.0,70623.0,167398.0,77496.0
2026-04-14 18:04:03.840494,717187,1609507337484157,4937453266,-0.976,0.277184,0.222528,-1.3825,3.1325,0.49875,-6.424,-19.152,29.472002,none,8,3.0,26902.0,158821.0,70623.0,167398.0,77496.0
2026-04-14 18:04:03.868081,717198,1609507337498718,4937468236,-0.977952,0.320128,0.407968,-2.3625,4.0425,0.6475,-5.728,-19.496,29.52,none,8,3.0,26706.0,158498.0,70248.0,167182.0,77044.0
2026-04-14 18:04:03.870543,717199,1609507337507738,4937476882,-0.977952,0.320128,0.407968,-5.1975,3.605,0.76125,-5.728,-19.496,29.52,none,8,3.0,26706.0,158498.0,70248.0,167182.0,77044.0
2026-04-14 18:04:03.878147,717200,1609507337522473,4937491835,-0.929152,0.245952,0.38064,-7.385,3.10625,0.41125,-5.792,-18.784,29.384,none,8,3.0,26706.0,158498.0,70248.0,167182.0,77044.0
2026-04-14 18:04:03.888180,717201,1609507337531515,4937500530,-0.987712,0.230336,0.208864,-7.1925,3.61375,-0.44625,-5.472,-19.488,29.728,none,8,3.0,26706.0,158498.0,70248.0,167182.0,77044.0
2026-04-14 18:04:03.898251,717202,1609507337540484,4937509253,-0.987712,0.230336,0.208864,-4.3225,4.55,-1.04125,-5.472,-19.488,29.728,none,8,3.0,26706.0,158498.0,70248.0,167182.0,77044.0
2026-04-14 18:04:03.913451,717203,1609507337555370,4937524162,-0.96624,0.288896,0.402112,-1.05875,4.655,-1.79375,-5.136,-18.976002,29.416002,none,8,3.0,26706.0,158498.0,70248.0,167182.0,77044.0
2026-04-14 18:04:03.946962,717204,1609507337564722,4937534914,-0.96624,0.288896,0.402112,-0.28875,4.7075,-2.24,-5.136,-18.976002,29.416002,none,8,3.0,26706.0,158498.0,70248.0,167182.0,77044.0
2026-04-14 18:04:03.949345,717205,1609507337579379,4937547781,-0.968192,0.288896,0.431392,-1.89875,4.095,-1.81125,-4.376,-19.528002,28.640001,none,8,3.0,26706.0,158498.0,70248.0,167182.0,77044.0
2026-04-14 18:04:03.976973,717216,1609507337588660,4937558694,-0.968192,0.288896,0.431392,-3.7625,3.3075,-2.135,-4.376,-19.528002,28.640001,none,8,3.0,26587.0,158291.0,70086.0,166953.0,76850.0
2026-04-14 18:04:03.979253,717217,1609507337597677,4937567370,-0.954528,0.249856,0.33184,-4.935,2.73,-3.17625,-5.56,-19.128,29.392002,none,8,3.0,26587.0,158291.0,70086.0,166953.0,76850.0
2026-04-14 18:04:03.981789,717218,1609507337612244,4937582274,-0.950624,0.26352,0.37088,-4.7775,1.4,-4.0425,-5.104,-19.216002,29.840002,none,8,3.0,26587.0,158291.0,70086.0,166953.0,76850.0
2026-04-14 18:04:03.984228,717219,1609507337621266,4937591070,-0.950624,0.26352,0.37088,-2.91375,1.32125,-4.48,-5.104,-19.216002,29.840002,none,8,3.0,26587.0,158291.0,70086.0,166953.0,76850.0
2026-04-14 18:04:03.992426,717220,1609507337635814,4937605989,-0.964288,0.298656,0.415776,-0.77,1.8725,-5.08375,-5.72,-19.176,30.384,none,8,3.0,26587.0,158291.0,70086.0,166953.0,76850.0
2026-04-14 18:04:04.002955,717221,1609507337644759,4937614672,-0.964288,0.298656,0.415776,0.9275,2.52,-4.3575,-5.72,-19.176,30.384,none,8,3.0,26587.0,158291.0,70086.0,166953.0,76850.0
2026-04-14 18:04:04.013008,717222,1609507337653746,4937623360,-0.935008,0.294752,0.398208,1.39125,2.52875,-3.185,-5.352,-19.224,28.816002,none,8,3.0,26587.0,158291.0,70086.0,166953.0,76850.0
2026-04-14 18:04:04.024287,717223,1609507337668292,4937638265,-0.935008,0.294752,0.398208,0.32375,2.765,-2.91375,-5.352,-19.224,28.816002,none,8,3.0,26587.0,158291.0,70086.0,166953.0,76850.0
2026-04-14 18:04:04.034494,717224,1609507337677231,4937646957,-0.968192,0.279136,0.236192,-1.12,2.5725,-2.63375,-4.84,-19.968,28.744001,none,8,3.0,26587.0,158291.0,70086.0,166953.0,76850.0
2026-04-14 18:04:04.065622,717235,1609507337691903,4937662018,-0.952576,0.267424,0.396256,-3.26375,2.31875,-2.19625,-4.376,-19.728,28.528002,none,8,3.0,26516.0,158064.0,69965.0,166738.0,76708.0
2026-04-14 18:04:04.068053,717236,1609507337700979,4937670788,-0.952576,0.267424,0.396256,-4.54125,1.86375,-2.75625,-4.376,-19.728,28.528002,none,8,3.0,26516.0,158064.0,69965.0,166738.0,76708.0
2026-04-14 18:04:04.074358,717237,1609507337715693,4937685690,-0.991616,0.25376,0.382592,-5.6875,1.4,-3.22,-4.016,-19.28,28.672,none,8,3.0,26516.0,158064.0,69965.0,166738.0,76708.0
2026-04-14 18:04:04.082039,717238,1609507337724621,4937694379,-0.991616,0.25376,0.382592,-5.4075,1.37375,-3.5,-4.016,-19.28,28.672,none,8,3.0,26516.0,158064.0,69965.0,166738.0,76708.0
2026-04-14 18:04:04.089597,717239,1609507337733588,4937703166,-1.013088,0.251808,0.169824,-3.64,1.9425,-4.06,-4.472,-19.232,29.432001,none,8,3.0,26516.0,158064.0,69965.0,166738.0,76708.0
2026-04-14 18:04:04.104651,717240,1609507337748082,4937718105,-1.013088,0.251808,0.169824,0.63,2.1525,-4.03375,-4.472,-19.232,29.432001,none,8,3.0,26516.0,158064.0,69965.0,166738.0,76708.0
2026-04-14 18:04:04.118343,717241,1609507337757020,4937726810,-0.962336,0.316224,0.413824,3.325,1.84625,-4.095,-5.328,-19.304,28.536001,none,8,3.0,26516.0,158064.0,69965.0,166738.0,76708.0
2026-04-14 18:04:04.129511,717242,1609507337771721,4937741682,-0.935008,0.26352,0.310368,1.86375,0.88375,-3.64875,-4.512,-19.392,28.52,none,8,3.0,26516.0,158064.0,69965.0,166738.0,76708.0
2026-04-14 18:04:04.137177,717243,1609507337780783,4937750426,-0.935008,0.26352,0.310368,-1.79375,-0.2625,-3.77125,-4.512,-19.392,28.52,none,8,3.0,26516.0,158064.0,69965.0,166738.0,76708.0
2026-04-14 18:04:04.214645,717254,1609507337789867,4937759188,-0.935008,0.26352,0.310368,-3.8325,-0.56,-4.69875,-4.512,-19.392,28.52,none,8,3.0,26401.0,157771.0,69762.0,166443.0,76497.0
2026-04-14 18:04:04.220517,717255,1609507337804637,4937774211,-1.038464,0.290848,0.245952,-3.0975,-0.37625,-5.005,-3.912,-19.824001,28.688002,none,8,3.0,26401.0,157771.0,69762.0,166443.0,76497.0
2026-04-14 18:04:04.224422,717256,1609507337813723,4937782908,-0.958432,0.275232,0.26352,-0.9275,0.18375,-5.0925,-3.848,-19.528002,28.816002,none,8,3.0,26401.0,157771.0,69762.0,166443.0,76497.0
2026-04-14 18:04:04.230337,717257,1609507337828216,4937797811,-0.958432,0.275232,0.26352,-0.00875,0.7525,-4.43625,-3.848,-19.528002,28.816002,none,8,3.0,26401.0,157771.0,69762.0,166443.0,76497.0
2026-04-14 18:04:04.230444,717258,1609507337837111,4937806521,-0.935008,0.26352,0.298656,-0.62125,1.07625,-3.71875,-4.192,-20.024,28.768002,none,8,3.0,26401.0,157771.0,69762.0,166443.0,76497.0
2026-04-14 18:04:04.231860,717259,1609507337851614,4937821406,-1.032608,0.294752,0.267424,-1.435,0.53375,-2.72125,-4.192,-19.52,25.04,none,8,3.0,26401.0,157771.0,69762.0,166443.0,76497.0
2026-04-14 18:04:04.234283,717260,1609507337860646,4937830305,-1.032608,0.294752,0.267424,-1.72375,-0.21,-2.345,-4.2,-19.52,25.04,none,8,3.0,26401.0,157771.0,69762.0,166443.0,76497.0
2026-04-14 18:04:04.237026,717261,1609507337869655,4937839001,-1.032608,0.294752,0.267424,-1.47,-0.2625,-2.44125,-4.2,-19.52,25.04,none,8,3.0,26401.0,157771.0,69762.0,166443.0,76497.0
2026-04-14 18:04:04.242121,717262,1609507337884218,4937853951,-1.018944,0.286944,0.36112,-0.8925,-0.13125,-2.24875,-4.056,-19.664001,28.328001,none,8,3.0,26401.0,157771.0,69762.0,166443.0,76497.0
2026-04-14 18:04:04.269937,717273,1609507337893261,4937862978,-0.981856,0.275232,0.417728,-0.7,-0.02625,-2.59,-4.096,-19.728,28.912,none,8,3.0,26302.0,157641.0,69576.0,166315.0,76267.0
2026-04-14 18:04:04.272447,717274,1609507337907775,4937877923,-0.981856,0.275232,0.417728,-1.5225,0.39375,-3.54375,-4.096,-19.728,28.912,none,8,3.0,26302.0,157641.0,69576.0,166315.0,76267.0
2026-04-14 18:04:04.274912,717275,1609507337916727,4937886732,-0.950624,0.228384,0.415776,-3.815,-0.56875,-5.17125,-4.32,-19.864,29.152002,none,8,3.0,26302.0,157641.0,69576.0,166315.0,76267.0
2026-04-14 18:04:04.283712,717276,1609507337925681,4937895416,-0.950624,0.228384,0.415776,-3.465,-1.19,-6.34375,-4.32,-19.864,29.152002,none,8,3.0,26302.0,157641.0,69576.0,166315.0,76267.0
2026-04-14 18:04:04.298270,717277,1609507337940244,4937910313,-1.06384,0.2928,0.23424,0.595,-0.23625,-6.755,-4.408,-19.6,29.400002,none,8,3.0,26302.0,157641.0,69576.0,166315.0,76267.0
2026-04-14 18:04:04.305753,717278,1609507337949189,4937918995,-1.06384,0.2928,0.23424,6.20375,0.455,-6.51875,-4.408,-19.6,29.400002,none,8,3.0,26302.0,157641.0,69576.0,166315.0,76267.0
2026-04-14 18:04:04.320939,717279,1609507337963732,4937933909,-0.972096,0.33184,0.275232,7.7875,-0.0875,-6.265,-4.864,-19.52,28.608002,none,8,3.0,26302.0,157641.0,69576.0,166315.0,76267.0
2026-04-14 18:04:04.329820,717280,1609507337972663,4937942750,-0.993568,0.244,0.199104,2.4325,-0.9975,-6.22125,-3.576,-19.744001,29.416002,none,8,3.0,26302.0,157641.0,69576.0,166315.0,76267.0
2026-04-14 18:04:04.343069,717281,1609507337987164,4937955612,-0.993568,0.244,0.199104,-5.66125,-2.87,-5.04,-3.576,-19.744001,29.416002,none,8,3.0,26302.0,157641.0,69576.0,166315.0,76267.0
2026-04-14 18:04:04.371169,717292,1609507337996471,4937966489,-0.976,0.17568,0.242048,-8.56625,-3.73625,-4.6375,-4.168,-19.936,28.600002,none,8,3.0,26319.0,157489.0,69593.0,166030.0,76327.0
2026-04-14 18:04:04.373228,717293,1609507338005535,4937975283,-0.976,0.17568,0.242048,-3.21125,-3.68375,-5.34625,-4.168,-19.936,28.600002,none,8,3.0,26319.0,157489.0,69593.0,166030.0,76327.0
2026-04-14 18:04:04.378700,717294,1609507338020022,4937990237,-1.00528,0.306464,0.382592,6.76375,-2.10875,-5.04,-4.024,-19.568,28.824001,none,8,3.0,26319.0,157489.0,69593.0,166030.0,76327.0
2026-04-14 18:04:04.386215,717295,1609507338028936,4937998938,-1.00528,0.306464,0.382592,13.125,-0.84,-3.4125,-4.024,-19.568,28.824001,none,8,3.0,26319.0,157489.0,69593.0,166030.0,76327.0
2026-04-14 18:04:04.399945,717296,1609507338043585,4938013840,-1.046272,0.374784,0.304512,12.24125,-0.91875,-2.87,-4.696,-19.528002,29.504002,none,8,3.0,26319.0,157489.0,69593.0,166030.0,76327.0
2026-04-14 18:04:04.409470,717297,1609507338052707,4938022540,-1.046272,0.298656,0.411872,5.04,-2.31,-2.51125,-4.696,-19.528002,27.456001,none,8,3.0,26319.0,157489.0,69593.0,166030.0,76327.0
2026-04-14 18:04:04.418042,717298,1609507338061655,4938031247,-0.958432,0.298656,0.411872,-0.63875,-3.255,-1.89875,-4.008,-19.664001,26.712002,none,8,3.0,26319.0,157489.0,69593.0,166030.0,76327.0
2026-04-14 18:04:04.435564,717299,1609507338076192,4938046150,-1.020896,0.277184,0.355264,-2.59,-3.2375,-2.35375,-4.304,-20.28,28.696001,none,8,3.0,26319.0,157489.0,69593.0,166030.0,76327.0
2026-04-14 18:04:04.441957,717300,1609507338085148,4938054895,-1.020896,0.277184,0.355264,-0.245,-2.28375,-2.4325,-4.304,-20.28,28.696001,none,8,3.0,26319.0,157489.0,69593.0,166030.0,76327.0
2026-04-14 18:04:04.469956,717311,1609507338099755,4938068218,-0.98576,0.286944,0.366976,2.4675,-1.02375,-2.19625,-5.184,-20.176,29.744001,none,8,3.0,26079.0,157424.0,69161.0,166095.0,75780.0
2026-04-14 18:04:04.472458,717312,1609507338109209,4938079049,-0.98576,0.286944,0.366976,4.6375,-0.98,-2.61625,-5.184,-20.176,29.744001,none,8,3.0,26079.0,157424.0,69161.0,166095.0,75780.0
2026-04-14 18:04:04.474950,717313,1609507338118136,4938087715,-1.028704,0.339648,0.296704,4.92625,-1.26875,-2.73875,-5.144,-19.976002,29.736002,none,8,3.0,26079.0,157424.0,69161.0,166095.0,75780.0
2026-04-14 18:04:04.491208,717314,1609507338132662,4938102629,-1.028704,0.339648,0.171776,2.84375,-1.1375,-2.80875,-5.144,-19.976002,29.736002,none,8,3.0,26079.0,157424.0,69161.0,166095.0,75780.0
2026-04-14 18:04:04.501595,717315,1609507338141604,4938111326,-0.991616,0.281088,0.181536,0.35875,-1.39125,-2.93125,-4.536,-20.272001,30.904001,none,8,3.0,26079.0,157424.0,69161.0,166095.0,75780.0
2026-04-14 18:04:04.536162,717316,1609507338156133,4938126199,-1.007232,0.238144,0.16592,-2.3625,-1.44375,-3.1325,-4.936,-20.008001,28.264002,none,8,3.0,26079.0,157424.0,69161.0,166095.0,75780.0
2026-04-14 18:04:04.560697,717317,1609507338165103,4938134959,-1.007232,0.238144,0.16592,-3.57,-1.7675,-2.7475,-4.936,-20.008001,28.264002,none,8,3.0,26079.0,157424.0,69161.0,166095.0,75780.0
2026-04-14 18:04:04.588706,717318,1609507338179585,4938149850,-0.938912,0.238144,0.388448,-2.35375,-1.8375,-2.87,-5.288,-19.912,29.384,none,8,3.0,26079.0,157424.0,69161.0,166095.0,75780.0
2026-04-14 18:04:04.620586,717329,1609507338188532,4938158627,-0.938912,0.238144,0.388448,0.07875,-1.33,-2.485,-5.288,-19.912,29.384,none,8,3.0,25900.0,157298.0,68856.0,166050.0,75391.0
2026-04-14 18:04:04.623103,717330,1609507338197545,4938167560,-0.993568,0.2928,0.398208,1.60125,-0.945,-1.9425,-5.032,-20.096,29.2,none,8,3.0,25900.0,157298.0,68856.0,166050.0,75391.0
2026-04-14 18:04:04.625617,717331,1609507338212044,4938180472,-0.993568,0.2928,0.398208,2.065,-0.7875,-1.855,-5.032,-20.096,29.2,none,8,3.0,25900.0,157298.0,68856.0,166050.0,75391.0
2026-04-14 18:04:04.628619,717332,1609507338221425,4938191269,-0.999424,0.288896,0.349408,1.435,-1.1375,-1.4175,-5.4,-20.168001,30.392002,none,8,3.0,25900.0,157298.0,68856.0,166050.0,75391.0
2026-04-14 18:04:04.630678,717333,1609507338235932,4938206126,-1.056032,0.304512,0.288896,0.76125,-1.1025,-0.35,-5.76,-19.688002,30.472002,none,8,3.0,25900.0,157298.0,68856.0,166050.0,75391.0
2026-04-14 18:04:04.633700,717334,1609507338245037,4938214919,-1.056032,0.304512,0.288896,-1.00625,-1.155,-1.47,-5.76,-19.688002,30.472002,none,8,3.0,25900.0,157298.0,68856.0,166050.0,75391.0
2026-04-14 18:04:04.636186,717335,1609507338254138,4938223772,-1.009184,0.249856,0.17568,-2.2925,-1.19,-2.42375,-5.76,-19.688002,30.104002,none,8,3.0,25900.0,157298.0,68856.0,166050.0,75391.0
2026-04-14 18:04:04.638741,717336,1609507338268669,4938238732,-1.009184,0.249856,0.17568,-3.4475,-0.91,-2.35375,-5.784,-19.728,30.104002,none,8,3.0,25900.0,157298.0,68856.0,166050.0,75391.0
2026-04-14 18:04:04.640548,717337,1609507338277699,4938247468,-0.93696,0.25376,0.404064,-3.05375,-1.365,-3.01875,-5.248,-20.232,29.544,none,8,3.0,25900.0,157298.0,68856.0,166050.0,75391.0
2026-04-14 18:04:04.670876,717348,1609507338292666,4938262477,-0.93696,0.25376,0.404064,-1.40875,-1.16375,-3.31625,-5.248,-20.232,29.544,none,8,3.0,25864.0,156807.0,68785.0,165555.0,75283.0
2026-04-14 18:04:04.673624,717349,1609507338301738,4938271249,-1.026752,0.298656,0.333792,0.65625,-1.0675,-3.4475,-4.328,-20.512001,28.36,none,8,3.0,25864.0,156807.0,68785.0,165555.0,75283.0
2026-04-14 18:04:04.675795,717350,1609507338310734,4938280034,-1.026752,0.298656,0.333792,2.3275,-0.735,-3.78875,-4.328,-20.512001,28.36,none,8,3.0,25864.0,156807.0,68785.0,165555.0,75283.0
2026-04-14 18:04:04.682456,717351,1609507338325280,4938294994,-1.038464,0.2928,0.169824,2.72125,-0.385,-4.1125,-5.224001,-19.912,29.752,none,8,3.0,25864.0,156807.0,68785.0,165555.0,75283.0
2026-04-14 18:04:04.692080,717352,1609507338334208,4938303695,-1.038464,0.324032,0.23424,1.9775,-0.3325,-3.78,-5.224001,-19.912,29.752,none,8,3.0,25864.0,156807.0,68785.0,165555.0,75283.0
2026-04-14 18:04:04.706030,717353,1609507338348717,4938318613,-1.05408,0.320128,0.23424,0.5425,-0.2275,-2.93125,-4.784,-19.904001,30.992,none,8,3.0,25864.0,156807.0,68785.0,165555.0,75283.0
2026-04-14 18:04:04.713461,717354,1609507338357648,4938327341,-1.036512,0.306464,0.279136,-1.28625,-0.70875,-2.66875,-5.336,-20.52,28.600002,none,8,3.0,25864.0,156807.0,68785.0,165555.0,75283.0
2026-04-14 18:04:04.728561,717355,1609507338372292,4938342237,-1.036512,0.306464,0.279136,-3.75375,-1.26875,-1.8375,-5.336,-20.52,28.600002,none,8,3.0,25864.0,156807.0,68785.0,165555.0,75283.0
2026-04-14 18:04:04.739907,717356,1609507338381312,4938350940,-0.952576,0.232288,0.247904,-5.005,-1.53125,-2.03875,-4.056,-20.552,28.312002,none,8,3.0,25864.0,156807.0,68785.0,165555.0,75283.0
2026-04-14 18:04:04.775768,717367,1609507338390214,4938359580,-0.952576,0.232288,0.247904,-2.9925,-0.735,-2.6775,-4.056,-20.552,28.312002,none,8,3.0,25836.0,156503.0,68691.0,165212.0,75176.0
2026-04-14 18:04:04.778720,717368,1609507338405421,4938374655,-0.935008,0.257664,0.365024,-0.63,-0.28875,-2.5025,-4.224,-20.744001,28.096,none,8,3.0,25836.0,156503.0,68691.0,165212.0,75176.0
2026-04-14 18:04:04.782740,717369,1609507338414376,4938383361,-0.935008,0.257664,0.365024,1.28625,0.13125,-2.91375,-4.224,-20.744001,28.096,none,8,3.0,25836.0,156503.0,68691.0,165212.0,75176.0
2026-04-14 18:04:04.785691,717370,1609507338428923,4938398249,-1.059936,0.308416,0.240096,1.4525,0.105,-2.68625,-4.664,-20.416,23.936,none,8,3.0,25836.0,156503.0,68691.0,165212.0,75176.0
2026-04-14 18:04:04.793046,717371,1609507338437820,4938406977,-1.003328,0.316224,0.392352,0.0525,0.525,-2.03,-4.288,-20.632002,28.424002,none,8,3.0,25836.0,156503.0,68691.0,165212.0,75176.0
2026-04-14 18:04:04.802309,717372,1609507338446792,4938415665,-1.003328,0.316224,0.392352,-1.715,0.0175,-2.0475,-4.288,-20.632002,28.424002,none,8,3.0,25836.0,156503.0,68691.0,165212.0,75176.0
2026-04-14 18:04:04.818556,717373,1609507338461300,4938430692,-1.028704,0.284992,0.238144,-3.43,-0.81375,-2.00375,-4.88,-20.720001,28.160002,none,8,3.0,25836.0,156503.0,68691.0,165212.0,75176.0
2026-04-14 18:04:04.827032,717374,1609507338470223,4938439391,-1.028704,0.284992,0.238144,-4.095,-1.1025,-2.33625,-4.88,-20.720001,28.160002,none,8,3.0,25836.0,156503.0,68691.0,165212.0,75176.0
2026-04-14 18:04:04.841993,717375,1609507338484722,4938454355,-1.007232,0.261568,0.230336,-3.535,-0.56,-2.00375,-4.568,-20.096,28.232002,none,8,3.0,25836.0,156503.0,68691.0,165212.0,75176.0
2026-04-14 18:04:04.878107,717386,1609507338493792,4938463209,-1.007232,0.261568,0.230336,-1.23375,-0.0525,-2.26625,-4.568,-20.096,28.232002,none,8,3.0,25773.0,156245.0,68531.0,164979.0,74956.0
2026-04-14 18:04:04.878538,717387,1609507338502787,4938472013,-0.981856,0.281088,0.357216,-0.14,-0.0525,-2.205,-4.224,-20.256,28.2,none,8,3.0,25773.0,156245.0,68531.0,164979.0,74956.0
2026-04-14 18:04:04.923670,717388,1609507338517469,4938487031,-0.981856,0.290848,0.435296,0.5075,-0.21,-2.05625,-4.648,-20.384,29.600002,none,8,3.0,25773.0,156245.0,68531.0,164979.0,74956.0
2026-04-14 18:04:04.925789,717389,1609507338526420,4938495773,-0.981856,0.290848,0.435296,-0.84875,-0.83125,-2.345,-4.648,-20.384,29.600002,none,8,3.0,25773.0,156245.0,68531.0,164979.0,74956.0
2026-04-14 18:04:04.928413,717390,1609507338540889,4938510675,-1.0248,0.27328,0.181536,-2.40625,-1.0675,-2.17,-5.144,-19.904001,29.344002,none,8,3.0,25773.0,156245.0,68531.0,164979.0,74956.0
2026-04-14 18:04:04.931203,717391,1609507338549800,4938519364,-1.0248,0.27328,0.181536,-1.79375,-1.28625,-2.065,-5.144,-19.904001,29.344002,none,8,3.0,25773.0,156245.0,68531.0,164979.0,74956.0
2026-04-14 18:04:04.933738,717392,1609507338564326,4938534271,-0.987712,0.288896,0.372832,-1.6275,-1.00625,-2.26625,-5.464,-20.264002,29.168001,none,8,3.0,25773.0,156245.0,68531.0,164979.0,74956.0
2026-04-14 18:04:04.935878,717393,1609507338573275,4938542972,-0.987712,0.288896,0.372832,-1.00625,-0.97125,-2.695,-5.464,-20.264002,29.168001,none,8,3.0,25773.0,156245.0,68531.0,164979.0,74956.0
2026-04-14 18:04:04.938215,717394,1609507338582259,4938551688,-1.03456,0.286944,0.290848,-1.3475,-0.93625,-2.21375,-5.248,-20.376001,29.12,none,8,3.0,25773.0,156245.0,68531.0,164979.0,74956.0
2026-04-14 18:04:04.978713,717405,1609507338596961,4938567001,-1.05408,0.269376,0.201056,-1.7675,-0.7525,-2.7475,-4.296,-20.496,28.416002,none,8,3.0,25756.0,156002.0,68508.0,164678.0,74961.0
2026-04-14 18:04:04.981061,717406,1609507338605958,4938575751,-1.05408,0.269376,0.201056,-1.82875,-0.88375,-2.9575,-4.296,-20.496,28.416002,none,8,3.0,25756.0,156002.0,68508.0,164678.0,74961.0
2026-04-14 18:04:04.982950,717407,1609507338620504,4938590677,-0.991616,0.25376,0.1952,-1.68875,-0.7175,-3.43,-5.56,-20.048,30.512001,none,8,3.0,25756.0,156002.0,68508.0,164678.0,74961.0
2026-04-14 18:04:04.986038,717408,1609507338629420,4938599399,-0.991616,0.25376,0.1952,-0.8225,-0.5775,-3.6925,-5.56,-20.048,30.512001,none,8,3.0,25756.0,156002.0,68508.0,164678.0,74961.0
2026-04-14 18:04:04.999464,717409,1609507338643923,4938612296,-1.036512,0.314272,0.32208,-0.70875,-1.1725,-3.21125,-5.92,-19.960001,29.616001,none,8,3.0,25756.0,156002.0,68508.0,164678.0,74961.0
2026-04-14 18:04:05.011159,717410,1609507338653250,4938623179,-1.036512,0.314272,0.32208,-0.9975,-1.5925,-2.87875,-5.92,-19.960001,29.616001,none,8,3.0,25756.0,156002.0,68508.0,164678.0,74961.0
2026-04-14 18:04:05.018715,717411,1609507338662238,4938631920,-1.032608,0.304512,0.337696,-0.525,-1.51375,-2.975,-4.32,-20.448002,27.992,none,8,3.0,25756.0,156002.0,68508.0,164678.0,74961.0
2026-04-14 18:04:05.033623,717412,1609507338676786,4938646813,-0.954528,0.28304,0.40016,0.23625,-0.88375,-2.94,-4.32,-20.336,30.024002,none,8,3.0,25756.0,156002.0,68508.0,164678.0,74961.0
2026-04-14 18:04:05.042199,717413,1609507338685716,4938655512,-0.954528,0.28304,0.40016,1.07625,-0.93625,-2.52,-4.424,-20.336,30.024002,none,8,3.0,25756.0,156002.0,68508.0,164678.0,74961.0
2026-04-14 18:04:05.081231,717424,1609507338700257,4938670478,-0.99552,0.25376,0.187392,0.14,-0.83125,-2.59,-4.408,-21.072,28.752,none,8,3.0,25761.0,155786.0,68482.0,164486.0,74921.0
2026-04-14 18:04:05.086634,717425,1609507338709228,4938679189,-0.99552,0.25376,0.187392,-2.0825,-1.8025,-3.22875,-4.408,-21.072,28.752,none,8,3.0,25761.0,155786.0,68482.0,164486.0,74921.0
2026-04-14 18:04:05.086741,717426,1609507338718215,4938687879,-0.964288,0.251808,0.201056,-2.905,-1.96,-3.36,-4.816001,-20.208,28.248001,none,8,3.0,25761.0,155786.0,68482.0,164486.0,74921.0
2026-04-14 18:04:05.089299,717427,1609507338732747,4938702813,-0.964288,0.251808,0.201056,-1.16375,-1.26,-3.1325,-4.816001,-20.208,28.248001,none,8,3.0,25761.0,155786.0,68482.0,164486.0,74921.0
2026-04-14 18:04:05.098093,717428,1609507338741688,4938711537,-0.933056,0.267424,0.314272,0.06125,-0.56,-2.56375,-5.192,-20.168001,28.248001,none,8,3.0,25761.0,155786.0,68482.0,164486.0,74921.0
2026-04-14 18:04:05.113268,717429,1609507338756238,4938726422,-0.933056,0.267424,0.314272,0.35,-0.315,-2.05625,-5.192,-20.168001,28.248001,none,8,3.0,25761.0,155786.0,68482.0,164486.0,74921.0
2026-04-14 18:04:05.120791,717430,1609507338765251,4938735135,-0.974048,0.25376,0.222528,-0.27125,-0.3325,-1.79375,-4.432,-20.616001,28.168001,none,8,3.0,25761.0,155786.0,68482.0,164486.0,74921.0
2026-04-14 18:04:05.137177,717431,1609507338779746,4938750096,-1.003328,0.298656,0.386496,-0.175,-0.83125,-1.8025,-4.536,-20.808,28.376001,none,8,3.0,25761.0,155786.0,68482.0,164486.0,74921.0
2026-04-14 18:04:05.147214,717432,1609507338788727,4938758798,-1.003328,0.298656,0.386496,-0.21,-0.8925,-1.82,-4.536,-20.808,28.376001,none,8,3.0,25761.0,155786.0,68482.0,164486.0,74921.0
2026-04-14 18:04:05.177009,717443,1609507338797797,4938767571,-1.05408,0.31232,0.249856,0.42875,-0.49,-1.46125,-5.76,-20.400002,30.176,none,8,3.0,25763.0,155564.0,68485.0,164273.0,74916.0
2026-04-14 18:04:05.179497,717444,1609507338812325,4938782484,-1.05408,0.31232,0.249856,0.86625,-0.21875,-1.5225,-5.76,-20.400002,30.176,none,8,3.0,25763.0,155564.0,68485.0,164273.0,74916.0
2026-04-14 18:04:05.181981,717445,1609507338821277,4938791176,-0.96624,0.28304,0.251808,1.07625,-0.63,-1.30375,-6.312,-20.208,30.240002,none,8,3.0,25763.0,155564.0,68485.0,164273.0,74916.0
2026-04-14 18:04:05.190759,717446,1609507338835826,4938804227,-0.96624,0.28304,0.251808,0.27125,-0.8575,-1.46125,-6.312,-20.208,30.240002,none,8,3.0,25763.0,155564.0,68485.0,164273.0,74916.0
2026-04-14 18:04:05.227205,717447,1609507338845161,4938814998,-0.95648,0.255712,0.245952,-1.05,-1.0675,-1.1725,-5.576,-20.672,28.576002,none,8,3.0,25763.0,155564.0,68485.0,164273.0,74916.0
2026-04-14 18:04:05.229640,717448,1609507338854267,4938823860,-0.95648,0.255712,0.245952,-1.18125,-1.07625,-0.60375,-5.576,-20.672,28.576002,none,8,3.0,25763.0,155564.0,68485.0,164273.0,74916.0
2026-04-14 18:04:05.232186,717449,1609507338868929,4938838767,-0.987712,0.249856,0.179584,-0.84,-0.6825,-0.525,-5.088,-20.688002,29.208002,none,8,3.0,25763.0,155564.0,68485.0,164273.0,74916.0
2026-04-14 18:04:05.234447,717450,1609507338877911,4938847482,-1.03456,0.298656,0.26352,-0.42,-0.9275,-0.4375,-5.088,-20.688002,29.12,none,8,3.0,25763.0,155564.0,68485.0,164273.0,74916.0
2026-04-14 18:04:05.319567,717461,1609507338892409,4938862347,-1.04432,0.298656,0.26352,0.3675,-0.5775,-0.21875,-5.4,-20.664001,29.12,none,8,3.0,25669.0,155487.0,68316.0,164209.0,74676.0
2026-04-14 18:04:05.322453,717462,1609507338901375,4938871092,-1.0248,0.28304,0.199104,0.07875,-0.875,-0.88375,-4.816001,-20.896002,28.400002,none,8,3.0,25669.0,155487.0,68316.0,164209.0,74676.0
2026-04-14 18:04:05.324919,717463,1609507338910271,4938879766,-1.0248,0.28304,0.199104,-1.28625,-0.76125,-1.6275,-4.816001,-20.896002,28.400002,none,8,3.0,25669.0,155487.0,68316.0,164209.0,74676.0
2026-04-14 18:04:05.327483,717464,1609507338924768,4938894674,-1.007232,0.25376,0.18544,-2.30125,-1.1725,-2.30125,-5.384,-20.936,28.288002,none,8,3.0,25669.0,155487.0,68316.0,164209.0,74676.0
2026-04-14 18:04:05.329606,717465,1609507338933735,4938903383,-1.007232,0.25376,0.18544,-2.94,-0.91,-2.7125,-5.384,-20.936,28.288002,none,8,3.0,25669.0,155487.0,68316.0,164209.0,74676.0
2026-04-14 18:04:05.332570,717466,1609507338948256,4938918342,-1.042368,0.320128,0.267424,-1.18125,-0.0875,-2.12625,-5.08,-20.560001,28.184002,none,8,3.0,25669.0,155487.0,68316.0,164209.0,74676.0
2026-04-14 18:04:05.334854,717467,1609507338957183,4938927037,-1.042368,0.320128,0.267424,1.26875,0.525,-1.5575,-5.08,-20.560001,28.184002,none,8,3.0,25669.0,155487.0,68316.0,164209.0,74676.0
2026-04-14 18:04:05.337435,717468,1609507338971816,4938942033,-1.05408,0.316224,0.1952,0.175,0.035,-0.76125,-4.512,-20.944,27.872002,none,8,3.0,25669.0,155487.0,68316.0,164209.0,74676.0
2026-04-14 18:04:05.339699,717469,1609507338980819,4938950864,-0.979904,0.284992,0.394304,-2.24,-0.56,-0.6125,-5.136,-21.160002,28.144001,none,8,3.0,25669.0,155487.0,68316.0,164209.0,74676.0
2026-04-14 18:04:05.347218,717470,1609507338989745,4938959550,-0.979904,0.284992,0.394304,-4.01625,-0.945,-0.72625,-5.136,-21.160002,28.144001,none,8,3.0,25669.0,155487.0,68316.0,164209.0,74676.0
2026-04-14 18:04:05.376882,717481,1609507339004416,4938974552,-1.036512,0.284992,0.228384,-2.94,-1.1025,-1.085,-5.08,-21.232,28.248001,none,8,3.0,25674.0,155253.0,68315.0,163955.0,74678.0
2026-04-14 18:04:05.379363,717482,1609507339013398,4938983328,-1.036512,0.284992,0.228384,-0.2975,-0.88375,-1.05875,-5.08,-21.232,28.248001,none,8,3.0,25674.0,155253.0,68315.0,163955.0,74678.0
2026-04-14 18:04:05.385883,717483,1609507339027912,4938998289,-0.968192,0.320128,0.437248,1.54875,-0.27125,-1.61875,-4.608,-20.848001,28.464,none,8,3.0,25674.0,155253.0,68315.0,163955.0,74678.0
2026-04-14 18:04:05.395804,717484,1609507339036932,4939006972,-0.968192,0.320128,0.437248,0.35875,-0.25375,-1.37375,-4.608,-20.848001,28.464,none,8,3.0,25674.0,155253.0,68315.0,163955.0,74678.0
2026-04-14 18:04:05.407232,717485,1609507339051437,4939019881,-0.95648,0.28304,0.25376,-1.4525,-0.77875,-0.4375,-4.896,-21.232,28.04,none,8,3.0,25674.0,155253.0,68315.0,163955.0,74678.0
2026-04-14 18:04:05.418396,717486,1609507339060778,4939030850,-1.013088,0.308416,0.345504,-3.28125,-1.19875,-0.32375,-4.232,-21.336,28.168001,none,8,3.0,25674.0,155253.0,68315.0,163955.0,74678.0
2026-04-14 18:04:05.427199,717487,1609507339069718,4939039554,-1.013088,0.308416,0.345504,-3.3775,-1.51375,-0.35875,-4.232,-21.336,28.168001,none,8,3.0,25674.0,155253.0,68315.0,163955.0,74678.0
2026-04-14 18:04:05.442065,717488,1609507339084228,4939054435,-0.989664,0.284992,0.411872,-3.3425,-1.28625,-0.4025,-4.576,-21.136002,28.496002,none,8,3.0,25674.0,155253.0,68315.0,163955.0,74678.0
2026-04-14 18:04:05.474511,717499,1609507339093180,4939063393,-0.989664,0.284992,0.411872,-2.5725,-0.8575,-0.60375,-4.576,-21.136002,28.496002,none,8,3.0,25598.0,155064.0,68196.0,163763.0,74548.0
2026-04-14 18:04:05.479994,717500,1609507339107818,4939076275,-0.989664,0.259616,0.199104,-1.39125,-1.02375,-1.26,-4.448,-20.536001,29.232002,none,8,3.0,25598.0,155064.0,68196.0,163763.0,74548.0
2026-04-14 18:04:05.482112,717501,1609507339117232,4939087050,-0.989664,0.259616,0.199104,0.2625,-1.505,-1.37375,-4.448,-20.536001,29.232002,none,8,3.0,25598.0,155064.0,68196.0,163763.0,74548.0
2026-04-14 18:04:05.484260,717502,1609507339126203,4939095837,-0.944768,0.286944,0.318176,0.9625,-1.37375,-0.91,-5.0,-20.832,31.144001,none,8,3.0,25598.0,155064.0,68196.0,163763.0,74548.0
2026-04-14 18:04:05.498139,717503,1609507339140795,4939110718,-1.001376,0.281088,0.163968,0.1225,-1.1725,-0.665,-5.08,-20.536001,26.736002,none,8,3.0,25598.0,155064.0,68196.0,163763.0,74548.0
2026-04-14 18:04:05.505626,717504,1609507339149807,4939119453,-1.001376,0.281088,0.163968,-0.56875,-1.05875,-0.9625,-5.08,-20.536001,26.736002,none,8,3.0,25598.0,155064.0,68196.0,163763.0,74548.0
2026-04-14 18:04:05.520614,717505,1609507339164311,4939134351,-1.030656,0.275232,0.173728,-2.485,-1.46125,-1.18125,-4.88,-21.232,27.976002,none,8,3.0,25598.0,155064.0,68196.0,163763.0,74548.0
2026-04-14 18:04:05.531917,717506,1609507339173245,4939143034,-1.030656,0.275232,0.173728,-4.235,-1.93375,-1.12875,-4.88,-21.232,27.976002,none,8,3.0,25598.0,155064.0,68196.0,163763.0,74548.0
2026-04-14 18:04:05.540812,717507,1609507339182193,4939151744,-1.022848,0.281088,0.226432,-3.4825,-2.17875,-1.00625,-4.8,-21.376001,28.736002,none,8,3.0,25598.0,155064.0,68196.0,163763.0,74548.0
2026-04-14 18:04:05.576083,717518,1609507339196858,4939166785,-1.022848,0.281088,0.226432,-1.925,-1.8375,-1.75875,-4.8,-21.376001,28.736002,none,8,3.0,25568.0,154879.0,68145.0,163590.0,74481.0
2026-04-14 18:04:05.579819,717519,1609507339205999,4939175565,-0.958432,0.265472,0.23424,-1.42625,-0.6825,-1.75875,-5.992,-20.496,30.12,none,8,3.0,25568.0,154879.0,68145.0,163590.0,74481.0
2026-04-14 18:04:05.581691,717520,1609507339220567,4939190470,-0.970144,0.275232,0.212768,-1.02375,-0.56875,-1.30375,-6.256001,-20.344002,29.160002,none,8,3.0,25568.0,154879.0,68145.0,163590.0,74481.0
2026-04-14 18:04:05.590685,717521,1609507339229629,4939199197,-0.970144,0.275232,0.212768,-0.70875,-0.56,-1.63625,-6.256001,-20.344002,29.160002,none,8,3.0,25568.0,154879.0,68145.0,163590.0,74481.0
2026-04-14 18:04:05.596980,717522,1609507339238650,4939208022,-0.970144,0.275232,0.212768,-1.015,-1.015,-1.65375,-6.256001,-20.344002,29.160002,none,8,3.0,25568.0,154879.0,68145.0,163590.0,74481.0
2026-04-14 18:04:05.610661,717523,1609507339253159,4939222916,-0.942816,0.298656,0.407968,-1.4875,-0.97125,-1.4175,-6.16,-21.000002,26.832,none,8,3.0,25568.0,154879.0,68145.0,163590.0,74481.0
2026-04-14 18:04:05.641315,717524,1609507339262244,4939231662,-0.99552,0.314272,0.394304,-2.5375,-0.7875,-1.1025,-5.504,-20.688002,29.144001,none,8,3.0,25568.0,154879.0,68145.0,163590.0,74481.0
2026-04-14 18:04:05.643175,717525,1609507339276730,4939246557,-0.99552,0.314272,0.394304,-3.08,-1.18125,-1.61875,-5.504,-20.688002,29.144001,none,8,3.0,25568.0,154879.0,68145.0,163590.0,74481.0
2026-04-14 18:04:05.646906,717526,1609507339285790,4939255400,-0.970144,0.247904,0.216672,-3.29,-1.18125,-1.5225,-5.056,-21.176,28.408,none,8,3.0,25568.0,154879.0,68145.0,163590.0,74481.0
2026-04-14 18:04:05.723757,717537,1609507339300535,4939270835,-0.970144,0.269376,0.189344,-3.24625,-1.54,-1.61,-5.056,-21.176,30.456001,none,8,3.0,25514.0,154790.0,68040.0,163517.0,74349.0
2026-04-14 18:04:05.724257,717538,1609507339309501,4939279671,-1.0248,0.269376,0.189344,-2.5725,-1.39125,-1.645,-5.4,-20.936,29.696001,none,8,3.0,25514.0,154790.0,68040.0,163517.0,74349.0
2026-04-14 18:04:05.725635,717539,1609507339318458,4939288346,-1.0248,0.269376,0.189344,-1.3475,-1.1375,-2.35375,-5.4,-20.936,29.696001,none,8,3.0,25514.0,154790.0,68040.0,163517.0,74349.0
2026-04-14 18:04:05.728181,717540,1609507339332962,4939303264,-0.935008,0.261568,0.320128,-0.27125,-1.07625,-2.765,-5.480001,-20.816002,29.392002,none,8,3.0,25514.0,154790.0,68040.0,163517.0,74349.0
2026-04-14 18:04:05.733407,717541,1609507339341874,4939311988,-0.950624,0.277184,0.304512,-0.09625,-0.805,-3.1325,-5.432,-20.480001,29.480001,none,8,3.0,25514.0,154790.0,68040.0,163517.0,74349.0
2026-04-14 18:04:05.734895,717542,1609507339356424,4939324873,-0.950624,0.277184,0.304512,0.27125,-1.05875,-3.00125,-5.432,-20.480001,29.480001,none,8,3.0,25514.0,154790.0,68040.0,163517.0,74349.0
2026-04-14 18:04:05.736878,717543,1609507339365892,4939335731,-1.013088,0.329888,0.378688,-0.07875,-1.5225,-2.5375,-5.848,-21.048,29.400002,none,8,3.0,25514.0,154790.0,68040.0,163517.0,74349.0
2026-04-14 18:04:05.738045,717544,1609507339374977,4939344405,-1.013088,0.329888,0.378688,-1.58375,-2.07375,-2.6425,-5.848,-21.048,29.400002,none,8,3.0,25514.0,154790.0,68040.0,163517.0,74349.0
2026-04-14 18:04:05.745572,717545,1609507339389573,4939359357,-1.05408,0.300608,0.238144,-3.2725,-2.17,-2.6075,-5.656,-20.752,29.960001,none,8,3.0,25514.0,154790.0,68040.0,163517.0,74349.0
2026-04-14 18:04:05.777458,717556,1609507339398891,4939368269,-1.05408,0.300608,0.238144,-2.59,-1.715,-3.1675,-5.656,-20.752,29.960001,none,8,3.0,25467.0,154664.0,67987.0,163391.0,74271.0
2026-04-14 18:04:05.779936,717557,1609507339413453,4939383215,-1.022848,0.277184,0.148352,-0.91,-0.79625,-3.1325,-5.84,-20.808,28.464,none,8,3.0,25467.0,154664.0,67987.0,163391.0,74271.0
2026-04-14 18:04:05.782181,717558,1609507339422380,4939391901,-0.954528,0.26352,0.222528,0.8575,-1.365,-3.29,-4.616,-20.856,28.328001,none,8,3.0,25467.0,154664.0,67987.0,163391.0,74271.0
2026-04-14 18:04:05.788482,717559,1609507339431280,4939400592,-0.954528,0.26352,0.222528,0.7525,-1.47,-3.19375,-4.616,-20.856,28.328001,none,8,3.0,25467.0,154664.0,67987.0,163391.0,74271.0
2026-04-14 18:04:05.802531,717560,1609507339445847,4939415614,-1.0248,0.288896,0.269376,-0.88375,-1.53125,-2.89625,-4.624,-21.152,28.160002,none,8,3.0,25467.0,154664.0,67987.0,163391.0,74271.0
2026-04-14 18:04:05.810750,717561,1609507339454806,4939424297,-1.0248,0.288896,0.269376,-1.26875,-1.68,-3.08875,-4.624,-21.152,28.160002,none,8,3.0,25467.0,154664.0,67987.0,163391.0,74271.0
2026-04-14 18:04:05.826963,717562,1609507339469424,4939439184,-1.0248,0.30256,0.267424,0.07875,-1.33875,-3.22875,-5.608,-21.232,29.056002,none,8,3.0,25467.0,154664.0,67987.0,163391.0,74271.0
2026-04-14 18:04:05.834814,717563,1609507339478341,4939447880,-1.0248,0.30256,0.267424,1.1375,-0.86625,-3.29875,-5.608,-21.232,29.056002,none,8,3.0,25467.0,154664.0,67987.0,163391.0,74271.0
2026-04-14 18:04:05.867768,717564,1609507339492867,4939462814,-1.0248,0.320128,0.259616,1.0325,-1.00625,-2.5725,-5.112001,-20.808,29.104002,none,8,3.0,25467.0,154664.0,67987.0,163391.0,74271.0
2026-04-14 18:04:05.897314,717575,1609507339501930,4939471923,-0.94672,0.261568,0.28304,-0.77,-1.53125,-2.3625,-5.112001,-20.808,29.104002,none,8,3.0,25488.0,154533.0,68004.0,163225.0,74294.0
2026-04-14 18:04:05.899800,717576,1609507339510936,4939480653,-0.938912,0.261568,0.28304,-2.2225,-1.79375,-2.2575,-5.688,-21.032001,29.104002,none,8,3.0,25488.0,154533.0,68004.0,163225.0,74294.0
2026-04-14 18:04:05.902123,717577,1609507339525512,4939495554,-0.925248,0.288896,0.396256,-1.14625,-1.61,-1.365,-5.56,-20.792002,29.000002,none,8,3.0,25488.0,154533.0,68004.0,163225.0,74294.0
2026-04-14 18:04:05.904929,717578,1609507339534464,4939504317,-0.925248,0.288896,0.396256,0.30625,-1.39125,-1.42625,-5.56,-20.792002,29.000002,none,8,3.0,25488.0,154533.0,68004.0,163225.0,74294.0
2026-04-14 18:04:05.907103,717579,1609507339549082,4939519269,-0.954528,0.320128,0.441152,1.00625,-0.9275,-2.24,-5.520001,-21.056002,29.112001,none,8,3.0,25488.0,154533.0,68004.0,163225.0,74294.0
2026-04-14 18:04:05.914366,717580,1609507339558146,4939527961,-0.954528,0.320128,0.441152,-0.3325,-0.6475,-1.75,-5.520001,-21.056002,29.112001,none,8,3.0,25488.0,154533.0,68004.0,163225.0,74294.0
2026-04-14 18:04:05.922973,717581,1609507339567157,4939536660,-0.977952,0.267424,0.197152,-2.3975,-0.83125,-1.12875,-4.952,-21.368002,28.400002,none,8,3.0,25488.0,154533.0,68004.0,163225.0,74294.0
2026-04-14 18:04:05.939302,717582,1609507339581697,4939551553,-0.977952,0.267424,0.197152,-3.03625,-1.61875,-1.60125,-4.952,-21.368002,28.400002,none,8,3.0,25488.0,154533.0,68004.0,163225.0,74294.0
2026-04-14 18:04:05.946934,717583,1609507339590686,4939560293,-0.942816,0.259616,0.296704,-1.98625,-1.4525,-1.60125,-4.472,-21.392,28.000002,none,8,3.0,25488.0,154533.0,68004.0,163225.0,74294.0
2026-04-14 18:04:05.978684,717594,1609507339605288,4939575410,-0.962336,0.298656,0.42944,-1.16375,-1.5925,-1.44375,-5.472,-21.04,28.312002,none,8,3.0,25457.0,154480.0,67936.0,163172.0,74222.0
2026-04-14 18:04:05.981128,717595,1609507339614300,4939584173,-0.962336,0.298656,0.42944,0.37625,-1.225,-1.84625,-5.472,-21.04,28.312002,none,8,3.0,25457.0,154480.0,67936.0,163172.0,74222.0
2026-04-14 18:04:06.007079,717596,1609507339628834,4939599074,-1.042368,0.304512,0.177632,1.54875,-1.1025,-2.1875,-4.68,-21.136002,27.848001,none,8,3.0,25457.0,154480.0,67936.0,163172.0,74222.0
2026-04-14 18:04:06.013164,717597,1609507339637785,4939607819,-1.042368,0.304512,0.177632,0.62125,-1.82,-1.89875,-4.68,-21.136002,27.848001,none,8,3.0,25457.0,154480.0,67936.0,163172.0,74222.0
2026-04-14 18:04:06.014349,717598,1609507339646829,4939616521,-1.022848,0.296704,0.23424,-1.12875,-1.9075,-1.63625,-5.84,-20.856,28.880001,none,8,3.0,25457.0,154480.0,67936.0,163172.0,74222.0
2026-04-14 18:04:06.038667,717599,1609507339661335,4939631405,-1.022848,0.296704,0.23424,-3.15,-2.23125,-1.9075,-5.84,-20.856,28.880001,none,8,3.0,25457.0,154480.0,67936.0,163172.0,74222.0
2026-04-14 18:04:06.041174,717600,1609507339670277,4939640142,-0.929152,0.26352,0.404064,-3.57875,-1.89875,-2.2925,-5.768,-21.240002,28.880001,none,8,3.0,25457.0,154480.0,67936.0,163172.0,74222.0
2026-04-14 18:04:06.043122,717601,1609507339684774,4939655126,-0.970144,0.267424,0.208864,-2.61625,-1.75,-1.88125,-4.976,-21.2,27.936,none,8,3.0,25457.0,154480.0,67936.0,163172.0,74222.0
2026-04-14 18:04:06.050706,717602,1609507339693747,4939663832,-0.970144,0.267424,0.208864,0.7525,-1.33,-2.17,-4.976,-21.2,27.936,none,8,3.0,25457.0,154480.0,67936.0,163172.0,74222.0
2026-04-14 18:04:06.078659,717613,1609507339702864,4939672536,-0.970144,0.267424,0.384544,3.12375,-1.07625,-2.24,-4.976,-21.2,27.936,none,8,3.0,25457.0,154292.0,67920.0,162972.0,74222.0
2026-04-14 18:04:06.080612,717614,1609507339717462,4939687551,-0.993568,0.343552,0.384544,2.10875,-1.6275,-2.49375,-5.696,-21.448002,28.784002,none,8,3.0,25457.0,154292.0,67920.0,162972.0,74222.0
2026-04-14 18:04:06.083076,717615,1609507339726490,4939696262,-0.940864,0.290848,0.37088,-1.14625,-2.0475,-1.91625,-5.784,-21.056002,28.976002,none,8,3.0,25457.0,154292.0,67920.0,162972.0,74222.0
2026-04-14 18:04:06.098175,717616,1609507339741000,4939711172,-0.940864,0.290848,0.37088,-3.675,-2.765,-1.91625,-5.784,-21.056002,28.976002,none,8,3.0,25457.0,154292.0,67920.0,162972.0,74222.0
2026-04-14 18:04:06.106862,717617,1609507339749976,4939719861,-1.009184,0.281088,0.329888,-4.26125,-2.625,-2.73875,-4.712,-21.52,28.272001,none,8,3.0,25457.0,154292.0,67920.0,162972.0,74222.0
2026-04-14 18:04:06.122343,717618,1609507339764464,4939732850,-0.989664,0.255712,0.197152,-3.0625,-2.065,-2.765,-5.04,-21.624,31.408,none,8,3.0,25457.0,154292.0,67920.0,162972.0,74222.0
2026-04-14 18:04:06.131095,717619,1609507339773710,4939743649,-0.989664,0.255712,0.197152,0.035,-0.79625,-2.7475,-5.04,-21.624,31.408,none,8,3.0,25457.0,154292.0,67920.0,162972.0,74222.0
2026-04-14 18:04:06.140772,717620,1609507339782782,4939752352,-0.989664,0.255712,0.197152,1.4,-0.63875,-2.7125,-5.04,-21.624,31.408,none,8,3.0,25457.0,154292.0,67920.0,162972.0,74222.0
2026-04-14 18:04:06.178111,717631,1609507339797417,4939767356,-0.964288,0.308416,0.406016,0.88375,-1.49625,-2.33625,-5.664,-21.288,29.336,none,8,3.0,25443.0,154173.0,67863.0,162841.0,74171.0
2026-04-14 18:04:06.180572,717632,1609507339806545,4939776098,-1.04432,0.31232,0.212768,-0.63875,-1.86375,-2.72125,-6.56,-20.736,29.976002,none,8,3.0,25443.0,154173.0,67863.0,162841.0,74171.0
2026-04-14 18:04:06.183279,717633,1609507339821131,4939791032,-1.04432,0.31232,0.212768,-0.37625,-2.1,-2.555,-6.56,-20.736,29.976002,none,8,3.0,25443.0,154173.0,67863.0,162841.0,74171.0
2026-04-14 18:04:06.188123,717634,1609507339830186,4939799771,-1.038464,0.316224,0.245952,0.20125,-1.61875,-2.065,-6.72,-21.336,29.12,none,8,3.0,25443.0,154173.0,67863.0,162841.0,74171.0
2026-04-14 18:04:06.195655,717635,1609507339839266,4939808527,-1.038464,0.316224,0.245952,-0.2275,-2.0825,-2.07375,-6.72,-21.336,29.12,none,8,3.0,25443.0,154173.0,67863.0,162841.0,74171.0
2026-04-14 18:04:06.209351,717636,1609507339853785,4939823434,-0.99552,0.300608,0.345504,-1.1375,-2.24,-2.12625,-5.08,-21.44,27.736002,none,8,3.0,25443.0,154173.0,67863.0,162841.0,74171.0
2026-04-14 18:04:06.220594,717637,1609507339862730,4939832125,-0.99552,0.300608,0.345504,-1.21625,-2.40625,-2.30125,-5.08,-21.44,27.736002,none,8,3.0,25443.0,154173.0,67863.0,162841.0,74171.0
2026-04-14 18:04:06.234660,717638,1609507339877262,4939847025,-0.964288,0.245952,0.22448,-1.54875,-3.07125,-2.2575,-5.16,-21.536001,28.296001,none,8,3.0,25443.0,154173.0,67863.0,162841.0,74171.0
2026-04-14 18:04:06.241854,717639,1609507339886205,4939855756,-1.009184,0.290848,0.193248,-0.28,-2.59875,-1.6975,-5.44,-21.288,29.04,none,8,3.0,25443.0,154173.0,67863.0,162841.0,74171.0
2026-04-14 18:04:06.252406,717640,1609507339895119,4939864462,-1.009184,0.290848,0.193248,1.75,-2.2925,-2.0125,-5.44,-21.288,29.04,none,8,3.0,25443.0,154173.0,67863.0,162841.0,74171.0
2026-04-14 18:04:06.279367,717651,1609507339909696,4939879406,-0.970144,0.314272,0.236192,2.9925,-1.79375,-2.24,-6.016,-21.256,28.824001,none,8,3.0,25442.0,154049.0,67912.0,162719.0,74211.0
2026-04-14 18:04:06.282763,717652,1609507339918712,4939888148,-0.970144,0.314272,0.236192,2.68625,-1.65375,-2.02125,-6.016,-21.256,28.824001,none,8,3.0,25442.0,154049.0,67912.0,162719.0,74211.0
2026-04-14 18:04:06.289280,717653,1609507339933481,4939903115,-1.026752,0.35136,0.363072,0.88375,-1.54875,-1.6975,-5.88,-21.232,28.616001,none,8,3.0,25442.0,154049.0,67912.0,162719.0,74211.0
2026-04-14 18:04:06.300640,717654,1609507339942462,4939911958,-1.026752,0.35136,0.363072,-1.04125,-1.79375,-1.6625,-5.88,-21.232,28.616001,none,8,3.0,25442.0,154049.0,67912.0,162719.0,74211.0
2026-04-14 18:04:06.314841,717655,1609507339956956,4939926939,-1.00528,0.286944,0.199104,-3.42125,-2.2925,-1.61875,-5.064,-22.112001,27.376001,none,8,3.0,25442.0,154049.0,67912.0,162719.0,74211.0
2026-04-14 18:04:06.322294,717656,1609507339965941,4939935643,-0.983808,0.300608,0.402112,-4.8825,-3.07125,-1.44375,-6.136,-21.392,28.456001,none,8,3.0,25442.0,154049.0,67912.0,162719.0,74211.0
2026-04-14 18:04:06.331025,717657,1609507339974887,4939944345,-0.983808,0.300608,0.402112,-4.52375,-2.61625,-1.19875,-6.136,-21.392,28.456001,none,8,3.0,25442.0,154049.0,67912.0,162719.0,74211.0
2026-04-14 18:04:06.347016,717658,1609507339989338,4939959237,-0.960384,0.265472,0.208864,-2.05625,-2.1525,-1.26,-5.264,-21.656,27.6,none,8,3.0,25442.0,154049.0,67912.0,162719.0,74211.0
2026-04-14 18:04:06.428689,717670,1609507339998350,4939968444,-0.960384,0.265472,0.208864,0.5075,-1.4175,-1.05,-5.264,-21.656,27.6,none,8,3.0,25484.0,153923.0,67936.0,162559.0,74256.0
2026-04-14 18:04:06.431205,717671,1609507340012968,4939981328,-0.921344,0.2928,0.382592,2.1175,-1.05875,-1.26,-5.856,-21.2,28.104002,none,8,3.0,25484.0,153923.0,67936.0,162559.0,74256.0
2026-04-14 18:04:06.433670,717672,1609507340022170,4939992224,-0.921344,0.2928,0.382592,0.90125,-0.91,-1.61875,-5.856,-21.2,28.104002,none,8,3.0,25484.0,153923.0,67936.0,162559.0,74256.0
2026-04-14 18:04:06.436170,717673,1609507340031147,4940000957,-0.999424,0.298656,0.17568,-0.83125,-1.02375,-1.44375,-5.08,-21.76,27.968,none,8,3.0,25484.0,153923.0,67936.0,162559.0,74256.0
2026-04-14 18:04:06.438482,717674,1609507340045768,4940015826,-0.938912,0.335744,0.431392,-1.1725,-1.4,-1.21625,-5.32,-21.576,27.912,none,8,3.0,25484.0,153923.0,67936.0,162559.0,74256.0
2026-04-14 18:04:06.441221,717675,1609507340054716,4940024732,-0.938912,0.335744,0.431392,-1.9775,-2.135,-1.61,-5.32,-21.576,27.912,none,8,3.0,25484.0,153923.0,67936.0,162559.0,74256.0
2026-04-14 18:04:06.443705,717676,1609507340069298,4940037673,-0.983808,0.35136,0.421632,-2.56375,-2.1175,-0.6475,-5.312,-21.480001,28.616001,none,8,3.0,25484.0,153923.0,67936.0,162559.0,74256.0
2026-04-14 18:04:06.445690,717677,1609507340078525,4940048444,-0.983808,0.35136,0.421632,-2.75625,-1.715,-0.245,-5.312,-21.480001,28.616001,none,8,3.0,25484.0,153923.0,67936.0,162559.0,74256.0
2026-04-14 18:04:06.451199,717678,1609507340093135,4940063322,-0.93696,0.296704,0.38064,-2.94,-1.47875,0.035,-5.864,-21.392,29.096,none,8,3.0,25484.0,153923.0,67936.0,162559.0,74256.0
2026-04-14 18:04:06.507490,717689,1609507340102503,4940072132,-0.93696,0.296704,0.38064,-4.68125,-1.89875,0.4025,-5.864,-21.392,29.096,none,8,3.0,25410.0,153910.0,67829.0,162583.0,74110.0
2026-04-14 18:04:06.509476,717690,1609507340111511,4940080905,-0.96624,0.242048,0.18544,-6.02,-2.2575,0.37625,-6.16,-21.096,29.032001,none,8,3.0,25410.0,153910.0,67829.0,162583.0,74110.0
2026-04-14 18:04:06.512437,717691,1609507340126040,4940095838,-0.929152,0.281088,0.374784,-5.495,-2.07375,0.6475,-6.16,-21.272001,27.936,none,8,3.0,25410.0,153910.0,67829.0,162583.0,74110.0
2026-04-14 18:04:06.514955,717692,1609507340134968,4940104790,-0.929152,0.281088,0.374784,-3.54375,-1.11125,0.84,-5.776001,-21.272001,27.936,none,8,3.0,25410.0,153910.0,67829.0,162583.0,74110.0
2026-04-14 18:04:06.517170,717693,1609507340149434,4940119679,-1.00528,0.316224,0.193248,-0.945,-0.175,1.05,-5.368,-21.104,28.008001,none,8,3.0,25410.0,153910.0,67829.0,162583.0,74110.0
2026-04-14 18:04:06.519934,717694,1609507340158443,4940128400,-1.00528,0.316224,0.193248,-0.525,0.30625,0.41125,-5.368,-21.104,28.008001,none,8,3.0,25410.0,153910.0,67829.0,162583.0,74110.0
2026-04-14 18:04:06.525045,717695,1609507340167384,4940137091,-1.05408,0.33184,0.236192,-2.7475,-0.28875,0.2625,-5.24,-21.272001,28.080002,none,8,3.0,25410.0,153910.0,67829.0,162583.0,74110.0
2026-04-14 18:04:06.538759,717696,1609507340182016,4940152035,-1.05408,0.33184,0.236192,-6.36125,-0.9975,0.7525,-5.24,-21.272001,28.080002,none,8,3.0,25410.0,153910.0,67829.0,162583.0,74110.0
2026-04-14 18:04:06.548273,717697,1609507340191131,4940160760,-0.935008,0.242048,0.3416,-9.00375,-1.68875,0.84,-5.368,-21.208,27.896002,none,8,3.0,25410.0,153910.0,67829.0,162583.0,74110.0
2026-04-14 18:04:06.582321,717708,1609507340205829,4940175922,-0.935008,0.242048,0.3416,-8.198751,-2.2225,0.42,-5.368,-21.208,27.896002,none,8,3.0,25390.0,153906.0,67769.0,162596.0,74070.0
2026-04-14 18:04:06.584643,717709,1609507340214898,4940184649,-1.016992,0.27328,0.296704,-4.34875,-1.8725,-0.34125,-6.272,-21.320002,27.768002,none,8,3.0,25390.0,153906.0,67769.0,162596.0,74070.0
2026-04-14 18:04:06.587311,717710,1609507340223984,4940193422,-1.016992,0.27328,0.296704,-0.79625,-0.805,-0.77875,-6.272,-21.320002,27.768002,none,8,3.0,25390.0,153906.0,67769.0,162596.0,74070.0
2026-04-14 18:04:06.594702,717711,1609507340238545,4940208334,-1.00528,0.353312,0.376736,1.1375,-0.455,-1.4875,-5.384,-21.128,28.080002,none,8,3.0,25390.0,153906.0,67769.0,162596.0,74070.0
2026-04-14 18:04:06.604855,717712,1609507340247545,4940217032,-0.987712,0.366976,0.398208,-0.595,-0.65625,-1.93375,-5.44,-21.288,27.176,none,8,3.0,25390.0,153906.0,67769.0,162596.0,74070.0
2026-04-14 18:04:06.619902,717713,1609507340262062,4940231903,-0.987712,0.366976,0.398208,-2.9225,-0.56875,-2.23125,-5.44,-21.288,27.176,none,8,3.0,25390.0,153906.0,67769.0,162596.0,74070.0
2026-04-14 18:04:06.627472,717714,1609507340271015,4940240624,-1.03456,0.327936,0.247904,-5.46875,-0.30625,-2.6425,-5.368,-21.056002,28.608002,none,8,3.0,25390.0,153906.0,67769.0,162596.0,74070.0
2026-04-14 18:04:06.636221,717715,1609507340279993,4940249340,-1.03456,0.327936,0.247904,-6.76375,-0.2625,-1.96875,-5.368,-21.056002,28.608002,none,8,3.0,25390.0,153906.0,67769.0,162596.0,74070.0
2026-04-14 18:04:06.652485,717716,1609507340294518,4940264244,-0.962336,0.2928,0.261568,-5.495,0.23625,-1.18125,-6.088,-21.04,29.400002,none,8,3.0,25390.0,153906.0,67769.0,162596.0,74070.0
2026-04-14 18:04:06.682347,717727,1609507340303948,4940272986,-0.962336,0.2928,0.261568,-4.445,0.58625,-1.46125,-6.088,-21.04,29.400002,none,8,3.0,25440.0,153654.0,67852.0,162335.0,74144.0
2026-04-14 18:04:06.684910,717728,1609507340318544,4940287917,-0.952576,0.288896,0.275232,-3.99,1.0325,-1.2425,-6.416,-20.880001,29.112001,none,8,3.0,25440.0,153654.0,67852.0,162335.0,74144.0
2026-04-14 18:04:06.687339,717729,1609507340327484,4940296620,-0.93696,0.308416,0.378688,-3.64875,1.5925,-0.63,-5.952,-20.488,27.848001,none,8,3.0,25440.0,153654.0,67852.0,162335.0,74144.0
2026-04-14 18:04:06.698678,717730,1609507340342024,4940311800,-0.93696,0.308416,0.378688,-4.22625,1.61,-0.23625,-5.952,-20.488,27.848001,none,8,3.0,25440.0,153654.0,67852.0,162335.0,74144.0
2026-04-14 18:04:06.707116,717731,1609507340351004,4940320501,-1.0248,0.318176,0.218624,-4.6375,2.24,-0.30625,-5.152,-21.008001,27.984001,none,8,3.0,25440.0,153654.0,67852.0,162335.0,74144.0
2026-04-14 18:04:06.717210,717732,1609507340359964,4940329305,-1.0248,0.318176,0.218624,-4.48875,2.77375,-0.7175,-5.152,-21.008001,27.984001,none,8,3.0,25440.0,153654.0,67852.0,162335.0,74144.0
2026-04-14 18:04:06.741948,717733,1609507340374472,4940344272,-1.03456,0.327936,0.212768,-4.69,2.68625,-0.945,-6.064,-20.424002,30.128002,none,8,3.0,25440.0,153654.0,67852.0,162335.0,74144.0
2026-04-14 18:04:06.767082,717734,1609507340383446,4940352988,-1.03456,0.327936,0.212768,-4.62875,2.12625,-1.435,-6.064,-20.424002,30.128002,none,8,3.0,25440.0,153654.0,67852.0,162335.0,74144.0
2026-04-14 18:04:06.772047,717735,1609507340397923,4940367899,-0.960384,0.316224,0.249856,-4.94375,1.715,-0.735,-6.688,-20.288,30.352001,none,8,3.0,25440.0,153654.0,67852.0,162335.0,74144.0
2026-04-14 18:04:06.799646,717746,1609507340407064,4940377003,-0.960384,0.316224,0.249856,-5.6175,1.91625,-0.63,-6.688,-20.288,30.352001,none,8,3.0,25381.0,153642.0,67766.0,162348.0,74017.0
2026-04-14 18:04:06.802179,717747,1609507340416004,4940385850,-0.95648,0.310368,0.368928,-7.77875,1.54875,-1.09375,-6.752,-20.12,29.448002,none,8,3.0,25381.0,153642.0,67766.0,162348.0,74017.0
2026-04-14 18:04:06.804635,717748,1609507340430589,4940400809,-1.050176,0.286944,0.154208,-10.115,0.76125,-0.9625,-6.656,-19.936,29.048002,none,8,3.0,25381.0,153642.0,67766.0,162348.0,74017.0
2026-04-14 18:04:06.807074,717749,1609507340439520,4940409595,-1.050176,0.286944,0.154208,-10.115,1.015,-0.84875,-6.656,-19.936,29.048002,none,8,3.0,25381.0,153642.0,67766.0,162348.0,74017.0
2026-04-14 18:04:06.812059,717750,1609507340454210,4940424546,-0.987712,0.269376,0.183488,-9.26625,0.74375,-1.19875,-5.952,-19.952002,28.992,none,8,3.0,25381.0,153642.0,67766.0,162348.0,74017.0
2026-04-14 18:04:06.820805,717751,1609507340463317,4940433298,-0.987712,0.269376,0.183488,-8.75,0.49,-1.68875,-5.952,-19.952002,28.992,none,8,3.0,25381.0,153642.0,67766.0,162348.0,74017.0
2026-04-14 18:04:06.833422,717752,1609507340477802,4940446182,-1.04432,0.327936,0.18544,-7.6825,0.25375,-1.575,-5.224001,-20.048,28.008001,none,8,3.0,25381.0,153642.0,67766.0,162348.0,74017.0
2026-04-14 18:04:06.844925,717753,1609507340487054,4940457002,-1.04432,0.327936,0.18544,-7.455,-0.00875,-2.4325,-5.224001,-20.048,28.008001,none,8,3.0,25381.0,153642.0,67766.0,162348.0,74017.0
2026-04-14 18:04:06.852850,717754,1609507340495992,4940465693,-0.95648,0.345504,0.406016,-7.51625,0.44625,-2.44125,-5.648,-19.880001,29.848001,none,8,3.0,25381.0,153642.0,67766.0,162348.0,74017.0
2026-04-14 18:04:06.882116,717765,1609507340510692,4940480732,-1.028704,0.353312,0.294752,-8.61875,1.0675,-2.17,-5.864,-20.112001,27.960001,none,8,3.0,25332.0,153867.0,67678.0,162583.0,73918.0
2026-04-14 18:04:06.884662,717766,1609507340519684,4940489438,-1.028704,0.353312,0.294752,-12.15375,0.84,-2.31,-5.864,-20.112001,27.960001,none,8,3.0,25332.0,153867.0,67678.0,162583.0,73918.0
2026-04-14 18:04:06.890918,717767,1609507340534265,4940504382,-1.040416,0.324032,0.249856,-16.03,0.6825,-2.17,-5.048,-19.560001,28.128002,none,8,3.0,25332.0,153867.0,67678.0,162583.0,73918.0
2026-04-14 18:04:06.900909,717768,1609507340543218,4940513076,-1.040416,0.324032,0.249856,-17.85875,1.4525,-1.54,-5.048,-19.560001,28.128002,none,8,3.0,25332.0,153867.0,67678.0,162583.0,73918.0
2026-04-14 18:04:06.909708,717769,1609507340552209,4940521830,-0.962336,0.296704,0.40016,-17.7625,2.38875,-1.25125,-5.008,-19.304,29.2,none,8,3.0,25332.0,153867.0,67678.0,162583.0,73918.0
2026-04-14 18:04:06.925849,717770,1609507340566753,4940536782,-0.962336,0.296704,0.40016,-17.0975,3.07125,-1.39125,-5.008,-19.304,29.2,none,8,3.0,25332.0,153867.0,67678.0,162583.0,73918.0
2026-04-14 18:04:06.932231,717771,1609507340575673,4940545520,-1.001376,0.329888,0.386496,-17.22875,3.89375,-1.155,-5.168,-18.216002,29.240002,none,8,3.0,25332.0,153867.0,67678.0,162583.0,73918.0
2026-04-14 18:04:06.949083,717772,1609507340590280,4940560505,-0.974048,0.306464,0.21472,-16.94875,4.57625,-1.015,-5.704001,-18.464,28.584002,none,8,3.0,25332.0,153867.0,67678.0,162583.0,73918.0
2026-04-14 18:04:06.956051,717773,1609507340599221,4940569186,-0.974048,0.306464,0.21472,-17.045,4.13,-0.525,-5.704001,-18.464,28.584002,none,8,3.0,25332.0,153867.0,67678.0,162583.0,73918.0
2026-04-14 18:04:06.986149,717784,1609507340614020,4940582466,-1.022848,0.308416,0.122976,-17.8325,4.34875,-0.09625,-4.472,-18.560001,28.472002,none,8,3.0,25239.0,154215.0,67504.0,162953.0,73686.0
2026-04-14 18:04:06.988555,717785,1609507340623375,4940593258,-1.022848,0.308416,0.122976,-19.27625,3.94625,0.02625,-4.472,-18.560001,28.472002,none,8,3.0,25239.0,154215.0,67504.0,162953.0,73686.0
2026-04-14 18:04:06.991138,717786,1609507340632332,4940601979,-0.970144,0.255712,0.193248,-21.035,3.49125,-0.14875,-5.688,-17.744001,29.576002,none,8,3.0,25239.0,154215.0,67504.0,162953.0,73686.0
2026-04-14 18:04:07.003633,717787,1609507340646867,4940616913,-0.970144,0.255712,0.193248,-22.0675,3.36,-0.20125,-5.688,-17.744001,29.576002,none,8,3.0,25239.0,154215.0,67504.0,162953.0,73686.0
2026-04-14 18:04:07.013239,717788,1609507340655869,4940625605,-1.011136,0.265472,0.16592,-21.3675,3.94625,0.60375,-4.48,-17.656,28.424002,none,8,3.0,25239.0,154215.0,67504.0,162953.0,73686.0
2026-04-14 18:04:07.032354,717789,1609507340670394,4940640528,-1.052128,0.329888,0.279136,-18.75125,4.06875,1.21625,-4.736,-16.92,25.912,none,8,3.0,25239.0,154215.0,67504.0,162953.0,73686.0
2026-04-14 18:04:07.036278,717790,1609507340679396,4940649245,-1.052128,0.329888,0.279136,-17.24625,3.745,1.61,-4.736,-16.92,25.912,none,8,3.0,25239.0,154215.0,67504.0,162953.0,73686.0
2026-04-14 18:04:07.044740,717791,1609507340688341,4940657948,-1.052128,0.329888,0.279136,-17.675,3.14125,2.94875,-4.736,-16.92,25.912,none,8,3.0,25239.0,154215.0,67504.0,162953.0,73686.0
2026-04-14 18:04:07.083689,717802,1609507340702941,4940673002,-1.057984,0.329888,0.310368,-19.6875,2.52,3.22875,-5.408001,-16.632,26.376001,none,8,3.0,25031.0,154890.0,67150.0,163706.0,73220.0
2026-04-14 18:04:07.108363,717803,1609507340712000,4940681820,-1.048224,0.294752,0.366976,-22.56625,1.7675,2.9575,-5.104,-16.936,28.552002,none,8,3.0,25031.0,154890.0,67150.0,163706.0,73220.0
2026-04-14 18:04:07.121248,717804,1609507340726676,4940696880,-1.048224,0.294752,0.366976,-24.45625,0.455,2.94,-5.104,-16.936,28.552002,none,8,3.0,25031.0,154890.0,67150.0,163706.0,73220.0
2026-04-14 18:04:07.150850,717805,1609507340735623,4940705606,-1.01504,0.236192,0.218624,-25.2175,-0.4725,2.87,-4.296,-16.376001,28.776001,none,8,3.0,25031.0,154890.0,67150.0,163706.0,73220.0
2026-04-14 18:04:07.153427,717806,1609507340744559,4940714285,-1.01504,0.236192,0.218624,-24.5175,-0.91875,2.8525,-4.296,-16.376001,28.776001,none,8,3.0,25031.0,154890.0,67150.0,163706.0,73220.0
2026-04-14 18:04:07.155687,717807,1609507340759031,4940729207,-1.050176,0.275232,0.220576,-22.3825,-1.435,3.43,-4.224,-16.0,29.04,none,8,3.0,25031.0,154890.0,67150.0,163706.0,73220.0
2026-04-14 18:04:07.180928,717808,1609507340767990,4940737913,-1.050176,0.275232,0.220576,-20.895,-1.645,4.19125,-4.224,-16.0,29.04,none,8,3.0,25031.0,154890.0,67150.0,163706.0,73220.0
2026-04-14 18:04:07.183435,717809,1609507340782558,4940752899,-0.93696,0.271328,0.384544,-18.795,-0.98875,4.83,-3.952,-15.728001,28.528002,none,8,3.0,25031.0,154890.0,67150.0,163706.0,73220.0
2026-04-14 18:04:07.185852,717810,1609507340791519,4940761582,-0.948672,0.286944,0.238144,-15.68875,-0.07875,6.8425,-4.496,-15.584001,31.448002,none,8,3.0,25031.0,154890.0,67150.0,163706.0,73220.0
2026-04-14 18:04:07.213599,717821,1609507340806475,4940776676,-0.948672,0.286944,0.238144,-13.83375,0.6125,9.1175,-4.496,-15.584001,31.448002,none,8,3.0,25014.0,154893.0,67135.0,163713.0,73145.0
2026-04-14 18:04:07.219674,717822,1609507340815647,4940785390,-0.964288,0.333792,0.404064,-14.245,1.30375,10.78,-4.376,-15.384001,28.968002,none,8,3.0,25014.0,154893.0,67135.0,163713.0,73145.0
2026-04-14 18:04:07.220214,717823,1609507340824679,4940794075,-0.964288,0.333792,0.404064,-17.35125,2.40625,11.97,-4.376,-15.384001,28.968002,none,8,3.0,25014.0,154893.0,67135.0,163713.0,73145.0
2026-04-14 18:04:07.220651,717824,1609507340839235,4940808987,-0.880352,0.191296,0.347456,-23.3625,1.995,11.59375,-4.176,-14.992001,28.928001,none,8,3.0,25014.0,154893.0,67135.0,163713.0,73145.0
2026-04-14 18:04:07.223160,717825,1609507340848186,4940817741,-0.880352,0.191296,0.347456,-29.8025,0.175,9.073751,-4.176,-14.992001,28.928001,none,8,3.0,25014.0,154893.0,67135.0,163713.0,73145.0
2026-04-14 18:04:07.225585,717826,1609507340862852,4940832718,-0.915488,0.10736,0.435296,-32.3925,-1.56625,7.51625,-4.024,-14.544001,29.888,none,8,3.0,25014.0,154893.0,67135.0,163713.0,73145.0
2026-04-14 18:04:07.228861,717827,1609507340871818,4940841423,-0.972096,0.152256,0.238144,-27.93875,-2.345,8.1025,-4.672,-14.048,30.016,none,8,3.0,25014.0,154893.0,67135.0,163713.0,73145.0
2026-04-14 18:04:07.237336,717828,1609507340880816,4940850165,-0.972096,0.152256,0.238144,-18.795,-1.72375,8.0675,-4.672,-14.048,30.016,none,8,3.0,25014.0,154893.0,67135.0,163713.0,73145.0
2026-04-14 18:04:07.252369,717829,1609507340895346,4940865118,-0.913536,0.193248,0.177632,-11.27875,-0.56875,5.985,-4.032,-13.816001,28.720001,none,8,3.0,25014.0,154893.0,67135.0,163713.0,73145.0
2026-04-14 18:04:07.291232,717840,1609507340904285,4940873783,-0.913536,0.193248,0.177632,-7.07875,0.9275,5.45125,-4.032,-13.816001,28.720001,none,8,3.0,25097.0,154920.0,67235.0,163745.0,73236.0
2026-04-14 18:04:07.293706,717841,1609507340918818,4940888703,-0.919392,0.310368,0.480192,-6.2475,0.8575,6.67625,-5.264,-13.6,30.192001,none,8,3.0,25097.0,154920.0,67235.0,163745.0,73236.0
2026-04-14 18:04:07.296240,717842,1609507340927790,4940897455,-0.919392,0.310368,0.480192,-8.51375,-1.32125,7.95375,-5.264,-13.6,30.192001,none,8,3.0,25097.0,154920.0,67235.0,163745.0,73236.0
2026-04-14 18:04:07.298725,717843,1609507340936788,4940906170,-0.983808,0.343552,0.54656,-13.08125,-4.4975,9.485,-5.144,-13.864,30.424002,none,8,3.0,25097.0,154920.0,67235.0,163745.0,73236.0
2026-04-14 18:04:07.307466,717844,1609507340951307,4940921112,-0.942816,0.212768,0.445056,-19.7925,-8.00625,8.417501,-5.144,-12.880001,30.520002,none,8,3.0,25097.0,154920.0,67235.0,163745.0,73236.0
2026-04-14 18:04:07.318905,717845,1609507340960298,4940929805,-0.942816,0.212768,0.445056,-24.36,-11.3575,5.90625,-4.408,-12.880001,30.520002,none,8,3.0,25097.0,154920.0,67235.0,163745.0,73236.0
2026-04-14 18:04:07.333595,717846,1609507340974905,4940944681,-0.98576,0.226432,0.210816,-23.37125,-12.705,5.67875,-5.432,-12.864,28.704,none,8,3.0,25097.0,154920.0,67235.0,163745.0,73236.0
2026-04-14 18:04:07.339935,717847,1609507340984005,4940953394,-0.98576,0.226432,0.210816,-18.97875,-14.77875,6.58,-5.432,-12.864,28.704,none,8,3.0,25097.0,154920.0,67235.0,163745.0,73236.0
2026-04-14 18:04:07.356157,717848,1609507340998529,4940968288,-0.901824,0.267424,0.21472,-14.35875,-19.03125,5.36375,-4.584,-12.728001,28.624,none,8,3.0,25097.0,154920.0,67235.0,163745.0,73236.0
2026-04-14 18:04:07.388283,717859,1609507341007940,4940976996,-0.901824,0.267424,0.21472,-10.57875,-22.81125,3.40375,-4.584,-12.728001,28.624,none,8,3.0,25375.0,153609.0,67652.0,162641.0,73611.0
2026-04-14 18:04:07.391231,717860,1609507341017015,4940985942,-1.020896,0.433344,0.353312,-7.665,-24.21125,5.005,-4.792,-12.408001,28.752,none,8,3.0,25375.0,153609.0,67652.0,162641.0,73611.0
2026-04-14 18:04:07.393713,717861,1609507341031512,4941000960,-1.020896,0.40016,0.386496,-7.455,-25.27,10.2375,-4.792,-12.408001,28.752,none,8,3.0,25375.0,153609.0,67652.0,162641.0,73611.0
2026-04-14 18:04:07.398720,717862,1609507341040464,4941009672,-1.007232,0.40016,0.386496,-13.27375,-27.5975,10.98125,-5.936,-12.120001,29.840002,none,8,3.0,25375.0,153609.0,67652.0,162641.0,73611.0
2026-04-14 18:04:07.411218,717863,1609507341055002,4941024648,-0.999424,0.247904,0.357216,-19.53,-30.625,9.09125,-5.592001,-11.992001,30.008001,none,8,3.0,25375.0,153609.0,67652.0,162641.0,73611.0
2026-04-14 18:04:07.419419,717864,1609507341063963,4941033348,-0.999424,0.247904,0.357216,-22.47,-33.0225,11.97875,-5.592001,-11.992001,30.008001,none,8,3.0,25375.0,153609.0,67652.0,162641.0,73611.0
2026-04-14 18:04:07.429786,717865,1609507341072957,4941042050,-0.901824,0.169824,0.456768,-20.36125,-34.44875,14.27125,-6.032,-11.936001,29.256,none,8,3.0,25375.0,153609.0,67652.0,162641.0,73611.0
2026-04-14 18:04:07.446212,717866,1609507341087598,4941056953,-0.901824,0.169824,0.456768,-13.1075,-36.28625,13.93875,-6.032,-11.936001,29.256,none,8,3.0,25375.0,153609.0,67652.0,162641.0,73611.0
2026-04-14 18:04:07.452462,717867,1609507341096627,4941065634,-0.854976,0.226432,0.27328,-3.6575,-37.40625,12.64375,-7.112001,-11.952001,29.384,none,8,3.0,25375.0,153609.0,67652.0,162641.0,73611.0
2026-04-14 18:04:07.553688,717878,1609507341111248,4941081003,-0.854976,0.226432,0.27328,4.76,-36.82875,12.075,-7.112001,-11.952001,29.384,none,8,3.0,25220.0,152775.0,67352.0,161837.0,73235.0
2026-04-14 18:04:07.556192,717879,1609507341120175,4941089758,-0.938912,0.402112,0.499712,7.2625,-34.88625,11.865,-7.416,-12.368001,29.592001,none,8,3.0,25220.0,152775.0,67352.0,161837.0,73235.0
2026-04-14 18:04:07.558777,717880,1609507341129106,4941098447,-0.938912,0.402112,0.499712,2.40625,-33.81875,11.445,-7.416,-12.368001,29.592001,none,8,3.0,25220.0,152775.0,67352.0,161837.0,73235.0
2026-04-14 18:04:07.560824,717881,1609507341143603,4941113377,-1.009184,0.3904,0.366976,-3.4475,-34.475,12.48625,-7.752,-12.008,29.024002,none,8,3.0,25220.0,152775.0,67352.0,161837.0,73235.0
2026-04-14 18:04:07.563721,717882,1609507341152584,4941122178,-0.974048,0.290848,0.306464,-8.42625,-37.275,14.55125,-7.752,-11.872001,29.424002,none,8,3.0,25220.0,152775.0,67352.0,161837.0,73235.0
2026-04-14 18:04:07.566188,717883,1609507341167256,4941137080,-0.974048,0.290848,0.306464,-12.71375,-40.95875,13.9475,-8.160001,-11.872001,29.424002,none,8,3.0,25220.0,152775.0,67352.0,161837.0,73235.0
2026-04-14 18:04:07.568395,717884,1609507341176194,4941145775,-0.905728,0.189344,0.445056,-15.91625,-42.595,11.97875,-8.784,-11.728001,29.216002,none,8,3.0,25220.0,152775.0,67352.0,161837.0,73235.0
2026-04-14 18:04:07.570687,717885,1609507341190674,4941160716,-0.905728,0.189344,0.445056,-15.00625,-41.93875,12.11875,-8.784,-11.728001,29.216002,none,8,3.0,25220.0,152775.0,67352.0,161837.0,73235.0
2026-04-14 18:04:07.575735,717886,1609507341199689,4941169462,-0.968192,0.177632,0.296704,-9.26625,-41.1425,11.165,-8.984,-12.016001,28.008001,none,8,3.0,25220.0,152775.0,67352.0,161837.0,73235.0
2026-04-14 18:04:07.603221,717897,1609507341209179,4941178166,-0.968192,0.177632,0.296704,-0.9275,-40.8275,9.05625,-8.984,-12.016001,28.008001,none,8,3.0,24807.0,152365.0,66668.0,161459.0,72376.0
2026-04-14 18:04:07.605548,717898,1609507341223773,4941193141,-0.894016,0.306464,0.562176,6.27375,-41.06375,8.225,-9.76,-11.552001,28.728,none,8,3.0,24807.0,152365.0,66668.0,161459.0,72376.0
2026-04-14 18:04:07.608271,717899,1609507341232888,4941201856,-0.894016,0.368928,0.562176,9.12625,-41.685,7.34125,-9.76,-11.552001,28.728,none,8,3.0,24807.0,152365.0,66668.0,161459.0,72376.0
2026-04-14 18:04:07.611050,717900,1609507341247428,4941216823,-0.9272,0.368928,0.562176,5.18875,-42.77,6.0375,-10.296001,-11.888001,29.320002,none,8,3.0,24807.0,152365.0,66668.0,161459.0,72376.0
2026-04-14 18:04:07.613465,717901,1609507341256448,4941225521,-0.89792,0.27328,0.51728,-0.63875,-43.53125,4.50625,-10.856001,-11.72,30.000002,none,8,3.0,24807.0,152365.0,66668.0,161459.0,72376.0
2026-04-14 18:04:07.621050,717902,1609507341265374,4941234267,-0.89792,0.27328,0.51728,-5.08375,-44.3625,3.82375,-10.856001,-11.72,30.000002,none,8,3.0,24807.0,152365.0,66668.0,161459.0,72376.0
2026-04-14 18:04:07.637346,717903,1609507341279862,4941249174,-0.905728,0.218624,0.437248,-6.405,-44.485,2.5725,-11.888001,-11.408001,27.728,none,8,3.0,24807.0,152365.0,66668.0,161459.0,72376.0
2026-04-14 18:04:07.644913,717904,1609507341288779,4941257886,-0.905728,0.218624,0.437248,-5.34625,-44.2925,0.735,-11.888001,-11.408001,27.728,none,8,3.0,24807.0,152365.0,66668.0,161459.0,72376.0
2026-04-14 18:04:07.661189,717905,1609507341303406,4941272803,-0.96624,0.251808,0.431392,-3.71,-44.135,-0.3325,-11.368001,-11.64,28.696001,none,8,3.0,24807.0,152365.0,66668.0,161459.0,72376.0
2026-04-14 18:04:07.690774,717916,1609507341312518,4941281558,-0.96624,0.251808,0.431392,-3.29,-44.6775,-1.6625,-11.368001,-11.64,28.696001,none,8,3.0,24835.0,151689.0,66695.0,160732.0,72396.0
2026-04-14 18:04:07.693163,717917,1609507341321518,4941290322,-0.901824,0.267424,0.618784,-3.99875,-45.7275,-3.64875,-12.904,-11.240001,29.136002,none,8,3.0,24835.0,151689.0,66695.0,160732.0,72396.0
2026-04-14 18:04:07.695697,717918,1609507341336527,4941305322,-0.895968,0.257664,0.45872,-4.96125,-47.59125,-5.6175,-13.440001,-11.296001,30.464,none,8,3.0,24835.0,151689.0,66695.0,160732.0,72396.0
2026-04-14 18:04:07.702065,717919,1609507341345908,4941316199,-0.895968,0.257664,0.45872,-5.5475,-49.86625,-8.198751,-13.440001,-11.296001,30.464,none,8,3.0,24835.0,151689.0,66695.0,160732.0,72396.0
2026-04-14 18:04:07.717383,717920,1609507341360426,4941329172,-0.7808,0.31232,0.737856,-4.6025,-50.4875,-9.42375,-12.808001,-11.376,28.376001,none,8,3.0,24835.0,151689.0,66695.0,160732.0,72396.0
2026-04-14 18:04:07.728592,717921,1609507341369798,4941339946,-0.7808,0.31232,0.737856,-2.9925,-49.0525,-9.695,-12.808001,-11.376,28.376001,none,8,3.0,24835.0,151689.0,66695.0,160732.0,72396.0
2026-04-14 18:04:07.736238,717922,1609507341378724,4941348681,-0.75152,0.28304,0.726144,-1.9775,-46.48875,-9.485,-14.184001,-11.448001,28.472002,none,8,3.0,24835.0,151689.0,66695.0,160732.0,72396.0
2026-04-14 18:04:07.751220,717923,1609507341393233,4941363557,-0.75152,0.28304,0.726144,-0.86625,-44.31875,-9.16125,-14.184001,-11.448001,28.472002,none,8,3.0,24835.0,151689.0,66695.0,160732.0,72396.0
2026-04-14 18:04:07.758805,717924,1609507341402206,4941372276,-0.80032,0.251808,0.5856,1.14625,-44.388752,-8.00625,-13.776001,-11.832001,25.512001,none,8,3.0,24835.0,151689.0,66695.0,160732.0,72396.0
2026-04-14 18:04:07.843402,717935,1609507341417093,4941387328,-0.694912,0.259616,0.484096,5.39,-46.6725,-7.595,-15.376,-11.72,29.008001,none,8,3.0,25991.0,150823.0,68674.0,159669.0,74979.0
2026-04-14 18:04:07.871560,717936,1609507341426026,4941396039,-0.694912,0.259616,0.484096,12.55625,-47.59125,-6.39625,-15.376,-11.72,29.008001,none,8,3.0,25991.0,150823.0,68674.0,159669.0,74979.0
2026-04-14 18:04:07.872035,717937,1609507341434969,4941404717,-0.597312,0.339648,0.616832,19.11875,-46.3225,-4.01625,-15.328001,-11.512,29.12,none,8,3.0,25991.0,150823.0,68674.0,159669.0,74979.0
2026-04-14 18:04:07.873213,717938,1609507341449681,4941419702,-0.597312,0.339648,0.616832,24.272501,-43.365,-1.72375,-15.328001,-11.512,29.12,none,8,3.0,25991.0,150823.0,68674.0,159669.0,74979.0
2026-04-14 18:04:07.876376,717939,1609507341458739,4941428462,-0.737856,0.443104,0.55632,23.8525,-39.87375,0.02625,-15.936001,-12.064,28.720001,none,8,3.0,25991.0,150823.0,68674.0,159669.0,74979.0
2026-04-14 18:04:07.879307,717940,1609507341473266,4941443348,-0.737856,0.443104,0.55632,20.48375,-37.45,0.48125,-15.936001,-12.064,28.720001,none,8,3.0,25991.0,150823.0,68674.0,159669.0,74979.0
2026-04-14 18:04:07.883405,717941,1609507341482183,4941452039,-0.694912,0.45872,0.5856,16.38875,-34.86875,2.72125,-15.880001,-12.440001,27.912,none,8,3.0,25991.0,150823.0,68674.0,159669.0,74979.0
2026-04-14 18:04:07.885837,717942,1609507341496812,4941466940,-0.628544,0.456768,0.630496,11.57625,-31.710001,5.3025,-15.816001,-12.416,27.152,none,8,3.0,25991.0,150823.0,68674.0,159669.0,74979.0
2026-04-14 18:04:07.888340,717943,1609507341505723,4941475618,-0.628544,0.456768,0.630496,6.3525,-28.210001,8.1725,-15.816001,-12.416,27.152,none,8,3.0,25991.0,150823.0,68674.0,159669.0,74979.0
2026-04-14 18:04:07.915891,717954,1609507341514680,4941484324,-0.628544,0.503616,0.774944,1.70625,-23.4325,11.445,-15.816001,-12.416,27.152,none,8,3.0,28843.0,147760.0,74006.0,155758.0,81207.0
2026-04-14 18:04:07.918451,717955,1609507341529323,4941499196,-0.65392,0.503616,0.774944,-0.3325,-17.91125,14.9625,-15.656001,-12.68,28.224,none,8,3.0,28843.0,147760.0,74006.0,155758.0,81207.0
2026-04-14 18:04:07.920944,717956,1609507341538434,4941507934,-0.659776,0.460672,0.562176,-2.17,-12.705,17.08875,-15.928,-12.304001,27.592001,none,8,3.0,28843.0,147760.0,74006.0,155758.0,81207.0
2026-04-14 18:04:07.923406,717957,1609507341552961,4941522878,-0.659776,0.460672,0.562176,-6.37875,-9.54625,16.26625,-15.928,-12.304001,27.592001,none,8,3.0,28843.0,147760.0,74006.0,155758.0,81207.0
2026-04-14 18:04:07.925850,717958,1609507341562026,4941531573,-0.728096,0.484096,0.62464,-11.52375,-7.77,15.33,-15.840001,-12.448001,27.544,none,8,3.0,28843.0,147760.0,74006.0,155758.0,81207.0
2026-04-14 18:04:07.928450,717959,1609507341571036,4941540299,-0.728096,0.484096,0.62464,-15.61875,-7.16625,15.14625,-15.840001,-12.448001,27.544,none,8,3.0,28843.0,147760.0,74006.0,155758.0,81207.0
2026-04-14 18:04:07.942207,717960,1609507341585522,4941555261,-0.724192,0.452864,0.609024,-18.7425,-7.945,14.4375,-15.912001,-11.624001,27.672,none,8,3.0,28843.0,147760.0,74006.0,155758.0,81207.0
2026-04-14 18:04:07.952238,717961,1609507341594478,4941563969,-0.724192,0.452864,0.609024,-22.42625,-7.83125,13.195,-15.912001,-11.624001,27.672,none,8,3.0,28843.0,147760.0,74006.0,155758.0,81207.0
2026-04-14 18:04:07.991891,717972,1609507341609212,4941578879,-0.667584,0.3904,0.827648,-24.710001,-7.25375,12.24125,-15.888001,-11.464001,28.112001,none,8,3.0,31574.0,152336.0,80005.0,160609.0,87436.0
2026-04-14 18:04:07.994426,717973,1609507341618307,4941587668,-0.67344,0.32208,0.8296,-24.955,-6.69375,10.89375,-16.912,-11.000001,28.776001,none,8,3.0,31574.0,152336.0,80005.0,160609.0,87436.0
2026-04-14 18:04:07.997089,717974,1609507341627334,4941596393,-0.67344,0.32208,0.8296,-22.86375,-6.3875,8.715,-16.912,-11.000001,28.776001,none,8,3.0,31574.0,152336.0,80005.0,160609.0,87436.0
2026-04-14 18:04:07.999610,717975,1609507341641929,4941611334,-0.708576,0.353312,0.847168,-19.95,-7.30625,6.6675,-17.08,-10.864,28.36,none,8,3.0,31574.0,152336.0,80005.0,160609.0,87436.0
2026-04-14 18:04:08.008402,717976,1609507341650826,4941620045,-0.708576,0.353312,0.847168,-18.87375,-8.7325,4.31375,-17.08,-10.864,28.36,none,8,3.0,31574.0,152336.0,80005.0,160609.0,87436.0
2026-04-14 18:04:08.020891,717977,1609507341665317,4941635063,-0.689056,0.327936,0.739808,-22.63625,-10.98125,1.53125,-16.312,-10.824,27.688002,none,8,3.0,31574.0,152336.0,80005.0,160609.0,87436.0
2026-04-14 18:04:08.030934,717978,1609507341674436,4941643764,-0.689056,0.327936,0.739808,-27.335001,-13.29125,-0.1225,-16.312,-10.824,27.688002,none,8,3.0,31574.0,152336.0,80005.0,160609.0,87436.0
2026-04-14 18:04:08.047464,717979,1609507341688938,4941658713,-0.661728,0.257664,0.724192,-29.2425,-14.595,0.6475,-16.880001,-10.384001,24.992,none,8,3.0,31574.0,152336.0,80005.0,160609.0,87436.0
2026-04-14 18:04:08.054997,717980,1609507341697906,4941667443,-0.730048,0.208864,0.5368,-27.8425,-15.77625,-0.91875,-16.640001,-10.296001,26.648,none,8,3.0,31574.0,152336.0,80005.0,160609.0,87436.0
2026-04-14 18:04:08.062058,717981,1609507341706933,4941676315,-0.730048,0.208864,0.5368,-21.7525,-14.90125,-3.9375,-16.640001,-10.296001,26.648,none,8,3.0,31574.0,152336.0,80005.0,160609.0,87436.0
2026-04-14 18:04:08.090844,717992,1609507341721416,4941691357,-0.72224,0.298656,0.515328,-10.57,-12.11875,-5.5475,-17.712,-9.752001,29.36,none,8,3.0,34098.0,156050.0,84925.0,165182.0,93124.0
2026-04-14 18:04:08.095800,717993,1609507341730355,4941700094,-0.72224,0.298656,0.515328,-2.765,-10.29,-7.39375,-17.712,-9.752001,29.36,none,8,3.0,34098.0,156050.0,84925.0,165182.0,93124.0
2026-04-14 18:04:08.100867,717994,1609507341744985,4941715058,-0.765184,0.3904,0.616832,-3.4475,-10.08875,-10.185,-18.08,-9.744,29.800001,none,8,3.0,34098.0,156050.0,84925.0,165182.0,93124.0
2026-04-14 18:04:08.110892,717995,1609507341753937,4941723760,-0.765184,0.3904,0.616832,-8.6975,-10.395,-11.025,-18.08,-9.744,29.800001,none,8,3.0,34098.0,156050.0,84925.0,165182.0,93124.0
2026-04-14 18:04:08.125590,717996,1609507341768460,4941738673,-0.685152,0.366976,0.583648,-13.22125,-9.4675,-7.44625,-17.712,-9.616,26.768002,none,8,3.0,34098.0,156050.0,84925.0,165182.0,93124.0
2026-04-14 18:04:08.134685,717997,1609507341777421,4941747359,-0.739808,0.407968,0.767136,-15.1375,-8.1725,-4.3225,-18.296001,-9.648001,30.112001,none,8,3.0,34098.0,156050.0,84925.0,165182.0,93124.0
2026-04-14 18:04:08.143287,717998,1609507341786351,4941756046,-0.739808,0.407968,0.767136,-15.04125,-6.1775,-2.84375,-18.296001,-9.648001,30.112001,none,8,3.0,34098.0,156050.0,84925.0,165182.0,93124.0
2026-04-14 18:04:08.157023,717999,1609507341800893,4941771018,-0.728096,0.394304,0.798368,-14.315001,-3.70125,-1.16375,-16.992,-9.776,27.432001,none,8,3.0,34098.0,156050.0,84925.0,165182.0,93124.0
2026-04-14 18:04:08.212012,718010,1609507341810398,4941779773,-0.728096,0.394304,0.798368,-14.595,-2.0825,0.90125,-16.992,-9.776,27.432001,none,8,3.0,34708.0,162563.0,86496.0,172186.0,95047.0
2026-04-14 18:04:08.237211,718011,1609507341825202,4941794757,-0.704672,0.333792,0.700768,-16.5725,-1.575,2.45,-16.688002,-9.288,27.760002,none,8,3.0,34708.0,162563.0,86496.0,172186.0,95047.0
2026-04-14 18:04:08.259405,718012,1609507341834177,4941803477,-0.704672,0.333792,0.700768,-18.865,-2.05625,3.91125,-16.688002,-9.288,27.760002,none,8,3.0,34708.0,162563.0,86496.0,172186.0,95047.0
2026-04-14 18:04:08.264488,718013,1609507341843107,4941812214,-0.737856,0.357216,0.778848,-18.96125,-2.73875,5.7925,-16.952002,-9.256001,28.832,none,8,3.0,34708.0,162563.0,86496.0,172186.0,95047.0
2026-04-14 18:04:08.267070,718014,1609507341857604,4941827176,-0.667584,0.325984,0.599264,-16.2925,-2.5375,6.6675,-17.328001,-8.816,28.256,none,8,3.0,34708.0,162563.0,86496.0,172186.0,95047.0
2026-04-14 18:04:08.269511,718015,1609507341866554,4941835907,-0.667584,0.325984,0.599264,-11.55875,-1.5225,7.30625,-17.328001,-8.816,28.256,none,8,3.0,34708.0,162563.0,86496.0,172186.0,95047.0
2026-04-14 18:04:08.271976,718016,1609507341881055,4941850827,-0.671488,0.37088,0.618784,-8.225,0.84,8.04125,-17.6,-8.816,28.392002,none,8,3.0,34708.0,162563.0,86496.0,172186.0,95047.0
2026-04-14 18:04:08.274482,718017,1609507341889981,4941859515,-0.671488,0.37088,0.618784,-7.42,2.66875,9.31,-17.6,-8.816,28.392002,none,8,3.0,34708.0,162563.0,86496.0,172186.0,95047.0
2026-04-14 18:04:08.277130,718018,1609507341898905,4941868184,-0.720288,0.372832,0.64416,-9.8175,3.5,10.22875,-17.528002,-8.824,28.488,none,8,3.0,34708.0,162563.0,86496.0,172186.0,95047.0
2026-04-14 18:04:08.304628,718029,1609507341913998,4941883464,-0.720288,0.372832,0.64416,-15.47875,2.80875,10.87625,-17.528002,-8.824,28.488,none,8,3.0,35024.0,163789.0,87154.0,173477.0,95893.0
2026-04-14 18:04:08.309626,718030,1609507341923055,4941892225,-0.665632,0.300608,0.77104,-21.3325,0.77875,11.52375,-17.68,-7.936,29.592001,none,8,3.0,35024.0,163789.0,87154.0,173477.0,95893.0
2026-04-14 18:04:08.312478,718031,1609507341937707,4941907182,-0.685152,0.236192,0.747616,-25.17375,-0.7525,11.935,-17.68,-7.936,29.584002,none,8,3.0,35024.0,163789.0,87154.0,173477.0,95893.0
2026-04-14 18:04:08.314953,718032,1609507341946792,4941915892,-0.685152,0.236192,0.747616,-25.45375,-0.7525,12.145,-18.376001,-7.520001,29.584002,none,8,3.0,35024.0,163789.0,87154.0,173477.0,95893.0
2026-04-14 18:04:08.317564,718033,1609507341955767,4941924637,-0.685152,0.236192,0.747616,-23.345,-0.0525,11.585,-18.376001,-7.520001,29.584002,none,8,3.0,35024.0,163789.0,87154.0,173477.0,95893.0
2026-04-14 18:04:08.325807,718034,1609507341970284,4941939587,-0.74176,0.222528,0.757376,-20.22125,0.79625,9.6425,-18.624,-7.576,28.824001,none,8,3.0,35024.0,163789.0,87154.0,173477.0,95893.0
2026-04-14 18:04:08.336679,718035,1609507341979235,4941948309,-0.769088,0.187392,0.525088,-15.42625,0.455,8.00625,-17.104,-7.936,28.304,none,8,3.0,35024.0,163789.0,87154.0,173477.0,95893.0
2026-04-14 18:04:08.350671,718036,1609507341993709,4941963190,-0.769088,0.187392,0.525088,-10.745,-0.2625,6.97375,-17.104,-7.936,28.304,none,8,3.0,35024.0,163789.0,87154.0,173477.0,95893.0
2026-04-14 18:04:08.358641,718037,1609507342002671,4941971901,-0.720288,0.247904,0.737856,-5.1975,-0.6825,6.29125,-16.776001,-7.6,27.144001,none,8,3.0,35024.0,163789.0,87154.0,173477.0,95893.0
2026-04-14 18:04:08.390616,718048,1609507342017239,4941986921,-0.720288,0.247904,0.737856,-0.2975,-1.23375,5.31125,-16.776001,-7.6,27.144001,none,8,3.0,35402.0,164508.0,87812.0,174210.0,96705.0
2026-04-14 18:04:08.393046,718049,1609507342026215,4941995609,-0.720288,0.267424,0.52704,3.78875,-0.70875,4.3925,-16.776001,-7.824,28.472002,none,8,3.0,35402.0,164508.0,87812.0,174210.0,96705.0
2026-04-14 18:04:08.396238,718050,1609507342035189,4942004350,-0.720288,0.267424,0.52704,6.2475,0.49,3.185,-16.776001,-7.824,28.472002,none,8,3.0,35402.0,164508.0,87812.0,174210.0,96705.0
2026-04-14 18:04:08.426750,718051,1609507342049749,4942019299,-0.667584,0.2928,0.62464,7.48125,1.25125,3.03625,-17.392,-7.928001,28.696001,none,8,3.0,35402.0,164508.0,87812.0,174210.0,96705.0
2026-04-14 18:04:08.439252,718052,1609507342058850,4942027990,-0.704672,0.36112,0.794464,8.56625,1.5225,2.205,-17.752,-7.776001,28.872002,none,8,3.0,35402.0,164508.0,87812.0,174210.0,96705.0
2026-04-14 18:04:08.440584,718053,1609507342073329,4942042960,-0.704672,0.36112,0.794464,8.70625,1.8725,1.70625,-17.752,-7.776001,28.872002,none,8,3.0,35402.0,164508.0,87812.0,174210.0,96705.0
2026-04-14 18:04:08.443224,718054,1609507342082238,4942051797,-0.704672,0.327936,0.560224,8.995,2.03,2.28375,-17.536001,-7.84,28.856,none,8,3.0,35402.0,164508.0,87812.0,174210.0,96705.0
2026-04-14 18:04:08.453560,718055,1609507342096766,4942066710,-0.704672,0.327936,0.560224,8.82875,2.03,3.3075,-17.536001,-7.84,28.856,none,8,3.0,35402.0,164508.0,87812.0,174210.0,96705.0
2026-04-14 18:04:08.464804,718056,1609507342105829,4942075403,-0.698816,0.349408,0.677344,8.04125,1.4875,3.87625,-16.896,-8.352,26.576002,none,8,3.0,35402.0,164508.0,87812.0,174210.0,96705.0
2026-04-14 18:04:08.493715,718067,1609507342115318,4942084662,-0.698816,0.349408,0.677344,6.53625,1.295,4.06875,-16.896,-8.352,26.576002,none,8,3.0,35803.0,169845.0,88824.0,179365.0,97971.0
2026-04-14 18:04:08.496216,718068,1609507342130078,4942099675,-0.74176,0.339648,0.67344,4.97875,1.61,4.3575,-18.104,-7.872,29.872002,none,8,3.0,35803.0,169845.0,88824.0,179365.0,97971.0
2026-04-14 18:04:08.498683,718069,1609507342139161,4942108366,-0.671488,0.310368,0.753472,5.08375,2.91375,5.11875,-18.504002,-8.056001,30.032001,none,8,3.0,35803.0,169845.0,88824.0,179365.0,97971.0
2026-04-14 18:04:08.504971,718070,1609507342148246,4942117115,-0.671488,0.310368,0.753472,7.385,3.19375,5.9325,-18.504002,-8.056001,30.032001,none,8,3.0,35803.0,169845.0,88824.0,179365.0,97971.0
2026-04-14 18:04:08.520626,718071,1609507342162768,4942132118,-0.77104,0.378688,0.763232,11.3575,3.19375,6.30875,-17.072,-9.096001,27.472002,none,8,3.0,35803.0,169845.0,88824.0,179365.0,97971.0
2026-04-14 18:04:08.528087,718072,1609507342171766,4942140818,-0.77104,0.378688,0.763232,14.02625,2.555,7.6125,-17.072,-9.096001,27.472002,none,8,3.0,35803.0,169845.0,88824.0,179365.0,97971.0
2026-04-14 18:04:08.544775,718073,1609507342186373,4942155707,-0.665632,0.32208,0.689056,14.3675,1.14625,7.91,-17.616001,-8.728001,28.616001,none,8,3.0,35803.0,169845.0,88824.0,179365.0,97971.0
2026-04-14 18:04:08.552478,718074,1609507342195333,4942164549,-0.665632,0.32208,0.689056,12.81875,0.51625,6.67625,-17.616001,-8.728001,28.616001,none,8,3.0,35803.0,169845.0,88824.0,179365.0,97971.0
2026-04-14 18:04:08.581226,718075,1609507342209844,4942179473,-0.69296,0.357216,0.815936,11.20875,1.05,4.34875,-16.552,-9.304001,27.664001,none,8,3.0,35803.0,169845.0,88824.0,179365.0,97971.0
2026-04-14 18:04:08.636060,718086,1609507342218829,4942188205,-0.69296,0.357216,0.769088,9.0125,1.7675,2.80875,-16.552,-9.304001,27.664001,none,8,3.0,34291.0,168487.0,86546.0,177845.0,95487.0
2026-04-14 18:04:08.638598,718087,1609507342227807,4942196880,-0.6344,0.324032,0.776896,8.1025,2.79125,2.03875,-17.960001,-8.648001,29.816002,none,8,3.0,34291.0,168487.0,86546.0,177845.0,95487.0
2026-04-14 18:04:08.641104,718088,1609507342242314,4942211775,-0.730048,0.345504,0.745664,6.81625,3.2025,1.6625,-17.624,-9.024,28.392002,none,8,3.0,34291.0,168487.0,86546.0,177845.0,95487.0
2026-04-14 18:04:08.643194,718089,1609507342251255,4942220476,-0.730048,0.345504,0.745664,5.8275,2.66875,1.925,-17.624,-9.024,28.392002,none,8,3.0,34291.0,168487.0,86546.0,177845.0,95487.0
2026-04-14 18:04:08.645789,718090,1609507342265745,4942235435,-0.638304,0.327936,0.813984,7.35,1.645,1.26875,-17.536001,-9.432,27.400002,none,8,3.0,34291.0,168487.0,86546.0,177845.0,95487.0
2026-04-14 18:04:08.648645,718091,1609507342274715,4942244143,-0.638304,0.327936,0.813984,10.4475,1.3825,0.9275,-17.536001,-9.432,27.400002,none,8,3.0,34291.0,168487.0,86546.0,177845.0,95487.0
2026-04-14 18:04:08.651188,718092,1609507342283717,4942252855,-0.650016,0.37088,0.716384,12.74875,1.58375,1.1725,-16.92,-9.696,27.784,none,8,3.0,34291.0,168487.0,86546.0,177845.0,95487.0
2026-04-14 18:04:08.654595,718093,1609507342298242,4942267802,-0.650016,0.37088,0.716384,11.725,2.03875,1.11125,-16.92,-9.696,27.784,none,8,3.0,34291.0,168487.0,86546.0,177845.0,95487.0
2026-04-14 18:04:08.663728,718094,1609507342307199,4942276521,-0.765184,0.443104,0.677344,6.615,2.415,0.805,-16.592001,-9.376,28.136002,none,8,3.0,34291.0,168487.0,86546.0,177845.0,95487.0
2026-04-14 18:04:08.693168,718105,1609507342322148,4942291904,-0.75152,0.415776,0.687104,0.02625,2.31875,2.0475,-16.536001,-9.360001,27.984001,none,8,3.0,33181.0,167671.0,84735.0,176973.0,93490.0
2026-04-14 18:04:08.709489,718106,1609507342331116,4942300686,-0.75152,0.415776,0.687104,-5.48625,2.1875,3.77125,-16.536001,-9.360001,27.984001,none,8,3.0,33181.0,167671.0,84735.0,176973.0,93490.0
2026-04-14 18:04:08.711995,718107,1609507342345689,4942315662,-0.728096,0.3416,0.562176,-8.07625,2.1875,4.24375,-16.640001,-9.016001,27.816002,none,8,3.0,33181.0,167671.0,84735.0,176973.0,93490.0
2026-04-14 18:04:08.715267,718108,1609507342354601,4942324333,-0.728096,0.3416,0.562176,-8.9425,2.87875,4.38375,-16.640001,-9.016001,27.816002,none,8,3.0,33181.0,167671.0,84735.0,176973.0,93490.0
2026-04-14 18:04:08.723608,718109,1609507342363645,4942333118,-0.726144,0.318176,0.54656,-9.38,3.61375,5.18,-17.784,-8.400001,28.712002,none,8,3.0,33181.0,167671.0,84735.0,176973.0,93490.0
2026-04-14 18:04:08.734836,718110,1609507342378204,4942348069,-0.726144,0.318176,0.54656,-8.855001,4.27,5.4075,-17.784,-8.400001,28.712002,none,8,3.0,33181.0,167671.0,84735.0,176973.0,93490.0
2026-04-14 18:04:08.744828,718111,1609507342387156,4942356773,-0.81008,0.376736,0.55632,-8.72375,4.83875,5.08375,-16.624,-8.568001,27.472002,none,8,3.0,33181.0,167671.0,84735.0,176973.0,93490.0
2026-04-14 18:04:08.760870,718112,1609507342401755,4942371724,-0.74176,0.376736,0.700768,-9.35375,4.4275,5.04875,-16.368,-8.792001,28.872002,none,8,3.0,33181.0,167671.0,84735.0,176973.0,93490.0
2026-04-14 18:04:08.767573,718113,1609507342410709,4942380438,-0.74176,0.376736,0.700768,-11.025,4.55,5.25875,-16.368,-8.792001,28.872002,none,8,3.0,33181.0,167671.0,84735.0,176973.0,93490.0
2026-04-14 18:04:08.794983,718124,1609507342419664,4942389193,-0.74176,0.376736,0.700768,-13.29125,4.2875,5.73125,-16.368,-8.792001,28.872002,none,8,3.0,31810.0,166663.0,82328.0,175924.0,90765.0
2026-04-14 18:04:08.797368,718125,1609507342434209,4942404154,-0.786656,0.396256,0.694912,-14.74375,4.12125,5.88875,-17.448,-8.136001,28.864002,none,8,3.0,31810.0,166663.0,82328.0,175924.0,90765.0
2026-04-14 18:04:08.802202,718126,1609507342443145,4942412847,-0.792512,0.36112,0.583648,-14.84,4.01625,5.5825,-16.888,-8.072001,28.192001,none,8,3.0,31810.0,166663.0,82328.0,175924.0,90765.0
2026-04-14 18:04:08.814333,718127,1609507342457688,4942427748,-0.792512,0.36112,0.583648,-14.6475,4.55,5.34625,-16.888,-8.072001,28.192001,none,8,3.0,31810.0,166663.0,82328.0,175924.0,90765.0
2026-04-14 18:04:08.825017,718128,1609507342466645,4942436484,-0.792512,0.388448,0.689056,-14.44625,4.5675,5.62625,-16.008001,-8.312,27.856,none,8,3.0,31810.0,166663.0,82328.0,175924.0,90765.0
2026-04-14 18:04:08.838642,718129,1609507342481132,4942451450,-0.700768,0.345504,0.689056,-15.12,5.005,4.655,-16.008001,-8.104,24.928001,none,8,3.0,31810.0,166663.0,82328.0,175924.0,90765.0
2026-04-14 18:04:08.847455,718130,1609507342490056,4942460190,-0.700768,0.345504,0.689056,-18.27875,4.6725,3.43875,-16.056002,-8.104,24.928001,none,8,3.0,31810.0,166663.0,82328.0,175924.0,90765.0
2026-04-14 18:04:08.856189,718131,1609507342498990,4942468875,-0.700768,0.345504,0.689056,-21.51625,4.52375,3.87625,-16.056002,-8.104,24.928001,none,8,3.0,31810.0,166663.0,82328.0,175924.0,90765.0
2026-04-14 18:04:08.895685,718142,1609507342513457,4942483722,-0.763232,0.378688,0.75152,-22.5575,4.8475,5.2325,-16.184,-7.696001,28.632002,none,8,3.0,31308.0,167169.0,81409.0,176447.0,89739.0
2026-04-14 18:04:08.898171,718143,1609507342522891,4942492465,-0.70272,0.324032,0.5856,-21.98875,4.935,5.215,-17.44,-6.960001,28.560001,none,8,3.0,31308.0,167169.0,81409.0,176447.0,89739.0
2026-04-14 18:04:08.901740,718144,1609507342537560,4942507443,-0.70272,0.324032,0.5856,-21.49875,3.63125,3.99875,-17.44,-6.960001,28.560001,none,8,3.0,31308.0,167169.0,81409.0,176447.0,89739.0
2026-04-14 18:04:08.904448,718145,1609507342546527,4942516152,-0.755424,0.3416,0.503616,-22.47875,2.4675,2.8,-17.528002,-6.6,29.576002,none,8,3.0,31308.0,167169.0,81409.0,176447.0,89739.0
2026-04-14 18:04:08.914815,718146,1609507342555519,4942524837,-0.755424,0.3416,0.503616,-25.2875,1.75875,1.4,-17.528002,-6.6,29.576002,none,8,3.0,31308.0,167169.0,81409.0,176447.0,89739.0
2026-04-14 18:04:08.966197,718147,1609507342570061,4942539821,-0.6832,0.310368,0.739808,-26.71375,1.5225,0.21,-16.032001,-7.032001,28.048002,none,8,3.0,31308.0,167169.0,81409.0,176447.0,89739.0
2026-04-14 18:04:08.975749,718148,1609507342579115,4942548533,-0.6832,0.310368,0.739808,-25.52375,1.82875,-0.8225,-16.032001,-7.032001,28.048002,none,8,3.0,31308.0,167169.0,81409.0,176447.0,89739.0
2026-04-14 18:04:08.978738,718149,1609507342593651,4942563401,-0.778848,0.294752,0.667584,-20.9125,1.89,-1.65375,-16.496,-6.512,28.904001,none,8,3.0,31308.0,167169.0,81409.0,176447.0,89739.0
2026-04-14 18:04:08.981187,718150,1609507342602590,4942572069,-0.763232,0.304512,0.669536,-14.7875,1.47875,-2.28375,-16.736,-7.064,30.656002,none,8,3.0,31308.0,167169.0,81409.0,176447.0,89739.0
2026-04-14 18:04:09.008548,718161,1609507342617751,4942587569,-0.763232,0.304512,0.669536,-8.2775,1.085,-2.8,-16.736,-7.064,30.656002,none,8,3.0,31049.0,167652.0,80826.0,176894.0,89155.0
2026-04-14 18:04:09.011111,718162,1609507342626737,4942596258,-0.677344,0.308416,0.774944,-1.75875,0.385,-3.4475,-16.808,-6.36,28.608002,none,8,3.0,31049.0,167652.0,80826.0,176894.0,89155.0
2026-04-14 18:04:09.013609,718163,1609507342635834,4942604982,-0.677344,0.308416,0.774944,3.3425,-0.23625,-3.2025,-16.808,-6.36,28.608002,none,8,3.0,31049.0,167652.0,80826.0,176894.0,89155.0
2026-04-14 18:04:09.016103,718164,1609507342650496,4942620174,-0.743712,0.32208,0.564128,6.09,-0.13125,-3.22875,-16.552,-7.128,27.728,none,8,3.0,31049.0,167652.0,80826.0,176894.0,89155.0
2026-04-14 18:04:09.018463,718165,1609507342659525,4942628913,-0.743712,0.32208,0.564128,6.8775,-0.7525,-3.36875,-16.552,-7.128,27.728,none,8,3.0,31049.0,167652.0,80826.0,176894.0,89155.0
2026-04-14 18:04:09.031195,718166,1609507342674057,4942643945,-0.77104,0.327936,0.523136,6.8775,-1.77625,-3.465,-16.104,-7.472,28.136002,none,8,3.0,31049.0,167652.0,80826.0,176894.0,89155.0
2026-04-14 18:04:09.040682,718167,1609507342683078,4942652637,-0.710528,0.3416,0.704672,7.41125,-2.45875,-3.33375,-15.960001,-7.448,27.216002,none,8,3.0,31049.0,167652.0,80826.0,176894.0,89155.0
2026-04-14 18:04:09.067551,718168,1609507342692222,4942661367,-0.710528,0.3416,0.704672,8.93375,-2.555,-2.4325,-15.960001,-7.448,27.216002,none,8,3.0,31049.0,167652.0,80826.0,176894.0,89155.0
2026-04-14 18:04:09.070064,718169,1609507342706718,4942676260,-0.79056,0.339648,0.640256,8.1725,-2.38875,-1.8375,-16.624,-7.168,29.928001,none,8,3.0,31049.0,167652.0,80826.0,176894.0,89155.0
2026-04-14 18:04:09.104902,718180,1609507342715657,4942684983,-0.79056,0.339648,0.640256,5.29375,-1.82875,-1.435,-16.624,-7.168,29.928001,none,8,3.0,31565.0,167346.0,81663.0,176504.0,90158.0
2026-04-14 18:04:09.107026,718181,1609507342730349,4942700061,-0.786656,0.325984,0.640256,1.30375,-1.53125,-1.4175,-17.064001,-7.264,29.608002,none,8,3.0,31565.0,167346.0,81663.0,176504.0,90158.0
2026-04-14 18:04:09.109439,718182,1609507342739307,4942708773,-0.786656,0.325984,0.640256,-1.0325,-2.33625,-1.085,-17.064001,-7.264,29.608002,none,8,3.0,31565.0,167346.0,81663.0,176504.0,90158.0
2026-04-14 18:04:09.112380,718183,1609507342748396,4942717477,-0.685152,0.335744,0.720288,-1.155,-3.38625,-1.9075,-17.6,-7.512001,28.568,none,8,3.0,31565.0,167346.0,81663.0,176504.0,90158.0
2026-04-14 18:04:09.119919,718184,1609507342763042,4942732456,-0.696864,0.388448,0.808128,-0.06125,-5.20625,-2.30125,-17.6,-8.016001,29.664001,none,8,3.0,31565.0,167346.0,81663.0,176504.0,90158.0
2026-04-14 18:04:09.128761,718185,1609507342772021,4942741153,-0.696864,0.388448,0.808128,0.51625,-6.58875,-2.0125,-16.728,-8.016001,29.664001,none,8,3.0,31565.0,167346.0,81663.0,176504.0,90158.0
2026-04-14 18:04:09.143696,718186,1609507342786508,4942756048,-0.655872,0.359168,0.659776,2.07375,-8.16375,-2.07375,-16.0,-8.496,27.592001,none,8,3.0,31565.0,167346.0,81663.0,176504.0,90158.0
2026-04-14 18:04:09.153707,718187,1609507342795403,4942764745,-0.655872,0.359168,0.659776,4.0425,-9.02125,-2.93125,-16.0,-8.496,27.592001,none,8,3.0,31565.0,167346.0,81663.0,176504.0,90158.0
2026-04-14 18:04:09.166226,718188,1609507342809919,4942779694,-0.636352,0.406016,0.804224,6.125,-9.24875,-4.38375,-16.320002,-8.52,26.176,none,8,3.0,31565.0,167346.0,81663.0,176504.0,90158.0
2026-04-14 18:04:09.195471,718199,1609507342819439,4942788579,-0.636352,0.406016,0.804224,8.81125,-9.625,-5.48625,-16.320002,-8.52,26.176,none,8,3.0,31889.0,167411.0,82186.0,176632.0,90776.0
2026-04-14 18:04:09.198692,718200,1609507342828570,4942797330,-0.638304,0.425536,0.728096,11.4625,-9.42375,-5.99375,-16.808,-8.576,28.584002,none,8,3.0,31889.0,167411.0,82186.0,176632.0,90776.0
2026-04-14 18:04:09.200724,718201,1609507342843562,4942812246,-0.772992,0.44896,0.677344,10.36875,-8.6275,-6.83375,-17.176,-8.144,27.832,none,8,3.0,31889.0,167411.0,82186.0,176632.0,90776.0
2026-04-14 18:04:09.209438,718202,1609507342852977,4942823021,-0.772992,0.44896,0.677344,4.5325,-8.75875,-7.55125,-17.176,-8.144,27.832,none,8,3.0,31889.0,167411.0,82186.0,176632.0,90776.0
2026-04-14 18:04:09.219837,718203,1609507342862120,4942831708,-0.772992,0.44896,0.677344,0.21,-9.28375,-6.4575,-17.176,-8.144,27.832,none,8,3.0,31889.0,167411.0,82186.0,176632.0,90776.0
2026-04-14 18:04:09.236080,718204,1609507342876639,4942846794,-0.714432,0.40992,0.75152,-0.5775,-9.47625,-5.97625,-16.136002,-8.904,27.864002,none,8,3.0,31889.0,167411.0,82186.0,176632.0,90776.0
2026-04-14 18:04:09.244952,718205,1609507342885572,4942855470,-0.685152,0.359168,0.552416,1.89,-8.9425,-5.845,-16.336,-8.864,27.856,none,8,3.0,31889.0,167411.0,82186.0,176632.0,90776.0
2026-04-14 18:04:09.257475,718206,1609507342900092,4942870386,-0.685152,0.359168,0.552416,5.5475,-7.39375,-4.73375,-16.336,-8.864,27.856,none,8,3.0,31889.0,167411.0,82186.0,176632.0,90776.0
2026-04-14 18:04:09.267481,718207,1609507342909056,4942879082,-0.6832,0.35136,0.554368,8.1375,-4.9875,-3.815,-16.752,-8.688001,28.824001,none,8,3.0,31889.0,167411.0,82186.0,176632.0,90776.0
2026-04-14 18:04:09.342121,718218,1609507342918398,4942888001,-0.6832,0.35136,0.554368,9.8525,-2.98375,-3.01,-16.752,-8.688001,28.824001,none,8,3.0,32453.0,167373.0,83218.0,176711.0,91921.0
2026-04-14 18:04:09.344961,718219,1609507342933185,4942902971,-0.626592,0.38064,0.6832,9.835,-1.11125,-3.14125,-16.624,-9.424001,27.2,none,8,3.0,32453.0,167373.0,83218.0,176711.0,91921.0
2026-04-14 18:04:09.349616,718220,1609507342942252,4942911704,-0.626592,0.38064,0.6832,7.7875,-0.9275,-3.185,-16.624,-9.424001,27.2,none,8,3.0,32453.0,167373.0,83218.0,176711.0,91921.0
2026-04-14 18:04:09.352477,718221,1609507342956714,4942926536,-0.632448,0.456768,0.831552,3.47375,-1.0325,-3.12375,-16.472,-9.328,26.792002,none,8,3.0,32453.0,167373.0,83218.0,176711.0,91921.0
2026-04-14 18:04:09.354987,718222,1609507342965671,4942935310,-0.696864,0.437248,0.59536,-1.5575,-1.1725,-1.28625,-16.16,-9.288,27.392002,none,8,3.0,32453.0,167373.0,83218.0,176711.0,91921.0
2026-04-14 18:04:09.357491,718223,1609507342974614,4942943999,-0.696864,0.437248,0.59536,-5.1975,-1.04125,-0.1225,-16.16,-9.288,27.392002,none,8,3.0,32453.0,167373.0,83218.0,176711.0,91921.0
2026-04-14 18:04:09.359853,718224,1609507342989233,4942958886,-0.677344,0.3904,0.601216,-6.4925,0.0875,-0.02625,-16.192001,-8.68,27.52,none,8,3.0,32453.0,167373.0,83218.0,176711.0,91921.0
2026-04-14 18:04:09.362363,718225,1609507342998222,4942967581,-0.677344,0.3904,0.601216,-7.14,0.65625,-0.30625,-16.192001,-8.68,27.52,none,8,3.0,32453.0,167373.0,83218.0,176711.0,91921.0
2026-04-14 18:04:09.368280,718226,1609507343012783,4942982569,-0.669536,0.38064,0.79056,-7.6825,1.82875,0.02625,-16.240002,-9.144,28.176,none,8,3.0,32453.0,167373.0,83218.0,176711.0,91921.0
2026-04-14 18:04:09.397316,718237,1609507343021849,4942991711,-0.669536,0.38064,0.79056,-7.84875,2.28375,-0.0175,-16.240002,-9.144,28.176,none,8,3.0,32596.0,167412.0,83450.0,176729.0,92163.0
2026-04-14 18:04:09.399973,718238,1609507343036369,4943006700,-0.730048,0.384544,0.80032,-7.53375,1.4175,-1.18125,-17.024,-8.784,28.296001,none,8,3.0,32596.0,167412.0,83450.0,176729.0,92163.0
2026-04-14 18:04:09.402448,718239,1609507343045329,4943015447,-0.665632,0.347456,0.778848,-6.69375,1.295,-1.54875,-16.896,-8.792001,28.152,none,8,3.0,32596.0,167412.0,83450.0,176729.0,92163.0
2026-04-14 18:04:09.410865,718240,1609507343054345,4943024141,-0.665632,0.347456,0.778848,-5.81875,0.65625,-1.88125,-16.896,-8.792001,28.152,none,8,3.0,32596.0,167412.0,83450.0,176729.0,92163.0
2026-04-14 18:04:09.427480,718241,1609507343068851,4943039141,-0.757376,0.363072,0.587552,-6.1075,0.72625,-2.4675,-16.448,-8.864,27.248001,none,8,3.0,32596.0,167412.0,83450.0,176729.0,92163.0
2026-04-14 18:04:09.434658,718242,1609507343077788,4943047873,-0.757376,0.363072,0.587552,-7.3325,0.5075,-3.29875,-16.448,-8.864,27.248001,none,8,3.0,32596.0,167412.0,83450.0,176729.0,92163.0
2026-04-14 18:04:09.451215,718243,1609507343092293,4943060725,-0.755424,0.38064,0.735904,-9.1875,0.805,-3.78875,-16.864,-8.472,31.392002,none,8,3.0,32596.0,167412.0,83450.0,176729.0,92163.0
2026-04-14 18:04:09.458448,718244,1609507343101688,4943071486,-0.755424,0.38064,0.735904,-10.1325,0.70875,-3.885,-16.864,-8.472,31.392002,none,8,3.0,32596.0,167412.0,83450.0,176729.0,92163.0
2026-04-14 18:04:09.468152,718245,1609507343110661,4943080213,-0.696864,0.32208,0.620736,-9.49375,0.49,-4.3925,-16.696001,-8.384001,28.848001,none,8,3.0,32596.0,167412.0,83450.0,176729.0,92163.0
2026-04-14 18:04:09.499604,718256,1609507343125349,4943095205,-0.669536,0.316224,0.657824,-8.5575,0.49,-5.71375,-16.696001,-8.04,30.528002,none,8,3.0,32641.0,167329.0,83557.0,176764.0,92329.0
2026-04-14 18:04:09.502082,718257,1609507343134345,4943103950,-0.669536,0.316224,0.657824,-6.7725,0.8575,-6.1775,-17.968,-8.04,30.528002,none,8,3.0,32641.0,167329.0,83557.0,176764.0,92329.0
2026-04-14 18:04:09.507177,718258,1609507343148861,4943118855,-0.733952,0.357216,0.655872,-4.76,0.83125,-6.16875,-17.816,-8.392,28.616001,none,8,3.0,32641.0,167329.0,83557.0,176764.0,92329.0
2026-04-14 18:04:09.514644,718259,1609507343157885,4943127570,-0.733952,0.357216,0.655872,-4.7425,1.5225,-6.3875,-17.816,-8.392,28.616001,none,8,3.0,32641.0,167329.0,83557.0,176764.0,92329.0
2026-04-14 18:04:09.523393,718260,1609507343166817,4943136282,-0.67344,0.343552,0.815936,-7.48125,0.97125,-8.21625,-17.248001,-7.912,28.464,none,8,3.0,32641.0,167329.0,83557.0,176764.0,92329.0
2026-04-14 18:04:09.538411,718261,1609507343181308,4943151175,-0.67344,0.343552,0.815936,-9.52,0.44625,-8.417501,-17.248001,-7.912,28.464,none,8,3.0,32641.0,167329.0,83557.0,176764.0,92329.0
2026-04-14 18:04:09.552425,718262,1609507343190263,4943159892,-0.679296,0.35136,0.821792,-9.4325,-0.07,-7.1225,-15.824,-8.464001,28.344002,none,8,3.0,32641.0,167329.0,83557.0,176764.0,92329.0
2026-04-14 18:04:09.562108,718263,1609507343204805,4943174813,-0.679296,0.35136,0.821792,-8.61,-0.5775,-7.74375,-15.824,-8.464001,28.344002,none,8,3.0,32641.0,167329.0,83557.0,176764.0,92329.0
2026-04-14 18:04:09.569555,718264,1609507343213782,4943183518,-0.739808,0.320128,0.560224,-8.155,-0.945,-8.07625,-16.152,-8.304001,27.352001,none,8,3.0,32641.0,167329.0,83557.0,176764.0,92329.0
2026-04-14 18:04:09.599673,718275,1609507343228406,4943198570,-0.661728,0.306464,0.630496,-7.525,-1.1375,-7.7875,-16.880001,-8.104,27.760002,none,8,3.0,33434.0,167986.0,84851.0,177596.0,93810.0
2026-04-14 18:04:09.602253,718276,1609507343237351,4943207249,-0.661728,0.306464,0.630496,-5.8275,-1.84625,-7.8925,-16.880001,-8.104,27.760002,none,8,3.0,33434.0,167986.0,84851.0,177596.0,93810.0
2026-04-14 18:04:09.604650,718277,1609507343246297,4943216113,-0.632448,0.296704,0.677344,-4.7075,-2.7825,-8.46125,-16.592001,-8.328,26.824001,none,8,3.0,33434.0,167986.0,84851.0,177596.0,93810.0
2026-04-14 18:04:09.618433,718278,1609507343260792,4943231062,-0.632448,0.296704,0.677344,-3.92875,-3.9025,-8.785,-16.592001,-8.328,26.824001,none,8,3.0,33434.0,167986.0,84851.0,177596.0,93810.0
2026-04-14 18:04:09.628503,718279,1609507343269765,4943239879,-0.667584,0.353312,0.806176,-2.33625,-3.7975,-8.93375,-16.176,-8.312,27.840002,none,8,3.0,33434.0,167986.0,84851.0,177596.0,93810.0
2026-04-14 18:04:09.639655,718280,1609507343284294,4943252762,-0.667584,0.353312,0.806176,-0.6125,-2.555,-8.32125,-16.176,-8.312,27.840002,none,8,3.0,33434.0,167986.0,84851.0,177596.0,93810.0
2026-04-14 18:04:09.650668,718281,1609507343293609,4943263524,-0.769088,0.359168,0.64416,-0.86625,-2.82625,-8.0675,-16.032001,-7.984,27.544,none,8,3.0,33434.0,167986.0,84851.0,177596.0,93810.0
2026-04-14 18:04:09.680841,718282,1609507343302702,4943272356,-0.769088,0.359168,0.64416,-2.66875,-3.7625,-6.99125,-16.032001,-7.984,27.544,none,8,3.0,33434.0,167986.0,84851.0,177596.0,93810.0
2026-04-14 18:04:09.758495,718293,1609507343317180,4943287208,-0.755424,0.345504,0.67344,-3.8325,-4.90875,-6.15125,-15.776001,-8.240001,27.624,none,8,3.0,35393.0,171301.0,88387.0,180946.0,97964.0
2026-04-14 18:04:09.761067,718294,1609507343326113,4943295898,-0.755424,0.32208,0.786656,-3.28125,-5.3025,-5.6,-15.776001,-8.240001,27.624,none,8,3.0,35393.0,171301.0,88387.0,180946.0,97964.0
2026-04-14 18:04:09.766106,718295,1609507343340766,4943310871,-0.638304,0.32208,0.786656,-0.60375,-4.375,-4.935,-17.872002,-8.048,27.432001,none,8,3.0,35393.0,171301.0,88387.0,180946.0,97964.0
2026-04-14 18:04:09.768589,718296,1609507343349728,4943319536,-0.747616,0.394304,0.720288,1.61,-2.625,-4.27,-17.472,-8.048,28.720001,none,8,3.0,35393.0,171301.0,88387.0,180946.0,97964.0
2026-04-14 18:04:09.770676,718297,1609507343364262,4943334443,-0.747616,0.394304,0.720288,-0.7175,-2.26625,-4.61125,-17.472,-8.048,28.720001,none,8,3.0,35393.0,171301.0,88387.0,180946.0,97964.0
2026-04-14 18:04:09.773739,718298,1609507343373201,4943343133,-0.75152,0.359168,0.696864,-6.8775,-2.73875,-4.3925,-16.824001,-7.736001,28.328001,none,8,3.0,35393.0,171301.0,88387.0,180946.0,97964.0
2026-04-14 18:04:09.775851,718299,1609507343382143,4943351822,-0.75152,0.359168,0.696864,-11.9,-2.86125,-3.605,-16.824001,-7.736001,28.328001,none,8,3.0,35393.0,171301.0,88387.0,180946.0,97964.0
2026-04-14 18:04:09.778671,718300,1609507343396682,4943366801,-0.716384,0.324032,0.796416,-13.51875,-1.79375,-2.79125,-16.792002,-7.76,28.640001,none,8,3.0,35393.0,171301.0,88387.0,180946.0,97964.0
2026-04-14 18:04:09.780700,718301,1609507343405643,4943375542,-0.716384,0.324032,0.796416,-10.40375,0.4025,-2.8525,-16.792002,-7.76,28.640001,none,8,3.0,35393.0,171301.0,88387.0,180946.0,97964.0
2026-04-14 18:04:09.808733,718312,1609507343420440,4943390877,-0.739808,0.304512,0.601216,-7.4025,1.575,-3.84125,-16.68,-7.512001,28.816002,none,8,3.0,38808.0,177078.0,94438.0,186685.0,105116.0
2026-04-14 18:04:09.810754,718313,1609507343429475,4943399612,-0.733952,0.349408,0.753472,-6.78125,2.24,-4.17375,-16.608002,-8.224,27.584002,none,8,3.0,38808.0,177078.0,94438.0,186685.0,105116.0
2026-04-14 18:04:09.813754,718314,1609507343438553,4943408329,-0.733952,0.349408,0.753472,-7.11375,2.0825,-3.80625,-16.608002,-8.224,27.584002,none,8,3.0,38808.0,177078.0,94438.0,186685.0,105116.0
2026-04-14 18:04:09.816235,718315,1609507343453222,4943423305,-0.747616,0.337696,0.718336,-8.3475,2.42375,-3.2375,-15.592001,-7.984,27.808,none,8,3.0,38808.0,177078.0,94438.0,186685.0,105116.0
2026-04-14 18:04:09.818678,718316,1609507343462290,4943432038,-0.747616,0.337696,0.718336,-8.5225,3.1675,-3.3425,-15.592001,-7.984,27.808,none,8,3.0,38808.0,177078.0,94438.0,186685.0,105116.0
2026-04-14 18:04:09.836659,718317,1609507343476783,4943446943,-0.726144,0.298656,0.573888,-9.292501,3.9025,-3.71875,-15.664001,-7.696001,27.528002,none,8,3.0,38808.0,177078.0,94438.0,186685.0,105116.0
2026-04-14 18:04:09.843351,718318,1609507343485909,4943455635,-0.726144,0.298656,0.573888,-11.795,3.66625,-4.48875,-15.664001,-7.696001,27.528002,none,8,3.0,38808.0,177078.0,94438.0,186685.0,105116.0
2026-04-14 18:04:09.858632,718319,1609507343500415,4943470715,-0.698816,0.304512,0.831552,-14.62125,2.84375,-4.515,-15.888001,-7.328001,29.744001,none,8,3.0,38808.0,177078.0,94438.0,186685.0,105116.0
2026-04-14 18:04:09.865820,718320,1609507343509343,4943479410,-0.685152,0.230336,0.61488,-15.49625,2.52875,-3.77125,-15.416,-7.552001,27.632002,none,8,3.0,38808.0,177078.0,94438.0,186685.0,105116.0
2026-04-14 18:04:09.902239,718331,1609507343518285,4943488168,-0.685152,0.230336,0.61488,-14.06125,2.415,-4.26125,-15.416,-7.552001,27.632002,none,8,3.0,39799.0,177893.0,96242.0,187495.0,107180.0
2026-04-14 18:04:09.904992,718332,1609507343532909,4943503132,-0.75152,0.26352,0.616832,-12.08375,2.17,-5.66125,-17.248001,-6.992,28.528002,none,8,3.0,39799.0,177893.0,96242.0,187495.0,107180.0
2026-04-14 18:04:09.907371,718333,1609507343541929,4943511870,-0.75152,0.26352,0.616832,-7.4025,3.12375,-5.6875,-17.248001,-6.992,28.528002,none,8,3.0,39799.0,177893.0,96242.0,187495.0,107180.0
2026-04-14 18:04:09.913306,718334,1609507343556590,4943526798,-0.669536,0.281088,0.8296,-2.4325,4.15625,-5.71375,-16.592001,-6.816001,28.632002,none,8,3.0,39799.0,177893.0,96242.0,187495.0,107180.0
2026-04-14 18:04:09.922474,718335,1609507343565600,4943535488,-0.669536,0.281088,0.8296,0.53375,3.885,-5.73125,-16.592001,-6.816001,28.632002,none,8,3.0,39799.0,177893.0,96242.0,187495.0,107180.0
2026-04-14 18:04:09.932090,718336,1609507343574722,4943544164,-0.759328,0.30256,0.681248,0.18375,3.4475,-5.7225,-15.6,-7.68,27.320002,none,8,3.0,39799.0,177893.0,96242.0,187495.0,107180.0
2026-04-14 18:04:09.947303,718337,1609507343589204,4943559074,-0.77104,0.28304,0.601216,-1.2075,2.9925,-5.5825,-15.608001,-7.328001,29.888,none,8,3.0,39799.0,177893.0,96242.0,187495.0,107180.0
2026-04-14 18:04:09.954461,718338,1609507343598144,4943567780,-0.77104,0.28304,0.601216,-1.84625,3.0275,-5.4075,-15.608001,-7.328001,29.888,none,8,3.0,39799.0,177893.0,96242.0,187495.0,107180.0
2026-04-14 18:04:09.969599,718339,1609507343612649,4943582701,-0.769088,0.286944,0.577792,-1.435,2.73875,-5.38125,-15.368001,-7.576,27.800001,none,8,3.0,39799.0,177893.0,96242.0,187495.0,107180.0
2026-04-14 18:04:10.003653,718350,1609507343621700,4943591450,-0.769088,0.286944,0.577792,-0.69125,2.52875,-5.565,-15.368001,-7.576,27.800001,none,8,3.0,38325.0,175250.0,93941.0,184906.0,104560.0
2026-04-14 18:04:10.006141,718351,1609507343636331,4943606372,-0.735904,0.31232,0.753472,0.06125,2.07375,-4.76,-16.336,-7.312,28.680002,none,8,3.0,38325.0,175250.0,93941.0,184906.0,104560.0
2026-04-14 18:04:10.008733,718352,1609507343645314,4943615065,-0.735904,0.31232,0.753472,1.07625,2.07375,-4.05125,-16.336,-7.312,28.680002,none,8,3.0,38325.0,175250.0,93941.0,184906.0,104560.0
2026-04-14 18:04:10.010699,718353,1609507343654290,4943623839,-0.755424,0.267424,0.564128,2.9225,2.555,-2.73,-16.44,-7.448,28.44,none,8,3.0,38325.0,175250.0,93941.0,184906.0,104560.0
2026-04-14 18:04:10.049845,718354,1609507343668776,4943638772,-0.774944,0.26352,0.59536,6.30875,4.0425,-1.67125,-14.392001,-8.128,30.512001,none,8,3.0,38325.0,175250.0,93941.0,184906.0,104560.0
2026-04-14 18:04:10.072452,718355,1609507343677671,4943647586,-0.774944,0.26352,0.59536,11.78625,5.2325,-0.7175,-15.448001,-8.128,30.512001,none,8,3.0,38325.0,175250.0,93941.0,184906.0,104560.0
2026-04-14 18:04:10.075015,718356,1609507343692256,4943662474,-0.714432,0.232288,0.657824,17.745,5.81,-0.735,-15.056001,-8.056001,27.752,none,8,3.0,38325.0,175250.0,93941.0,184906.0,104560.0
2026-04-14 18:04:10.077444,718357,1609507343701169,4943671153,-0.714432,0.232288,0.657824,23.2225,5.5825,-0.77875,-15.056001,-8.056001,27.752,none,8,3.0,38325.0,175250.0,93941.0,184906.0,104560.0
2026-04-14 18:04:10.079956,718358,1609507343710107,4943679839,-0.774944,0.31232,0.856928,27.04625,5.7925,-0.41125,-15.432001,-8.424001,28.696001,none,8,3.0,38325.0,175250.0,93941.0,184906.0,104560.0
2026-04-14 18:04:10.112182,718369,1609507343724820,4943694784,-0.774944,0.31232,0.856928,24.82375,5.67,-1.0675,-15.432001,-8.424001,28.696001,none,8,3.0,35628.0,173694.0,89110.0,183170.0,99350.0
2026-04-14 18:04:10.118105,718370,1609507343734013,4943703653,-0.853024,0.288896,0.687104,18.75125,3.115,-2.54625,-15.280001,-8.736,27.536001,none,8,3.0,35628.0,173694.0,89110.0,183170.0,99350.0
2026-04-14 18:04:10.118407,718371,1609507343748612,4943718636,-0.853024,0.288896,0.696864,11.66375,-2.05625,-3.84125,-15.280001,-8.736,27.536001,none,8,3.0,35628.0,173694.0,89110.0,183170.0,99350.0
2026-04-14 18:04:10.119397,718372,1609507343757543,4943727308,-0.821792,0.201056,0.696864,8.04125,-10.03625,-6.5975,-15.456,-8.64,28.024002,none,8,3.0,35628.0,173694.0,89110.0,183170.0,99350.0
2026-04-14 18:04:10.130713,718373,1609507343772133,4943742204,-0.884256,0.25376,0.929152,11.08625,-15.82,-11.13,-15.592001,-9.128,27.704,none,8,3.0,35628.0,173694.0,89110.0,183170.0,99350.0
2026-04-14 18:04:10.138158,718374,1609507343781079,4943750900,-0.884256,0.25376,0.929152,19.897501,-17.5525,-14.51625,-15.592001,-9.128,27.704,none,8,3.0,35628.0,173694.0,89110.0,183170.0,99350.0
2026-04-14 18:04:10.145835,718375,1609507343790083,4943759596,-0.894016,0.232288,0.854976,33.25,-18.795,-16.70375,-17.048,-8.64,27.184002,none,8,3.0,35628.0,173694.0,89110.0,183170.0,99350.0
2026-04-14 18:04:10.160898,718376,1609507343804619,4943774523,-0.894016,0.232288,0.854976,38.5525,-23.8175,-18.19125,-17.048,-8.64,27.184002,none,8,3.0,35628.0,173694.0,89110.0,183170.0,99350.0
2026-04-14 18:04:10.172293,718377,1609507343813593,4943783221,-0.8296,0.201056,0.94672,36.65375,-31.84125,-19.285,-16.376001,-9.176001,26.856,none,8,3.0,35628.0,173694.0,89110.0,183170.0,99350.0
2026-04-14 18:04:10.208281,718388,1609507343828182,4943798202,-0.8296,0.201056,0.94672,40.1275,-35.56,-20.06375,-16.376001,-9.176001,26.856,none,8,3.0,32460.0,175538.0,82636.0,181860.0,91951.0
2026-04-14 18:04:10.208648,718389,1609507343837186,4943806987,-0.993568,0.290848,0.64416,42.07875,-35.48125,-24.82375,-17.392,-9.048,26.544,none,8,3.0,32460.0,175538.0,82636.0,181860.0,91951.0
2026-04-14 18:04:10.210720,718390,1609507343846287,4943815669,-0.993568,0.290848,0.64416,45.17625,-37.1875,-28.21875,-17.392,-9.048,26.544,none,8,3.0,32460.0,175538.0,82636.0,181860.0,91951.0
2026-04-14 18:04:10.218795,718391,1609507343860851,4943830673,-1.065792,0.124928,0.66368,53.05125,-37.31,-25.33125,-17.208,-10.088,26.448002,none,8,3.0,32460.0,175538.0,82636.0,181860.0,91951.0
2026-04-14 18:04:10.225680,718392,1609507343869848,4943839449,-0.933056,0.16592,0.757376,60.2,-41.23,-24.535,-17.208,-12.136001,25.568,none,8,3.0,32460.0,175538.0,82636.0,181860.0,91951.0
2026-04-14 18:04:10.240757,718393,1609507343884473,4943854485,-0.933056,0.16592,0.757376,71.82875,-41.405,-24.33375,-17.52,-10.272,25.568,none,8,3.0,32460.0,175538.0,82636.0,181860.0,91951.0
2026-04-14 18:04:10.249668,718394,1609507343893472,4943863191,-1.01504,0.31232,0.577792,84.49,-34.60625,-21.56875,-17.456001,-10.784,25.720001,none,8,3.0,32460.0,175538.0,82636.0,181860.0,91951.0
2026-04-14 18:04:10.259628,718395,1609507343902576,4943871894,-1.01504,0.31232,0.577792,91.1575,-26.01375,-17.75375,-17.456001,-10.784,25.720001,none,8,3.0,32460.0,175538.0,82636.0,181860.0,91951.0
2026-04-14 18:04:10.274705,718396,1609507343917233,4943886817,-1.028704,0.384544,0.54656,95.725,-17.0975,-13.34375,-20.088001,-11.064,26.36,none,8,3.0,32460.0,175538.0,82636.0,181860.0,91951.0
2026-04-14 18:04:10.306033,718407,1609507343926280,4943895609,-1.028704,0.384544,0.54656,96.85375,-13.0725,-8.365,-20.088001,-11.064,26.36,none,8,3.0,37210.0,190966.0,91192.0,197027.0,101694.0
2026-04-14 18:04:10.312436,718408,1609507343940776,4943910593,-1.126304,0.4392,0.519232,87.5525,-8.61,-9.1875,-18.0,-12.152,25.640001,none,8,3.0,37210.0,190966.0,91192.0,197027.0,101694.0
2026-04-14 18:04:10.323436,718409,1609507343949739,4943919320,-1.126304,0.4392,0.456768,69.23875,-3.33375,-13.055,-18.0,-12.152,25.640001,none,8,3.0,37210.0,190966.0,91192.0,197027.0,101694.0
2026-04-14 18:04:10.347125,718410,1609507343964265,4943934264,-1.120448,0.46848,0.452864,49.3675,-6.62375,-10.2375,-17.640001,-12.440001,25.368002,none,8,3.0,37210.0,190966.0,91192.0,197027.0,101694.0
2026-04-14 18:04:10.349684,718411,1609507343973225,4943942978,-1.10288,0.60512,0.46848,27.755001,-7.98,-6.60625,-17.544,-11.968,26.064001,none,8,3.0,37210.0,190966.0,91192.0,197027.0,101694.0
2026-04-14 18:04:10.352473,718412,1609507343982163,4943951668,-1.10288,0.60512,0.46848,2.23125,-1.4,-8.60125,-17.544,-11.968,26.064001,none,8,3.0,37210.0,190966.0,91192.0,197027.0,101694.0
2026-04-14 18:04:10.354963,718413,1609507343996803,4943966623,-1.059936,0.56608,0.593408,-27.3525,4.43625,-12.2325,-17.648,-10.224001,27.408,none,8,3.0,37210.0,190966.0,91192.0,197027.0,101694.0
2026-04-14 18:04:10.362573,718414,1609507344005741,4943975344,-1.059936,0.56608,0.593408,-56.0525,7.945,-10.8675,-17.648,-10.224001,27.408,none,8,3.0,37210.0,190966.0,91192.0,197027.0,101694.0
2026-04-14 18:04:10.377186,718415,1609507344020219,4943990268,-1.0248,0.431392,0.357216,-78.47,10.42125,-5.62625,-17.560001,-9.128,26.912,none,8,3.0,37210.0,190966.0,91192.0,197027.0,101694.0
2026-04-14 18:04:10.449993,718426,1609507344029300,4943999048,-1.0248,0.431392,0.357216,-91.41125,11.08625,-1.7675,-17.560001,-9.128,26.912,none,8,3.0,36347.0,182336.0,90436.0,192010.0,100503.0
2026-04-14 18:04:10.452198,718427,1609507344043843,4944013965,-0.981856,0.423584,0.421632,-97.92125,13.39625,-3.4125,-15.896001,-7.496,27.672,none,8,3.0,36347.0,182336.0,90436.0,192010.0,100503.0
2026-04-14 18:04:10.454567,718428,1609507344052815,4944022699,-0.923296,0.499712,0.579744,-100.8525,18.26125,-8.54,-15.256001,-5.912,26.656002,none,8,3.0,36347.0,182336.0,90436.0,192010.0,100503.0
2026-04-14 18:04:10.457125,718429,1609507344061757,4944031375,-0.923296,0.499712,0.579744,-103.46875,23.5725,-15.11125,-15.256001,-5.912,26.656002,none,8,3.0,36347.0,182336.0,90436.0,192010.0,100503.0
2026-04-14 18:04:10.459543,718430,1609507344076386,4944046254,-0.853024,0.447008,0.474336,-106.79375,26.13625,-21.0875,-14.320001,-4.712,27.856,none,8,3.0,36347.0,182336.0,90436.0,192010.0,100503.0
2026-04-14 18:04:10.462458,718431,1609507344085479,4944055000,-0.853024,0.447008,0.474336,-108.92875,25.6375,-22.1375,-14.320001,-4.712,27.856,none,8,3.0,36347.0,182336.0,90436.0,192010.0,100503.0
2026-04-14 18:04:10.464988,718432,1609507344099999,4944069898,-0.813984,0.396256,0.57584,-111.25625,25.06875,-22.5925,-13.696001,-2.752,27.640001,none,8,3.0,36347.0,182336.0,90436.0,192010.0,100503.0
2026-04-14 18:04:10.467408,718433,1609507344108933,4944078639,-0.813984,0.396256,0.57584,-116.78625,24.35125,-23.485,-13.696001,-2.752,27.640001,none,8,3.0,36347.0,182336.0,90436.0,192010.0,100503.0
2026-04-14 18:04:10.475848,718434,1609507344117905,4944087348,-0.708576,0.304512,0.503616,-114.87875,24.45625,-22.98625,-12.936001,-0.936,27.872002,none,8,3.0,36347.0,182336.0,90436.0,192010.0,100503.0
2026-04-14 18:04:10.504608,718445,1609507344132517,4944102375,-0.628544,0.347456,0.548512,-103.32875,26.7225,-21.97125,-11.72,0.08,26.336,none,8,3.0,46330.0,184431.0,106775.0,194827.0,119108.0
2026-04-14 18:04:10.507344,718446,1609507344141477,4944111085,-0.628544,0.347456,0.548512,-91.0175,28.37625,-23.7475,-11.72,0.08,26.336,none,8,3.0,46330.0,184431.0,106775.0,194827.0,119108.0
2026-04-14 18:04:10.514872,718447,1609507344156094,4944126072,-0.622688,0.363072,0.665632,-84.20125,27.83375,-29.21625,-11.416,1.304,27.656002,none,8,3.0,46330.0,184431.0,106775.0,194827.0,119108.0
2026-04-14 18:04:10.522384,718448,1609507344165023,4944134771,-0.622688,0.363072,0.665632,-73.87625,27.545,-32.585,-11.416,1.304,27.656002,none,8,3.0,46330.0,184431.0,106775.0,194827.0,119108.0
2026-04-14 18:04:10.538737,718449,1609507344179593,4944149673,-0.589504,0.388448,0.538752,-55.09,32.515,-27.965,-10.248,1.904,28.288002,none,8,3.0,46330.0,184431.0,106775.0,194827.0,119108.0
2026-04-14 18:04:10.546281,718450,1609507344188527,4944158356,-0.589504,0.388448,0.538752,-33.6175,43.56625,-19.25,-10.248,1.904,28.288002,none,8,3.0,46330.0,184431.0,106775.0,194827.0,119108.0
2026-04-14 18:04:10.553752,718451,1609507344197634,4944167096,-0.525088,0.355264,0.44896,-18.375,50.44375,-15.2075,-10.504001,1.536,28.04,none,8,3.0,46330.0,184431.0,106775.0,194827.0,119108.0
2026-04-14 18:04:10.568753,718452,1609507344212142,4944182014,-0.417728,0.392352,0.482144,-6.43125,53.305,-15.96,-10.504001,1.176,28.264002,none,8,3.0,46330.0,184431.0,106775.0,194827.0,119108.0
2026-04-14 18:04:10.583288,718453,1609507344221081,4944190696,-0.417728,0.392352,0.482144,8.21625,55.67625,-14.4025,-8.888001,1.176,28.264002,none,8,3.0,46330.0,184431.0,106775.0,194827.0,119108.0
2026-04-14 18:04:10.607389,718464,1609507344235772,4944205682,-0.413824,0.601216,0.544608,24.8675,60.62,-9.94,-8.952001,1.144,28.208002,none,8,3.0,107891.0,209193.0,184194.0,215660.0,203988.0
2026-04-14 18:04:10.609335,718465,1609507344244731,4944214440,-0.413824,0.601216,0.544608,27.93,64.225,-9.948751,-8.952001,1.144,28.208002,none,8,3.0,107891.0,209193.0,184194.0,215660.0,203988.0
2026-04-14 18:04:10.617344,718466,1609507344253821,4944223213,-0.329888,0.41968,0.70272,3.1325,57.89,-15.2075,-8.648001,1.456,27.856,none,8,3.0,107891.0,209193.0,184194.0,215660.0,203988.0
2026-04-14 18:04:10.625716,718467,1609507344268315,4944238263,-0.329888,0.41968,0.70272,-42.9975,35.14875,-23.9575,-8.648001,1.456,27.856,none,8,3.0,107891.0,209193.0,184194.0,215660.0,203988.0
2026-04-14 18:04:10.633773,718468,1609507344277575,4944247012,-0.300608,0.091744,1.01504,-47.95,18.7775,-11.4625,-7.896,1.88,28.320002,none,8,3.0,107891.0,209193.0,184194.0,215660.0,203988.0
2026-04-14 18:04:10.648295,718469,1609507344292098,4944261914,-0.300608,0.091744,1.260992,1.00625,23.63375,20.4225,-7.896,1.88,28.320002,none,8,3.0,107891.0,209193.0,184194.0,215660.0,203988.0
2026-04-14 18:04:10.659578,718470,1609507344301033,4944270603,-0.259616,0.40992,1.260992,53.62,24.15,28.21875,-7.336,0.544,26.632002,none,8,3.0,107891.0,209193.0,184194.0,215660.0,203988.0
2026-04-14 18:04:10.673741,718471,1609507344315555,4944285484,-0.509472,0.52704,0.90768,80.94625,18.05125,2.77375,-6.704001,-0.504,26.944002,none,8,3.0,107891.0,209193.0,184194.0,215660.0,203988.0
2026-04-14 18:04:10.703588,718482,1609507344325134,4944294794,-0.509472,0.52704,0.90768,87.94625,18.8825,-12.0575,-6.704001,-0.504,26.944002,none,8,3.0,69974.0,198001.0,139338.0,206426.0,155001.0
2026-04-14 18:04:10.706080,718483,1609507344334136,4944303551,-0.513376,0.71248,0.294752,64.015,12.29375,-10.01,-7.344,0.504,25.968,none,8,3.0,69974.0,198001.0,139338.0,206426.0,155001.0
2026-04-14 18:04:10.708564,718484,1609507344348864,4944318547,-0.513376,0.71248,0.294752,-42.9975,-16.0825,-21.105,-7.344,0.504,25.968,none,8,3.0,69974.0,198001.0,139338.0,206426.0,155001.0
2026-04-14 18:04:10.714887,718485,1609507344357840,4944327348,-0.41968,0.222528,0.694912,-174.02875,-44.275,-39.576252,-7.68,3.92,27.240002,none,8,3.0,69974.0,198001.0,139338.0,206426.0,155001.0
2026-04-14 18:04:10.722368,718486,1609507344366793,4944336048,-0.41968,0.222528,0.694912,-261.00375,-51.12625,-28.647501,-7.68,3.92,27.240002,none,8,3.0,69974.0,198001.0,139338.0,206426.0,155001.0
2026-04-14 18:04:10.739974,718487,1609507344381288,4944350968,-0.37088,-0.515328,0.93696,-243.0925,-30.66,19.215,-7.952,6.488,27.512001,none,8,3.0,69974.0,198001.0,139338.0,206426.0,155001.0
2026-04-14 18:04:10.747432,718488,1609507344390190,4944359645,-0.37088,-0.515328,0.93696,-179.20876,-5.81875,59.28125,-7.952,6.488,27.512001,none,8,3.0,69974.0,198001.0,139338.0,206426.0,155001.0
2026-04-14 18:04:10.784436,718489,1609507344404724,4944374555,-0.601216,-0.33184,0.558272,-120.77625,-2.3975,39.34875,-8.688001,7.384,26.240002,none,8,3.0,69974.0,198001.0,139338.0,206426.0,155001.0
2026-04-14 18:04:10.804849,718490,1609507344413709,4944383259,-0.54656,0.066368,0.456768,-59.31625,0.175,0.58625,-7.776001,7.272,25.128,none,8,3.0,69974.0,198001.0,139338.0,206426.0,155001.0
2026-04-14 18:04:10.837159,718501,1609507344428543,4944398337,-0.54656,0.066368,0.456768,-12.73125,5.8625,2.05625,-7.776001,7.272,25.128,none,8,3.0,41316.0,171743.0,101161.0,183106.0,111442.0
2026-04-14 18:04:10.839544,718502,1609507344437577,4944407144,-0.472384,0.042944,0.445056,0.3325,10.36875,21.58625,-6.920001,7.776001,26.208002,none,8,3.0,41316.0,171743.0,101161.0,183106.0,111442.0
2026-04-14 18:04:10.842153,718503,1609507344446537,4944415863,-0.472384,0.042944,0.445056,-18.9875,17.82375,31.692501,-6.920001,7.776001,26.208002,none,8,3.0,41316.0,171743.0,101161.0,183106.0,111442.0
2026-04-14 18:04:10.844676,718504,1609507344461099,4944430861,-0.480192,-0.208864,0.447008,-46.34875,25.61125,33.6,-6.216,8.496,24.224,none,8,3.0,41316.0,171743.0,101161.0,183106.0,111442.0
2026-04-14 18:04:10.847204,718505,1609507344470106,4944439653,-0.480192,-0.208864,0.447008,-69.44875,31.01875,29.23375,-6.216,8.496,24.224,none,8,3.0,41316.0,171743.0,101161.0,183106.0,111442.0
2026-04-14 18:04:10.849681,718506,1609507344484727,4944454695,-0.76128,-0.064416,0.806176,-76.13375,30.73,22.6975,-5.56,9.440001,25.960001,none,8,3.0,41316.0,171743.0,101161.0,183106.0,111442.0
2026-04-14 18:04:10.852231,718507,1609507344493798,4944463425,-1.026752,0.113216,1.0248,-56.11375,21.6825,16.695,-5.56,9.440001,26.656002,none,8,3.0,41316.0,171743.0,101161.0,183106.0,111442.0
2026-04-14 18:04:10.859750,718508,1609507344502849,4944472126,-1.028704,0.113216,1.0248,-28.385,11.095,12.38125,-5.616,9.624001,26.656002,none,8,3.0,41316.0,171743.0,101161.0,183106.0,111442.0
2026-04-14 18:04:10.875721,718509,1609507344517351,4944487024,-0.942816,0.179584,0.708576,-10.3775,-1.89875,14.875,-5.576,9.320001,26.04,none,8,3.0,41316.0,171743.0,101161.0,183106.0,111442.0
2026-04-14 18:04:10.905807,718520,1609507344526603,4944495922,-0.942816,0.179584,0.708576,2.77375,-13.37875,27.39625,-5.576,9.320001,26.04,none,8,3.0,23736.0,171060.0,68085.0,183672.0,74068.0
2026-04-14 18:04:10.908432,718521,1609507344541177,4944510981,-0.870592,0.337696,0.681248,5.81875,-24.6925,36.77625,-6.8,9.768001,26.984001,none,8,3.0,23736.0,171060.0,68085.0,183672.0,74068.0
2026-04-14 18:04:10.910946,718522,1609507344550112,4944519675,-0.870592,0.337696,0.681248,-7.83125,-38.6925,37.0125,-6.8,9.768001,26.984001,none,8,3.0,23736.0,171060.0,68085.0,183672.0,74068.0
2026-04-14 18:04:10.922263,718523,1609507344564831,4944534645,-0.618784,0.324032,0.84912,-39.2875,-45.10625,39.48875,-7.112001,10.792001,26.408,none,8,3.0,23736.0,171060.0,68085.0,183672.0,74068.0
2026-04-14 18:04:10.930974,718524,1609507344573796,4944543353,-0.618784,0.324032,0.84912,-78.9075,-46.6725,44.415,-7.112001,10.792001,26.408,none,8,3.0,23736.0,171060.0,68085.0,183672.0,74068.0
2026-04-14 18:04:10.939697,718525,1609507344582754,4944552041,-0.8296,0.115168,0.84912,-101.2725,-51.170002,45.701252,-7.408001,12.072001,25.152,none,8,3.0,23736.0,171060.0,68085.0,183672.0,74068.0
2026-04-14 18:04:10.953458,718526,1609507344597297,4944566907,-0.792512,-0.56608,0.794464,-98.09625,-45.71875,38.2725,-7.568,12.696001,24.320002,none,8,3.0,23736.0,171060.0,68085.0,183672.0,74068.0
2026-04-14 18:04:10.990917,718527,1609507344606436,4944575604,-0.792512,-0.56608,0.794464,-88.15625,-33.355,23.397501,-7.568,12.696001,24.320002,none,8,3.0,23736.0,171060.0,68085.0,183672.0,74068.0
2026-04-14 18:04:10.993356,718528,1609507344620954,4944590490,-0.862784,-0.554368,0.776896,-70.02625,-21.105,17.75375,-6.528,13.464001,24.312,none,8,3.0,23736.0,171060.0,68085.0,183672.0,74068.0
2026-04-14 18:04:11.020919,718539,1609507344629988,4944599248,-0.862784,-0.554368,0.776896,-68.6175,-15.28625,-0.875,-6.528,13.464001,24.312,none,8,3.0,26693.0,164661.0,73942.0,176350.0,80638.0
2026-04-14 18:04:11.023381,718540,1609507344638975,4944607995,-0.890112,-0.187392,0.88816,-57.225,-11.62,-6.8425,-7.04,13.872001,24.320002,none,8,3.0,26693.0,164661.0,73942.0,176350.0,80638.0
2026-04-14 18:04:11.028367,718541,1609507344653540,4944622946,-0.890112,-0.187392,0.88816,-35.0875,-12.74,-4.69875,-7.04,13.872001,24.320002,none,8,3.0,26693.0,164661.0,73942.0,176350.0,80638.0
2026-04-14 18:04:11.030930,718542,1609507344662534,4944631653,-0.796416,0.011712,0.948672,-27.04625,-10.535,-7.1925,-6.952,14.200001,24.408,none,8,3.0,26693.0,164661.0,73942.0,176350.0,80638.0
2026-04-14 18:04:11.035958,718543,1609507344677127,4944646587,-0.8296,0.06832,0.813984,-27.44875,-10.57875,-9.75625,-7.56,14.296001,24.008001,none,8,3.0,26693.0,164661.0,73942.0,176350.0,80638.0
2026-04-14 18:04:11.042148,718544,1609507344686080,4944655335,-0.8296,0.06832,0.813984,-25.8125,-10.605001,-9.65125,-7.56,14.296001,24.008001,none,8,3.0,26693.0,164661.0,73942.0,176350.0,80638.0
2026-04-14 18:04:11.051245,718545,1609507344695158,4944664047,-0.827648,0.062464,0.874496,-18.305,-9.35375,-7.60375,-7.56,16.344,23.344002,none,8,3.0,26693.0,164661.0,73942.0,176350.0,80638.0
2026-04-14 18:04:11.067939,718546,1609507344709658,4944678939,-0.827648,0.062464,0.874496,-6.25625,-6.04625,-6.195,-7.8,14.512001,23.344002,none,8,3.0,26693.0,164661.0,73942.0,176350.0,80638.0
2026-04-14 18:04:11.075757,718547,1609507344718580,4944687654,-0.88816,-0.017568,0.5368,3.2025,-4.025,-4.3575,-7.592001,14.624001,24.176,none,8,3.0,26693.0,164661.0,73942.0,176350.0,80638.0
2026-04-14 18:04:11.106244,718558,1609507344733105,4944702600,-0.88816,-0.017568,0.5368,6.7025,-2.765,-1.5225,-7.592001,14.624001,24.176,none,8,3.0,24815.0,170886.0,69311.0,184326.0,75508.0
2026-04-14 18:04:11.108735,718559,1609507344742212,4944711472,-0.739808,-0.050752,0.726144,5.53875,-3.535,1.14625,-7.32,14.144001,24.160002,none,8,3.0,24815.0,170886.0,69311.0,184326.0,75508.0
2026-04-14 18:04:11.115992,718560,1609507344756743,4944726368,-0.804224,-0.11712,0.447008,-0.67375,-3.36,0.91875,-7.336,14.52,25.408,none,8,3.0,24815.0,170886.0,69311.0,184326.0,75508.0
2026-04-14 18:04:11.122495,718561,1609507344765732,4944735089,-0.804224,-0.11712,0.447008,-3.92875,-1.75875,-2.21375,-7.336,14.52,25.408,none,8,3.0,24815.0,170886.0,69311.0,184326.0,75508.0
2026-04-14 18:04:11.150879,718562,1609507344774701,4944743878,-0.804224,-0.11712,0.447008,-0.65625,-0.0875,-6.99125,-7.336,14.52,25.408,none,8,3.0,24815.0,170886.0,69311.0,184326.0,75508.0
2026-04-14 18:04:11.175603,718563,1609507344789262,4944758778,-0.901824,-0.013664,0.597312,7.175,2.2925,-9.54625,-8.360001,14.328001,23.68,none,8,3.0,24815.0,170886.0,69311.0,184326.0,75508.0
2026-04-14 18:04:11.178770,718564,1609507344798191,4944767472,-0.833504,0.119072,0.691008,16.44125,3.115,-8.09375,-8.320001,13.984,25.720001,none,8,3.0,24815.0,170886.0,69311.0,184326.0,75508.0
2026-04-14 18:04:11.183565,718565,1609507344812621,4944782413,-0.833504,0.119072,0.691008,20.48375,3.1675,-6.39625,-8.320001,13.984,25.720001,none,8,3.0,24815.0,170886.0,69311.0,184326.0,75508.0
2026-04-14 18:04:11.186151,718566,1609507344821507,4944791096,-0.804224,0.158112,0.755424,18.17375,2.8175,-6.30875,-8.200001,13.840001,25.760002,none,8,3.0,24815.0,170886.0,69311.0,184326.0,75508.0
2026-04-14 18:04:11.213144,718577,1609507344836238,4944806269,-0.938912,0.171776,0.669536,15.2425,3.92875,-7.385,-8.200001,13.72,26.608002,none,8,3.0,22780.0,172061.0,64838.0,185639.0,70427.0
2026-04-14 18:04:11.216271,718578,1609507344845195,4944815006,-0.938912,0.171776,0.669536,15.365,5.24125,-6.85125,-8.368,13.72,26.608002,none,8,3.0,22780.0,172061.0,64838.0,185639.0,70427.0
2026-04-14 18:04:11.218446,718579,1609507344854229,4944823741,-0.938912,0.171776,0.669536,15.65375,4.55,-7.5425,-8.368,13.72,26.608002,none,8,3.0,22780.0,172061.0,64838.0,185639.0,70427.0
2026-04-14 18:04:11.227501,718580,1609507344868748,4944838614,-0.84912,0.122976,0.681248,16.28375,3.5875,-7.81375,-8.776,13.72,26.888,none,8,3.0,22780.0,172061.0,64838.0,185639.0,70427.0
2026-04-14 18:04:11.233709,718581,1609507344877750,4944847321,-0.815936,0.07808,0.743712,19.10125,2.3975,-5.985,-8.144,13.296001,25.248001,none,8,3.0,22780.0,172061.0,64838.0,185639.0,70427.0
2026-04-14 18:04:11.250891,718582,1609507344892372,4944862240,-0.815936,0.07808,0.743712,22.89875,1.70625,-4.64625,-8.144,13.296001,25.248001,none,8,3.0,22780.0,172061.0,64838.0,185639.0,70427.0
2026-04-14 18:04:11.258591,718583,1609507344901306,4944870926,-0.710528,-0.037088,0.646112,23.3625,1.00625,-5.59125,-7.624001,12.704,25.080002,none,8,3.0,22780.0,172061.0,64838.0,185639.0,70427.0
2026-04-14 18:04:11.275388,718584,1609507344910463,4944879606,-0.710528,-0.037088,0.646112,21.42,0.34125,-7.70875,-7.624001,12.704,25.080002,none,8,3.0,22780.0,172061.0,64838.0,185639.0,70427.0
2026-04-14 18:04:11.282400,718585,1609507344925001,4944894563,-0.772992,-0.0488,0.64416,22.9075,2.6425,-10.71,-7.336,12.248,25.024002,none,8,3.0,22780.0,172061.0,64838.0,185639.0,70427.0
2026-04-14 18:04:11.309586,718596,1609507344934016,4944903371,-0.772992,-0.0488,0.64416,30.275,5.8625,-13.92125,-7.336,12.248,25.024002,none,8,3.0,22752.0,170538.0,64613.0,183877.0,70063.0
2026-04-14 18:04:11.312113,718597,1609507344948604,4944918523,-0.788608,0.015616,0.640256,43.00625,7.245,-16.8875,-7.336,11.576,26.088001,none,8,3.0,22752.0,170538.0,64613.0,183877.0,70063.0
2026-04-14 18:04:11.314977,718598,1609507344957680,4944927254,-0.759328,0.103456,0.583648,53.76875,7.14875,-17.053751,-7.816001,10.968,24.504002,none,8,3.0,22752.0,170538.0,64613.0,183877.0,70063.0
2026-04-14 18:04:11.325081,718599,1609507344966748,4944936006,-0.759328,0.103456,0.583648,55.51875,5.18,-15.72375,-7.816001,10.968,24.504002,none,8,3.0,22752.0,170538.0,64613.0,183877.0,70063.0
2026-04-14 18:04:11.338397,718600,1609507344981267,4944950921,-0.81008,0.144448,0.589504,53.06875,4.8825,-16.21375,-8.424001,10.008,25.44,none,8,3.0,22752.0,170538.0,64613.0,183877.0,70063.0
2026-04-14 18:04:11.348559,718601,1609507344990220,4944959602,-0.81008,0.144448,0.589504,50.6625,6.265,-18.69875,-8.424001,10.008,25.44,none,8,3.0,22752.0,170538.0,64613.0,183877.0,70063.0
2026-04-14 18:04:11.361094,718602,1609507345004735,4944974584,-0.794464,0.18544,0.749568,48.65,5.18,-20.71125,-7.488,9.416,25.944002,none,8,3.0,22752.0,170538.0,64613.0,183877.0,70063.0
2026-04-14 18:04:11.371122,718603,1609507345013674,4944983290,-0.794464,0.18544,0.749568,42.14875,0.74375,-18.29625,-7.488,9.416,25.944002,none,8,3.0,22752.0,170538.0,64613.0,183877.0,70063.0
2026-04-14 18:04:11.410908,718615,1609507345028490,4944998826,-0.856928,0.226432,0.737856,26.8625,-3.17625,-14.14875,-7.576,9.280001,26.048,none,8,3.0,22712.0,167151.0,64181.0,180446.0,69287.0
2026-04-14 18:04:11.413282,718616,1609507345037609,4945007596,-0.864736,0.02928,0.47824,10.35125,-5.39875,-15.925,-7.848001,9.048,24.328001,none,8,3.0,22712.0,167151.0,64181.0,180446.0,69287.0
2026-04-14 18:04:11.415728,718617,1609507345046732,4945016364,-0.864736,0.02928,0.47824,4.48875,-6.895,-18.935,-7.848001,9.048,24.328001,none,8,3.0,22712.0,167151.0,64181.0,180446.0,69287.0
2026-04-14 18:04:11.418711,718618,1609507345061399,4945031319,-0.874496,0.070272,0.732,10.325,-6.5975,-18.26125,-7.928001,9.472,25.832,none,8,3.0,22712.0,167151.0,64181.0,180446.0,69287.0
2026-04-14 18:04:11.432002,718619,1609507345070381,4945040049,-0.874496,0.070272,0.732,18.235,-4.78625,-15.785,-7.928001,9.472,25.832,none,8,3.0,22712.0,167151.0,64181.0,180446.0,69287.0
2026-04-14 18:04:11.444530,718620,1609507345084865,4945054943,-0.81008,0.001952,0.977952,17.82375,-7.13125,-17.272501,-8.016001,8.72,25.808,none,8,3.0,22712.0,167151.0,64181.0,180446.0,69287.0
2026-04-14 18:04:11.451078,718621,1609507345093822,4945063707,-0.81008,0.001952,0.977952,11.480001,-8.6975,-16.73875,-8.016001,8.72,25.808,none,8,3.0,22712.0,167151.0,64181.0,180446.0,69287.0
2026-04-14 18:04:11.459435,718622,1609507345102776,4945072409,-0.977952,0.056608,0.942816,13.440001,-5.4075,-14.37625,-8.52,8.280001,26.288002,none,8,3.0,22712.0,167151.0,64181.0,180446.0,69287.0
2026-04-14 18:04:11.475805,718623,1609507345117328,4945087317,-0.977952,0.056608,0.923296,21.77875,-4.68125,-14.752501,-8.52,8.280001,26.288002,none,8,3.0,22712.0,167151.0,64181.0,180446.0,69287.0
2026-04-14 18:04:11.483642,718624,1609507345126294,4945096014,-0.901824,0.044896,0.923296,30.14375,-6.97375,-14.3675,-8.672001,8.08,26.480001,none,8,3.0,22712.0,167151.0,64181.0,180446.0,69287.0
2026-04-14 18:04:11.553317,718635,1609507345140996,4945110984,-0.90768,-0.023424,0.61488,32.935,-10.42125,-10.29,-9.112,7.416,26.888,none,8,3.0,23381.0,165468.0,65396.0,178315.0,70509.0
2026-04-14 18:04:11.556206,718636,1609507345150079,4945119710,-0.90768,-0.023424,0.61488,32.05125,-14.14875,-5.4425,-9.112,7.416,26.888,none,8,3.0,23381.0,165468.0,65396.0,178315.0,70509.0
2026-04-14 18:04:11.561173,718637,1609507345164593,4945134590,-0.831552,-0.095648,0.726144,30.45,-16.275,-4.9875,-9.352,7.544,27.312002,none,8,3.0,23381.0,165468.0,65396.0,178315.0,70509.0
2026-04-14 18:04:11.563725,718638,1609507345173582,4945143304,-0.831552,-0.095648,0.726144,28.4725,-17.08,-6.64125,-9.352,7.544,27.312002,none,8,3.0,23381.0,165468.0,65396.0,178315.0,70509.0
2026-04-14 18:04:11.566271,718639,1609507345182527,4945151976,-0.895968,-0.154208,0.812032,22.9075,-17.64875,-11.025,-10.664001,7.752,27.320002,none,8,3.0,23381.0,165468.0,65396.0,178315.0,70509.0
2026-04-14 18:04:11.568788,718640,1609507345197075,4945166960,-0.895968,-0.154208,0.812032,10.5175,-26.15375,-19.022501,-10.664001,7.752,27.320002,none,8,3.0,23381.0,165468.0,65396.0,178315.0,70509.0
2026-04-14 18:04:11.571112,718641,1609507345206038,4945175674,-0.958432,-0.150304,0.983808,8.8025,-37.38,-15.49625,-11.016001,7.432,27.744001,none,8,3.0,23381.0,165468.0,65396.0,178315.0,70509.0
2026-04-14 18:04:11.578635,718642,1609507345220717,4945190606,-0.776896,-0.18544,0.9272,24.465,-51.93125,-5.69625,-12.008,6.288,27.064001,none,8,3.0,23381.0,165468.0,65396.0,178315.0,70509.0
2026-04-14 18:04:11.640668,718653,1609507345229688,4945199290,-0.776896,-0.18544,0.9272,41.755,-71.5225,-4.27,-12.008,6.288,27.064001,none,8,3.0,108811.0,198939.0,182327.0,207206.0,202658.0
2026-04-14 18:04:11.643218,718654,1609507345238706,4945208104,-0.482144,-0.140544,0.843264,54.6525,-81.69875,-6.44,-12.008,5.896,27.552002,none,8,3.0,108811.0,198939.0,182327.0,207206.0,202658.0
2026-04-14 18:04:11.646180,718655,1609507345253281,4945223036,-0.482144,-0.140544,0.843264,62.01125,-84.02625,-7.09625,-12.912001,5.896,27.552002,none,8,3.0,108811.0,198939.0,182327.0,207206.0,202658.0
2026-04-14 18:04:11.648318,718656,1609507345262199,4945231716,-0.388448,-0.099552,0.642208,81.340004,-78.25125,-3.56125,-14.856001,4.2,28.12,none,8,3.0,108811.0,198939.0,182327.0,207206.0,202658.0
2026-04-14 18:04:11.650654,718657,1609507345276718,4945246594,-0.388448,-0.099552,0.642208,109.8825,-64.81125,-1.1025,-14.856001,4.2,28.12,none,8,3.0,108811.0,198939.0,182327.0,207206.0,202658.0
2026-04-14 18:04:11.653668,718658,1609507345285667,4945255364,-0.304512,0.189344,0.628544,156.99251,-41.7375,-4.45375,-15.552001,1.936,26.992,none,8,3.0,108811.0,198939.0,182327.0,207206.0,202658.0
2026-04-14 18:04:11.658650,718659,1609507345300187,4945270302,-0.44896,0.318176,0.597312,195.1775,-18.1125,-11.34,-14.392001,-0.808,28.576002,none,8,3.0,108811.0,198939.0,182327.0,207206.0,202658.0
2026-04-14 18:04:11.668701,718660,1609507345309117,4945278990,-0.44896,0.318176,0.597312,199.99,0.63,-12.4075,-14.392001,-0.808,28.576002,none,8,3.0,108811.0,198939.0,182327.0,207206.0,202658.0
2026-04-14 18:04:11.675817,718661,1609507345318058,4945287675,-0.44896,0.318176,0.597312,177.5725,8.70625,-7.8575,-14.392001,-0.808,28.576002,none,8,3.0,108811.0,198939.0,182327.0,207206.0,202658.0
2026-04-14 18:04:11.709618,718672,1609507345333101,4945302726,-0.472384,0.265472,0.558272,156.065,9.73875,0.37625,-14.480001,-2.304,27.312002,none,8,3.0,116327.0,239825.0,181979.0,232910.0,198600.0
2026-04-14 18:04:11.713558,718673,1609507345342221,4945311571,-0.339648,0.17568,0.550464,131.7225,5.5475,1.4525,-13.896001,-4.328,26.792002,none,8,3.0,116327.0,239825.0,181979.0,232910.0,198600.0
2026-04-14 18:04:11.714452,718674,1609507345356733,4945326542,-0.339648,0.17568,0.550464,124.1625,11.78625,-1.1725,-13.896001,-4.328,26.792002,none,8,3.0,116327.0,239825.0,181979.0,232910.0,198600.0
2026-04-14 18:04:11.724579,718675,1609507345365667,4945335225,-0.349408,0.251808,0.776896,134.645,29.23375,-5.22375,-14.232,-5.488,26.624,none,8,3.0,116327.0,239825.0,181979.0,232910.0,198600.0
2026-04-14 18:04:11.731090,718676,1609507345374616,4945343957,-0.349408,0.251808,0.776896,139.99126,44.66875,-17.17625,-14.232,-5.488,26.624,none,8,3.0,116327.0,239825.0,181979.0,232910.0,198600.0
2026-04-14 18:04:11.747322,718677,1609507345389195,4945358890,-0.648064,0.286944,0.55632,144.655,53.59375,-23.45,-13.056001,-8.216001,25.568,none,8,3.0,116327.0,239825.0,181979.0,232910.0,198600.0
2026-04-14 18:04:11.754437,718678,1609507345398195,4945367598,-0.648064,0.286944,0.55632,159.11,53.76875,-15.33875,-13.056001,-8.216001,25.568,none,8,3.0,116327.0,239825.0,181979.0,232910.0,198600.0
2026-04-14 18:04:11.769968,718679,1609507345412716,4945382393,-0.534848,0.589504,0.630496,173.52126,43.4875,-5.705,-12.656,-10.088,21.672,none,8,3.0,116327.0,239825.0,181979.0,232910.0,198600.0
2026-04-14 18:04:11.778771,718680,1609507345421678,4945391115,-0.64416,0.974048,0.382592,168.16624,30.275,-2.86125,-13.320001,-11.232,23.936,none,8,3.0,116327.0,239825.0,181979.0,232910.0,198600.0
2026-04-14 18:04:11.809450,718691,1609507345436207,4945406111,-0.64416,0.974048,0.382592,137.41,22.0325,-2.4675,-13.320001,-11.232,23.936,none,8,3.0,129510.0,258276.0,200217.0,251341.0,215974.0
2026-04-14 18:04:11.813485,718692,1609507345445208,4945414832,-0.587552,1.188768,0.374784,86.5725,13.79875,3.07125,-13.280001,-11.400001,26.760002,none,8,3.0,129510.0,258276.0,200217.0,251341.0,215974.0
2026-04-14 18:04:11.816145,718693,1609507345454227,4945423581,-0.587552,1.188768,0.374784,26.3375,0.04375,9.948751,-13.280001,-11.400001,26.760002,none,8,3.0,129510.0,258276.0,200217.0,251341.0,215974.0
2026-04-14 18:04:11.825628,718694,1609507345468725,4945438502,-0.534848,1.177056,0.327936,-38.61375,-21.77,17.96375,-15.160001,-10.168,27.2,none,8,3.0,129510.0,258276.0,200217.0,251341.0,215974.0
2026-04-14 18:04:11.834520,718695,1609507345477696,4945447181,-0.534848,1.177056,0.327936,-101.10625,-45.185,24.885,-15.160001,-10.168,27.2,none,8,3.0,129510.0,258276.0,200217.0,251341.0,215974.0
2026-04-14 18:04:11.850042,718696,1609507345492226,4945462040,-0.509472,1.079456,0.40992,-158.4625,-65.1875,27.01125,-14.776001,-8.56,25.448002,none,8,3.0,129510.0,258276.0,200217.0,251341.0,215974.0
2026-04-14 18:04:11.857519,718697,1609507345501287,4945470746,-0.37088,0.99552,0.77104,-211.05,-84.5425,28.5075,-16.296001,-4.56,25.088001,none,8,3.0,129510.0,258276.0,200217.0,251341.0,215974.0
2026-04-14 18:04:11.887534,718698,1609507345510384,4945479480,-0.37088,0.99552,0.77104,-262.675,-102.1125,29.23375,-16.296001,-4.56,25.088001,none,8,3.0,129510.0,258276.0,200217.0,251341.0,215974.0
2026-04-14 18:04:11.912045,718699,1609507345524886,4945494382,-0.296704,0.76128,0.827648,-284.69876,-116.64625,31.01875,-17.528002,-0.064,26.552002,none,8,3.0,129510.0,258276.0,200217.0,251341.0,215974.0
2026-04-14 18:04:11.942121,718710,1609507345534397,4945503121,-0.296704,0.76128,0.827648,-285.18,-118.99125,47.9325,-17.528002,-0.064,26.552002,none,8,3.0,121605.0,244815.0,197664.0,241087.0,216554.0
2026-04-14 18:04:11.944651,718711,1609507345549328,4945518084,-0.267424,0.638304,0.77104,-285.18,-106.63625,75.53,-18.84,3.96,25.992,none,8,3.0,121605.0,244815.0,197664.0,241087.0,216554.0
2026-04-14 18:04:11.947023,718712,1609507345558665,4945528847,-0.267424,0.638304,0.77104,-285.0225,-87.7275,96.24125,-18.84,3.96,25.992,none,8,3.0,121605.0,244815.0,197664.0,241087.0,216554.0
2026-04-14 18:04:11.949777,718713,1609507345567621,4945537549,-0.363072,0.488,0.384544,-282.1175,-73.9725,103.57375,-18.992,7.464,24.976002,none,8,3.0,121605.0,244815.0,197664.0,241087.0,216554.0
2026-04-14 18:04:11.952517,718714,1609507345582200,4945552557,-0.320128,0.230336,0.747616,-276.61374,-66.4475,104.37875,-18.968,10.592001,25.216002,none,8,3.0,121605.0,244815.0,197664.0,241087.0,216554.0
2026-04-14 18:04:11.955022,718715,1609507345591161,4945561270,-0.320128,0.230336,0.747616,-246.155,-50.88125,118.51,-18.968,10.592001,25.216002,none,8,3.0,121605.0,244815.0,197664.0,241087.0,216554.0
2026-04-14 18:04:11.962514,718716,1609507345605661,4945574178,-0.388448,0.189344,0.67344,-191.45876,-28.55125,149.89626,-17.296001,12.816001,23.128,none,8,3.0,121605.0,244815.0,197664.0,241087.0,216554.0
2026-04-14 18:04:11.973745,718717,1609507345614997,4945584967,-0.388448,0.189344,0.67344,-133.62125,-3.4125,179.6375,-17.296001,12.816001,23.128,none,8,3.0,121605.0,244815.0,197664.0,241087.0,216554.0
2026-04-14 18:04:11.982564,718718,1609507345623928,4945593692,-0.388448,0.103456,0.675392,-93.21375,18.4625,190.9075,-15.840001,14.752001,23.376001,none,8,3.0,121605.0,244815.0,197664.0,241087.0,216554.0
2026-04-14 18:04:12.012018,718729,1609507345638599,4945608856,-0.388448,0.103456,0.675392,-64.21625,42.1925,193.095,-15.840001,14.752001,23.376001,none,8,3.0,50390.0,211212.0,112604.0,213461.0,124635.0
2026-04-14 18:04:12.014863,718730,1609507345647643,4945617612,-0.603168,0.333792,0.38064,-35.28,65.30125,198.9575,-14.184001,15.56,23.144001,none,8,3.0,50390.0,211212.0,112604.0,213461.0,124635.0
2026-04-14 18:04:12.019865,718731,1609507345662200,4945630665,-0.694912,0.407968,0.386496,-23.49375,78.39125,203.9275,-12.296001,17.6,23.704,none,8,3.0,50390.0,211212.0,112604.0,213461.0,124635.0
2026-04-14 18:04:12.031192,718732,1609507345671550,4945641419,-0.694912,0.407968,0.386496,-43.49625,84.56875,200.78625,-12.296001,17.6,23.704,none,8,3.0,50390.0,211212.0,112604.0,213461.0,124635.0
2026-04-14 18:04:12.037442,718733,1609507345680492,4945650185,-0.694912,0.407968,0.386496,-92.1375,85.18125,195.51,-12.296001,17.6,23.704,none,8,3.0,50390.0,211212.0,112604.0,213461.0,124635.0
2026-04-14 18:04:12.054061,718734,1609507345695011,4945665125,-0.806176,0.06832,0.421632,-140.105,78.155,197.63625,-11.664001,20.176,21.416,none,8,3.0,50390.0,211212.0,112604.0,213461.0,124635.0
2026-04-14 18:04:12.061274,718735,1609507345703955,4945673813,-0.884256,0.074176,0.525088,-162.085,68.433754,207.10374,-7.816001,22.448002,21.088001,none,8,3.0,50390.0,211212.0,112604.0,213461.0,124635.0
2026-04-14 18:04:12.075863,718736,1609507345718454,4945688727,-0.884256,0.074176,0.525088,-166.50375,65.975,208.3025,-7.816001,22.448002,21.088001,none,8,3.0,50390.0,211212.0,112604.0,213461.0,124635.0
2026-04-14 18:04:12.083753,718737,1609507345727404,4945697431,-0.921344,0.027328,0.187392,-165.585,63.735,198.205,-6.16,24.816002,20.472,none,8,3.0,50390.0,211212.0,112604.0,213461.0,124635.0
2026-04-14 18:04:12.117121,718748,1609507345736550,4945706128,-0.921344,0.027328,0.187392,-174.7375,57.93375,185.1325,-6.16,24.816002,20.472,none,8,3.0,53513.0,242478.0,115785.0,236638.0,128883.0
2026-04-14 18:04:12.118162,718749,1609507345751220,4945721255,-0.864736,-0.122976,0.37088,-181.93875,52.15,176.4,-5.456,27.224,19.336,none,8,3.0,53513.0,242478.0,115785.0,236638.0,128883.0
2026-04-14 18:04:12.121258,718750,1609507345760198,4945729982,-0.864736,-0.122976,0.37088,-175.98,47.81,177.03,-5.456,27.224,19.336,none,8,3.0,53513.0,242478.0,115785.0,236638.0,128883.0
2026-04-14 18:04:12.132120,718751,1609507345774840,4945745133,-0.708576,-0.128832,0.511424,-153.99126,46.20875,176.88126,-3.568,28.880001,19.192001,none,8,3.0,53513.0,242478.0,115785.0,236638.0,128883.0
2026-04-14 18:04:12.142113,718752,1609507345783777,4945753824,-0.675392,-0.066368,0.41968,-118.88625,51.26625,169.54,-2.336,29.560001,17.640001,none,8,3.0,53513.0,242478.0,115785.0,236638.0,128883.0
2026-04-14 18:04:12.155003,718753,1609507345798258,4945766675,-0.675392,-0.066368,0.41968,-70.30625,57.60125,160.97375,-2.336,29.560001,17.640001,none,8,3.0,53513.0,242478.0,115785.0,236638.0,128883.0
2026-04-14 18:04:12.165875,718754,1609507345807488,4945777597,-0.681248,0.173728,0.6832,-14.56875,68.38125,151.025,-0.384,28.944002,17.08,none,8,3.0,53513.0,242478.0,115785.0,236638.0,128883.0
2026-04-14 18:04:12.173774,718755,1609507345816426,4945786283,-0.681248,0.173728,0.6832,33.66125,79.87,137.03375,-0.384,28.944002,17.08,none,8,3.0,53513.0,242478.0,115785.0,236638.0,128883.0
2026-04-14 18:04:12.215951,718766,1609507345830936,4945801220,-0.753472,0.144448,0.60512,56.18375,86.3625,122.10625,-0.32,28.656002,18.152,none,8,3.0,95380.0,275703.0,171991.0,264023.0,188315.0
2026-04-14 18:04:12.218441,718767,1609507345839951,4945810056,-0.753472,0.144448,0.60512,66.4125,79.07375,110.0575,-0.32,28.656002,18.152,none,8,3.0,95380.0,275703.0,171991.0,264023.0,188315.0
2026-04-14 18:04:12.220958,718768,1609507345854529,4945822984,-0.669536,0.08784,0.70272,96.34625,64.89875,107.10875,-0.688,27.064001,18.488,none,8,3.0,95380.0,275703.0,171991.0,264023.0,188315.0
2026-04-14 18:04:12.223388,718769,1609507345863829,4945833767,-0.700768,0.523136,0.79056,151.69,59.19375,106.07625,-2.392,24.776001,20.424002,none,8,3.0,95380.0,275703.0,171991.0,264023.0,188315.0
2026-04-14 18:04:12.229692,718770,1609507345872890,4945842470,-0.700768,0.523136,0.79056,207.36626,57.68875,97.88625,-2.392,24.776001,20.424002,none,8,3.0,95380.0,275703.0,171991.0,264023.0,188315.0
2026-04-14 18:04:12.255960,718771,1609507345887393,4945857413,-0.919392,0.679296,0.503616,244.72,52.94625,86.12625,-4.664,21.496,21.768002,none,8,3.0,95380.0,275703.0,171991.0,264023.0,188315.0
2026-04-14 18:04:12.258537,718772,1609507345896297,4945866120,-0.919392,0.679296,0.503616,250.46875,50.79375,74.235,-4.664,21.496,21.768002,none,8,3.0,95380.0,275703.0,171991.0,264023.0,188315.0
2026-04-14 18:04:12.285787,718773,1609507345910813,4945881023,-1.050176,0.892064,0.698816,210.14876,41.93875,77.1225,-8.96,19.12,22.912,none,8,3.0,95380.0,275703.0,171991.0,264023.0,188315.0
2026-04-14 18:04:12.310965,718774,1609507345919759,4945889710,-1.050176,0.892064,0.698816,155.32124,24.4475,75.285,-8.96,19.12,22.912,none,8,3.0,95380.0,275703.0,171991.0,264023.0,188315.0
2026-04-14 18:04:12.366028,718785,1609507345934326,4945904649,-1.165344,0.66368,1.860256,149.99251,1.35625,65.10875,-10.672001,16.0,23.920002,none,8,3.0,156998.0,302848.0,247684.0,289689.0,261677.0
2026-04-14 18:04:12.366421,718786,1609507345943341,4945913370,-1.329312,0.882304,0.374784,164.885,12.99375,49.37625,-11.344001,13.936001,24.192001,none,8,3.0,156998.0,302848.0,247684.0,289689.0,261677.0
2026-04-14 18:04:12.368202,718787,1609507345952282,4945922048,-1.329312,0.882304,0.374784,164.5525,14.42,41.335,-11.344001,13.936001,24.192001,none,8,3.0,156998.0,302848.0,247684.0,289689.0,261677.0
2026-04-14 18:04:12.372653,718788,1609507345966774,4945936946,-0.61488,0.765184,0.657824,158.45375,-19.94125,52.3075,-11.928,11.84,24.992,none,8,3.0,156998.0,302848.0,247684.0,289689.0,261677.0
2026-04-14 18:04:12.375524,718789,1609507345975705,4945945659,-0.61488,0.765184,0.657824,131.46875,-36.44375,34.34375,-11.928,11.84,24.992,none,8,3.0,156998.0,302848.0,247684.0,289689.0,261677.0
2026-04-14 18:04:12.375961,718790,1609507345990453,4945960599,-0.456768,0.27328,0.8784,117.64375,-49.41125,21.035,-13.232,9.608001,24.552002,none,8,3.0,156998.0,302848.0,247684.0,289689.0,261677.0
2026-04-14 18:04:12.378542,718791,1609507345999568,4945969443,-0.456768,0.27328,0.8784,123.305,-21.5775,19.2675,-13.232,9.608001,24.552002,none,8,3.0,156998.0,302848.0,247684.0,289689.0,261677.0
2026-04-14 18:04:12.380629,718792,1609507346008519,4945978128,-0.905728,0.277184,0.423584,142.7475,-3.78875,3.08,-15.168001,6.304,23.624,none,8,3.0,156998.0,302848.0,247684.0,289689.0,261677.0
2026-04-14 18:04:12.383239,718793,1609507346023161,4945993087,-0.905728,0.277184,0.163968,179.75125,9.485,-16.065,-15.168001,6.304,23.624,none,8,3.0,156998.0,302848.0,247684.0,289689.0,261677.0
2026-04-14 18:04:12.415829,718804,1609507346032272,4946002157,-0.9272,0.905728,0.163968,218.155,15.925,-18.585001,-16.784,2.264,23.576,none,8,3.0,102055.0,263196.0,182693.0,255758.0,197005.0
2026-04-14 18:04:12.418806,718805,1609507346046789,4946017136,-1.192672,1.198528,0.343552,205.23125,32.99625,-17.56125,-18.224,-0.296,22.872002,none,8,3.0,102055.0,263196.0,182693.0,255758.0,197005.0
2026-04-14 18:04:12.421256,718806,1609507346055722,4946025831,-1.192672,1.198528,0.343552,148.91624,21.93625,-7.65625,-18.224,-0.296,22.872002,none,8,3.0,102055.0,263196.0,182693.0,255758.0,197005.0
2026-04-14 18:04:12.425874,718807,1609507346070255,4946038714,-0.981856,0.681248,0.669536,88.48875,-1.35625,27.055,-19.672,-0.968,22.28,none,8,3.0,102055.0,263196.0,182693.0,255758.0,197005.0
2026-04-14 18:04:12.437514,718808,1609507346079545,4946049466,-0.981856,0.681248,0.669536,40.92375,-35.035,49.83125,-19.672,-0.968,22.28,none,8,3.0,102055.0,263196.0,182693.0,255758.0,197005.0
2026-04-14 18:04:12.444995,718809,1609507346088558,4946058194,-0.632448,0.571936,0.148352,30.28375,-52.395,43.155,-17.960001,-2.376,21.392,none,8,3.0,102055.0,263196.0,182693.0,255758.0,197005.0
2026-04-14 18:04:12.460838,718810,1609507346103055,4946073106,-0.632448,0.571936,0.148352,43.505,-46.15625,41.88625,-17.960001,-2.376,21.392,none,8,3.0,102055.0,263196.0,182693.0,255758.0,197005.0
2026-04-14 18:04:12.470125,718811,1609507346112053,4946081805,-0.65392,1.309792,-0.015616,50.4,-43.54875,42.21,-19.376001,-3.632,20.2,none,8,3.0,102055.0,263196.0,182693.0,255758.0,197005.0
2026-04-14 18:04:12.484871,718812,1609507346126550,4946096696,-0.774944,1.067744,0.470432,31.7625,-58.24875,30.94875,-21.28,-3.488,22.272001,none,8,3.0,102055.0,263196.0,182693.0,255758.0,197005.0
2026-04-14 18:04:12.517259,718823,1609507346135526,4946105499,-0.774944,1.067744,0.470432,-0.74375,-72.87,40.1275,-21.28,-3.488,22.272001,none,8,3.0,113136.0,288799.0,196914.0,279046.0,213346.0
2026-04-14 18:04:12.519977,718824,1609507346144625,4946114385,-0.661728,0.735904,0.552416,-28.21875,-84.402504,56.65625,-22.992,-2.68,22.152,none,8,3.0,113136.0,288799.0,196914.0,279046.0,213346.0
2026-04-14 18:04:12.522510,718825,1609507346159142,4946129343,-0.661728,0.735904,0.552416,-39.138752,-90.58875,51.8875,-22.992,-2.68,22.152,none,8,3.0,113136.0,288799.0,196914.0,279046.0,213346.0
2026-04-14 18:04:12.527537,718826,1609507346168064,4946138057,-0.630496,0.7808,0.591456,-32.50625,-90.50125,44.59,-23.584002,-3.12,22.776001,none,8,3.0,113136.0,288799.0,196914.0,279046.0,213346.0
2026-04-14 18:04:12.539992,718827,1609507346182813,4946152990,-0.630496,0.7808,0.591456,-19.985,-89.92375,40.2675,-23.584002,-3.12,22.776001,none,8,3.0,113136.0,288799.0,196914.0,279046.0,213346.0
2026-04-14 18:04:12.548746,718828,1609507346191761,4946161669,-0.503616,0.86864,0.474336,-11.13,-86.555,31.98125,-22.168001,-2.768,22.808,none,8,3.0,113136.0,288799.0,196914.0,279046.0,213346.0
2026-04-14 18:04:12.562810,718829,1609507346200808,4946170450,-0.503616,0.86864,0.474336,-10.57875,-89.94125,27.553751,-22.168001,-2.768,22.808,none,8,3.0,113136.0,288799.0,196914.0,279046.0,213346.0
2026-04-14 18:04:12.575045,718830,1609507346215324,4946185381,-0.632448,0.913536,0.396256,-11.5675,-92.7325,28.3325,-22.328001,-2.416,23.096,none,8,3.0,113136.0,288799.0,196914.0,279046.0,213346.0
2026-04-14 18:04:12.581218,718831,1609507346224262,4946194130,-0.632448,0.913536,0.568032,-12.04875,-92.6625,25.52375,-22.328001,-2.416,23.096,none,8,3.0,113136.0,288799.0,196914.0,279046.0,213346.0
2026-04-14 18:04:12.662109,718842,1609507346238880,4946207521,-0.532896,0.979904,0.568032,-14.3325,-92.35625,24.08875,-23.024,-1.232,25.104002,none,8,3.0,150002.0,307685.0,241640.0,295975.0,254686.0
2026-04-14 18:04:12.664875,718843,1609507346248143,4946218286,-0.441152,0.952576,0.720288,-25.03375,-95.62,24.053751,-23.096,-0.664,24.848001,none,8,3.0,150002.0,307685.0,241640.0,295975.0,254686.0
2026-04-14 18:04:12.667376,718844,1609507346262656,4946231124,-0.441152,0.952576,0.720288,-33.4075,-97.1075,19.5125,-23.096,-0.664,24.848001,none,8,3.0,150002.0,307685.0,241640.0,295975.0,254686.0
2026-04-14 18:04:12.669888,718845,1609507346271986,4946241873,-0.437248,0.931104,0.776896,-33.46875,-99.3475,16.12625,-22.272001,0.784,23.528002,none,8,3.0,150002.0,307685.0,241640.0,295975.0,254686.0
2026-04-14 18:04:12.672408,718846,1609507346281101,4946250734,-0.437248,0.931104,0.776896,-29.42625,-102.15625,14.14875,-22.272001,0.784,23.528002,none,8,3.0,150002.0,307685.0,241640.0,295975.0,254686.0
2026-04-14 18:04:12.674967,718847,1609507346295759,4946265628,-0.402112,1.118496,0.88816,-26.97625,-103.15375,14.65625,-19.936,2.04,23.352001,none,8,3.0,150002.0,307685.0,241640.0,295975.0,254686.0
2026-04-14 18:04:12.677390,718848,1609507346304703,4946274308,-0.402112,1.118496,0.88816,-35.18375,-105.07,15.12875,-19.936,2.04,23.352001,none,8,3.0,150002.0,307685.0,241640.0,295975.0,254686.0
2026-04-14 18:04:12.679959,718849,1609507346319281,4946289170,-0.384544,1.038464,0.642208,-44.80875,-108.22875,18.76875,-18.712002,3.912,24.160002,none,8,3.0,150002.0,307685.0,241640.0,295975.0,254686.0
2026-04-14 18:04:12.684949,718850,1609507346328283,4946297939,-0.335744,1.110688,0.786656,-50.54,-111.64125,22.96875,-17.76,5.872,24.536001,none,8,3.0,150002.0,307685.0,241640.0,295975.0,254686.0
2026-04-14 18:04:12.715791,718861,1609507346337697,4946306679,-0.335744,1.110688,0.786656,-56.79625,-114.00375,25.7425,-17.76,5.872,24.536001,none,8,3.0,153024.0,307443.0,245703.0,296106.0,258079.0
2026-04-14 18:04:12.718757,718862,1609507346352308,4946321653,-0.3416,1.048224,0.854976,-69.5975,-118.0025,28.56,-16.104,7.896,25.488,none,8,3.0,153024.0,307443.0,245703.0,296106.0,258079.0
2026-04-14 18:04:12.721257,718863,1609507346361259,4946330354,-0.3416,1.048224,0.854976,-87.42125,-122.535,30.7475,-16.104,7.896,25.488,none,8,3.0,153024.0,307443.0,245703.0,296106.0,258079.0
2026-04-14 18:04:12.732509,718864,1609507346375832,4946345236,-0.228384,0.91744,0.95648,-100.70375,-125.3525,32.47125,-14.944,9.472,26.336,none,8,3.0,153024.0,307443.0,245703.0,296106.0,258079.0
2026-04-14 18:04:12.742116,718865,1609507346384777,4946353927,-0.228384,0.91744,0.95648,-103.24125,-125.57125,34.46625,-14.944,9.472,26.336,none,8,3.0,153024.0,307443.0,245703.0,296106.0,258079.0
2026-04-14 18:04:12.750257,718866,1609507346393792,4946362648,-0.267424,0.981856,0.792512,-99.26875,-125.16,35.385,-14.216001,10.904,24.248001,none,8,3.0,153024.0,307443.0,245703.0,296106.0,258079.0
2026-04-14 18:04:12.764855,718867,1609507346408289,4946377564,-0.187392,0.894016,0.864736,-97.545,-123.8825,35.35875,-14.152,12.104001,25.704,none,8,3.0,153024.0,307443.0,245703.0,296106.0,258079.0
2026-04-14 18:04:12.773466,718868,1609507346417188,4946386301,-0.187392,0.894016,0.864736,-99.365,-121.7125,35.23625,-14.152,12.104001,25.704,none,8,3.0,153024.0,307443.0,245703.0,296106.0,258079.0
2026-04-14 18:04:12.790016,718869,1609507346431680,4946401227,-0.16592,0.851072,0.911584,-103.5125,-119.32375,35.21,-14.304001,13.576,24.720001,none,8,3.0,153024.0,307443.0,245703.0,296106.0,258079.0
2026-04-14 18:04:12.817265,718880,1609507346440816,4946410040,-0.16592,0.851072,0.911584,-108.33375,-116.87375,37.30125,-14.304001,13.576,24.720001,none,8,3.0,154826.0,307415.0,247572.0,295693.0,259409.0
2026-04-14 18:04:12.819410,718881,1609507346449713,4946418871,-0.142496,0.837408,0.74176,-109.43625,-116.69875,40.845,-14.736001,14.656001,23.896002,none,8,3.0,154826.0,307415.0,247572.0,295693.0,259409.0
2026-04-14 18:04:12.822520,718882,1609507346464310,4946433965,-0.142496,0.837408,0.74176,-112.4375,-120.32125,43.6975,-14.736001,14.656001,23.896002,none,8,3.0,154826.0,307415.0,247572.0,295693.0,259409.0
2026-04-14 18:04:12.830016,718883,1609507346473282,4946442687,-0.044896,0.827648,0.993568,-121.0125,-125.60625,46.3225,-15.376,16.352001,23.272001,none,8,3.0,154826.0,307415.0,247572.0,295693.0,259409.0
2026-04-14 18:04:12.845655,718884,1609507346487788,4946457644,-0.011712,0.726144,1.01504,-122.98125,-130.24374,46.9875,-15.936001,18.136002,21.160002,none,8,3.0,154826.0,307415.0,247572.0,295693.0,259409.0
2026-04-14 18:04:12.855090,718885,1609507346496774,4946466343,-0.011712,0.726144,1.01504,-122.6225,-133.69125,49.74375,-15.936001,18.136002,21.160002,none,8,3.0,154826.0,307415.0,247572.0,295693.0,259409.0
2026-04-14 18:04:12.868623,718886,1609507346511388,4946481280,0.115168,0.794464,1.077504,-121.94,-135.87,50.2425,-16.576,19.424002,21.264002,none,8,3.0,154826.0,307415.0,247572.0,295693.0,259409.0
2026-04-14 18:04:12.878270,718887,1609507346520329,4946489964,0.115168,0.794464,1.077504,-122.4125,-139.195,54.69625,-16.576,19.424002,21.264002,none,8,3.0,154826.0,307415.0,247572.0,295693.0,259409.0
2026-04-14 18:04:12.908746,718888,1609507346529262,4946498697,0.13664,0.767136,1.011136,-130.515,-143.185,56.98,-17.112001,21.76,18.736,none,8,3.0,154826.0,307415.0,247572.0,295693.0,259409.0
2026-04-14 18:04:12.935494,718899,1609507346543876,4946513773,0.13664,0.767136,1.011136,-139.79,-146.1775,59.6575,-17.112001,21.76,18.736,none,8,3.0,165833.0,305084.0,260071.0,292212.0,270287.0
2026-04-14 18:04:12.938021,718900,1609507346552812,4946522506,0.163968,0.528992,0.925248,-143.47375,-148.74126,61.6525,-18.560001,23.104002,17.256,none,8,3.0,165833.0,305084.0,260071.0,292212.0,270287.0
2026-04-14 18:04:12.943266,718901,1609507346567531,4946537539,0.152256,0.607072,0.925248,-140.5425,-152.18875,64.47,-17.984001,24.536001,16.008001,none,8,3.0,165833.0,305084.0,260071.0,292212.0,270287.0
2026-04-14 18:04:12.946147,718902,1609507346576532,4946546249,0.152256,0.607072,0.925248,-135.8175,-157.7975,68.85375,-17.984001,24.536001,16.008001,none,8,3.0,165833.0,305084.0,260071.0,292212.0,270287.0
2026-04-14 18:04:12.948616,718903,1609507346585503,4946554946,0.152256,0.607072,0.925248,-135.6075,-161.8575,70.56875,-17.984001,24.536001,16.008001,none,8,3.0,165833.0,305084.0,260071.0,292212.0,270287.0
2026-04-14 18:04:12.956193,718904,1609507346600022,4946569877,0.222528,0.470432,0.83936,-140.55125,-163.28375,72.49375,-18.168001,25.880001,13.808001,none,8,3.0,165833.0,305084.0,260071.0,292212.0,270287.0
2026-04-14 18:04:12.992156,718905,1609507346608942,4946578623,0.265472,0.366976,0.798368,-145.7225,-165.0425,75.71375,-18.536001,27.096,11.432,none,8,3.0,165833.0,305084.0,260071.0,292212.0,270287.0
2026-04-14 18:04:13.017482,718906,1609507346623462,4946593521,0.265472,0.366976,0.798368,-150.10625,-167.60625,79.10875,-18.536001,27.096,11.432,none,8,3.0,165833.0,305084.0,260071.0,292212.0,270287.0
2026-04-14 18:04:13.037373,718907,1609507346632428,4946602221,0.353312,0.359168,0.737856,-152.60875,-169.51375,79.09125,-19.768002,29.272001,11.400001,none,8,3.0,165833.0,305084.0,260071.0,292212.0,270287.0
2026-04-14 18:04:13.067210,718918,1609507346647149,4946617149,0.353312,0.359168,0.743712,-154.28,-171.86751,79.695,-19.768002,29.272001,11.400001,none,8,3.0,164131.0,299548.0,257126.0,285905.0,267242.0
2026-04-14 18:04:13.070006,718919,1609507346656117,4946625846,0.3416,0.228384,0.743712,-156.6075,-173.52126,80.12375,-19.744001,30.552002,7.808001,none,8,3.0,164131.0,299548.0,257126.0,285905.0,267242.0
2026-04-14 18:04:13.072518,718920,1609507346665049,4946634554,0.3416,0.228384,0.743712,-157.07124,-173.67,80.71875,-19.744001,30.552002,7.808001,none,8,3.0,164131.0,299548.0,257126.0,285905.0,267242.0
2026-04-14 18:04:13.075032,718921,1609507346679528,4946649436,0.530944,0.02928,0.763232,-160.3,-173.215,80.99875,-18.480001,31.392002,5.904,none,8,3.0,164131.0,299548.0,257126.0,285905.0,267242.0
2026-04-14 18:04:13.077518,718922,1609507346688578,4946658154,0.480192,0.042944,0.601216,-162.3125,-171.59625,80.535,-18.096,32.504,2.896,none,8,3.0,164131.0,299548.0,257126.0,285905.0,267242.0
2026-04-14 18:04:13.080010,718923,1609507346703179,4946673155,0.480192,0.042944,0.601216,-160.37875,-167.25626,77.41125,-18.096,32.504,2.896,none,8,3.0,164131.0,299548.0,257126.0,285905.0,267242.0
2026-04-14 18:04:13.082440,718924,1609507346712169,4946681872,0.591456,0.013664,0.700768,-157.29875,-161.76125,74.1475,-17.432001,33.264,1.048,none,8,3.0,164131.0,299548.0,257126.0,285905.0,267242.0
2026-04-14 18:04:13.084991,718925,1609507346726910,4946696846,0.591456,0.013664,0.700768,-152.03125,-153.55376,71.07625,-17.432001,33.264,1.048,none,8,3.0,164131.0,299548.0,257126.0,285905.0,267242.0
2026-04-14 18:04:13.116979,718936,1609507346736019,4946705920,0.573888,-0.142496,0.404064,-150.8325,-146.3875,66.92875,-16.784,33.608,-1.472,none,8,3.0,160710.0,298800.0,252642.0,284703.0,262124.0
2026-04-14 18:04:13.128757,718937,1609507346745148,4946714624,0.573888,-0.142496,0.404064,-153.0375,-142.0475,64.925,-16.784,33.608,-1.472,none,8,3.0,160710.0,298800.0,252642.0,284703.0,262124.0
2026-04-14 18:04:13.134619,718938,1609507346759685,4946729616,0.655872,-0.13664,0.460672,-151.9525,-136.36874,62.4225,-15.464001,33.760002,-4.856,none,8,3.0,160710.0,298800.0,252642.0,284703.0,262124.0
2026-04-14 18:04:13.134693,718939,1609507346768643,4946738331,0.642208,-0.37088,0.406016,-151.76,-129.49126,60.27,-14.352,33.864002,-6.768,none,8,3.0,160710.0,298800.0,252642.0,284703.0,262124.0
2026-04-14 18:04:13.141128,718940,1609507346783177,4946753300,0.642208,-0.37088,0.406016,-157.4475,-124.39875,56.86625,-14.352,33.864002,-6.768,none,8,3.0,160710.0,298800.0,252642.0,284703.0,262124.0
2026-04-14 18:04:13.148598,718941,1609507346792106,4946762028,0.610976,-0.325984,0.44896,-163.8525,-117.03125,51.8,-13.712001,33.328003,-8.776,none,8,3.0,160710.0,298800.0,252642.0,284703.0,262124.0
2026-04-14 18:04:13.158639,718942,1609507346801037,4946770733,0.610976,-0.325984,0.44896,-157.3075,-111.11625,51.0825,-13.712001,33.328003,-8.776,none,8,3.0,160710.0,298800.0,252642.0,284703.0,262124.0
2026-04-14 18:04:13.175017,718943,1609507346815579,4946785603,0.718336,-0.44896,0.445056,-148.9775,-103.433754,46.12125,-13.888001,34.456,-8.92,none,8,3.0,160710.0,298800.0,252642.0,284703.0,262124.0
2026-04-14 18:04:13.181606,718944,1609507346824496,4946794338,0.718336,-0.44896,0.445056,-148.8725,-94.683754,44.73875,-13.888001,34.456,-8.92,none,8,3.0,160710.0,298800.0,252642.0,284703.0,262124.0
2026-04-14 18:04:13.219450,718955,1609507346839241,4946809287,0.694912,-0.513376,0.21472,-148.9775,-89.04,44.52,-12.68,33.704002,-12.904,none,8,3.0,149507.0,299982.0,239594.0,285776.0,249967.0
2026-04-14 18:04:13.221916,718956,1609507346848202,4946817955,0.694912,-0.513376,0.2928,-160.34375,-84.98875,43.39125,-12.68,33.704002,-12.904,none,8,3.0,149507.0,299982.0,239594.0,285776.0,249967.0
2026-04-14 18:04:13.224511,718957,1609507346857220,4946826667,0.732,-0.491904,0.288896,-191.21375,-86.44125,46.06875,-11.288,33.008003,-15.712001,none,8,3.0,149507.0,299982.0,239594.0,285776.0,249967.0
2026-04-14 18:04:13.229878,718958,1609507346871813,4946841568,0.591456,-0.493856,0.30256,-192.45625,-86.3625,50.9425,-10.072001,32.56,-17.368,none,8,3.0,149507.0,299982.0,239594.0,285776.0,249967.0
2026-04-14 18:04:13.237356,718959,1609507346880752,4946850309,0.591456,-0.493856,0.30256,-159.27625,-79.8175,42.9625,-10.072001,32.56,-17.368,none,8,3.0,149507.0,299982.0,239594.0,285776.0,249967.0
2026-04-14 18:04:13.252429,718960,1609507346895343,4946865337,0.667584,-0.456768,0.290848,-119.30625,-67.08625,37.7475,-9.728001,32.344,-18.176,none,8,3.0,149507.0,299982.0,239594.0,285776.0,249967.0
2026-04-14 18:04:13.261222,718961,1609507346904310,4946874034,0.667584,-0.456768,0.290848,-93.10875,-57.84625,31.10625,-9.728001,32.344,-18.176,none,8,3.0,149507.0,299982.0,239594.0,285776.0,249967.0
2026-04-14 18:04:13.277121,718962,1609507346918903,4946888922,0.6832,-0.484096,0.1952,-81.655,-56.385002,23.66875,-9.080001,32.312,-17.744001,none,8,3.0,149507.0,299982.0,239594.0,285776.0,249967.0
2026-04-14 18:04:13.286244,718963,1609507346927863,4946897606,0.6832,-0.484096,0.1952,-82.18,-57.2775,21.1575,-9.080001,32.312,-17.744001,none,8,3.0,149507.0,299982.0,239594.0,285776.0,249967.0
2026-04-14 18:04:13.293771,718964,1609507346936815,4946906437,0.755424,-0.406016,0.423584,-89.7925,-56.2275,17.675,-9.208,31.232002,-17.544,none,8,3.0,149507.0,299982.0,239594.0,285776.0,249967.0
2026-04-14 18:04:13.325728,718975,1609507346951453,4946921475,0.679296,-0.462624,0.337696,-95.59375,-53.41875,13.39625,-8.912001,31.112001,-20.744001,none,8,3.0,158599.0,298834.0,249736.0,284105.0,258737.0
2026-04-14 18:04:13.328631,718976,1609507346960448,4946930200,0.679296,-0.462624,0.337696,-83.2825,-50.12,10.07125,-8.912001,31.112001,-20.744001,none,8,3.0,158599.0,298834.0,249736.0,284105.0,258737.0
2026-04-14 18:04:13.332018,718977,1609507346974987,4946945248,0.720288,-0.443104,0.44896,-56.56,-46.73375,6.76375,-7.736001,30.44,-21.088001,none,8,3.0,158599.0,298834.0,249736.0,284105.0,258737.0
2026-04-14 18:04:13.358694,718978,1609507346983946,4946953966,0.720288,-0.443104,0.44896,-43.1025,-45.43,3.43,-7.736001,30.44,-21.088001,none,8,3.0,158599.0,298834.0,249736.0,284105.0,258737.0
2026-04-14 18:04:13.361617,718979,1609507346998456,4946966814,0.651968,-0.515328,0.343552,-48.48375,-48.09,1.0325,-7.704001,30.2,-21.064001,none,8,3.0,158599.0,298834.0,249736.0,284105.0,258737.0
2026-04-14 18:04:13.388782,718980,1609507347007649,4946977590,0.651968,-0.515328,0.343552,-53.80375,-49.07,-0.8575,-7.704001,30.2,-21.064001,none,8,3.0,158599.0,298834.0,249736.0,284105.0,258737.0
2026-04-14 18:04:13.397429,718981,1609507347016733,4946986305,0.710528,-0.620736,0.247904,-49.13125,-50.14625,-0.0175,-6.856,30.064001,-22.52,none,8,3.0,158599.0,298834.0,249736.0,284105.0,258737.0
2026-04-14 18:04:13.398235,718982,1609507347031208,4947001191,0.718336,-0.47824,0.359168,-46.10375,-53.6375,1.7325,-6.856,29.816002,-20.984001,none,8,3.0,158599.0,298834.0,249736.0,284105.0,258737.0
2026-04-14 18:04:13.425718,718993,1609507347040549,4947009990,0.718336,-0.47824,0.359168,-50.4175,-55.74625,2.59,-6.856,29.816002,-20.984001,none,8,3.0,154268.0,290756.0,243120.0,276268.0,252140.0
2026-04-14 18:04:13.428630,718994,1609507347055205,4947025056,0.659776,-0.513376,0.245952,-55.18625,-55.7725,1.2775,-6.392,29.464,-23.184002,none,8,3.0,154268.0,290756.0,243120.0,276268.0,252140.0
2026-04-14 18:04:13.431127,718995,1609507347064173,4947033769,0.659776,-0.513376,0.245952,-58.135002,-54.55625,0.25375,-6.392,29.464,-23.184002,none,8,3.0,154268.0,290756.0,243120.0,276268.0,252140.0
2026-04-14 18:04:13.433635,718996,1609507347073175,4947042469,0.622688,-0.599264,0.13664,-60.322502,-54.1275,-0.46375,-5.968,29.072,-23.544,none,8,3.0,154268.0,290756.0,243120.0,276268.0,252140.0
2026-04-14 18:04:13.446276,718997,1609507347087736,4947057456,0.622688,-0.599264,0.13664,-56.86625,-53.55875,-0.93625,-5.968,29.072,-23.544,none,8,3.0,154268.0,290756.0,243120.0,276268.0,252140.0
2026-04-14 18:04:13.452462,718998,1609507347096691,4947066169,0.71248,-0.550464,0.245952,-48.965,-49.95375,0.7175,-5.376,28.824001,-23.736002,none,8,3.0,154268.0,290756.0,243120.0,276268.0,252140.0
2026-04-14 18:04:13.468753,718999,1609507347111196,4947081087,0.65392,-0.51728,-0.035136,-41.16,-45.325,2.2925,-5.776001,28.400002,-20.984001,none,8,3.0,154268.0,290756.0,243120.0,276268.0,252140.0
2026-04-14 18:04:13.478771,719000,1609507347120134,4947089772,0.65392,-0.51728,-0.035136,-33.66125,-41.88625,3.98125,-5.776001,28.400002,-20.984001,none,8,3.0,154268.0,290756.0,243120.0,276268.0,252140.0
2026-04-14 18:04:13.486225,719001,1609507347129049,4947098471,0.65392,-0.51728,-0.035136,-31.24625,-39.0425,7.0525,-5.776001,28.400002,-20.984001,none,8,3.0,154268.0,290756.0,243120.0,276268.0,252140.0
2026-04-14 18:04:13.547525,719012,1609507347143833,4947113476,0.568032,-0.648064,-0.040992,-37.345,-39.10375,8.6625,-5.728,28.320002,-24.632002,none,8,3.0,111198.0,280711.0,191643.0,266786.0,204096.0
2026-04-14 18:04:13.550001,719013,1609507347152885,4947122249,0.562176,-0.71248,-0.081984,-39.445,-38.36875,12.20625,-5.304,27.928001,-24.848001,none,8,3.0,111198.0,280711.0,191643.0,266786.0,204096.0
2026-04-14 18:04:13.552052,719014,1609507347167559,4947137141,0.562176,-0.71248,-0.081984,-32.76875,-35.13125,15.44375,-5.304,27.928001,-24.848001,none,8,3.0,111198.0,280711.0,191643.0,266786.0,204096.0
2026-04-14 18:04:13.554619,719015,1609507347176621,4947146007,0.648064,-0.587552,-0.101504,-23.0125,-30.58125,17.91125,-4.12,27.816002,-24.848001,none,8,3.0,111198.0,280711.0,191643.0,266786.0,204096.0
2026-04-14 18:04:13.557219,719016,1609507347185669,4947154690,0.648064,-0.587552,-0.101504,-12.87125,-25.94375,18.147501,-4.12,27.816002,-24.848001,none,8,3.0,111198.0,280711.0,191643.0,266786.0,204096.0
2026-04-14 18:04:13.559456,719017,1609507347200200,4947169575,0.558272,-0.47824,0.042944,-8.925,-20.125,14.28875,-3.72,27.968,-24.872002,none,8,3.0,111198.0,280711.0,191643.0,266786.0,204096.0
2026-04-14 18:04:13.568419,719018,1609507347209206,4947178325,0.558272,-0.47824,0.042944,-12.27625,-14.69125,8.51375,-3.72,27.968,-24.872002,none,8,3.0,111198.0,280711.0,191643.0,266786.0,204096.0
2026-04-14 18:04:13.579656,719019,1609507347223743,4947193334,0.486048,-0.540704,0.001952,-17.053751,-11.8125,5.005,-3.96,27.760002,-24.456001,none,8,3.0,111198.0,280711.0,191643.0,266786.0,204096.0
2026-04-14 18:04:13.589670,719020,1609507347232706,4947202040,0.519232,-0.618784,0.001952,-16.42375,-10.045,4.22625,-3.728,28.000002,-24.960001,none,8,3.0,111198.0,280711.0,191643.0,266786.0,204096.0
2026-04-14 18:04:13.622451,719031,1609507347247294,4947217310,0.519232,-0.618784,0.001952,-10.98125,-9.72125,3.5,-3.728,28.000002,-24.960001,none,8,3.0,102168.0,276408.0,180746.0,262810.0,193457.0
2026-04-14 18:04:13.625817,719032,1609507347256245,4947226028,0.523136,-0.530944,0.060512,1.56625,-11.7075,2.94875,-3.64,27.624,-24.584002,none,8,3.0,102168.0,276408.0,180746.0,262810.0,193457.0
2026-04-14 18:04:13.627967,719033,1609507347265210,4947234742,0.523136,-0.530944,0.060512,13.48375,-14.5775,3.2375,-3.64,27.624,-24.584002,none,8,3.0,102168.0,276408.0,180746.0,262810.0,193457.0
2026-04-14 18:04:13.638716,719034,1609507347279691,4947249717,0.417728,-0.480192,-0.011712,14.77,-17.675,2.9575,-2.944,27.544,-24.840002,none,8,3.0,102168.0,276408.0,180746.0,262810.0,193457.0
2026-04-14 18:04:13.645936,719035,1609507347288815,4947258532,0.417728,-0.480192,-0.011712,9.6425,-20.8775,2.3275,-2.944,27.544,-24.840002,none,8,3.0,102168.0,276408.0,180746.0,262810.0,193457.0
2026-04-14 18:04:13.659674,719036,1609507347303305,4947273486,0.472384,-0.55632,-0.113216,5.62625,-22.91625,2.3625,-2.84,28.048002,-24.144001,none,8,3.0,102168.0,276408.0,180746.0,262810.0,193457.0
2026-04-14 18:04:13.669646,719037,1609507347312237,4947282181,0.569984,-0.40992,-0.00976,11.83875,-24.63125,3.3425,-3.408,28.328001,-24.720001,none,8,3.0,102168.0,276408.0,180746.0,262810.0,193457.0
2026-04-14 18:04:13.682220,719038,1609507347326735,4947295116,0.569984,-0.40992,-0.00976,17.4825,-25.5675,3.24625,-3.408,28.328001,-24.720001,none,8,3.0,102168.0,276408.0,180746.0,262810.0,193457.0
2026-04-14 18:04:13.693864,719039,1609507347335940,4947305881,0.493856,-0.571936,-0.093696,13.58,-26.775,-0.37625,-3.336,28.416002,-23.448002,none,8,3.0,102168.0,276408.0,180746.0,262810.0,193457.0
2026-04-14 18:04:13.775816,719050,1609507347345075,4947314665,0.493856,-0.571936,-0.093696,8.015,-27.43125,-2.87875,-3.336,28.416002,-23.448002,none,8,3.0,93819.0,269219.0,170082.0,255887.0,183019.0
2026-04-14 18:04:13.778767,719051,1609507347359615,4947329562,0.456768,-0.679296,-0.033184,8.12,-28.09625,-1.435,-2.84,28.016,-23.888,none,8,3.0,93819.0,269219.0,170082.0,255887.0,183019.0
2026-04-14 18:04:13.784008,719052,1609507347368563,4947338245,0.456768,-0.679296,-0.033184,17.66625,-28.81375,5.495,-2.84,28.016,-23.888,none,8,3.0,93819.0,269219.0,170082.0,255887.0,183019.0
2026-04-14 18:04:13.785732,719053,1609507347383094,4947353123,0.489952,-0.542656,-0.081984,29.015,-29.5575,11.45375,-1.88,28.232002,-23.704,none,8,3.0,93819.0,269219.0,170082.0,255887.0,183019.0
2026-04-14 18:04:13.788215,719054,1609507347392044,4947361831,0.489952,-0.466528,-0.152256,37.44125,-29.505001,14.13125,-1.88,28.232002,-23.704,none,8,3.0,93819.0,269219.0,170082.0,255887.0,183019.0
2026-04-14 18:04:13.790642,719055,1609507347400994,4947370534,0.528992,-0.466528,-0.152256,40.08375,-28.4375,11.85625,-1.72,29.12,-24.848001,none,8,3.0,93819.0,269219.0,170082.0,255887.0,183019.0
2026-04-14 18:04:13.793399,719056,1609507347415528,4947385465,0.450912,-0.587552,-0.0488,30.66,-25.75125,7.95375,-1.224,28.744001,-23.176,none,8,3.0,93819.0,269219.0,170082.0,255887.0,183019.0
2026-04-14 18:04:13.796120,719057,1609507347424542,4947394170,0.450912,-0.587552,-0.0488,20.405,-25.025,9.87,-1.224,28.744001,-23.176,none,8,3.0,93819.0,269219.0,170082.0,255887.0,183019.0
2026-04-14 18:04:13.799301,719058,1609507347439174,4947409156,0.616832,-0.607072,-0.070272,23.625,-26.31125,12.495,-0.928,29.2,-22.896002,none,8,3.0,93819.0,269219.0,170082.0,255887.0,183019.0
2026-04-14 18:04:13.825690,719069,1609507347448368,4947417877,0.616832,-0.607072,-0.070272,31.63125,-28.70875,19.0925,-0.928,29.2,-22.896002,none,8,3.0,80084.0,263260.0,152258.0,250238.0,164712.0
2026-04-14 18:04:13.828236,719070,1609507347457346,4947426642,0.544608,-0.404064,-0.021472,34.763752,-30.49375,20.3525,-0.48,28.904001,-22.504002,none,8,3.0,80084.0,263260.0,152258.0,250238.0,164712.0
2026-04-14 18:04:13.831214,719071,1609507347471869,4947441674,0.544608,-0.404064,-0.021472,27.37,-32.27,16.05625,-0.48,28.904001,-22.504002,none,8,3.0,80084.0,263260.0,152258.0,250238.0,164712.0
2026-04-14 18:04:13.838718,719072,1609507347480806,4947450427,0.55632,-0.671488,-0.183488,14.14,-31.5525,10.17625,-0.048,28.792002,-20.088001,none,8,3.0,80084.0,263260.0,152258.0,250238.0,164712.0
2026-04-14 18:04:13.872469,719073,1609507347495335,4947465486,0.669536,-0.671488,-0.015616,10.80625,-30.28375,5.99375,0.016,29.272001,-21.960001,none,8,3.0,80084.0,263260.0,152258.0,250238.0,164712.0
2026-04-14 18:04:13.877493,719074,1609507347504289,4947474200,0.669536,-0.671488,-0.015616,17.85,-32.375,8.81125,0.016,29.272001,-21.960001,none,8,3.0,80084.0,263260.0,152258.0,250238.0,164712.0
2026-04-14 18:04:13.877850,719075,1609507347518797,4947487218,0.610976,-0.534848,-0.191296,25.2175,-34.02,12.5825,0.488,29.512001,-21.976002,none,8,3.0,80084.0,263260.0,152258.0,250238.0,164712.0
2026-04-14 18:04:13.888326,719076,1609507347528128,4947498045,0.610976,-0.534848,-0.191296,25.585001,-36.33875,12.04875,0.488,29.512001,-21.976002,none,8,3.0,80084.0,263260.0,152258.0,250238.0,164712.0
2026-04-14 18:04:13.893255,719077,1609507347537060,4947506730,0.499712,-0.59536,-0.249856,16.05625,-38.36875,9.12625,0.76,29.400002,-21.936,none,8,3.0,80084.0,263260.0,152258.0,250238.0,164712.0
2026-04-14 18:04:13.925814,719088,1609507347551710,4947521706,0.499712,-0.59536,-0.249856,7.6475,-40.66125,7.84,0.76,29.400002,-21.936,none,8,3.0,68254.0,255726.0,137207.0,243330.0,149041.0
2026-04-14 18:04:13.928569,719089,1609507347560708,4947530478,0.49776,-0.601216,-0.179584,6.2475,-42.56875,8.11125,0.024,29.624,-19.92,none,8,3.0,68254.0,255726.0,137207.0,243330.0,149041.0
2026-04-14 18:04:13.933766,719090,1609507347575217,4947545397,0.61488,-0.75152,-0.119072,6.8775,-44.8525,7.175,0.672,29.976002,-20.688002,none,8,3.0,68254.0,255726.0,137207.0,243330.0,149041.0
2026-04-14 18:04:13.941340,719091,1609507347584157,4947554102,0.61488,-0.75152,-0.119072,7.23625,-47.495,5.215,0.672,29.976002,-20.688002,none,8,3.0,68254.0,255726.0,137207.0,243330.0,149041.0
2026-04-14 18:04:13.950018,719092,1609507347593156,4947562800,0.61488,-0.75152,-0.281088,11.75125,-49.035,4.76,0.672,29.976002,-20.688002,none,8,3.0,68254.0,255726.0,137207.0,243330.0,149041.0
2026-04-14 18:04:13.966243,719093,1609507347607650,4947577864,0.530944,-0.630496,-0.281088,18.73375,-51.89625,7.735,1.248,29.920002,-22.344002,none,8,3.0,68254.0,255726.0,137207.0,243330.0,149041.0
2026-04-14 18:04:13.974574,719094,1609507347616599,4947586590,0.437248,-0.64416,-0.26352,15.435,-52.82375,6.90375,1.336,29.832,-21.2,none,8,3.0,68254.0,255726.0,137207.0,243330.0,149041.0
2026-04-14 18:04:13.986098,719095,1609507347631220,4947599682,0.437248,-0.64416,-0.26352,13.06375,-54.46,5.74,1.336,29.832,-21.2,none,8,3.0,68254.0,255726.0,137207.0,243330.0,149041.0
2026-04-14 18:04:13.998628,719096,1609507347640626,4947610466,0.552416,-0.704672,-0.36112,14.65625,-56.5425,8.6625,2.76,30.312002,-19.36,none,8,3.0,68254.0,255726.0,137207.0,243330.0,149041.0
2026-04-14 18:04:14.025832,719107,1609507347649618,4947619231,0.552416,-0.704672,-0.36112,14.04375,-57.19875,10.325,2.76,30.312002,-19.36,none,8,3.0,60664.0,245048.0,126835.0,232974.0,138554.0
2026-04-14 18:04:14.028739,719108,1609507347664121,4947634240,0.521184,-0.67344,-0.415776,13.81625,-54.8975,6.27375,2.224,30.136002,-19.528002,none,8,3.0,60664.0,245048.0,126835.0,232974.0,138554.0
2026-04-14 18:04:14.030820,719109,1609507347673059,4947642917,0.521184,-0.67344,-0.415776,21.1925,-51.91375,2.17875,2.224,30.136002,-19.528002,none,8,3.0,60664.0,245048.0,126835.0,232974.0,138554.0
2026-04-14 18:04:14.045014,719110,1609507347687582,4947657851,0.538752,-0.568032,-0.33184,21.98,-51.94,3.7625,2.744,30.624,-16.824001,none,8,3.0,60664.0,245048.0,126835.0,232974.0,138554.0
2026-04-14 18:04:14.054992,719111,1609507347696604,4947666535,0.589504,-0.739808,-0.30256,7.3675,-52.78875,3.885,3.952,30.28,-19.416,none,8,3.0,60664.0,245048.0,126835.0,232974.0,138554.0
2026-04-14 18:04:14.067171,719112,1609507347711072,4947679431,0.589504,-0.739808,-0.30256,-11.73375,-52.955,-1.1375,3.952,30.28,-19.416,none,8,3.0,60664.0,245048.0,126835.0,232974.0,138554.0
2026-04-14 18:04:14.093247,719113,1609507347720485,4947690202,0.622688,-0.813984,-0.208864,-16.52,-56.39375,0.595,4.408,30.312002,-20.696001,none,8,3.0,60664.0,245048.0,126835.0,232974.0,138554.0
2026-04-14 18:04:14.098735,719114,1609507347729568,4947698914,0.622688,-0.813984,-0.208864,-8.505,-57.7675,7.4725,4.408,30.312002,-20.696001,none,8,3.0,60664.0,245048.0,126835.0,232974.0,138554.0
2026-04-14 18:04:14.149633,719125,1609507347744581,4947713932,0.677344,-0.72224,-0.1464,-3.10625,-56.90125,8.23375,4.248,30.160002,-20.584002,none,8,3.0,103080.0,247873.0,180064.0,234649.0,193889.0
2026-04-14 18:04:14.152523,719126,1609507347753558,4947722799,0.677344,-0.72224,-0.1464,-0.77,-54.62625,10.01875,4.248,30.160002,-20.584002,none,8,3.0,103080.0,247873.0,180064.0,234649.0,193889.0
2026-04-14 18:04:14.155041,719127,1609507347768062,4947737696,0.562176,-0.620736,-0.378688,0.28875,-53.1825,10.185,5.024,30.000002,-19.552,none,8,3.0,103080.0,247873.0,180064.0,234649.0,193889.0
2026-04-14 18:04:14.159168,719128,1609507347777052,4947746400,0.650016,-0.843264,-0.238144,-11.05125,-53.12125,11.01625,5.36,29.640001,-20.688002,none,8,3.0,103080.0,247873.0,180064.0,234649.0,193889.0
2026-04-14 18:04:14.159655,719129,1609507347786012,4947755117,0.650016,-0.843264,-0.238144,-25.69,-53.6025,9.14375,5.36,29.640001,-20.688002,none,8,3.0,103080.0,247873.0,180064.0,234649.0,193889.0
2026-04-14 18:04:14.184516,719130,1609507347800517,4947770087,0.610976,-0.954528,-0.236192,-22.60125,-53.19125,7.2625,4.336,30.704002,-18.68,none,8,3.0,103080.0,247873.0,180064.0,234649.0,193889.0
2026-04-14 18:04:14.192085,719131,1609507347809619,4947778823,0.610976,-0.954528,-0.236192,-3.115,-51.2225,6.4925,4.336,30.704002,-18.68,none,8,3.0,103080.0,247873.0,180064.0,234649.0,193889.0
2026-04-14 18:04:14.194966,719132,1609507347824124,4947793729,0.6344,-0.796416,-0.404064,24.4825,-47.73125,4.2,4.424,30.552002,-19.464,none,8,3.0,103080.0,247873.0,180064.0,234649.0,193889.0
2026-04-14 18:04:14.197329,719133,1609507347833129,4947802547,0.6344,-0.796416,-0.404064,43.42625,-46.7075,3.185,4.424,30.552002,-19.464,none,8,3.0,103080.0,247873.0,180064.0,234649.0,193889.0
2026-04-14 18:04:14.200000,719134,1609507347842050,4947811262,0.5856,-0.648064,-0.544608,48.15125,-45.31625,0.39375,5.144,30.736002,-18.696001,none,8,3.0,103080.0,247873.0,180064.0,234649.0,193889.0
2026-04-14 18:04:14.232131,719145,1609507347856652,4947826235,0.548512,-0.679296,-0.316224,44.12625,-46.34875,-7.32375,5.968,30.904001,-18.224,none,8,3.0,90988.0,260970.0,166125.0,248235.0,178223.0
2026-04-14 18:04:14.235004,719146,1609507347865642,4947834961,0.548512,-0.679296,-0.316224,38.42125,-49.32375,-12.25,5.968,30.904001,-18.224,none,8,3.0,90988.0,260970.0,166125.0,248235.0,178223.0
2026-04-14 18:04:14.240331,719147,1609507347880180,4947849955,0.706624,-1.05408,-0.382592,22.91625,-55.7025,-12.7575,6.256001,30.680002,-17.912,none,8,3.0,90988.0,260970.0,166125.0,248235.0,178223.0
2026-04-14 18:04:14.248332,719148,1609507347889158,4947858715,0.706624,-1.05408,-0.382592,-4.92625,-61.5475,-7.41125,6.256001,30.680002,-17.912,none,8,3.0,90988.0,260970.0,166125.0,248235.0,178223.0
2026-04-14 18:04:14.261112,719149,1609507347903676,4947873606,0.626592,-0.685152,-0.655872,6.41375,-63.44625,-0.2625,6.496,30.808,-17.704,none,8,3.0,90988.0,260970.0,166125.0,248235.0,178223.0
2026-04-14 18:04:14.269902,719150,1609507347912604,4947882352,0.626592,-0.685152,-0.655872,28.00875,-59.54375,5.03125,6.496,30.808,-17.704,none,8,3.0,90988.0,260970.0,166125.0,248235.0,178223.0
2026-04-14 18:04:14.279653,719151,1609507347921711,4947891050,0.607072,-0.735904,-0.632448,20.1775,-52.31625,-0.25375,7.336,30.720001,-18.544,none,8,3.0,90988.0,260970.0,166125.0,248235.0,178223.0
2026-04-14 18:04:14.292106,719152,1609507347936242,4947906008,0.353312,-0.802272,-0.66368,4.55,-43.28625,-17.57,7.248,30.664001,-19.552,none,8,3.0,90988.0,260970.0,166125.0,248235.0,178223.0
2026-04-14 18:04:14.334128,719163,1609507347945619,4947914998,0.353312,-0.802272,-0.66368,-14.07,-38.45625,-6.055,7.248,30.664001,-19.552,none,8,3.0,60241.0,265964.0,128385.0,255360.0,140062.0
2026-04-14 18:04:14.334455,719164,1609507347960338,4947930115,0.456768,-0.79056,-0.610976,-29.723751,-26.29375,-7.5775,6.872,31.480001,-17.888,none,8,3.0,60241.0,265964.0,128385.0,255360.0,140062.0
2026-04-14 18:04:14.335673,719165,1609507347969505,4947938868,0.456768,-0.79056,-0.610976,24.85875,-15.085,-3.5,6.872,31.480001,-17.888,none,8,3.0,60241.0,265964.0,128385.0,255360.0,140062.0
2026-04-14 18:04:14.341521,719166,1609507347978511,4947947572,0.583648,-0.65392,-0.265472,54.7225,-0.39375,3.52625,7.456,31.912,-16.0,none,8,3.0,60241.0,265964.0,128385.0,255360.0,140062.0
2026-04-14 18:04:14.351110,719167,1609507347993057,4947962456,0.583648,-0.65392,-0.265472,69.7375,16.9925,-0.55125,7.456,31.912,-16.0,none,8,3.0,60241.0,265964.0,128385.0,255360.0,140062.0
2026-04-14 18:04:14.357360,719168,1609507348002016,4947971171,0.466528,-0.413824,-0.005856,116.9525,27.72,1.79375,7.04,32.192,-15.424001,none,8,3.0,60241.0,265964.0,128385.0,255360.0,140062.0
2026-04-14 18:04:14.373619,719169,1609507348016525,4947986150,0.607072,-0.130784,-0.035136,160.83376,29.51375,1.54,7.04,32.552002,-15.368001,none,8,3.0,60241.0,265964.0,128385.0,255360.0,140062.0
2026-04-14 18:04:14.382241,719170,1609507348025465,4947994834,0.607072,-0.130784,-0.035136,193.20876,34.79,13.53625,7.8,32.552002,-15.368001,none,8,3.0,60241.0,265964.0,128385.0,255360.0,140062.0
2026-04-14 18:04:14.397512,719171,1609507348039992,4948009767,0.862784,-0.402112,0.368928,200.8475,37.58125,20.08125,7.968,32.992,-12.832001,none,8,3.0,60241.0,265964.0,128385.0,255360.0,140062.0
2026-04-14 18:04:14.429516,719182,1609507348049105,4948018570,0.862784,-0.402112,0.368928,172.10374,30.31875,14.7,7.968,32.992,-12.832001,none,8,3.0,42337.0,239931.0,102100.0,237552.0,111712.0
2026-04-14 18:04:14.436985,719183,1609507348058263,4948027291,0.808128,-1.344928,0.10736,120.2425,24.14125,7.6825,8.008,32.832,-11.240001,none,8,3.0,42337.0,239931.0,102100.0,237552.0,111712.0
2026-04-14 18:04:14.438804,719184,1609507348072878,4948042271,0.808128,-1.344928,0.10736,84.735,20.44,1.575,8.008,32.832,-11.240001,none,8,3.0,42337.0,239931.0,102100.0,237552.0,111712.0
2026-04-14 18:04:14.461215,719185,1609507348081945,4948051036,0.84912,-1.329312,-0.080032,123.3225,23.96625,5.04,8.256001,33.744003,-8.672001,none,8,3.0,42337.0,239931.0,102100.0,237552.0,111712.0
2026-04-14 18:04:14.463700,719186,1609507348096459,4948065928,0.84912,-0.67344,-0.5368,211.47874,29.1375,15.89,8.256001,33.744003,-8.672001,none,8,3.0,42337.0,239931.0,102100.0,237552.0,111712.0
2026-04-14 18:04:14.466172,719187,1609507348105451,4948074600,0.882304,-0.677344,-0.5368,255.71875,23.205,20.79875,7.384,34.144,-7.224001,none,8,3.0,42337.0,239931.0,102100.0,237552.0,111712.0
2026-04-14 18:04:14.492212,719188,1609507348114471,4948083312,0.882304,-0.677344,-0.5368,213.14125,14.49,16.14375,7.384,34.144,-7.224001,none,8,3.0,42337.0,239931.0,102100.0,237552.0,111712.0
2026-04-14 18:04:14.495103,719189,1609507348128990,4948098240,0.925248,-0.513376,-0.77104,134.2075,13.545,11.19125,8.352,33.864002,-6.264,none,8,3.0,42337.0,239931.0,102100.0,237552.0,111712.0
2026-04-14 18:04:14.497540,719190,1609507348137915,4948106919,0.718336,-0.4392,-0.689056,42.39375,17.5175,-4.655,7.248,33.760002,-5.936,none,8,3.0,42337.0,239931.0,102100.0,237552.0,111712.0
2026-04-14 18:04:14.532421,719201,1609507348152444,4948122395,0.718336,-0.4392,-0.689056,-77.69125,14.27125,-18.375,7.248,33.760002,-5.936,none,8,3.0,51544.0,243119.0,119197.0,240243.0,131840.0
2026-04-14 18:04:14.534756,719202,1609507348161512,4948131132,0.677344,-0.443104,0.261568,-197.855,6.9825,-26.5475,7.28,33.936,-8.832001,none,8,3.0,51544.0,243119.0,119197.0,240243.0,131840.0
2026-04-14 18:04:14.537462,719203,1609507348170477,4948139857,0.677344,-0.443104,0.261568,-273.6125,-2.23125,-34.09,7.28,33.936,-8.832001,none,8,3.0,51544.0,243119.0,119197.0,240243.0,131840.0
2026-04-14 18:04:14.542059,719204,1609507348185009,4948154798,0.587552,-0.991616,0.386496,-285.18,-18.83875,-35.35,6.912,33.464,-12.216001,none,8,3.0,51544.0,243119.0,119197.0,240243.0,131840.0
2026-04-14 18:04:14.551301,719205,1609507348193948,4948163492,0.587552,-0.991616,0.386496,-282.80875,-20.965,-28.09625,6.912,33.464,-12.216001,none,8,3.0,51544.0,243119.0,119197.0,240243.0,131840.0
2026-04-14 18:04:14.567198,719206,1609507348208438,4948178425,0.562176,-0.745664,0.300608,-222.495,-17.6575,-21.63,6.808,33.208,-15.592001,none,8,3.0,51544.0,243119.0,119197.0,240243.0,131840.0
2026-04-14 18:04:14.574751,719207,1609507348217348,4948187113,0.562176,-0.01952,-0.113216,-101.683754,-17.35125,-0.56,6.808,33.208,-15.592001,none,8,3.0,51544.0,243119.0,119197.0,240243.0,131840.0
2026-04-14 18:04:14.590036,719208,1609507348231953,4948202011,0.636352,-0.01952,-0.113216,-31.26375,-16.135,14.07875,6.368001,32.800003,-13.056001,none,8,3.0,51544.0,243119.0,119197.0,240243.0,131840.0
2026-04-14 18:04:14.597592,719209,1609507348241120,4948210762,0.689056,-0.493856,-0.06832,-37.94,-7.69125,12.985,8.144,32.120003,-16.048,none,8,3.0,51544.0,243119.0,119197.0,240243.0,131840.0
2026-04-14 18:04:14.627194,719220,1609507348250204,4948219559,0.689056,-0.493856,-0.06832,-81.83,-6.58,7.5775,8.144,32.120003,-16.048,none,8,3.0,121824.0,272525.0,206357.0,259870.0,219740.0
2026-04-14 18:04:14.632024,719221,1609507348264735,4948234590,0.698816,-0.728096,-0.298656,-112.84875,-12.4775,7.945,7.424,32.048,-17.648,none,8,3.0,121824.0,272525.0,206357.0,259870.0,219740.0
2026-04-14 18:04:14.634500,719222,1609507348273705,4948243352,0.698816,-0.728096,-0.298656,-109.90875,-16.6775,11.025,7.424,32.048,-17.648,none,8,3.0,121824.0,272525.0,206357.0,259870.0,219740.0
2026-04-14 18:04:14.645782,719223,1609507348288326,4948258272,0.767136,-0.620736,-0.07808,-88.90875,-17.885,11.78625,7.848001,31.872002,-17.288,none,8,3.0,121824.0,272525.0,206357.0,259870.0,219740.0
2026-04-14 18:04:14.654949,719224,1609507348297252,4948266955,0.767136,-0.620736,-0.07808,-72.79125,-14.323751,12.136251,7.848001,31.872002,-17.288,none,8,3.0,121824.0,272525.0,206357.0,259870.0,219740.0
2026-04-14 18:04:14.663646,719225,1609507348306199,4948275698,0.632448,-0.767136,-0.325984,-61.92375,-11.22625,11.6725,7.656,31.560001,-18.08,none,8,3.0,121824.0,272525.0,206357.0,259870.0,219740.0
2026-04-14 18:04:14.677284,719226,1609507348320693,4948290649,0.675392,-0.577792,-0.105408,-47.6175,-11.4625,17.17625,8.976001,30.992,-18.584002,none,8,3.0,121824.0,272525.0,206357.0,259870.0,219740.0
2026-04-14 18:04:14.687609,719227,1609507348329746,4948299345,0.675392,-0.577792,-0.105408,-38.96375,-10.63125,23.5025,8.976001,30.992,-18.584002,none,8,3.0,121824.0,272525.0,206357.0,259870.0,219740.0
2026-04-14 18:04:14.703797,719228,1609507348344277,4948314277,0.704672,-0.772992,-0.275232,-40.48625,-8.89875,23.6775,9.104,30.368002,-19.088001,none,8,3.0,121824.0,272525.0,206357.0,259870.0,219740.0
2026-04-14 18:04:14.731117,719239,1609507348353408,4948323044,0.704672,-0.772992,-0.275232,-44.7475,-8.2075,24.08875,9.104,30.368002,-19.088001,none,8,3.0,139532.0,268212.0,225928.0,255470.0,238136.0
2026-04-14 18:04:14.733629,719240,1609507348368038,4948338149,0.665632,-0.806176,-0.189344,-42.27125,-10.22875,27.755001,8.648001,30.640001,-17.928001,none,8,3.0,139532.0,268212.0,225928.0,255470.0,238136.0
2026-04-14 18:04:14.738718,719241,1609507348376967,4948346922,0.665632,-0.806176,-0.189344,-38.68375,-14.7875,29.7325,8.648001,30.640001,-17.928001,none,8,3.0,139532.0,268212.0,225928.0,255470.0,238136.0
2026-04-14 18:04:14.743260,719242,1609507348385900,4948355604,0.708576,-0.661728,-0.318176,-37.86125,-18.71625,28.5425,8.568001,30.704002,-18.928001,none,8,3.0,139532.0,268212.0,225928.0,255470.0,238136.0
2026-04-14 18:04:14.758682,719243,1609507348400466,4948370565,0.61488,-0.626592,-0.329888,-34.16,-20.6675,28.210001,9.456,29.760002,-20.160002,none,8,3.0,139532.0,268212.0,225928.0,255470.0,238136.0
2026-04-14 18:04:14.766281,719244,1609507348409481,4948379304,0.61488,-0.626592,-0.329888,-38.84125,-21.0175,25.803751,9.456,29.760002,-20.160002,none,8,3.0,139532.0,268212.0,225928.0,255470.0,238136.0
2026-04-14 18:04:14.781244,719245,1609507348424027,4948394192,0.50752,-0.884256,-0.41968,-54.8975,-20.22125,22.67125,10.424001,29.296001,-20.792002,none,8,3.0,139532.0,268212.0,225928.0,255470.0,238136.0
2026-04-14 18:04:14.792226,719246,1609507348433029,4948402895,0.50752,-0.884256,-0.41968,-61.075,-20.25625,22.4,10.424001,29.296001,-20.792002,none,8,3.0,139532.0,268212.0,225928.0,255470.0,238136.0
2026-04-14 18:04:14.926909,719257,1609507348447530,4948418042,0.573888,-0.716384,-0.206912,-51.59875,-21.39375,24.68375,11.072001,29.04,-20.816002,none,8,3.0,125134.0,259864.0,207676.0,247041.0,220489.0
2026-04-14 18:04:14.927673,719258,1609507348456539,4948426735,0.573888,-0.716384,-0.206912,-38.7625,-23.89625,30.56375,11.072001,29.04,-20.816002,none,8,3.0,125134.0,259864.0,207676.0,247041.0,220489.0
2026-04-14 18:04:14.927789,719259,1609507348465468,4948435462,0.464576,-0.694912,-0.42944,-35.3325,-24.710001,32.06,10.864,28.856,-19.816002,none,8,3.0,125134.0,259864.0,207676.0,247041.0,220489.0
2026-04-14 18:04:14.928006,719260,1609507348480002,4948450368,0.378688,-0.739808,-0.37088,-41.02875,-25.96125,30.94,11.176001,28.648,-22.44,none,8,3.0,125134.0,259864.0,207676.0,247041.0,220489.0
2026-04-14 18:04:14.930843,719261,1609507348488977,4948459074,0.378688,-0.739808,-0.37088,-47.10125,-29.05,31.3775,11.176001,28.648,-22.44,none,8,3.0,125134.0,259864.0,207676.0,247041.0,220489.0
2026-04-14 18:04:14.933418,719262,1609507348503477,4948471920,0.425536,-0.796416,-0.407968,-49.595,-31.59625,33.85375,11.320001,27.920002,-21.192001,none,8,3.0,125134.0,259864.0,207676.0,247041.0,220489.0
2026-04-14 18:04:14.935917,719263,1609507348512748,4948482819,0.425536,-0.796416,-0.407968,-47.50375,-32.66375,36.26,11.320001,27.920002,-21.192001,none,8,3.0,125134.0,259864.0,207676.0,247041.0,220489.0
2026-04-14 18:04:14.938439,719264,1609507348521703,4948491503,0.41968,-0.720288,-0.23424,-43.58375,-33.4075,37.4325,12.6,27.320002,-21.728,none,8,3.0,125134.0,259864.0,207676.0,247041.0,220489.0
2026-04-14 18:04:14.940870,719265,1609507348536210,4948506396,0.41968,-0.720288,-0.23424,-40.74875,-33.50375,37.87875,12.6,27.320002,-21.728,none,8,3.0,125134.0,259864.0,207676.0,247041.0,220489.0
2026-04-14 18:04:14.943346,719266,1609507348545147,4948515101,0.35136,-0.71248,-0.554368,-39.36625,-31.7275,36.33875,13.496,26.744001,-22.112001,none,8,3.0,125134.0,259864.0,207676.0,247041.0,220489.0
2026-04-14 18:04:14.973453,719277,1609507348559856,4948530110,0.343552,-0.730048,-0.36112,-44.58125,-28.97125,34.18625,13.496,26.824001,-23.072,none,8,3.0,94899.0,252600.0,170148.0,239808.0,182489.0
2026-04-14 18:04:14.975875,719278,1609507348568812,4948538890,0.343552,-0.730048,-0.36112,-51.17875,-26.97625,32.54125,14.120001,26.824001,-23.072,none,8,3.0,94899.0,252600.0,170148.0,239808.0,182489.0
2026-04-14 18:04:14.978453,719279,1609507348583534,4948553803,0.335744,-0.915488,-0.42944,-55.5625,-24.395,33.985,14.480001,26.224,-22.568,none,8,3.0,94899.0,252600.0,170148.0,239808.0,182489.0
2026-04-14 18:04:14.980963,719280,1609507348592652,4948562559,0.335744,-0.915488,-0.42944,-53.59375,-19.8625,27.15125,14.480001,26.224,-22.568,none,8,3.0,94899.0,252600.0,170148.0,239808.0,182489.0
2026-04-14 18:04:14.983377,719281,1609507348601690,4948571308,0.38064,-0.8784,-0.560224,-46.3225,-14.11375,25.69875,14.792001,25.376001,-21.776001,none,8,3.0,94899.0,252600.0,170148.0,239808.0,182489.0
2026-04-14 18:04:14.985964,719282,1609507348616211,4948586235,0.38064,-0.8784,-0.560224,-31.5525,-8.05,24.85,14.792001,25.376001,-21.776001,none,8,3.0,94899.0,252600.0,170148.0,239808.0,182489.0
2026-04-14 18:04:14.988436,719283,1609507348625161,4948594928,0.394304,-0.735904,-0.366976,-17.61375,-2.63375,23.75625,14.160001,25.448002,-23.12,none,8,3.0,94899.0,252600.0,170148.0,239808.0,182489.0
2026-04-14 18:04:14.995860,719284,1609507348639792,4948609904,0.394304,-0.735904,-0.493856,-14.945,3.43,20.43125,14.160001,25.448002,-23.12,none,8,3.0,94899.0,252600.0,170148.0,239808.0,182489.0
2026-04-14 18:04:15.028394,719295,1609507348648751,4948619225,0.406016,-0.8784,-0.493856,-21.4725,8.855001,15.5925,14.488001,25.312,-22.952002,none,8,3.0,83164.0,249472.0,155665.0,237076.0,167894.0
2026-04-14 18:04:15.030949,719296,1609507348657731,4948628011,0.406016,-0.8784,-0.493856,-26.355,13.16,11.13875,14.488001,25.312,-22.952002,none,8,3.0,83164.0,249472.0,155665.0,237076.0,167894.0
2026-04-14 18:04:15.033427,719297,1609507348672319,4948640889,0.318176,-0.79056,-0.417728,-21.60375,16.40625,9.9225,14.584001,25.416,-22.264002,none,8,3.0,83164.0,249472.0,155665.0,237076.0,167894.0
2026-04-14 18:04:15.038499,719298,1609507348682014,4948651675,0.343552,-0.81008,-0.431392,-17.63125,19.1975,7.1575,13.728001,25.448002,-24.672,none,8,3.0,83164.0,249472.0,155665.0,237076.0,167894.0
2026-04-14 18:04:15.053452,719299,1609507348696520,4948666623,0.343552,-0.81008,-0.431392,-18.94375,21.39375,7.07875,13.728001,25.448002,-24.672,none,8,3.0,83164.0,249472.0,155665.0,237076.0,167894.0
2026-04-14 18:04:15.063480,719300,1609507348705466,4948675313,0.374784,-0.948672,-0.407968,-20.44,23.21375,8.1375,13.400001,25.128,-23.68,none,8,3.0,83164.0,249472.0,155665.0,237076.0,167894.0
2026-04-14 18:04:15.073456,719301,1609507348714485,4948684026,0.374784,-0.948672,-0.407968,-17.815,25.095,7.30625,13.400001,25.128,-23.68,none,8,3.0,83164.0,249472.0,155665.0,237076.0,167894.0
2026-04-14 18:04:15.087110,719302,1609507348728966,4948698935,0.443104,-0.788608,-0.40016,-8.3125,25.9525,9.61625,13.208,25.168001,-22.792002,none,8,3.0,83164.0,249472.0,155665.0,237076.0,167894.0
2026-04-14 18:04:15.097363,719303,1609507348737921,4948707617,0.443104,-0.788608,-0.40016,1.3125,26.32875,11.06875,13.208,25.168001,-22.792002,none,8,3.0,83164.0,249472.0,155665.0,237076.0,167894.0
2026-04-14 18:04:15.129737,719314,1609507348752668,4948722545,0.423584,-0.757376,-0.384544,-0.175,25.2175,10.54375,14.184001,24.840002,-23.592001,none,8,3.0,87713.0,252764.0,160984.0,240050.0,173429.0
2026-04-14 18:04:15.132145,719315,1609507348761666,4948731318,0.38064,-0.895968,-0.591456,-7.0525,20.9125,12.6175,14.144001,24.856,-26.768002,none,8,3.0,87713.0,252764.0,160984.0,240050.0,173429.0
2026-04-14 18:04:15.139718,719316,1609507348770710,4948740095,0.38064,-0.895968,-0.591456,-10.35125,16.415,13.965,14.144001,24.856,-26.768002,none,8,3.0,87713.0,252764.0,160984.0,240050.0,173429.0
2026-04-14 18:04:15.142093,719317,1609507348785380,4948755041,0.441152,-0.81984,-0.495808,-7.04375,10.91125,16.54625,14.408001,24.968,-24.480001,none,8,3.0,87713.0,252764.0,160984.0,240050.0,173429.0
2026-04-14 18:04:15.150956,719318,1609507348794349,4948763853,0.441152,-0.81984,-0.495808,-5.38125,5.04875,18.41,14.408001,24.968,-24.480001,none,8,3.0,87713.0,252764.0,160984.0,240050.0,173429.0
2026-04-14 18:04:15.168430,719319,1609507348808855,4948778748,0.431392,-0.83936,-0.513376,-8.33,0.58625,18.147501,12.808001,24.832,-23.160002,none,8,3.0,87713.0,252764.0,160984.0,240050.0,173429.0
2026-04-14 18:04:15.193168,719320,1609507348817784,4948787452,0.431392,-0.83936,-0.513376,-10.2375,-2.28375,17.5175,12.808001,24.832,-23.160002,none,8,3.0,87713.0,252764.0,160984.0,240050.0,173429.0
2026-04-14 18:04:15.215935,719321,1609507348832453,4948802368,0.413824,-0.782752,-0.548512,-8.4525,-5.915,16.345,14.616001,24.232,-23.872002,none,8,3.0,87713.0,252764.0,160984.0,240050.0,173429.0
2026-04-14 18:04:15.218435,719322,1609507348841590,4948811065,0.335744,-0.831552,-0.632448,-5.81,-9.2575,14.455,14.616001,24.232,-23.872002,none,8,3.0,87713.0,252764.0,160984.0,240050.0,173429.0
2026-04-14 18:04:15.245940,719333,1609507348850803,4948820252,0.337696,-0.831552,-0.632448,-4.05125,-11.55,12.1975,14.152,24.624,-23.312,none,8,3.0,90019.0,251935.0,164070.0,239456.0,176522.0
2026-04-14 18:04:15.248487,719334,1609507348865406,4948835253,0.335744,-0.837408,-0.460672,-2.72125,-13.7025,9.17875,14.080001,24.800001,-22.880001,none,8,3.0,90019.0,251935.0,164070.0,239456.0,176522.0
2026-04-14 18:04:15.250947,719335,1609507348874523,4948843994,0.335744,-0.837408,-0.460672,2.94,-14.65625,7.97125,14.080001,24.800001,-22.880001,none,8,3.0,90019.0,251935.0,164070.0,239456.0,176522.0
2026-04-14 18:04:15.253482,719336,1609507348889042,4948858965,0.208864,-0.831552,-0.71248,10.92,-14.5775,7.81375,14.272,24.800001,-24.296001,none,8,3.0,90019.0,251935.0,164070.0,239456.0,176522.0
2026-04-14 18:04:15.255815,719337,1609507348897987,4948867665,0.208864,-0.831552,-0.71248,15.3125,-14.7875,5.9675,14.272,24.800001,-24.296001,none,8,3.0,90019.0,251935.0,164070.0,239456.0,176522.0
2026-04-14 18:04:15.263286,719338,1609507348906970,4948876382,0.261568,-0.837408,-0.558272,20.01125,-17.08,4.22625,15.480001,24.472002,-23.920002,none,8,3.0,90019.0,251935.0,164070.0,239456.0,176522.0
2026-04-14 18:04:15.282558,719339,1609507348921474,4948891287,0.261568,-0.837408,-0.651968,25.62875,-19.74875,4.2525,15.480001,24.472002,-23.920002,none,8,3.0,90019.0,251935.0,164070.0,239456.0,176522.0
2026-04-14 18:04:15.286946,719340,1609507348930493,4948900189,0.325984,-0.88816,-0.642208,28.60375,-21.98875,3.2375,15.608001,24.68,-20.128,none,8,3.0,90019.0,251935.0,164070.0,239456.0,176522.0
2026-04-14 18:04:15.303310,719341,1609507348945004,4948915080,0.36112,-0.880352,-0.5856,28.9275,-23.616251,0.7,16.144001,24.712002,-22.464,none,8,3.0,90019.0,251935.0,164070.0,239456.0,176522.0
2026-04-14 18:04:15.333496,719352,1609507348954214,4948923848,0.36112,-0.880352,-0.5856,29.522501,-25.78625,-0.37625,16.144001,24.712002,-22.464,none,8,3.0,72514.0,251932.0,141062.0,239493.0,152800.0
2026-04-14 18:04:15.335771,719353,1609507348963288,4948932610,0.374784,-0.890112,-0.33184,25.9525,-26.7925,-1.4175,15.976001,25.008001,-22.808,none,8,3.0,72514.0,251932.0,141062.0,239493.0,152800.0
2026-04-14 18:04:15.338448,719354,1609507348977794,4948947553,0.374784,-0.890112,-0.33184,24.4125,-26.635,-2.555,15.976001,25.008001,-22.808,none,8,3.0,72514.0,251932.0,141062.0,239493.0,152800.0
2026-04-14 18:04:15.343399,719355,1609507348986730,4948956274,0.396256,-0.884256,-0.427488,26.34625,-27.15125,-3.0625,16.392,24.968,-22.376001,none,8,3.0,72514.0,251932.0,141062.0,239493.0,152800.0
2026-04-14 18:04:15.359706,719356,1609507349001216,4948971185,0.396256,-0.884256,-0.427488,27.44,-28.5425,-2.94,16.392,24.968,-22.376001,none,8,3.0,72514.0,251932.0,141062.0,239493.0,152800.0
2026-04-14 18:04:15.368517,719357,1609507349010117,4948979857,0.40992,-0.880352,-0.44896,23.8,-31.1675,-4.48,16.592001,24.952002,-23.328001,none,8,3.0,72514.0,251932.0,141062.0,239493.0,152800.0
2026-04-14 18:04:15.383613,719358,1609507349024851,4948994789,0.366976,-0.876448,-0.495808,16.7475,-33.1275,-7.88375,16.416,25.472002,-23.632002,none,8,3.0,72514.0,251932.0,141062.0,239493.0,152800.0
2026-04-14 18:04:15.389858,719359,1609507349033954,4949003495,0.366976,-0.876448,-0.495808,12.97625,-35.51625,-11.22625,16.416,25.472002,-23.632002,none,8,3.0,72514.0,251932.0,141062.0,239493.0,152800.0
2026-04-14 18:04:15.402466,719360,1609507349042995,4949012184,0.386496,-0.954528,-0.599264,13.92125,-37.47625,-12.15375,16.416,25.472002,-20.832,none,8,3.0,72514.0,251932.0,141062.0,239493.0,152800.0
2026-04-14 18:04:15.432583,719371,1609507349057594,4949027482,0.386496,-0.954528,-0.599264,13.13375,-37.84375,-14.4375,16.952002,25.776001,-20.832,none,8,3.0,59084.0,249515.0,123065.0,237677.0,134734.0
2026-04-14 18:04:15.434889,719372,1609507349066529,4949036168,0.447008,-0.933056,-0.382592,11.01625,-38.4125,-15.77625,16.016,26.080002,-20.448002,none,8,3.0,59084.0,249515.0,123065.0,237677.0,134734.0
2026-04-14 18:04:15.437489,719373,1609507349081178,4949051114,0.447008,-0.933056,-0.382592,12.15375,-38.78875,-15.89875,16.016,26.080002,-20.448002,none,8,3.0,59084.0,249515.0,123065.0,237677.0,134734.0
2026-04-14 18:04:15.467010,719374,1609507349090216,4949059845,0.46848,-0.895968,-0.464576,9.66,-39.41875,-17.21125,16.128,26.232,-22.912,none,8,3.0,59084.0,249515.0,123065.0,237677.0,134734.0
2026-04-14 18:04:15.469426,719375,1609507349099133,4949068520,0.46848,-0.895968,-0.464576,9.292501,-39.99625,-19.775,16.128,26.232,-22.912,none,8,3.0,59084.0,249515.0,123065.0,237677.0,134734.0
2026-04-14 18:04:15.477476,719376,1609507349113670,4949083423,0.480192,-0.827648,-0.46848,9.5375,-40.53,-21.7,17.472,25.864,-20.976002,none,8,3.0,59084.0,249515.0,123065.0,237677.0,134734.0
2026-04-14 18:04:15.479894,719377,1609507349122615,4949092159,0.480192,-0.827648,-0.46848,6.405,-39.4275,-25.61125,17.472,25.864,-20.976002,none,8,3.0,59084.0,249515.0,123065.0,237677.0,134734.0
2026-04-14 18:04:15.496259,719378,1609507349137148,4949107109,0.47824,-0.91744,-0.5856,5.285,-39.34875,-29.435,17.088001,26.352001,-20.416,none,8,3.0,59084.0,249515.0,123065.0,237677.0,134734.0
2026-04-14 18:04:15.503763,719379,1609507349146268,4949115804,0.46848,-0.864736,-0.610976,8.4,-39.305,-31.07125,17.216002,26.856,-19.424002,none,8,3.0,59084.0,249515.0,123065.0,237677.0,134734.0
2026-04-14 18:04:15.533771,719390,1609507349155516,4949124588,0.46848,-0.864736,-0.610976,11.31375,-40.355,-31.61375,17.216002,26.856,-19.424002,none,8,3.0,66749.0,254371.0,134655.0,242718.0,146677.0
2026-04-14 18:04:15.536324,719391,1609507349170050,4949139502,0.443104,-0.763232,-0.491904,14.93625,-41.09875,-32.4975,15.848001,27.544,-18.328001,none,8,3.0,66749.0,254371.0,134655.0,242718.0,146677.0
2026-04-14 18:04:15.562216,719392,1609507349179041,4949148201,0.443104,-0.763232,-0.491904,17.78,-41.895,-33.52125,15.848001,27.544,-18.328001,none,8,3.0,66749.0,254371.0,134655.0,242718.0,146677.0
2026-04-14 18:04:15.585972,719393,1609507349193540,4949163165,0.460672,-0.763232,-0.54656,17.00125,-41.4225,-35.0,15.504001,28.096,-19.0,none,8,3.0,66749.0,254371.0,134655.0,242718.0,146677.0
2026-04-14 18:04:15.588457,719394,1609507349202464,4949171856,0.460672,-0.763232,-0.54656,17.36875,-41.57125,-36.04125,15.504001,28.096,-19.0,none,8,3.0,66749.0,254371.0,134655.0,242718.0,146677.0
2026-04-14 18:04:15.596300,719395,1609507349217098,4949186743,0.423584,-0.757376,-0.569984,19.39875,-40.9325,-37.0825,16.08,28.048002,-18.12,none,8,3.0,66749.0,254371.0,134655.0,242718.0,146677.0
2026-04-14 18:04:15.598801,719396,1609507349226076,4949195444,0.347456,-0.65392,-0.482144,22.645,-39.9175,-38.5525,16.168001,28.28,-17.928001,none,8,3.0,66749.0,254371.0,134655.0,242718.0,146677.0
2026-04-14 18:04:15.601215,719397,1609507349235016,4949204165,0.347456,-0.65392,-0.482144,26.29375,-39.357502,-37.607502,16.168001,28.28,-17.928001,none,8,3.0,66749.0,254371.0,134655.0,242718.0,146677.0
2026-04-14 18:04:15.606316,719398,1609507349249570,4949219104,0.33184,-0.610976,-0.415776,27.13375,-38.87625,-37.4325,16.44,28.808,-17.504002,none,8,3.0,66749.0,254371.0,134655.0,242718.0,146677.0
2026-04-14 18:04:15.636060,719409,1609507349258592,4949227907,0.33184,-0.610976,-0.415776,27.825,-37.89625,-36.58375,16.44,28.808,-17.504002,none,8,3.0,78816.0,259275.0,150889.0,247244.0,163075.0
2026-04-14 18:04:15.638797,719410,1609507349273143,4949243317,0.355264,-0.579744,-0.337696,28.69125,-38.64,-35.9625,16.352001,28.536001,-17.12,none,8,3.0,78816.0,259275.0,150889.0,247244.0,163075.0
2026-04-14 18:04:15.641312,719411,1609507349282187,4949252110,0.355264,-0.579744,-0.337696,25.8125,-39.0075,-36.47,16.352001,28.536001,-17.12,none,8,3.0,78816.0,259275.0,150889.0,247244.0,163075.0
2026-04-14 18:04:15.649716,719412,1609507349291174,4949260821,0.343552,-0.612928,-0.402112,24.491251,-39.0775,-37.205,15.848001,29.680002,-17.136002,none,8,3.0,78816.0,259275.0,150889.0,247244.0,163075.0
2026-04-14 18:04:15.664857,719413,1609507349306057,4949276098,0.355264,-0.5368,-0.337696,25.34,-38.78,-36.60125,16.976002,29.072,-17.296001,none,8,3.0,78816.0,259275.0,150889.0,247244.0,163075.0
2026-04-14 18:04:15.672447,719414,1609507349315191,4949284832,0.355264,-0.5368,-0.337696,29.05875,-38.54375,-35.175,16.976002,29.072,-17.296001,none,8,3.0,78816.0,259275.0,150889.0,247244.0,163075.0
2026-04-14 18:04:15.687579,719415,1609507349329672,4949299854,0.35136,-0.568032,-0.532896,30.9225,-38.185,-33.9325,16.688002,29.680002,-16.944,none,8,3.0,78816.0,259275.0,150889.0,247244.0,163075.0
2026-04-14 18:04:15.697663,719416,1609507349338598,4949308630,0.35136,-0.568032,-0.532896,26.1625,-38.36,-34.0375,16.688002,29.680002,-16.944,none,8,3.0,78816.0,259275.0,150889.0,247244.0,163075.0
2026-04-14 18:04:15.736327,719427,1609507349353459,4949323603,0.38064,-0.569984,-0.450912,20.04625,-38.84125,-33.71375,16.288,29.648,-16.624,none,8,3.0,70789.0,258102.0,140181.0,246501.0,151719.0
2026-04-14 18:04:15.738829,719428,1609507349362637,4949332445,0.38064,-0.569984,-0.450912,21.0175,-38.73625,-32.0075,16.288,29.648,-16.624,none,8,3.0,70789.0,258102.0,140181.0,246501.0,151719.0
2026-04-14 18:04:15.743828,719429,1609507349371615,4949341163,0.392352,-0.550464,-0.480192,20.09,-38.920002,-30.98375,16.408,29.52,-15.632001,none,8,3.0,70789.0,258102.0,140181.0,246501.0,151719.0
2026-04-14 18:04:15.744266,719430,1609507349386152,4949356138,0.466528,-0.612928,-0.523136,16.96625,-38.92875,-29.6275,16.112001,30.320002,-17.720001,none,8,3.0,70789.0,258102.0,140181.0,246501.0,151719.0
2026-04-14 18:04:15.753413,719431,1609507349395239,4949364877,0.466528,-0.612928,-0.523136,12.60875,-39.27,-28.63875,16.112001,30.320002,-17.720001,none,8,3.0,70789.0,258102.0,140181.0,246501.0,151719.0
2026-04-14 18:04:15.767527,719432,1609507349409715,4949379766,0.464576,-0.651968,-0.532896,6.13375,-38.47375,-27.51,16.528,30.264002,-15.664001,none,8,3.0,70789.0,258102.0,140181.0,246501.0,151719.0
2026-04-14 18:04:15.777534,719433,1609507349418640,4949388443,0.464576,-0.651968,-0.532896,5.74875,-37.23125,-26.18,16.528,30.264002,-15.664001,none,8,3.0,70789.0,258102.0,140181.0,246501.0,151719.0
2026-04-14 18:04:15.783705,719434,1609507349427568,4949397193,0.46848,-0.607072,-0.640256,5.92375,-35.93625,-23.94875,16.208,29.784002,-15.096001,none,8,3.0,70789.0,258102.0,140181.0,246501.0,151719.0
2026-04-14 18:04:15.800035,719435,1609507349442257,4949412097,0.46848,-0.607072,-0.640256,6.58,-35.105,-21.035,16.208,29.784002,-15.096001,none,8,3.0,70789.0,258102.0,140181.0,246501.0,151719.0
2026-04-14 18:04:15.837962,719446,1609507349451216,4949421239,0.495808,-0.609024,-0.521184,2.58125,-33.46,-18.94375,16.480001,30.432001,-15.232,none,8,3.0,51919.0,243206.0,113890.0,234782.0,124788.0
2026-04-14 18:04:15.839459,719447,1609507349465879,4949434288,0.57584,-0.737856,-0.64416,-6.2475,-31.5,-18.34875,15.360001,30.424002,-14.104001,none,8,3.0,51919.0,243206.0,113890.0,234782.0,124788.0
2026-04-14 18:04:15.844257,719448,1609507349475171,4949445093,0.57584,-0.737856,-0.64416,-15.1025,-28.192501,-16.625,15.360001,30.424002,-14.104001,none,8,3.0,51919.0,243206.0,113890.0,234782.0,124788.0
2026-04-14 18:04:15.844719,719449,1609507349484162,4949453797,0.57584,-0.737856,-0.64416,-15.28625,-22.225,-13.27375,15.360001,30.424002,-14.104001,none,8,3.0,51919.0,243206.0,113890.0,234782.0,124788.0
2026-04-14 18:04:15.856165,719450,1609507349498684,4949468673,0.564128,-0.685152,-0.523136,-11.87375,-16.8175,-10.05375,15.272,30.488,-15.344001,none,8,3.0,51919.0,243206.0,113890.0,234782.0,124788.0
2026-04-14 18:04:15.864925,719451,1609507349507809,4949477376,0.52704,-0.616832,-0.67344,-8.2425,-12.215,-4.935,15.424001,30.712002,-14.096001,none,8,3.0,51919.0,243206.0,113890.0,234782.0,124788.0
2026-04-14 18:04:15.879952,719452,1609507349522438,4949492270,0.52704,-0.616832,-0.67344,-7.5075,-7.69125,-1.04125,15.424001,30.712002,-14.096001,none,8,3.0,51919.0,243206.0,113890.0,234782.0,124788.0
2026-04-14 18:04:15.888798,719453,1609507349531377,4949500946,0.532896,-0.632448,-0.569984,-8.11125,-2.9575,2.1525,16.256,30.208002,-15.064001,none,8,3.0,51919.0,243206.0,113890.0,234782.0,124788.0
2026-04-14 18:04:15.896288,719454,1609507349540320,4949509661,0.532896,-0.632448,-0.569984,-11.64625,-0.58625,5.39,16.256,30.208002,-15.064001,none,8,3.0,51919.0,243206.0,113890.0,234782.0,124788.0
2026-04-14 18:04:16.004990,719465,1609507349555365,4949524749,0.456768,-0.65392,-0.560224,-17.5875,1.02375,8.715,15.400001,30.616001,-13.6,none,8,3.0,47968.0,234989.0,108530.0,228189.0,119288.0
2026-04-14 18:04:16.007519,719466,1609507349564441,4949533488,0.456768,-0.65392,-0.560224,-20.8775,2.03,12.4425,15.400001,30.616001,-13.6,none,8,3.0,47968.0,234989.0,108530.0,228189.0,119288.0
2026-04-14 18:04:16.009702,719467,1609507349578951,4949548436,0.550464,-0.601216,-0.316224,-18.83,3.22,15.190001,16.312,29.864002,-17.992,none,8,3.0,47968.0,234989.0,108530.0,228189.0,119288.0
2026-04-14 18:04:16.012563,719468,1609507349587872,4949557120,0.423584,-0.521184,-0.587552,-12.74,4.01625,17.745,16.960001,30.080002,-14.312,none,8,3.0,47968.0,234989.0,108530.0,228189.0,119288.0
2026-04-14 18:04:16.014999,719469,1609507349596888,4949565813,0.423584,-0.521184,-0.587552,-13.0025,2.8,20.51,16.960001,30.080002,-14.312,none,8,3.0,47968.0,234989.0,108530.0,228189.0,119288.0
2026-04-14 18:04:16.017583,719470,1609507349611362,4949580854,0.505568,-0.5856,-0.519232,-21.3325,-0.76125,22.015,17.176,29.784002,-16.616001,none,8,3.0,47968.0,234989.0,108530.0,228189.0,119288.0
2026-04-14 18:04:16.020001,719471,1609507349620267,4949589483,0.505568,-0.5856,-0.519232,-31.1675,-5.6175,23.33625,17.176,29.784002,-16.616001,none,8,3.0,47968.0,234989.0,108530.0,228189.0,119288.0
2026-04-14 18:04:16.025559,719472,1609507349634875,4949604391,0.427488,-0.638304,-0.571936,-38.63125,-10.15875,23.42375,17.368,29.560001,-16.44,none,8,3.0,47968.0,234989.0,108530.0,228189.0,119288.0
2026-04-14 18:04:16.025806,719473,1609507349644071,4949613092,0.427488,-0.638304,-0.571936,-36.12875,-14.1925,25.1825,17.368,29.560001,-16.44,none,8,3.0,47968.0,234989.0,108530.0,228189.0,119288.0
2026-04-14 18:04:16.057036,719484,1609507349658875,4949628006,0.41968,-0.534848,-0.460672,-32.19125,-17.928751,27.991251,17.648,29.352001,-15.440001,none,8,3.0,45474.0,231938.0,105177.0,227072.0,114895.0
2026-04-14 18:04:16.059605,719485,1609507349667883,4949636751,0.421632,-0.640256,-0.55632,-40.32,-22.2775,31.78,17.368,28.648,-16.376001,none,8,3.0,45474.0,231938.0,105177.0,227072.0,114895.0
2026-04-14 18:04:16.062588,719486,1609507349676947,4949645507,0.421632,-0.640256,-0.55632,-51.6775,-26.08375,32.138752,17.368,28.648,-16.376001,none,8,3.0,45474.0,231938.0,105177.0,227072.0,114895.0
2026-04-14 18:04:16.065025,719487,1609507349692060,4949660436,0.388448,-0.696864,-0.622688,-58.75625,-30.31875,33.99375,17.624,28.512001,-16.152,none,8,3.0,45474.0,231938.0,105177.0,227072.0,114895.0
2026-04-14 18:04:16.067542,719488,1609507349701250,4949671228,0.388448,-0.696864,-0.622688,-52.64875,-30.765,35.07,17.624,28.512001,-16.152,none,8,3.0,45474.0,231938.0,105177.0,227072.0,114895.0
2026-04-14 18:04:16.069920,719489,1609507349710178,4949679940,0.386496,-0.646112,-0.675392,-40.81875,-31.955,33.6525,18.128,27.864002,-16.528,none,8,3.0,45474.0,231938.0,105177.0,227072.0,114895.0
2026-04-14 18:04:16.109697,719490,1609507349724737,4949694881,0.386496,-0.646112,-0.675392,-31.5525,-34.326252,35.25375,18.128,27.864002,-16.528,none,8,3.0,45474.0,231938.0,105177.0,227072.0,114895.0
2026-04-14 18:04:16.112602,719491,1609507349733692,4949703679,0.40992,-0.667584,-0.579744,-34.08125,-35.6475,35.23625,19.352001,27.504002,-17.056002,none,8,3.0,45474.0,231938.0,105177.0,227072.0,114895.0
2026-04-14 18:04:16.115036,719492,1609507349748184,4949716552,0.286944,-0.638304,-0.677344,-39.025,-34.755,33.46,18.328001,27.528002,-15.384001,none,8,3.0,45474.0,231938.0,105177.0,227072.0,114895.0
2026-04-14 18:04:16.142004,719503,1609507349757949,4949727430,0.286944,-0.638304,-0.677344,-45.3425,-36.5925,39.33125,18.328001,27.528002,-15.384001,none,8,3.0,30468.0,194370.0,78610.0,201288.0,83762.0
2026-04-14 18:04:16.144906,719504,1609507349766995,4949736205,0.286944,-0.638304,-0.747616,-46.7775,-33.92375,38.3775,18.328001,27.528002,-15.384001,none,8,3.0,30468.0,194370.0,78610.0,201288.0,83762.0
2026-04-14 18:04:16.147005,719505,1609507349781584,4949751115,0.216672,-0.72224,-0.747616,-25.9175,-27.5275,27.92125,18.568,27.472002,-15.816001,none,8,3.0,30468.0,194370.0,78610.0,201288.0,83762.0
2026-04-14 18:04:16.149952,719506,1609507349790547,4949759794,0.255712,-0.696864,-0.720288,-16.80875,-24.6575,25.83875,18.896002,26.624,-16.968,none,8,3.0,30468.0,194370.0,78610.0,201288.0,83762.0
2026-04-14 18:04:16.161264,719507,1609507349805063,4949774780,0.255712,-0.696864,-0.720288,-16.397501,-24.272501,29.54,18.896002,26.624,-16.968,none,8,3.0,30468.0,194370.0,78610.0,201288.0,83762.0
2026-04-14 18:04:16.171292,719508,1609507349814131,4949783472,0.261568,-0.778848,-0.847168,-23.73875,-24.325,33.0575,20.824001,25.880001,-18.2,none,8,3.0,30468.0,194370.0,78610.0,201288.0,83762.0
2026-04-14 18:04:16.187713,719509,1609507349828620,4949798375,0.261568,-0.749568,-0.856928,-29.4525,-23.205,34.5975,21.048,25.720001,-16.832,none,8,3.0,30468.0,194370.0,78610.0,201288.0,83762.0
2026-04-14 18:04:16.200083,719510,1609507349837572,4949807064,0.261568,-0.749568,-0.856928,-16.31,-19.6,30.79125,21.048,25.720001,-16.832,none,8,3.0,30468.0,194370.0,78610.0,201288.0,83762.0
2026-04-14 18:04:16.202652,719511,1609507349846510,4949815789,0.261568,-0.749568,-0.856928,2.17875,-14.42875,26.64375,21.048,25.720001,-16.832,none,8,3.0,30468.0,194370.0,78610.0,201288.0,83762.0
2026-04-14 18:04:16.237019,719522,1609507349860995,4949830792,0.201056,-0.70272,-0.769088,12.9325,-10.03625,24.29875,20.424002,25.904001,-16.528,none,8,3.0,27765.0,190887.0,72748.0,199047.0,76672.0
2026-04-14 18:04:16.237129,719523,1609507349869990,4949839513,0.091744,-0.681248,-0.817888,10.91125,-8.33,22.23375,20.688002,25.936,-17.192001,none,8,3.0,27765.0,190887.0,72748.0,199047.0,76672.0
2026-04-14 18:04:16.240696,719524,1609507349884498,4949854472,0.091744,-0.681248,-0.817888,9.61625,-6.9475,22.05875,20.688002,25.936,-17.192001,none,8,3.0,27765.0,190887.0,72748.0,199047.0,76672.0
2026-04-14 18:04:16.251123,719525,1609507349893477,4949863165,0.210816,-0.691008,-0.655872,7.34125,-6.83375,22.49625,21.896002,25.296001,-17.6,none,8,3.0,27765.0,190887.0,72748.0,199047.0,76672.0
2026-04-14 18:04:16.259548,719526,1609507349902423,4949871912,0.210816,-0.691008,-0.655872,1.925,-7.07875,24.99875,21.896002,25.296001,-17.6,none,8,3.0,27765.0,190887.0,72748.0,199047.0,76672.0
2026-04-14 18:04:16.297279,719527,1609507349917043,4949886794,0.216672,-0.915488,-0.669536,-3.745,-6.37,24.35125,21.744001,25.096,-17.392,none,8,3.0,27765.0,190887.0,72748.0,199047.0,76672.0
2026-04-14 18:04:16.322114,719528,1609507349925963,4949895492,0.216672,-0.915488,-0.669536,4.41,-4.15625,24.491251,21.744001,25.096,-17.392,none,8,3.0,27765.0,190887.0,72748.0,199047.0,76672.0
2026-04-14 18:04:16.329557,719529,1609507349940472,4949910410,0.148352,-0.689056,-0.573888,20.6675,-2.3975,25.97,21.68,25.112001,-16.984001,none,8,3.0,27765.0,190887.0,72748.0,199047.0,76672.0
2026-04-14 18:04:16.332051,719530,1609507349949407,4949919102,0.07808,-0.579744,-0.636352,25.34,-3.59625,30.5375,22.368002,24.872002,-17.816,none,8,3.0,27765.0,190887.0,72748.0,199047.0,76672.0
2026-04-14 18:04:16.367232,719541,1609507349964470,4949934665,0.07808,-0.579744,-0.636352,9.205,-4.80375,29.47875,22.368002,24.872002,-17.816,none,8,3.0,26365.0,192645.0,69475.0,200901.0,73174.0
2026-04-14 18:04:16.369728,719542,1609507349973499,4949943346,0.154208,-0.8296,-0.581696,-13.58,-4.69,29.4875,22.6,24.512001,-17.104,none,8,3.0,26365.0,192645.0,69475.0,200901.0,73174.0
2026-04-14 18:04:16.372292,719543,1609507349982532,4949952052,0.154208,-0.8296,-0.581696,-26.81875,-6.41375,27.85125,22.6,24.512001,-17.104,none,8,3.0,26365.0,192645.0,69475.0,200901.0,73174.0
2026-04-14 18:04:16.374740,719544,1609507349997048,4949967035,0.158112,-0.864736,-0.470432,-23.12625,-8.085,29.925,23.344002,24.112001,-16.912,none,8,3.0,26365.0,192645.0,69475.0,200901.0,73174.0
2026-04-14 18:04:16.377266,719545,1609507350005988,4949975779,0.158112,-0.864736,-0.470432,-10.535,-6.62375,33.29375,23.344002,24.112001,-16.912,none,8,3.0,26365.0,192645.0,69475.0,200901.0,73174.0
2026-04-14 18:04:16.379774,719546,1609507350020563,4949990779,0.11712,-0.77104,-0.569984,0.93625,-5.53875,36.3475,23.000002,23.816002,-17.288,none,8,3.0,26365.0,192645.0,69475.0,200901.0,73174.0
2026-04-14 18:04:16.387304,719547,1609507350029496,4949999518,0.148352,-0.735904,-0.462624,7.805,-5.69625,38.56125,23.456001,24.032001,-17.864,none,8,3.0,26365.0,192645.0,69475.0,200901.0,73174.0
2026-04-14 18:04:16.399186,719548,1609507350038546,4950008325,0.148352,-0.735904,-0.462624,6.0025,-6.7375,38.49125,23.456001,24.032001,-17.864,none,8,3.0,26365.0,192645.0,69475.0,200901.0,73174.0
2026-04-14 18:04:16.410794,719549,1609507350053100,4950023273,0.095648,-0.821792,-0.687104,-1.32125,-7.1575,37.68625,23.28,24.144001,-15.912001,none,8,3.0,26365.0,192645.0,69475.0,200901.0,73174.0
2026-04-14 18:04:16.440823,719560,1609507350062076,4950032044,0.095648,-0.821792,-0.687104,-2.9225,-7.76125,37.45,23.28,24.144001,-15.912001,none,8,3.0,26154.0,193228.0,68749.0,201546.0,72424.0
2026-04-14 18:04:16.443213,719561,1609507350076929,4950047016,0.035136,-0.7808,-0.72224,-1.54875,-8.82,38.482502,23.04,23.248001,-16.712,none,8,3.0,26154.0,193228.0,68749.0,201546.0,72424.0
2026-04-14 18:04:16.445844,719562,1609507350086023,4950055738,0.035136,-0.7808,-0.72224,0.07875,-8.995,39.3925,23.04,23.248001,-16.712,none,8,3.0,26154.0,193228.0,68749.0,201546.0,72424.0
2026-04-14 18:04:16.455853,719563,1609507350094981,4950064482,0.083936,-0.808128,-0.618784,2.3625,-8.00625,40.85375,24.240002,22.608002,-16.856,none,8,3.0,26154.0,193228.0,68749.0,201546.0,72424.0
2026-04-14 18:04:16.467242,719564,1609507350109573,4950079372,0.07808,-0.812032,-0.724192,1.89875,-8.8375,40.48625,24.240002,20.560001,-17.744001,none,8,3.0,26154.0,193228.0,68749.0,201546.0,72424.0
2026-04-14 18:04:16.474717,719565,1609507350118544,4950088122,0.07808,-0.812032,-0.724192,-0.58625,-9.80875,41.5975,24.944,22.2,-17.744001,none,8,3.0,26154.0,193228.0,68749.0,201546.0,72424.0
2026-04-14 18:04:16.493414,719566,1609507350133050,4950103036,0.056608,-0.81984,-0.616832,-3.7625,-9.4675,41.74625,25.208002,22.496,-15.6,none,8,3.0,26154.0,193228.0,68749.0,201546.0,72424.0
2026-04-14 18:04:16.502888,719567,1609507350141993,4950111730,0.056608,-0.81984,-0.616832,-2.205,-9.9225,40.6175,25.208002,22.496,-15.6,none,8,3.0,26154.0,193228.0,68749.0,201546.0,72424.0
2026-04-14 18:04:16.543616,719579,1609507350156927,4950126579,0.052704,-0.76128,-0.612928,3.45625,-9.625,40.915,23.864,22.584002,-15.488001,none,8,3.0,25558.0,195421.0,67339.0,204122.0,70502.0
2026-04-14 18:04:16.545819,719580,1609507350165936,4950135291,0.052704,-0.76128,-0.612928,4.89125,-10.33375,38.885,23.864,22.584002,-15.488001,none,8,3.0,25558.0,195421.0,67339.0,204122.0,70502.0
2026-04-14 18:04:16.548813,719581,1609507350175143,4950144042,0.066368,-0.843264,-0.59536,-1.33,-12.81875,36.88125,25.6,21.464,-16.792002,none,8,3.0,25558.0,195421.0,67339.0,204122.0,70502.0
2026-04-14 18:04:16.551255,719582,1609507350189700,4950158974,0.066368,-0.874496,-0.796416,-3.71,-12.81875,34.97375,25.6,21.464,-16.792002,none,8,3.0,25558.0,195421.0,67339.0,204122.0,70502.0
2026-04-14 18:04:16.556311,719583,1609507350198588,4950167698,-0.02928,-0.86864,-0.796416,-1.365,-14.6475,33.3375,25.472002,20.952002,-16.6,none,8,3.0,25558.0,195421.0,67339.0,204122.0,70502.0
2026-04-14 18:04:16.570081,719584,1609507350213082,4950182675,0.01952,-0.837408,-0.755424,1.32125,-16.68625,33.888752,26.112001,20.792002,-16.504002,none,8,3.0,25558.0,195421.0,67339.0,204122.0,70502.0
2026-04-14 18:04:16.580122,719585,1609507350222041,4950191396,0.01952,-0.837408,-0.755424,4.165,-18.7775,32.0425,26.112001,20.792002,-16.504002,none,8,3.0,25558.0,195421.0,67339.0,204122.0,70502.0
2026-04-14 18:04:16.587242,719586,1609507350230977,4950200119,0.031232,-0.862784,-0.691008,4.69,-20.405,29.63625,25.336,20.656,-16.088001,none,8,3.0,25558.0,195421.0,67339.0,204122.0,70502.0
2026-04-14 18:04:16.603716,719587,1609507350245530,4950215034,0.031232,-0.862784,-0.691008,6.41375,-22.44375,28.32375,25.336,20.656,-16.088001,none,8,3.0,25558.0,195421.0,67339.0,204122.0,70502.0
2026-04-14 18:04:16.616236,719588,1609507350254496,4950223775,-0.00976,-0.884256,-0.784704,5.76625,-23.3625,29.60125,26.504002,20.224,-16.056002,none,8,3.0,25558.0,195421.0,67339.0,204122.0,70502.0
2026-04-14 18:04:16.661190,719599,1609507350269332,4950238769,-0.00976,-0.884256,-0.784704,-5.95,-25.69,32.2875,26.504002,20.224,-16.056002,none,8,3.0,25057.0,198058.0,65988.0,207603.0,68589.0
2026-04-14 18:04:16.688530,719600,1609507350278357,4950247464,-0.089792,-0.817888,-0.772992,-26.678751,-30.0125,38.03625,26.216002,20.424002,-14.416,none,8,3.0,25057.0,198058.0,65988.0,207603.0,68589.0
2026-04-14 18:04:16.693218,719601,1609507350287467,4950256191,-0.089792,-0.817888,-0.772992,-1.855,-31.71875,34.7725,26.216002,20.424002,-14.416,none,8,3.0,25057.0,198058.0,65988.0,207603.0,68589.0
2026-04-14 18:04:16.695767,719602,1609507350302282,4950271252,-0.085888,-0.75152,-0.542656,4.17375,-31.036251,27.7025,26.232,20.056002,-14.512001,none,8,3.0,25057.0,198058.0,65988.0,207603.0,68589.0
2026-04-14 18:04:16.698318,719603,1609507350311214,4950279975,-0.138592,-0.81008,-0.564128,2.73,-33.8625,28.35,26.816002,19.92,-12.184001,none,8,3.0,25057.0,198058.0,65988.0,207603.0,68589.0
2026-04-14 18:04:16.701209,719604,1609507350326143,4950294911,-0.138592,-0.81008,-0.564128,1.35625,-35.2275,27.4225,26.816002,19.92,-12.184001,none,8,3.0,25057.0,198058.0,65988.0,207603.0,68589.0
2026-04-14 18:04:16.703720,719605,1609507350335649,4950305704,-0.062464,-0.81984,-0.558272,1.04125,-36.4525,26.95875,26.784,19.728,-12.816001,none,8,3.0,25057.0,198058.0,65988.0,207603.0,68589.0
2026-04-14 18:04:16.706203,719606,1609507350344713,4950314451,-0.062464,-0.81984,-0.558272,2.68625,-36.53125,29.91625,26.784,19.728,-12.816001,none,8,3.0,25057.0,198058.0,65988.0,207603.0,68589.0
2026-04-14 18:04:16.764654,719617,1609507350359873,4950329444,-0.025376,-0.81984,-0.593408,2.24875,-36.295002,29.303751,26.424002,19.504002,-12.528001,none,8,3.0,25655.0,198712.0,66782.0,208919.0,69121.0
2026-04-14 18:04:16.767602,719618,1609507350369036,4950338206,-0.025376,-0.81984,-0.593408,4.50625,-33.39875,27.23,26.424002,19.504002,-12.528001,none,8,3.0,25655.0,198712.0,66782.0,208919.0,69121.0
2026-04-14 18:04:16.770034,719619,1609507350378017,4950346948,-0.076128,-0.788608,-0.544608,7.34125,-30.205,25.10375,28.12,18.824001,-13.6,none,8,3.0,25655.0,198712.0,66782.0,208919.0,69121.0
2026-04-14 18:04:16.776855,719620,1609507350392515,4950361851,-0.177632,-0.730048,-0.591456,5.425,-29.8025,26.11875,28.744001,18.568,-12.664001,none,8,3.0,25655.0,198712.0,66782.0,208919.0,69121.0
2026-04-14 18:04:16.779505,719621,1609507350401429,4950370623,-0.177632,-0.730048,-0.591456,3.42125,-28.630001,25.2175,28.744001,18.568,-12.664001,none,8,3.0,25655.0,198712.0,66782.0,208919.0,69121.0
2026-04-14 18:04:16.781822,719622,1609507350415965,4950385616,-0.193248,-0.808128,-0.733952,2.56375,-28.0875,21.84875,28.728,18.104,-13.880001,none,8,3.0,25655.0,198712.0,66782.0,208919.0,69121.0
2026-04-14 18:04:16.784492,719623,1609507350424971,4950394315,-0.193248,-0.808128,-0.733952,2.94875,-27.20375,23.205,28.728,18.104,-13.880001,none,8,3.0,25655.0,198712.0,66782.0,208919.0,69121.0
2026-04-14 18:04:16.798646,719624,1609507350439496,4950409235,-0.228384,-0.732,-0.59536,5.985,-25.0075,25.3225,29.152002,18.384,-12.360001,none,8,3.0,25655.0,198712.0,66782.0,208919.0,69121.0
2026-04-14 18:04:16.806090,719625,1609507350448431,4950417922,-0.228384,-0.732,-0.59536,6.615,-25.69875,25.7775,29.152002,18.384,-12.360001,none,8,3.0,25655.0,198712.0,66782.0,208919.0,69121.0
2026-04-14 18:04:16.841340,719636,1609507350457415,4950426898,-0.17568,-0.812032,-0.757376,4.45375,-27.1425,26.3725,28.832,18.048,-13.016001,none,8,3.0,26348.0,200270.0,67957.0,210751.0,70180.0
2026-04-14 18:04:16.843832,719637,1609507350472076,4950442032,-0.124928,-0.825696,-0.665632,2.40625,-29.14625,26.76625,28.832,17.088001,-12.024,none,8,3.0,26348.0,200270.0,67957.0,210751.0,70180.0
2026-04-14 18:04:16.846274,719638,1609507350481214,4950450747,-0.124928,-0.825696,-0.665632,4.48875,-31.045,27.46625,28.832,17.088001,-12.024,none,8,3.0,26348.0,200270.0,67957.0,210751.0,70180.0
2026-04-14 18:04:16.853791,719639,1609507350495744,4950465787,-0.179584,-0.753472,-0.56608,6.86875,-30.616251,27.16,30.072,17.112001,-12.896001,none,8,3.0,26348.0,200270.0,67957.0,210751.0,70180.0
2026-04-14 18:04:16.863782,719640,1609507350504712,4950474479,-0.179584,-0.753472,-0.56608,6.86875,-30.9575,28.09625,30.072,17.112001,-12.896001,none,8,3.0,26348.0,200270.0,67957.0,210751.0,70180.0
2026-04-14 18:04:16.869628,719641,1609507350513736,4950483190,-0.18544,-0.792512,-0.655872,4.2875,-31.31625,29.25125,30.28,16.816,-13.384001,none,8,3.0,26348.0,200270.0,67957.0,210751.0,70180.0
2026-04-14 18:04:16.886124,719642,1609507350528314,4950498088,-0.18544,-0.792512,-0.655872,1.84625,-31.61375,29.91625,30.28,16.816,-13.384001,none,8,3.0,26348.0,200270.0,67957.0,210751.0,70180.0
2026-04-14 18:04:16.894884,719643,1609507350537248,4950506783,-0.199104,-0.812032,-0.66368,-3.15875,-33.3025,30.73,29.392002,16.616001,-10.88,none,8,3.0,26348.0,200270.0,67957.0,210751.0,70180.0
2026-04-14 18:04:16.909648,719644,1609507350551870,4950521672,-0.199104,-0.812032,-0.577792,-7.48125,-35.0,31.053751,29.392002,16.616001,-10.88,none,8,3.0,26348.0,200270.0,67957.0,210751.0,70180.0
2026-04-14 18:04:16.943323,719655,1609507350561189,4950530440,-0.23424,-0.794464,-0.577792,-12.1275,-37.1,31.52625,29.656002,16.400002,-12.336,none,8,3.0,26794.0,200631.0,68550.0,211081.0,70750.0
2026-04-14 18:04:16.946300,719656,1609507350575795,4950545384,-0.238144,-0.825696,-0.739808,-13.825,-37.45875,32.71625,30.720001,15.576001,-11.816001,none,8,3.0,26794.0,200631.0,68550.0,211081.0,70750.0
2026-04-14 18:04:16.948774,719657,1609507350584830,4950554079,-0.238144,-0.825696,-0.739808,-13.79,-36.09375,32.90875,30.720001,15.576001,-11.816001,none,8,3.0,26794.0,200631.0,68550.0,211081.0,70750.0
2026-04-14 18:04:16.951279,719658,1609507350593802,4950562896,-0.324032,-0.749568,-0.616832,-13.30875,-35.84,33.145,30.944002,15.176001,-11.68,none,8,3.0,26794.0,200631.0,68550.0,211081.0,70750.0
2026-04-14 18:04:16.968301,719659,1609507350608320,4950577801,-0.324032,-0.749568,-0.616832,-12.3375,-35.16625,33.55625,30.944002,15.176001,-11.68,none,8,3.0,26794.0,200631.0,68550.0,211081.0,70750.0
2026-04-14 18:04:16.973676,719660,1609507350617274,4950586592,-0.310368,-0.765184,-0.540704,-13.16,-35.6825,32.85625,30.880001,15.016001,-10.704,none,8,3.0,26794.0,200631.0,68550.0,211081.0,70750.0
2026-04-14 18:04:16.989820,719661,1609507350631875,4950601460,-0.310368,-0.765184,-0.540704,-17.185,-37.47625,32.85625,30.880001,15.016001,-10.704,none,8,3.0,26794.0,200631.0,68550.0,211081.0,70750.0
2026-04-14 18:04:16.997515,719662,1609507350640932,4950610204,-0.290848,-0.866688,-0.788608,-19.32,-37.73,32.50625,31.176,15.448001,-7.08,none,8,3.0,26794.0,200631.0,68550.0,211081.0,70750.0
2026-04-14 18:04:17.005791,719663,1609507350649927,4950618928,-0.290848,-0.866688,-0.788608,-17.77125,-36.3125,31.70125,31.176,15.448001,-7.08,none,8,3.0,26794.0,200631.0,68550.0,211081.0,70750.0
2026-04-14 18:04:17.084543,719674,1609507350664590,4950634333,-0.355264,-0.80032,-0.769088,-15.30375,-34.125,30.65125,30.896002,14.408001,-10.632001,none,8,3.0,27000.0,200698.0,68814.0,211157.0,71008.0
2026-04-14 18:04:17.087522,719675,1609507350673519,4950643025,-0.32208,-0.837408,-0.792512,-13.04625,-31.7975,29.86375,31.344002,14.064001,-9.84,none,8,3.0,27000.0,200698.0,68814.0,211157.0,71008.0
2026-04-14 18:04:17.090045,719676,1609507350688008,4950658014,-0.32208,-0.837408,-0.792512,-15.04125,-29.65375,28.0525,31.344002,14.064001,-9.84,none,8,3.0,27000.0,200698.0,68814.0,211157.0,71008.0
2026-04-14 18:04:17.092034,719677,1609507350696966,4950666710,-0.355264,-0.8296,-0.747616,-17.29,-28.35875,25.2175,32.480003,13.736001,-10.312,none,8,3.0,27000.0,200698.0,68814.0,211157.0,71008.0
2026-04-14 18:04:17.095012,719678,1609507350711539,4950681641,-0.355264,-0.8296,-0.747616,-16.31,-26.01375,22.75875,32.480003,13.736001,-10.312,none,8,3.0,27000.0,200698.0,68814.0,211157.0,71008.0
2026-04-14 18:04:17.097584,719679,1609507350720521,4950690379,-0.376736,-0.837408,-0.85888,-16.38875,-23.695,20.43125,32.152,13.152,-10.216001,none,8,3.0,27000.0,200698.0,68814.0,211157.0,71008.0
2026-04-14 18:04:17.099596,719680,1609507350729515,4950699081,-0.376736,-0.837408,-0.85888,-16.66875,-20.65,18.45375,32.152,13.152,-10.216001,none,8,3.0,27000.0,200698.0,68814.0,211157.0,71008.0
2026-04-14 18:04:17.102353,719681,1609507350744091,4950713986,-0.388448,-0.802272,-0.735904,-14.6475,-16.31,15.96875,31.904001,13.040001,-9.872001,none,8,3.0,27000.0,200698.0,68814.0,211157.0,71008.0
2026-04-14 18:04:17.110951,719682,1609507350753051,4950722681,-0.388448,-0.802272,-0.767136,-11.3575,-12.0575,13.30875,31.904001,13.040001,-9.872001,none,8,3.0,27000.0,200698.0,68814.0,211157.0,71008.0
2026-04-14 18:04:17.143835,719693,1609507350767601,4950737676,-0.425536,-0.802272,-0.769088,-8.3825,-8.60125,11.05125,32.152,12.928,-9.784,none,8,3.0,27054.0,201396.0,68817.0,212072.0,70967.0
2026-04-14 18:04:17.149657,719694,1609507350776614,4950746385,-0.407968,-0.772992,-0.71248,-3.92,-5.43375,8.6625,30.928001,12.856001,-8.56,none,8,3.0,27054.0,201396.0,68817.0,212072.0,70967.0
2026-04-14 18:04:17.149880,719695,1609507350785591,4950755077,-0.407968,-0.772992,-0.71248,-2.2925,-1.925,7.245,30.928001,12.856001,-8.56,none,8,3.0,27054.0,201396.0,68817.0,212072.0,70967.0
2026-04-14 18:04:17.158519,719696,1609507350800200,4950769990,-0.392352,-0.823744,-0.825696,-2.0475,0.7875,5.25,31.536001,13.064001,-8.928,none,8,3.0,27054.0,201396.0,68817.0,212072.0,70967.0
2026-04-14 18:04:17.164852,719697,1609507350809301,4950778742,-0.392352,-0.823744,-0.825696,-0.41125,2.6775,4.3925,31.536001,13.064001,-8.928,none,8,3.0,27054.0,201396.0,68817.0,212072.0,70967.0
2026-04-14 18:04:17.181140,719698,1609507350823908,4950793694,-0.411872,-0.767136,-0.716384,2.1175,4.61125,3.5525,32.488003,12.784,-9.272,none,8,3.0,27054.0,201396.0,68817.0,212072.0,70967.0
2026-04-14 18:04:17.190051,719699,1609507350832874,4950802401,-0.411872,-0.767136,-0.716384,4.03375,6.6325,2.205,32.488003,12.784,-9.272,none,8,3.0,27054.0,201396.0,68817.0,212072.0,70967.0
2026-04-14 18:04:17.205048,719700,1609507350847450,4950817418,-0.308416,-0.757376,-0.665632,4.55,6.79,0.16625,31.688002,13.344001,-9.168,none,8,3.0,27054.0,201396.0,68817.0,212072.0,70967.0
2026-04-14 18:04:17.213769,719701,1609507350856379,4950826118,-0.349408,-0.792512,-0.714432,0.28875,6.1425,-2.17,31.464,12.960001,-9.264001,none,8,3.0,27054.0,201396.0,68817.0,212072.0,70967.0
2026-04-14 18:04:17.244378,719712,1609507350865475,4950834867,-0.349408,-0.792512,-0.714432,-3.00125,4.8475,-4.1125,31.464,12.960001,-9.264001,none,8,3.0,26971.0,201376.0,68524.0,212213.0,70650.0
2026-04-14 18:04:17.251106,719713,1609507350880088,4950849763,-0.376736,-0.786656,-0.704672,-2.23125,4.89125,-5.17125,31.328001,12.864,-8.952001,none,8,3.0,26971.0,201376.0,68524.0,212213.0,70650.0
2026-04-14 18:04:17.251192,719714,1609507350889041,4950858462,-0.376736,-0.786656,-0.704672,0.04375,5.55625,-5.215,31.328001,12.864,-8.952001,none,8,3.0,26971.0,201376.0,68524.0,212213.0,70650.0
2026-04-14 18:04:17.259666,719715,1609507350903661,4950873490,-0.310368,-0.786656,-0.552416,1.63625,5.43375,-5.6,31.152002,13.400001,-9.144,none,8,3.0,26971.0,201376.0,68524.0,212213.0,70650.0
2026-04-14 18:04:17.271033,719716,1609507350912688,4950882205,-0.310368,-0.786656,-0.552416,2.52,4.2,-6.265,31.152002,13.400001,-9.144,none,8,3.0,26971.0,201376.0,68524.0,212213.0,70650.0
2026-04-14 18:04:17.278811,719717,1609507350921652,4950890886,-0.298656,-0.732,-0.552416,3.31625,3.45625,-7.28875,32.528,12.76,-10.488001,none,8,3.0,26971.0,201376.0,68524.0,212213.0,70650.0
2026-04-14 18:04:17.295090,719718,1609507350936186,4950905777,-0.30256,-0.769088,-0.60512,2.68625,3.045,-8.2775,31.320002,13.456,-8.024,none,8,3.0,26971.0,201376.0,68524.0,212213.0,70650.0
2026-04-14 18:04:17.301322,719719,1609507350945151,4950914546,-0.30256,-0.769088,-0.60512,-0.30625,1.93375,-9.52,31.320002,13.456,-8.024,none,8,3.0,26971.0,201376.0,68524.0,212213.0,70650.0
2026-04-14 18:04:17.345222,719730,1609507350959792,4950929800,-0.363072,-0.76128,-0.798368,-2.38,0.63,-10.42125,31.536001,12.76,-9.984,none,8,3.0,26955.0,200878.0,68407.0,211680.0,70515.0
2026-04-14 18:04:17.345358,719731,1609507350968851,4950938572,-0.363072,-0.76128,-0.798368,-2.31875,1.16375,-10.57875,31.536001,12.76,-9.984,none,8,3.0,26955.0,200878.0,68407.0,211680.0,70515.0
2026-04-14 18:04:17.349368,719732,1609507350977990,4950947490,-0.368928,-0.732,-0.755424,-2.77375,1.18125,-10.605001,30.736002,13.296001,-8.992001,none,8,3.0,26955.0,200878.0,68407.0,211680.0,70515.0
2026-04-14 18:04:17.352383,719733,1609507350992562,4950962418,-0.368928,-0.732,-0.755424,-3.73625,1.21625,-10.29,30.736002,13.296001,-8.992001,none,8,3.0,26955.0,200878.0,68407.0,211680.0,70515.0
2026-04-14 18:04:17.359583,719734,1609507351001567,4950971115,-0.359168,-0.75152,-0.81008,-4.73375,1.9075,-9.948751,31.328001,13.392,-9.152,none,8,3.0,26955.0,200878.0,68407.0,211680.0,70515.0
2026-04-14 18:04:17.388761,719735,1609507351016068,4950986022,-0.286944,-0.75152,-0.568032,-4.94375,2.2575,-9.8,32.136,13.512001,-8.728001,none,8,3.0,26955.0,200878.0,68407.0,211680.0,70515.0
2026-04-14 18:04:17.391364,719736,1609507351024994,4950994699,-0.286944,-0.75152,-0.568032,-3.7975,1.98625,-10.01,32.136,13.512001,-8.728001,none,8,3.0,26955.0,200878.0,68407.0,211680.0,70515.0
2026-04-14 18:04:17.420054,719737,1609507351039497,4951009611,-0.306464,-0.69296,-0.525088,-1.25125,1.42625,-9.33625,31.392002,14.160001,-9.488001,none,8,3.0,26955.0,200878.0,68407.0,211680.0,70515.0
2026-04-14 18:04:17.422607,719738,1609507351048535,4951018381,-0.306464,-0.69296,-0.525088,-0.3325,0.34125,-8.8025,31.392002,14.160001,-9.488001,none,8,3.0,26955.0,200878.0,68407.0,211680.0,70515.0
2026-04-14 18:04:17.425114,719739,1609507351057464,4951027071,-0.32208,-0.757376,-0.76128,-1.30375,-0.18375,-8.61,31.432001,13.488001,-8.712001,none,8,3.0,26955.0,200878.0,68407.0,211680.0,70515.0
2026-04-14 18:04:17.476999,719750,1609507351072147,4951042052,-0.32208,-0.757376,-0.76128,-3.96375,-0.875,-8.28625,31.432001,13.488001,-8.712001,none,8,3.0,26924.0,200536.0,68328.0,211284.0,70430.0
2026-04-14 18:04:17.480055,719751,1609507351081208,4951050704,-0.3416,-0.753472,-0.618784,-5.10125,-2.37125,-7.98,32.096,13.480001,-10.440001,none,8,3.0,26924.0,200536.0,68328.0,211284.0,70430.0
2026-04-14 18:04:17.482630,719752,1609507351095667,4951065629,-0.279136,-0.765184,-0.54656,-3.47375,-2.1875,-7.06125,32.096,13.480001,-8.392,none,8,3.0,26924.0,200536.0,68328.0,211284.0,70430.0
2026-04-14 18:04:17.485007,719753,1609507351104606,4951074337,-0.275232,-0.765184,-0.54656,-1.54875,-2.1525,-5.915,32.04,13.344001,-10.192,none,8,3.0,26924.0,200536.0,68328.0,211284.0,70430.0
2026-04-14 18:04:17.487579,719754,1609507351119169,4951089241,-0.304512,-0.728096,-0.542656,-0.3675,-2.7825,-4.83,32.08,14.080001,-10.424001,none,8,3.0,26924.0,200536.0,68328.0,211284.0,70430.0
2026-04-14 18:04:17.490051,719755,1609507351128157,4951097992,-0.304512,-0.728096,-0.542656,0.245,-3.40375,-3.8325,32.08,14.080001,-10.424001,none,8,3.0,26924.0,200536.0,68328.0,211284.0,70430.0
2026-04-14 18:04:17.493583,719756,1609507351137106,4951106738,-0.36112,-0.733952,-0.778848,0.56,-3.3425,-3.2025,31.776001,14.080001,-9.280001,none,8,3.0,26924.0,200536.0,68328.0,211284.0,70430.0
2026-04-14 18:04:17.509662,719757,1609507351151673,4951121632,-0.36112,-0.733952,-0.778848,-1.1725,-3.9025,-3.29,31.776001,14.080001,-9.280001,none,8,3.0,26924.0,200536.0,68328.0,211284.0,70430.0
2026-04-14 18:04:17.518799,719758,1609507351160786,4951130346,-0.30256,-0.755424,-0.534848,-3.92,-4.22625,-3.4825,31.736002,13.136001,-10.064,none,8,3.0,26924.0,200536.0,68328.0,211284.0,70430.0
2026-04-14 18:04:17.545728,719769,1609507351175354,4951145323,-0.30256,-0.755424,-0.534848,-5.4075,-4.935,-2.9575,31.736002,13.136001,-10.064,none,8,3.0,26960.0,199969.0,68317.0,210679.0,70436.0
2026-04-14 18:04:17.548678,719770,1609507351184316,4951154059,-0.316224,-0.778848,-0.7808,-4.29625,-4.655,-2.72125,30.864002,14.072001,-5.672,none,8,3.0,26960.0,199969.0,68317.0,210679.0,70436.0
2026-04-14 18:04:17.551197,719771,1609507351193371,4951162822,-0.316224,-0.778848,-0.7808,-2.40625,-4.165,-2.38875,30.864002,14.072001,-5.672,none,8,3.0,26960.0,199969.0,68317.0,210679.0,70436.0
2026-04-14 18:04:17.566260,719772,1609507351207935,4951177717,-0.281088,-0.76128,-0.620736,-0.70875,-3.59625,-2.45875,31.528002,13.792001,-9.208,none,8,3.0,26960.0,199969.0,68317.0,210679.0,70436.0
2026-04-14 18:04:17.573783,719773,1609507351216917,4951186437,-0.355264,-0.757376,-0.739808,-1.68875,-4.0775,-3.29875,30.856,13.888001,-8.944,none,8,3.0,26960.0,199969.0,68317.0,210679.0,70436.0
2026-04-14 18:04:17.590002,719774,1609507351231433,4951201342,-0.355264,-0.757376,-0.739808,-1.19,-3.85,-3.77125,30.856,13.888001,-8.944,none,8,3.0,26960.0,199969.0,68317.0,210679.0,70436.0
2026-04-14 18:04:17.597586,719775,1609507351240377,4951210067,-0.333792,-0.753472,-0.714432,-0.51625,-2.065,-4.20875,31.328001,14.120001,-8.888001,none,8,3.0,26960.0,199969.0,68317.0,210679.0,70436.0
2026-04-14 18:04:17.614121,719776,1609507351254904,4951224967,-0.333792,-0.753472,-0.714432,-2.0125,-0.4725,-4.89125,31.328001,14.120001,-8.888001,none,8,3.0,26960.0,199969.0,68317.0,210679.0,70436.0
2026-04-14 18:04:17.642999,719787,1609507351264465,4951233820,-0.398208,-0.763232,-0.735904,-4.36625,0.1225,-6.81625,31.080002,13.704,-10.152,none,8,3.0,26993.0,199774.0,68327.0,210404.0,70440.0
2026-04-14 18:04:17.645863,719788,1609507351273521,4951242673,-0.398208,-0.763232,-0.735904,-5.1275,0.2975,-7.49,31.080002,13.704,-10.152,none,8,3.0,26993.0,199774.0,68327.0,210404.0,70440.0
2026-04-14 18:04:17.648293,719789,1609507351288146,4951257647,-0.320128,-0.802272,-0.681248,-5.6875,-0.97125,-8.16375,32.288002,13.960001,-10.008,none,8,3.0,26993.0,199774.0,68327.0,210404.0,70440.0
2026-04-14 18:04:17.653367,719790,1609507351297146,4951266341,-0.247904,-0.8296,-0.612928,-5.8275,-1.96,-9.1,32.288002,13.960001,-11.264001,none,8,3.0,26993.0,199774.0,68327.0,210404.0,70440.0
2026-04-14 18:04:17.665943,719791,1609507351306066,4951275048,-0.247904,-0.8296,-0.612928,-4.08625,-0.06125,-10.35125,32.128002,14.192,-11.264001,none,8,3.0,26993.0,199774.0,68327.0,210404.0,70440.0
2026-04-14 18:04:17.675887,719792,1609507351320574,4951289873,-0.236192,-0.806176,-0.655872,-1.84625,2.86125,-11.3925,32.008003,14.232,-10.128,none,8,3.0,26993.0,199774.0,68327.0,210404.0,70440.0
2026-04-14 18:04:17.687305,719793,1609507351329558,4951298724,-0.236192,-0.806176,-0.655872,-0.1925,5.5475,-11.9,32.008003,14.232,-10.128,none,8,3.0,26993.0,199774.0,68327.0,210404.0,70440.0
2026-04-14 18:04:17.700973,719794,1609507351344077,4951313627,-0.279136,-0.755424,-0.571936,0.09625,7.28,-13.51,30.240002,15.000001,-8.112,none,8,3.0,26993.0,199774.0,68327.0,210404.0,70440.0
2026-04-14 18:04:17.714038,719795,1609507351353149,4951322308,-0.279136,-0.755424,-0.571936,-4.48875,8.04125,-14.5775,30.240002,15.000001,-8.112,none,8,3.0,26993.0,199774.0,68327.0,210404.0,70440.0
2026-04-14 18:04:17.767291,719806,1609507351367823,4951337244,-0.286944,-0.788608,-0.640256,-7.4725,8.07625,-16.14375,31.496002,14.408001,-10.504001,none,8,3.0,27037.0,199459.0,68344.0,210012.0,70485.0
2026-04-14 18:04:17.792156,719807,1609507351376844,4951345996,-0.286944,-0.788608,-0.640256,-5.31125,8.47875,-16.66875,31.496002,14.408001,-10.504001,none,8,3.0,27037.0,199459.0,68344.0,210012.0,70485.0
2026-04-14 18:04:17.818004,719808,1609507351385795,4951354688,-0.3416,-0.724192,-0.648064,-2.68625,8.61,-17.15875,31.008001,14.376,-9.376,none,8,3.0,27037.0,199459.0,68344.0,210012.0,70485.0
2026-04-14 18:04:17.819498,719809,1609507351400272,4951369605,-0.374784,-0.64416,-0.571936,-0.23625,8.7675,-17.43,30.728,15.056001,-9.384001,none,8,3.0,27037.0,199459.0,68344.0,210012.0,70485.0
2026-04-14 18:04:17.824634,719810,1609507351409329,4951378304,-0.374784,-0.64416,-0.571936,1.18125,8.86375,-18.03375,30.728,15.056001,-9.384001,none,8,3.0,27037.0,199459.0,68344.0,210012.0,70485.0
2026-04-14 18:04:17.827134,719811,1609507351423912,4951393199,-0.365024,-0.685152,-0.587552,0.14,7.98875,-18.147501,31.000002,15.024001,-9.624001,none,8,3.0,27037.0,199459.0,68344.0,210012.0,70485.0
2026-04-14 18:04:17.829602,719812,1609507351432802,4951401910,-0.365024,-0.685152,-0.587552,-0.3675,7.35,-18.147501,31.000002,15.024001,-9.624001,none,8,3.0,27037.0,199459.0,68344.0,210012.0,70485.0
2026-04-14 18:04:17.832117,719813,1609507351447277,4951416777,-0.37088,-0.687104,-0.735904,0.9625,6.2825,-17.38625,30.592001,15.320001,-10.832001,none,8,3.0,27037.0,199459.0,68344.0,210012.0,70485.0
2026-04-14 18:04:17.834611,719814,1609507351456210,4951425479,-0.37088,-0.687104,-0.735904,2.65125,5.64375,-15.408751,30.592001,15.320001,-10.832001,none,8,3.0,27037.0,199459.0,68344.0,210012.0,70485.0
2026-04-14 18:04:17.862248,719825,1609507351465564,4951434235,-0.320128,-0.691008,-0.599264,2.19625,5.1625,-14.6825,31.528002,15.256001,-10.856001,none,8,3.0,27009.0,200712.0,68281.0,211482.0,70332.0
2026-04-14 18:04:17.865024,719826,1609507351480439,4951449398,-0.335744,-0.743712,-0.681248,1.58375,4.2525,-13.23875,31.104002,15.080001,-10.792001,none,8,3.0,27009.0,200712.0,68281.0,211482.0,70332.0
2026-04-14 18:04:17.867212,719827,1609507351489987,4951460206,-0.335744,-0.743712,-0.681248,-0.04375,3.40375,-11.3225,31.104002,15.080001,-10.792001,none,8,3.0,27009.0,200712.0,68281.0,211482.0,70332.0
2026-04-14 18:04:17.870073,719828,1609507351498930,4951468914,-0.216672,-0.806176,-0.677344,0.00875,1.86375,-8.98625,31.472002,15.192,-10.320001,none,8,3.0,27009.0,200712.0,68281.0,211482.0,70332.0
2026-04-14 18:04:17.872619,719829,1609507351513480,4951483803,-0.216672,-0.806176,-0.677344,2.38,2.0125,-5.6525,31.472002,15.192,-10.320001,none,8,3.0,27009.0,200712.0,68281.0,211482.0,70332.0
2026-04-14 18:04:17.880083,719830,1609507351522459,4951492534,-0.244,-0.767136,-0.700768,3.2725,3.12375,-2.7825,31.632002,15.440001,-10.576,none,8,3.0,27009.0,200712.0,68281.0,211482.0,70332.0
2026-04-14 18:04:17.892168,719831,1609507351536943,4951505379,-0.244,-0.767136,-0.700768,0.84875,2.485,-0.8575,31.632002,15.440001,-10.576,none,8,3.0,27009.0,200712.0,68281.0,211482.0,70332.0
2026-04-14 18:04:17.912592,719832,1609507351546178,4951516145,-0.2928,-0.782752,-0.813984,-4.78625,1.2775,0.65625,30.648,15.280001,-12.184001,none,8,3.0,27009.0,200712.0,68281.0,211482.0,70332.0
2026-04-14 18:04:17.922613,719833,1609507351555098,4951524845,-0.2928,-0.782752,-0.813984,-9.2225,-0.2625,1.58375,30.648,15.280001,-12.184001,none,8,3.0,27009.0,200712.0,68281.0,211482.0,70332.0
2026-04-14 18:04:17.944751,719844,1609507351569965,4951539879,-0.269376,-0.755424,-0.564128,-11.19125,-1.8025,2.24875,31.464,15.096001,-10.616,none,8,3.0,27075.0,199367.0,68283.0,209981.0,70339.0
2026-04-14 18:04:17.947536,719845,1609507351578894,4951548622,-0.226432,-0.774944,-0.646112,-11.165,-2.12625,3.535,31.464,15.096001,-8.568001,none,8,3.0,27075.0,199367.0,68283.0,209981.0,70339.0
2026-04-14 18:04:17.952566,719846,1609507351593433,4951563552,-0.226432,-0.774944,-0.646112,-9.7125,-1.085,4.55,31.440002,14.896001,-8.568001,none,8,3.0,27075.0,199367.0,68283.0,209981.0,70339.0
2026-04-14 18:04:17.959650,719847,1609507351602386,4951572261,-0.37088,-0.708576,-0.733952,-8.39125,0.1575,5.1975,31.424002,15.008,-10.0,none,8,3.0,27075.0,199367.0,68283.0,209981.0,70339.0
2026-04-14 18:04:17.975958,719848,1609507351616906,4951587191,-0.37088,-0.708576,-0.733952,-7.07,0.8575,5.8625,31.424002,15.008,-10.0,none,8,3.0,27075.0,199367.0,68283.0,209981.0,70339.0
2026-04-14 18:04:17.983756,719849,1609507351625821,4951596010,-0.386496,-0.706624,-0.732,-7.06125,1.14625,5.145,31.640001,15.176001,-9.320001,none,8,3.0,27075.0,199367.0,68283.0,209981.0,70339.0
2026-04-14 18:04:17.995181,719850,1609507351634894,4951604706,-0.386496,-0.706624,-0.732,-6.0725,0.7175,4.89125,31.640001,15.176001,-9.320001,none,8,3.0,27075.0,199367.0,68283.0,209981.0,70339.0
2026-04-14 18:04:18.028727,719851,1609507351649412,4951619647,-0.324032,-0.689056,-0.530944,-4.935,0.63,4.2,30.376001,15.040001,-10.976001,none,8,3.0,27075.0,199367.0,68283.0,209981.0,70339.0
2026-04-14 18:04:18.031254,719852,1609507351658327,4951628312,-0.324032,-0.689056,-0.530944,-4.03375,-0.00875,3.38625,30.376001,15.040001,-10.976001,none,8,3.0,27075.0,199367.0,68283.0,209981.0,70339.0
2026-04-14 18:04:18.058606,719863,1609507351672917,4951643278,-0.290848,-0.714432,-0.54656,-2.555,-1.12875,3.3075,31.472002,14.616001,-11.032001,none,8,3.0,27084.0,198651.0,68251.0,209174.0,70333.0
2026-04-14 18:04:18.061015,719864,1609507351681940,4951652019,-0.267424,-0.75152,-0.542656,-2.07375,-1.53125,2.9225,31.408,14.776001,-10.568001,none,8,3.0,27084.0,198651.0,68251.0,209174.0,70333.0
2026-04-14 18:04:18.063796,719865,1609507351696534,4951664942,-0.267424,-0.75152,-0.542656,-1.995,-2.17,2.42375,31.408,14.776001,-10.568001,none,8,3.0,27084.0,198651.0,68251.0,209174.0,70333.0
2026-04-14 18:04:18.066357,719866,1609507351705776,4951675707,-0.357216,-0.743712,-0.724192,-0.20125,-2.8875,1.6625,31.632002,14.360001,-11.104,none,8,3.0,27084.0,198651.0,68251.0,209174.0,70333.0
2026-04-14 18:04:18.070928,719867,1609507351714856,4951684494,-0.357216,-0.743712,-0.724192,1.645,-2.7475,0.90125,31.632002,14.360001,-11.104,none,8,3.0,27084.0,198651.0,68251.0,209174.0,70333.0
2026-04-14 18:04:18.088983,719868,1609507351729354,4951699406,-0.3416,-0.76128,-0.80032,1.61875,-3.82375,0.8575,31.592001,14.632001,-10.864,none,8,3.0,27084.0,198651.0,68251.0,209174.0,70333.0
2026-04-14 18:04:18.098629,719869,1609507351738269,4951708080,-0.3416,-0.76128,-0.80032,-0.46375,-4.64625,0.7175,31.592001,14.632001,-10.864,none,8,3.0,27084.0,198651.0,68251.0,209174.0,70333.0
2026-04-14 18:04:18.109519,719870,1609507351752879,4951723052,-0.284992,-0.817888,-0.806176,-1.9775,-4.1825,0.14875,30.976002,14.648001,-10.664001,none,8,3.0,27084.0,198651.0,68251.0,209174.0,70333.0
2026-04-14 18:04:18.136292,719871,1609507351761993,4951731751,-0.308416,-0.788608,-0.640256,-3.05375,-3.43,-0.105,30.768002,14.664001,-10.160001,none,8,3.0,27084.0,198651.0,68251.0,209174.0,70333.0
2026-04-14 18:04:18.191922,719882,1609507351771083,4951740757,-0.308416,-0.788608,-0.640256,-4.725,-2.7825,0.02625,30.768002,14.664001,-10.160001,none,8,3.0,27097.0,198753.0,68243.0,209318.0,70285.0
2026-04-14 18:04:18.194331,719883,1609507351785594,4951755694,-0.294752,-0.776896,-0.6344,-5.2675,-1.61875,0.00875,31.648,14.528001,-10.648001,none,8,3.0,27097.0,198753.0,68243.0,209318.0,70285.0
2026-04-14 18:04:18.196904,719884,1609507351794774,4951764579,-0.294752,-0.776896,-0.6344,-5.57375,-1.26875,0.14,31.648,14.528001,-10.648001,none,8,3.0,27097.0,198753.0,68243.0,209318.0,70285.0
2026-04-14 18:04:18.201678,719885,1609507351809289,4951779512,-0.337696,-0.759328,-0.694912,-6.06375,-0.6125,0.13125,31.952002,14.712001,-10.056001,none,8,3.0,27097.0,198753.0,68243.0,209318.0,70285.0
2026-04-14 18:04:18.203090,719886,1609507351818381,4951788217,-0.337696,-0.759328,-0.694912,-6.34375,1.0675,-0.7525,31.952002,14.712001,-10.056001,none,8,3.0,27097.0,198753.0,68243.0,209318.0,70285.0
2026-04-14 18:04:18.206186,719887,1609507351827331,4951796926,-0.33184,-0.755424,-0.749568,-6.44875,2.14375,-0.67375,31.36,14.440001,-11.112,none,8,3.0,27097.0,198753.0,68243.0,209318.0,70285.0
2026-04-14 18:04:18.208574,719888,1609507351841830,4951811950,-0.30256,-0.767136,-0.730048,-7.945,2.91375,-1.1375,30.816002,14.912001,-10.496,none,8,3.0,27097.0,198753.0,68243.0,209318.0,70285.0
2026-04-14 18:04:18.210887,719889,1609507351850953,4951820699,-0.30256,-0.767136,-0.730048,-9.26625,3.59625,-1.77625,30.816002,14.912001,-10.496,none,8,3.0,27097.0,198753.0,68243.0,209318.0,70285.0
2026-04-14 18:04:18.247553,719900,1609507351865640,4951835682,-0.290848,-0.739808,-0.538752,-9.09125,4.40125,-2.61625,31.240002,14.64,-10.048,none,8,3.0,27181.0,197874.0,68284.0,208323.0,70375.0
2026-04-14 18:04:18.250009,719901,1609507351874706,4951844458,-0.290848,-0.739808,-0.538752,-8.04125,4.43625,-3.115,31.240002,14.64,-10.048,none,8,3.0,27181.0,197874.0,68284.0,208323.0,70375.0
2026-04-14 18:04:18.252578,719902,1609507351883674,4951853253,-0.368928,-0.735904,-0.774944,-6.2475,4.36625,-3.3775,31.608002,14.216001,-11.064,none,8,3.0,27181.0,197874.0,68284.0,208323.0,70375.0
2026-04-14 18:04:18.257327,719903,1609507351898234,4951868221,-0.368928,-0.735904,-0.774944,-4.095,5.22375,-3.78,31.608002,14.216001,-11.064,none,8,3.0,27181.0,197874.0,68284.0,208323.0,70375.0
2026-04-14 18:04:18.265094,719904,1609507351907162,4951877079,-0.374784,-0.718336,-0.747616,-2.02125,5.67,-4.5325,31.416002,14.352,-11.104,none,8,3.0,27181.0,197874.0,68284.0,208323.0,70375.0
2026-04-14 18:04:18.279693,719905,1609507351921747,4951891996,-0.288896,-0.724192,-0.552416,-0.56,5.8275,-5.24125,30.656002,14.832001,-10.360001,none,8,3.0,27181.0,197874.0,68284.0,208323.0,70375.0
2026-04-14 18:04:18.286854,719906,1609507351930724,4951900967,-0.288896,-0.724192,-0.552416,0.23625,5.88,-5.83625,30.656002,14.832001,-10.360001,none,8,3.0,27181.0,197874.0,68284.0,208323.0,70375.0
2026-04-14 18:04:18.302550,719907,1609507351945251,4951913814,-0.316224,-0.724192,-0.607072,0.7175,6.50125,-6.2825,31.384,14.736001,-11.352,none,8,3.0,27181.0,197874.0,68284.0,208323.0,70375.0
2026-04-14 18:04:18.313778,719908,1609507351954655,4951924574,-0.316224,-0.724192,-0.607072,1.61,6.7725,-7.02625,31.384,14.736001,-11.352,none,8,3.0,27181.0,197874.0,68284.0,208323.0,70375.0
2026-04-14 18:04:18.320958,719909,1609507351963704,4951933274,-0.333792,-0.74176,-0.733952,2.63375,6.615,-6.9825,31.696001,14.696001,-11.272,none,8,3.0,27181.0,197874.0,68284.0,208323.0,70375.0
2026-04-14 18:04:18.348823,719920,1609507351978345,4951948312,-0.333792,-0.74176,-0.733952,2.33625,6.51,-6.9125,31.696001,14.696001,-11.272,none,8,3.0,27179.0,198031.0,68303.0,208490.0,70374.0
2026-04-14 18:04:18.350957,719921,1609507351987357,4951957054,-0.26352,-0.80032,-0.784704,2.10875,6.74625,-6.8075,30.952002,14.768001,-10.008,none,8,3.0,27179.0,198031.0,68303.0,208490.0,70374.0
2026-04-14 18:04:18.359711,719922,1609507352001904,4951971957,-0.2928,-0.737856,-0.628544,1.0325,6.4575,-6.825,30.472002,15.024001,-9.768001,none,8,3.0,27179.0,198031.0,68303.0,208490.0,70374.0
2026-04-14 18:04:18.370105,719923,1609507352010910,4951980650,-0.2928,-0.737856,-0.628544,0.6125,6.18625,-6.34375,30.472002,15.024001,-9.768001,none,8,3.0,27179.0,198031.0,68303.0,208490.0,70374.0
2026-04-14 18:04:18.375593,719924,1609507352019837,4951989371,-0.2928,-0.737856,-0.628544,-0.34125,6.5975,-6.65,30.472002,15.024001,-9.768001,none,8,3.0,27179.0,198031.0,68303.0,208490.0,70374.0
2026-04-14 18:04:18.391946,719925,1609507352034374,4952004276,-0.255712,-0.735904,-0.577792,-2.17875,6.3175,-6.55375,30.816002,14.960001,-8.824,none,8,3.0,27179.0,198031.0,68303.0,208490.0,70374.0
2026-04-14 18:04:18.400836,719926,1609507352043349,4952012973,-0.226432,-0.77104,-0.655872,-3.5175,4.9875,-5.775,30.632002,15.296001,-10.224001,none,8,3.0,27179.0,198031.0,68303.0,208490.0,70374.0
2026-04-14 18:04:18.418844,719927,1609507352057901,4952027900,-0.226432,-0.77104,-0.655872,-5.46,4.6725,-5.76625,30.632002,15.296001,-10.224001,none,8,3.0,27179.0,198031.0,68303.0,208490.0,70374.0
2026-04-14 18:04:18.451353,719938,1609507352066808,4952036550,-0.249856,-0.737856,-0.552416,-6.37875,4.41,-5.5825,31.264002,14.6,-11.456,none,8,3.0,27237.0,197608.0,68369.0,207972.0,70440.0
2026-04-14 18:04:18.453832,719939,1609507352076361,4952045358,-0.249856,-0.737856,-0.552416,-5.9675,3.8675,-6.0025,31.264002,14.6,-11.456,none,8,3.0,27237.0,197608.0,68369.0,207972.0,70440.0
2026-04-14 18:04:18.456330,719940,1609507352090893,4952060442,-0.275232,-0.759328,-0.798368,-6.48375,3.99,-5.565,31.328001,14.792001,-11.648001,none,8,3.0,27237.0,197608.0,68369.0,207972.0,70440.0
2026-04-14 18:04:18.458645,719941,1609507352099830,4952069163,-0.275232,-0.759328,-0.798368,-8.155,4.3225,-5.67875,31.328001,14.792001,-11.648001,none,8,3.0,27237.0,197608.0,68369.0,207972.0,70440.0
2026-04-14 18:04:18.472595,719942,1609507352114410,4952084227,-0.259616,-0.733952,-0.552416,-9.31875,4.4625,-5.31125,31.368002,14.856001,-9.384001,none,8,3.0,27237.0,197608.0,68369.0,207972.0,70440.0
2026-04-14 18:04:18.507248,719943,1609507352123399,4952092940,-0.251808,-0.724192,-0.562176,-8.155,4.71625,-5.3025,31.512001,14.592001,-11.664001,none,8,3.0,27237.0,197608.0,68369.0,207972.0,70440.0
2026-04-14 18:04:18.514185,719944,1609507352137903,4952107874,-0.251808,-0.724192,-0.562176,-5.495,5.075,-4.82125,31.512001,14.592001,-11.664001,none,8,3.0,27237.0,197608.0,68369.0,207972.0,70440.0
2026-04-14 18:04:18.516299,719945,1609507352146973,4952116548,-0.222528,-0.755424,-0.694912,-3.5,5.24125,-4.33125,31.488,14.896001,-11.976001,none,8,3.0,27237.0,197608.0,68369.0,207972.0,70440.0
2026-04-14 18:04:18.518514,719946,1609507352156011,4952125269,-0.222528,-0.755424,-0.694912,-2.80875,5.22375,-4.36625,31.488,14.896001,-11.976001,none,8,3.0,27237.0,197608.0,68369.0,207972.0,70440.0
2026-04-14 18:04:18.580636,719957,1609507352171003,4952140753,-0.22448,-0.76128,-0.72224,-1.91625,4.9525,-4.0775,31.368002,14.848001,-12.024,none,8,3.0,27278.0,197560.0,68399.0,207934.0,70501.0
2026-04-14 18:04:18.583200,719958,1609507352179989,4952149432,-0.22448,-0.76128,-0.72224,-0.65625,5.32875,-4.40125,31.368002,14.848001,-12.024,none,8,3.0,27278.0,197560.0,68399.0,207934.0,70501.0
2026-04-14 18:04:18.585793,719959,1609507352194715,4952164360,-0.26352,-0.714432,-0.5856,1.3825,5.59125,-4.59375,31.136002,15.136001,-11.872001,none,8,3.0,27278.0,197560.0,68399.0,207934.0,70501.0
2026-04-14 18:04:18.588196,719960,1609507352203681,4952173061,-0.249856,-0.718336,-0.560224,3.5525,6.46625,-4.165,30.968002,14.848001,-9.280001,none,8,3.0,27278.0,197560.0,68399.0,207934.0,70501.0
2026-04-14 18:04:18.590629,719961,1609507352212692,4952181900,-0.249856,-0.718336,-0.560224,5.60875,6.69375,-4.19125,30.968002,14.848001,-9.280001,none,8,3.0,27278.0,197560.0,68399.0,207934.0,70501.0
2026-04-14 18:04:18.593085,719962,1609507352227205,4952196869,-0.300608,-0.76128,-0.804224,5.8625,5.6175,-3.7275,30.464,15.384001,-10.952001,none,8,3.0,27278.0,197560.0,68399.0,207934.0,70501.0
2026-04-14 18:04:18.595576,719963,1609507352236412,4952205569,-0.300608,-0.76128,-0.804224,6.08125,4.43625,-3.6575,30.464,15.384001,-10.952001,none,8,3.0,27278.0,197560.0,68399.0,207934.0,70501.0
2026-04-14 18:04:18.613737,719964,1609507352250925,4952220594,-0.31232,-0.700768,-0.665632,6.23875,2.94,-3.01875,30.176,15.504001,-10.960001,none,8,3.0,27278.0,197560.0,68399.0,207934.0,70501.0
2026-04-14 18:04:18.616315,719965,1609507352259831,4952229289,-0.31232,-0.700768,-0.665632,5.25,2.16125,-2.65125,30.176,15.504001,-10.960001,none,8,3.0,27278.0,197560.0,68399.0,207934.0,70501.0
2026-04-14 18:04:18.678766,719976,1609507352268851,4952238059,-0.30256,-0.747616,-0.786656,2.21375,0.9625,-3.31625,30.232002,15.304001,-10.872001,none,8,3.0,27293.0,197786.0,68413.0,208194.0,70480.0
2026-04-14 18:04:18.680828,719977,1609507352283879,4952253036,-0.247904,-0.765184,-0.747616,-0.3675,-0.3325,-2.905,30.472002,15.576001,-11.920001,none,8,3.0,27293.0,197786.0,68413.0,208194.0,70480.0
2026-04-14 18:04:18.686250,719978,1609507352292827,4952261758,-0.247904,-0.765184,-0.747616,-1.715,-1.295,-1.89,30.472002,15.576001,-11.920001,none,8,3.0,27293.0,197786.0,68413.0,208194.0,70480.0
2026-04-14 18:04:18.688748,719979,1609507352307349,4952277128,-0.261568,-0.774944,-0.710528,-2.5375,-1.53125,-1.0325,29.792002,15.64,-9.928,none,8,3.0,27293.0,197786.0,68413.0,208194.0,70480.0
2026-04-14 18:04:18.690860,719980,1609507352316410,4952285819,-0.261568,-0.774944,-0.710528,-3.185,-2.765,-1.1025,29.792002,15.64,-9.928,none,8,3.0,27293.0,197786.0,68413.0,208194.0,70480.0
2026-04-14 18:04:18.693199,719981,1609507352325373,4952294527,-0.27328,-0.767136,-0.802272,-2.1175,-4.05125,-0.32375,29.376001,15.344001,-9.936001,none,8,3.0,27293.0,197786.0,68413.0,208194.0,70480.0
2026-04-14 18:04:18.698792,719982,1609507352339868,4952309461,-0.27328,-0.767136,-0.802272,-3.2725,-4.2525,-0.1225,29.376001,15.344001,-9.936001,none,8,3.0,27293.0,197786.0,68413.0,208194.0,70480.0
2026-04-14 18:04:18.706299,719983,1609507352348815,4952318160,-0.304512,-0.724192,-0.665632,-5.83625,-4.47125,0.00875,29.720001,15.256001,-10.56,none,8,3.0,27293.0,197786.0,68413.0,208194.0,70480.0
2026-04-14 18:04:18.720050,719984,1609507352363336,4952333105,-0.304512,-0.724192,-0.755424,-7.105,-4.40125,-0.13125,29.720001,15.256001,-10.56,none,8,3.0,27293.0,197786.0,68413.0,208194.0,70480.0
2026-04-14 18:04:18.753293,719995,1609507352372780,4952341854,-0.247904,-0.782752,-0.755424,-8.77625,-4.305,0.035,31.536001,14.688001,-9.432,none,8,3.0,27348.0,197360.0,68487.0,207684.0,70569.0
2026-04-14 18:04:18.755466,719996,1609507352381761,4952350700,-0.247904,-0.782752,-0.755424,-9.065,-3.92875,-0.48125,31.536001,14.688001,-9.432,none,8,3.0,27348.0,197360.0,68487.0,207684.0,70569.0
2026-04-14 18:04:18.755970,719997,1609507352396322,4952365629,-0.218624,-0.794464,-0.714432,-8.4875,-3.22875,-0.455,30.432001,15.144001,-11.080001,none,8,3.0,27348.0,197360.0,68487.0,207684.0,70569.0
2026-04-14 18:04:18.761144,719998,1609507352405333,4952374412,-0.316224,-0.745664,-0.724192,-7.48125,-2.80875,-0.44625,30.184002,15.040001,-9.888001,none,8,3.0,27348.0,197360.0,68487.0,207684.0,70569.0
2026-04-14 18:04:18.778634,719999,1609507352419836,4952389322,-0.316224,-0.745664,-0.724192,-6.11625,-1.23375,-0.49,30.184002,15.040001,-9.888001,none,8,3.0,27348.0,197360.0,68487.0,207684.0,70569.0
2026-04-14 18:04:18.785984,720000,1609507352428743,4952398019,-0.281088,-0.74176,-0.636352,-4.19125,0.0525,-1.2425,30.496002,15.072001,-11.088,none,8,3.0,27348.0,197360.0,68487.0,207684.0,70569.0
2026-04-14 18:04:18.801303,720001,1609507352443369,4952413097,-0.281088,-0.74176,-0.636352,-3.07125,1.14625,-1.60125,30.496002,15.072001,-11.088,none,8,3.0,27348.0,197360.0,68487.0,207684.0,70569.0
2026-04-14 18:04:18.808679,720002,1609507352452322,4952421846,-0.27328,-0.778848,-0.823744,-1.63625,2.275,-1.365,31.256002,14.456,-12.416,none,8,3.0,27348.0,197360.0,68487.0,207684.0,70569.0
2026-04-14 18:04:18.821307,720003,1609507352461264,4952430534,-0.27328,-0.778848,-0.823744,-0.77875,3.465,-1.75,31.256002,14.456,-12.416,none,8,3.0,27348.0,197360.0,68487.0,207684.0,70569.0
2026-04-14 18:04:18.897560,720014,1609507352475880,4952445634,-0.21472,-0.786656,-0.675392,0.49,3.6225,-2.28375,31.368002,15.136001,-11.776001,none,8,3.0,27408.0,197311.0,68539.0,207641.0,70680.0
2026-04-14 18:04:18.900032,720015,1609507352484943,4952454512,-0.197152,-0.788608,-0.6344,0.9275,4.29625,-2.93125,30.264002,15.216001,-13.968,none,8,3.0,27408.0,197311.0,68539.0,207641.0,70680.0
2026-04-14 18:04:18.902562,720016,1609507352499475,4952469417,-0.197152,-0.788608,-0.6344,0.91,4.27,-3.4475,30.264002,15.216001,-13.968,none,8,3.0,27408.0,197311.0,68539.0,207641.0,70680.0
2026-04-14 18:04:18.905039,720017,1609507352508381,4952478082,-0.265472,-0.79056,-0.831552,0.63,4.0425,-3.3425,29.824001,15.144001,-9.528001,none,8,3.0,27408.0,197311.0,68539.0,207641.0,70680.0
2026-04-14 18:04:18.907606,720018,1609507352517359,4952486797,-0.265472,-0.79056,-0.831552,-0.49,4.6375,-3.91125,29.824001,15.144001,-9.528001,none,8,3.0,27408.0,197311.0,68539.0,207641.0,70680.0
2026-04-14 18:04:18.910046,720019,1609507352531866,4952501716,-0.306464,-0.767136,-0.81008,-1.53125,4.45375,-4.34,29.408,15.352001,-10.048,none,8,3.0,27408.0,197311.0,68539.0,207641.0,70680.0
2026-04-14 18:04:18.912571,720020,1609507352540794,4952510416,-0.306464,-0.767136,-0.81008,-1.7675,4.165,-4.8125,29.408,15.352001,-10.048,none,8,3.0,27408.0,197311.0,68539.0,207641.0,70680.0
2026-04-14 18:04:18.915015,720021,1609507352555488,4952525319,-0.218624,-0.772992,-0.601216,-2.59875,3.49125,-4.90875,29.768002,15.120001,-10.872001,none,8,3.0,27408.0,197311.0,68539.0,207641.0,70680.0
2026-04-14 18:04:18.921323,720022,1609507352564466,4952534115,-0.218624,-0.772992,-0.601216,-3.61375,2.905,-5.04875,29.768002,15.120001,-10.872001,none,8,3.0,27408.0,197311.0,68539.0,207641.0,70680.0
2026-04-14 18:04:18.950748,720033,1609507352579384,4952549080,-0.21472,-0.772992,-0.651968,-3.19375,2.765,-5.39875,30.696001,15.272,-9.400001,none,8,3.0,27461.0,197073.0,68621.0,207343.0,70776.0
2026-04-14 18:04:18.953709,720034,1609507352588309,4952557836,-0.304512,-0.730048,-0.718336,-3.325,2.7125,-5.6175,31.12,15.144001,-11.280001,none,8,3.0,27461.0,197073.0,68621.0,207343.0,70776.0
2026-04-14 18:04:18.956202,720035,1609507352597359,4952566569,-0.304512,-0.730048,-0.718336,-3.78875,2.6775,-5.95,31.12,15.144001,-11.280001,none,8,3.0,27461.0,197073.0,68621.0,207343.0,70776.0
2026-04-14 18:04:18.968654,720036,1609507352611821,4952581573,-0.206912,-0.755424,-0.62464,-4.4275,3.33375,-6.22125,30.744001,15.136001,-9.376,none,8,3.0,27461.0,197073.0,68621.0,207343.0,70776.0
2026-04-14 18:04:18.980025,720037,1609507352620763,4952590288,-0.206912,-0.755424,-0.62464,-4.1825,3.6575,-6.5625,30.744001,15.136001,-9.376,none,8,3.0,27461.0,197073.0,68621.0,207343.0,70776.0
2026-04-14 18:04:18.993801,720038,1609507352635255,4952605171,-0.21472,-0.739808,-0.571936,-3.92875,3.22,-6.69375,30.336002,15.064001,-12.352,none,8,3.0,27461.0,197073.0,68621.0,207343.0,70776.0
2026-04-14 18:04:19.001303,720039,1609507352644213,4952613942,-0.21472,-0.739808,-0.571936,-3.92,3.395,-7.07,30.336002,15.064001,-12.352,none,8,3.0,27461.0,197073.0,68621.0,207343.0,70776.0
2026-04-14 18:04:19.016313,720040,1609507352658721,4952628829,-0.31232,-0.737856,-0.730048,-3.9725,2.82625,-7.5075,31.136002,15.264001,-12.392,none,8,3.0,27461.0,197073.0,68621.0,207343.0,70776.0
2026-04-14 18:04:19.039608,720041,1609507352667851,4952637635,-0.22448,-0.726144,-0.56608,-2.1,3.03625,-6.9825,30.312002,15.392001,-11.120001,none,8,3.0,27461.0,197073.0,68621.0,207343.0,70776.0
2026-04-14 18:04:19.067212,720052,1609507352676953,4952646358,-0.22448,-0.726144,-0.56608,0.60375,3.185,-6.72875,30.312002,15.392001,-11.120001,none,8,3.0,27457.0,197182.0,68636.0,207487.0,70749.0
2026-04-14 18:04:19.069740,720053,1609507352691498,4952661321,-0.228384,-0.728096,-0.564128,1.39125,3.15875,-6.90375,30.936,15.488001,-12.072001,none,8,3.0,27457.0,197182.0,68636.0,207487.0,70749.0
2026-04-14 18:04:19.072285,720054,1609507352700536,4952670092,-0.228384,-0.728096,-0.564128,1.155,2.77375,-7.2975,30.936,15.488001,-12.072001,none,8,3.0,27457.0,197182.0,68636.0,207487.0,70749.0
2026-04-14 18:04:19.074750,720055,1609507352715133,4952685006,-0.232288,-0.743712,-0.56608,0.55125,2.35375,-7.14875,31.328001,15.048,-12.128,none,8,3.0,27457.0,197182.0,68636.0,207487.0,70749.0
2026-04-14 18:04:19.082290,720056,1609507352724110,4952693720,-0.232288,-0.743712,-0.56608,1.05,3.01,-7.13125,31.328001,15.048,-12.128,none,8,3.0,27457.0,197182.0,68636.0,207487.0,70749.0
2026-04-14 18:04:19.091009,720057,1609507352733061,4952702394,-0.284992,-0.71248,-0.642208,1.96875,3.3075,-6.50125,30.744001,15.456,-13.352,none,8,3.0,27457.0,197182.0,68636.0,207487.0,70749.0
2026-04-14 18:04:19.103496,720058,1609507352747673,4952717364,-0.245952,-0.739808,-0.628544,2.54625,2.98375,-5.73125,30.760002,15.152,-13.056001,none,8,3.0,27457.0,197182.0,68636.0,207487.0,70749.0
2026-04-14 18:04:19.113489,720059,1609507352756621,4952726098,-0.245952,-0.739808,-0.628544,1.23375,2.82625,-5.38125,30.760002,15.152,-13.056001,none,8,3.0,27457.0,197182.0,68636.0,207487.0,70749.0
2026-04-14 18:04:19.155853,720070,1609507352771399,4952741035,-0.28304,-0.759328,-0.806176,-0.56875,2.2225,-4.52375,31.024002,15.488001,-12.272,none,8,3.0,27470.0,197415.0,68631.0,207768.0,70733.0
2026-04-14 18:04:19.158355,720071,1609507352780395,4952749876,-0.28304,-0.759328,-0.806176,-1.47875,1.2425,-3.33375,31.024002,15.488001,-12.272,none,8,3.0,27470.0,197415.0,68631.0,207768.0,70733.0
2026-04-14 18:04:19.160911,720072,1609507352789337,4952758643,-0.281088,-0.74176,-0.80032,-1.2775,0.44625,-3.17625,30.208002,15.68,-11.512,none,8,3.0,27470.0,197415.0,68631.0,207768.0,70733.0
2026-04-14 18:04:19.163311,720073,1609507352803842,4952773614,-0.281088,-0.74176,-0.80032,-1.89,0.20125,-2.44125,30.208002,15.68,-11.512,none,8,3.0,27470.0,197415.0,68631.0,207768.0,70733.0
2026-04-14 18:04:19.170926,720074,1609507352812818,4952782304,-0.222528,-0.733952,-0.571936,-3.9025,-0.00875,-1.93375,30.072,15.224001,-11.544001,none,8,3.0,27470.0,197415.0,68631.0,207768.0,70733.0
2026-04-14 18:04:19.183490,720075,1609507352827415,4952797274,-0.290848,-0.728096,-0.75152,-4.27,0.2625,-2.02125,30.064001,15.184001,-11.8,none,8,3.0,27470.0,197415.0,68631.0,207768.0,70733.0
2026-04-14 18:04:19.193352,720076,1609507352836520,4952805973,-0.290848,-0.728096,-0.75152,-4.515,-0.14875,-0.98875,30.064001,15.184001,-11.8,none,8,3.0,27470.0,197415.0,68631.0,207768.0,70733.0
2026-04-14 18:04:19.208499,720077,1609507352851023,4952820910,-0.27328,-0.708576,-0.601216,-4.83,-0.385,-0.16625,31.240002,15.320001,-12.624001,none,8,3.0,27470.0,197415.0,68631.0,207768.0,70733.0
2026-04-14 18:04:19.237107,720078,1609507352859973,4952829617,-0.27328,-0.708576,-0.601216,-5.39875,-0.8575,0.14875,31.240002,15.320001,-12.624001,none,8,3.0,27470.0,197415.0,68631.0,207768.0,70733.0
2026-04-14 18:04:19.262450,720079,1609507352869104,4952838421,-0.208864,-0.74176,-0.56608,-7.25375,-1.8375,0.525,30.024002,15.696001,-10.624001,none,8,3.0,27470.0,197415.0,68631.0,207768.0,70733.0
2026-04-14 18:04:19.319567,720090,1609507352883740,4952853369,-0.208864,-0.74176,-0.56608,-7.77875,-2.7825,0.86625,30.024002,15.696001,-10.624001,none,8,3.0,27497.0,197011.0,68705.0,207305.0,70829.0
2026-04-14 18:04:19.326493,720091,1609507352892672,4952862059,-0.28304,-0.732,-0.714432,-7.35875,-2.695,1.4875,30.184002,15.688001,-10.280001,none,8,3.0,27497.0,197011.0,68705.0,207305.0,70829.0
2026-04-14 18:04:19.326623,720092,1609507352907173,4952876966,-0.28304,-0.747616,-0.74176,-7.00875,-2.26625,1.4875,30.184002,15.688001,-10.280001,none,8,3.0,27497.0,197011.0,68705.0,207305.0,70829.0
2026-04-14 18:04:19.327247,720093,1609507352916144,4952885675,-0.269376,-0.747616,-0.74176,-6.335,-1.47,1.72375,29.680002,15.672001,-11.024,none,8,3.0,27497.0,197011.0,68705.0,207305.0,70829.0
2026-04-14 18:04:19.329323,720094,1609507352925220,4952894462,-0.269376,-0.747616,-0.74176,-5.4425,-1.12,1.68875,29.680002,15.672001,-11.024,none,8,3.0,27497.0,197011.0,68705.0,207305.0,70829.0
2026-04-14 18:04:19.331919,720095,1609507352939757,4952909347,-0.275232,-0.75152,-0.698816,-5.38125,-1.0325,2.05625,29.632002,15.472001,-11.184001,none,8,3.0,27497.0,197011.0,68705.0,207305.0,70829.0
2026-04-14 18:04:19.340035,720096,1609507352948705,4952918023,-0.25376,-0.769088,-0.8296,-5.215,-0.91875,2.03875,30.136002,15.320001,-11.328,none,8,3.0,27497.0,197011.0,68705.0,207305.0,70829.0
2026-04-14 18:04:19.342001,720097,1609507352963196,4952933005,-0.25376,-0.769088,-0.8296,-4.99625,-0.77875,2.205,30.136002,15.320001,-11.328,none,8,3.0,27497.0,197011.0,68705.0,207305.0,70829.0
2026-04-14 18:04:19.370034,720108,1609507352972554,4952941709,-0.275232,-0.739808,-0.651968,-5.46,-0.28,1.8725,30.424002,15.016001,-11.280001,none,8,3.0,27527.0,196964.0,68746.0,207234.0,70857.0
2026-04-14 18:04:19.372503,720109,1609507352981566,4952950448,-0.275232,-0.739808,-0.651968,-5.985,0.07875,0.83125,30.424002,15.016001,-11.280001,none,8,3.0,27527.0,196964.0,68746.0,207234.0,70857.0
2026-04-14 18:04:19.375100,720110,1609507352996121,4952965461,-0.216672,-0.784704,-0.694912,-5.87125,0.28875,0.8575,30.328001,15.360001,-11.232,none,8,3.0,27527.0,196964.0,68746.0,207234.0,70857.0
2026-04-14 18:04:19.377477,720111,1609507353005123,4952974199,-0.216672,-0.784704,-0.694912,-5.76625,0.595,0.55125,30.328001,15.360001,-11.232,none,8,3.0,27527.0,196964.0,68746.0,207234.0,70857.0
2026-04-14 18:04:19.380061,720112,1609507353019797,4952989171,-0.251808,-0.788608,-0.825696,-5.25,-0.42,-0.105,30.144001,15.080001,-11.656,none,8,3.0,27527.0,196964.0,68746.0,207234.0,70857.0
2026-04-14 18:04:19.386272,720113,1609507353028780,4952997967,-0.222528,-0.769088,-0.657824,-4.99625,-0.51625,-0.48125,31.152002,14.464001,-11.568001,none,8,3.0,27527.0,196964.0,68746.0,207234.0,70857.0
2026-04-14 18:04:19.400066,720114,1609507353043297,4953012872,-0.222528,-0.769088,-0.657824,-5.005,-0.385,-1.4875,31.152002,14.464001,-11.568001,none,8,3.0,27527.0,196964.0,68746.0,207234.0,70857.0
2026-04-14 18:04:19.410726,720115,1609507353052190,4953021545,-0.30256,-0.732,-0.669536,-5.4075,-0.53375,-2.5025,31.032001,14.832001,-12.344001,none,8,3.0,27527.0,196964.0,68746.0,207234.0,70857.0
2026-04-14 18:04:19.420683,720116,1609507353061117,4953030311,-0.30256,-0.732,-0.669536,-5.38125,-1.19,-2.9575,31.032001,14.832001,-12.344001,none,8,3.0,27527.0,196964.0,68746.0,207234.0,70857.0
2026-04-14 18:04:19.456286,720127,1609507353076125,4953045607,-0.212768,-0.7808,-0.659776,-4.43625,-1.6625,-3.87625,31.144001,14.496,-12.456,none,8,3.0,27530.0,197051.0,68737.0,207356.0,70857.0
2026-04-14 18:04:19.458622,720128,1609507353085347,4953054319,-0.212768,-0.7808,-0.659776,-3.68375,-1.8375,-4.76,31.144001,14.496,-12.456,none,8,3.0,27530.0,197051.0,68737.0,207356.0,70857.0
2026-04-14 18:04:19.460870,720129,1609507353099879,4953069278,-0.304512,-0.743712,-0.76128,-3.6575,-1.89875,-5.94125,30.336002,15.512001,-10.312,none,8,3.0,27530.0,197051.0,68737.0,207356.0,70857.0
2026-04-14 18:04:19.466279,720130,1609507353108857,4953077999,-0.232288,-0.74176,-0.601216,-2.835,-1.26875,-6.965,29.544,15.736001,-8.936001,none,8,3.0,27530.0,197051.0,68737.0,207356.0,70857.0
2026-04-14 18:04:19.473242,720131,1609507353117789,4953086743,-0.232288,-0.74176,-0.601216,-2.03,-0.14875,-8.40875,29.544,15.736001,-8.936001,none,8,3.0,27530.0,197051.0,68737.0,207356.0,70857.0
2026-04-14 18:04:19.490064,720132,1609507353132301,4953101651,-0.22448,-0.728096,-0.57584,0.18375,0.35875,-9.5725,31.184002,14.752001,-12.168,none,8,3.0,27530.0,197051.0,68737.0,207356.0,70857.0
2026-04-14 18:04:19.498770,720133,1609507353141226,4953110355,-0.22448,-0.728096,-0.57584,0.48125,0.035,-10.68375,31.184002,14.752001,-12.168,none,8,3.0,27530.0,197051.0,68737.0,207356.0,70857.0
2026-04-14 18:04:19.511995,720134,1609507353155877,4953125274,-0.275232,-0.74176,-0.661728,0.3325,-0.0175,-11.24375,30.12,15.632001,-11.240001,none,8,3.0,27530.0,197051.0,68737.0,207356.0,70857.0
2026-04-14 18:04:19.522483,720135,1609507353164847,4953133982,-0.275232,-0.74176,-0.661728,-0.07,0.5775,-12.0225,30.12,15.632001,-11.240001,none,8,3.0,27530.0,197051.0,68737.0,207356.0,70857.0
2026-04-14 18:04:19.556274,720146,1609507353179425,4953148916,-0.245952,-0.70272,-0.599264,1.44375,0.7175,-12.355001,31.088001,15.304001,-11.824,none,8,3.0,27565.0,197046.0,68727.0,207318.0,70882.0
2026-04-14 18:04:19.558620,720147,1609507353188435,4953157661,-0.245952,-0.70272,-0.599264,2.625,1.2775,-12.32,31.088001,15.304001,-11.824,none,8,3.0,27565.0,197046.0,68727.0,207318.0,70882.0
2026-04-14 18:04:19.561308,720148,1609507353197374,4953166392,-0.275232,-0.737856,-0.825696,1.28625,0.805,-12.11875,30.184002,15.68,-11.608001,none,8,3.0,27565.0,197046.0,68727.0,207318.0,70882.0
2026-04-14 18:04:19.571292,720149,1609507353211993,4953181340,-0.265472,-0.720288,-0.689056,0.98875,0.18375,-11.935,30.096,15.616001,-12.416,none,8,3.0,27565.0,197046.0,68727.0,207318.0,70882.0
2026-04-14 18:04:19.578620,720150,1609507353220920,4953190084,-0.265472,-0.720288,-0.689056,1.02375,0.3675,-11.64625,30.096,15.616001,-12.416,none,8,3.0,27565.0,197046.0,68727.0,207318.0,70882.0
2026-04-14 18:04:19.619988,720151,1609507353235458,4953205037,-0.238144,-0.749568,-0.813984,1.18125,0.98875,-10.386251,31.168001,15.664001,-12.416,none,8,3.0,27565.0,197046.0,68727.0,207318.0,70882.0
2026-04-14 18:04:19.625101,720152,1609507353244476,4953213735,-0.238144,-0.749568,-0.813984,0.7,1.60125,-9.3625,31.168001,15.664001,-12.416,none,8,3.0,27565.0,197046.0,68727.0,207318.0,70882.0
2026-04-14 18:04:19.626912,720153,1609507353253387,4953222439,-0.179584,-0.724192,-0.558272,0.14875,2.05625,-8.19,29.848001,16.296001,-11.552001,none,8,3.0,27565.0,197046.0,68727.0,207318.0,70882.0
2026-04-14 18:04:19.630023,720154,1609507353267995,4953237362,-0.179584,-0.724192,-0.558272,0.175,2.0825,-7.21875,29.848001,16.296001,-11.552001,none,8,3.0,27565.0,197046.0,68727.0,207318.0,70882.0
2026-04-14 18:04:19.662585,720165,1609507353277645,4953246224,-0.206912,-0.749568,-0.79056,-0.735,1.44375,-6.0725,30.312002,16.072,-10.6,none,8,3.0,27581.0,197112.0,68771.0,207385.0,70944.0
2026-04-14 18:04:19.665049,720166,1609507353292729,4953261272,-0.247904,-0.749568,-0.81008,-1.47,0.6825,-5.01375,29.256,16.296001,-10.496,none,8,3.0,27581.0,197112.0,68771.0,207385.0,70944.0
2026-04-14 18:04:19.667576,720167,1609507353302082,4953272118,-0.247904,-0.749568,-0.81008,-2.4675,0.35875,-4.01625,29.256,16.296001,-10.496,none,8,3.0,27581.0,197112.0,68771.0,207385.0,70944.0
2026-04-14 18:04:19.670045,720168,1609507353311104,4953280881,-0.171776,-0.753472,-0.642208,-3.10625,0.02625,-3.0975,29.048002,16.2,-10.672001,none,8,3.0,27581.0,197112.0,68771.0,207385.0,70944.0
2026-04-14 18:04:19.682601,720169,1609507353325590,4953295804,-0.171776,-0.753472,-0.642208,-3.94625,-1.1375,-2.37125,29.048002,16.2,-10.672001,none,8,3.0,27581.0,197112.0,68771.0,207385.0,70944.0
2026-04-14 18:04:19.693376,720170,1609507353334481,4953304556,-0.281088,-0.739808,-0.8296,-4.03375,-1.51375,-1.88125,30.688002,15.696001,-12.656,none,8,3.0,27581.0,197112.0,68771.0,207385.0,70944.0
2026-04-14 18:04:19.706246,720171,1609507353348983,4953317397,-0.281088,-0.739808,-0.8296,-3.465,-2.87875,-1.14625,30.688002,15.696001,-12.656,none,8,3.0,27581.0,197112.0,68771.0,207385.0,70944.0
2026-04-14 18:04:19.716259,720172,1609507353358365,4953328186,-0.18544,-0.77104,-0.76128,-3.14125,-3.91125,-0.44625,30.720001,15.960001,-13.192,none,8,3.0,27581.0,197112.0,68771.0,207385.0,70944.0
2026-04-14 18:04:19.723327,720173,1609507353367331,4953336895,-0.18544,-0.77104,-0.76128,-4.38375,-4.34,-0.28,30.720001,15.960001,-13.192,none,8,3.0,27581.0,197112.0,68771.0,207385.0,70944.0
2026-04-14 18:04:19.757279,720184,1609507353382056,4953351904,-0.230336,-0.728096,-0.648064,-4.38375,-3.85875,0.63,30.744001,15.440001,-12.232,none,8,3.0,27594.0,196559.0,68810.0,206770.0,70996.0
2026-04-14 18:04:19.759874,720185,1609507353391121,4953360662,-0.284992,-0.730048,-0.76128,-4.75125,-4.31375,1.015,30.056002,15.792001,-9.776,none,8,3.0,27594.0,196559.0,68810.0,206770.0,70996.0
2026-04-14 18:04:19.762605,720186,1609507353405715,4953375697,-0.284992,-0.730048,-0.76128,-6.57125,-4.38375,1.96,30.056002,15.792001,-9.776,none,8,3.0,27594.0,196559.0,68810.0,206770.0,70996.0
2026-04-14 18:04:19.772603,720187,1609507353414651,4953384422,-0.199104,-0.772992,-0.735904,-7.93625,-5.10125,2.1175,30.208002,15.712001,-12.264001,none,8,3.0,27594.0,196559.0,68810.0,206770.0,70996.0
2026-04-14 18:04:19.781296,720188,1609507353423588,4953393103,-0.199104,-0.772992,-0.735904,-7.105,-4.83875,2.33625,30.208002,15.712001,-12.264001,none,8,3.0,27594.0,196559.0,68810.0,206770.0,70996.0
2026-04-14 18:04:19.797238,720189,1609507353438076,4953408025,-0.177632,-0.767136,-0.72224,-4.935,-3.71,2.73,30.12,15.720001,-9.568001,none,8,3.0,27594.0,196559.0,68810.0,206770.0,70996.0
2026-04-14 18:04:19.803432,720190,1609507353447095,4953416726,-0.177632,-0.767136,-0.72224,-4.095,-3.045,2.695,30.12,15.720001,-9.568001,none,8,3.0,27594.0,196559.0,68810.0,206770.0,70996.0
2026-04-14 18:04:19.820837,720191,1609507353461604,4953431657,-0.191296,-0.755424,-0.651968,-4.69,-2.9225,2.54625,30.888002,15.512001,-12.208,none,8,3.0,27594.0,196559.0,68810.0,206770.0,70996.0
2026-04-14 18:04:19.829591,720192,1609507353470757,4953440393,-0.191296,-0.743712,-0.827648,-4.62,-2.77375,2.625,30.888002,15.512001,-12.208,none,8,3.0,27594.0,196559.0,68810.0,206770.0,70996.0
2026-04-14 18:04:19.862569,720203,1609507353479917,4953449250,-0.271328,-0.743712,-0.827648,-4.50625,-2.05625,2.51125,30.864002,15.504001,-11.864,none,8,3.0,27693.0,196048.0,68965.0,206139.0,71243.0
2026-04-14 18:04:19.865076,720204,1609507353494421,4953464195,-0.212768,-0.739808,-0.583648,-5.6175,-1.785,1.68,31.056002,15.256001,-12.288,none,8,3.0,27693.0,196048.0,68965.0,206139.0,71243.0
2026-04-14 18:04:19.867370,720205,1609507353503369,4953472887,-0.212768,-0.739808,-0.583648,-3.78,-0.76125,1.6975,31.056002,15.256001,-12.288,none,8,3.0,27693.0,196048.0,68965.0,206139.0,71243.0
2026-04-14 18:04:19.874616,720206,1609507353517873,4953487803,-0.220576,-0.732,-0.589504,-1.25125,-0.14,1.68,31.28,15.336,-12.280001,none,8,3.0,27693.0,196048.0,68965.0,206139.0,71243.0
2026-04-14 18:04:19.884951,720207,1609507353526956,4953496559,-0.220576,-0.732,-0.589504,-0.41125,-0.385,2.0125,31.28,15.336,-12.280001,none,8,3.0,27693.0,196048.0,68965.0,206139.0,71243.0
2026-04-14 18:04:19.901163,720208,1609507353541629,4953511467,-0.261568,-0.755424,-0.835456,-0.63875,-0.95375,1.6275,31.2,15.184001,-12.184001,none,8,3.0,27693.0,196048.0,68965.0,206139.0,71243.0
2026-04-14 18:04:19.907155,720209,1609507353550571,4953520256,-0.261568,-0.755424,-0.835456,-1.00625,-1.2425,0.63875,31.2,15.184001,-12.184001,none,8,3.0,27693.0,196048.0,68965.0,206139.0,71243.0
2026-04-14 18:04:19.916261,720210,1609507353559620,4953528961,-0.25376,-0.755424,-0.757376,-1.575,-1.05,0.62125,30.080002,15.400001,-10.648001,none,8,3.0,27693.0,196048.0,68965.0,206139.0,71243.0
2026-04-14 18:04:20.023159,720221,1609507353574119,4953544169,-0.230336,-0.726144,-0.593408,-0.84875,-0.63,1.09375,31.472002,15.624001,-11.416,none,8,3.0,27768.0,195690.0,69100.0,205711.0,71477.0
2026-04-14 18:04:20.025626,720222,1609507353583104,4953552864,-0.230336,-0.726144,-0.593408,-0.18375,0.13125,1.4175,31.472002,15.624001,-11.416,none,8,3.0,27768.0,195690.0,69100.0,205711.0,71477.0
2026-04-14 18:04:20.028132,720223,1609507353597597,4953567789,-0.201056,-0.757376,-0.685152,0.09625,-0.00875,1.33,30.240002,15.352001,-11.048,none,8,3.0,27768.0,195690.0,69100.0,205711.0,71477.0
2026-04-14 18:04:20.033171,720224,1609507353606556,4953576541,-0.201056,-0.757376,-0.685152,-0.455,-0.18375,1.67125,30.240002,15.352001,-11.048,none,8,3.0,27768.0,195690.0,69100.0,205711.0,71477.0
2026-04-14 18:04:20.035687,720225,1609507353615487,4953585214,-0.284992,-0.72224,-0.62464,-1.63625,-0.2625,1.58375,30.048002,15.496,-12.240001,none,8,3.0,27768.0,195690.0,69100.0,205711.0,71477.0
2026-04-14 18:04:20.038373,720226,1609507353629987,4953600139,-0.284992,-0.72224,-0.62464,-2.87875,-0.525,1.00625,30.048002,15.496,-12.240001,none,8,3.0,27768.0,195690.0,69100.0,205711.0,71477.0
2026-04-14 18:04:20.041266,720227,1609507353638939,4953608830,-0.244,-0.75152,-0.772992,-1.33875,-0.63875,0.9625,31.376001,15.040001,-12.392,none,8,3.0,27768.0,195690.0,69100.0,205711.0,71477.0
2026-04-14 18:04:20.043727,720228,1609507353653472,4953623752,-0.296704,-0.743712,-0.817888,-1.00625,-0.60375,0.945,31.496002,14.952001,-10.784,none,8,3.0,27768.0,195690.0,69100.0,205711.0,71477.0
2026-04-14 18:04:20.045706,720229,1609507353662413,4953632524,-0.296704,-0.743712,-0.817888,-2.1525,-1.19875,0.98,31.496002,14.952001,-10.784,none,8,3.0,27768.0,195690.0,69100.0,205711.0,71477.0
2026-04-14 18:04:20.075644,720240,1609507353677622,4953647830,-0.240096,-0.749568,-0.577792,-3.1325,-0.93625,0.88375,31.104002,15.056001,-12.344001,none,8,3.0,27733.0,195721.0,69057.0,205763.0,71443.0
2026-04-14 18:04:20.078351,720241,1609507353686607,4953656569,-0.240096,-0.749568,-0.577792,-1.7675,-0.5075,0.49,31.104002,15.056001,-12.344001,none,8,3.0,27733.0,195721.0,69057.0,205763.0,71443.0
2026-04-14 18:04:20.081158,720242,1609507353695577,4953665321,-0.25376,-0.767136,-0.817888,0.1225,0.105,0.5425,31.424002,14.744,-12.120001,none,8,3.0,27733.0,195721.0,69057.0,205763.0,71443.0
2026-04-14 18:04:20.083647,720243,1609507353710288,4953680268,-0.25376,-0.767136,-0.817888,0.28,1.04125,0.07875,31.424002,14.744,-12.120001,none,8,3.0,27733.0,195721.0,69057.0,205763.0,71443.0
2026-04-14 18:04:20.086142,720244,1609507353719215,4953688992,-0.290848,-0.765184,-0.841312,-1.25125,1.4175,-0.4725,31.144001,15.056001,-12.920001,none,8,3.0,27733.0,195721.0,69057.0,205763.0,71443.0
2026-04-14 18:04:20.091958,720245,1609507353733773,4953703941,-0.324032,-0.728096,-0.815936,-1.35625,1.86375,-0.1575,30.960001,15.112,-13.416,none,8,3.0,27733.0,195721.0,69057.0,205763.0,71443.0
2026-04-14 18:04:20.101161,720246,1609507353742741,4953712692,-0.324032,-0.728096,-0.815936,-2.765,1.785,-0.07,30.960001,15.112,-13.416,none,8,3.0,27733.0,195721.0,69057.0,205763.0,71443.0
2026-04-14 18:04:20.110960,720247,1609507353751741,4953721550,-0.324032,-0.728096,-0.815936,-5.1275,1.40875,-0.8575,30.960001,15.112,-13.416,none,8,3.0,27733.0,195721.0,69057.0,205763.0,71443.0
2026-04-14 18:04:20.123772,720248,1609507353766267,4953736566,-0.304512,-0.735904,-0.724192,-7.2975,1.61875,-1.085,31.144001,15.032001,-12.848001,none,8,3.0,27733.0,195721.0,69057.0,205763.0,71443.0
2026-04-14 18:04:20.158540,720259,1609507353775167,4953745326,-0.210816,-0.7808,-0.685152,-6.7025,2.9575,-1.435,30.792002,15.240001,-11.456,none,8,3.0,27763.0,195514.0,69143.0,205540.0,71586.0
2026-04-14 18:04:20.161006,720260,1609507353790043,4953760303,-0.210816,-0.7808,-0.685152,-4.12125,3.70125,-1.21625,30.792002,15.240001,-11.456,none,8,3.0,27763.0,195514.0,69143.0,205540.0,71586.0
2026-04-14 18:04:20.163394,720261,1609507353799008,4953768996,-0.23424,-0.74176,-0.591456,-1.8375,4.69,-0.9275,30.224,15.096001,-11.472,none,8,3.0,27763.0,195514.0,69143.0,205540.0,71586.0
2026-04-14 18:04:20.172779,720262,1609507353808023,4953777819,-0.23424,-0.74176,-0.591456,-0.0875,4.83,-1.09375,30.224,15.096001,-11.472,none,8,3.0,27763.0,195514.0,69143.0,205540.0,71586.0
2026-04-14 18:04:20.179793,720263,1609507353822689,4953792733,-0.244,-0.735904,-0.569984,0.25375,3.92,-0.98875,30.208002,15.008,-11.664001,none,8,3.0,27763.0,195514.0,69143.0,205540.0,71586.0
2026-04-14 18:04:20.189720,720264,1609507353831654,4953801417,-0.244,-0.735904,-0.569984,0.105,3.33375,-0.7,30.208002,15.008,-11.664001,none,8,3.0,27763.0,195514.0,69143.0,205540.0,71586.0
2026-04-14 18:04:20.205824,720265,1609507353846149,4953816323,-0.279136,-0.706624,-0.601216,1.23375,3.70125,-0.875,31.240002,14.856001,-12.432,none,8,3.0,27763.0,195514.0,69143.0,205540.0,71586.0
2026-04-14 18:04:20.212283,720266,1609507353855091,4953825029,-0.267424,-0.743712,-0.784704,1.32125,3.98125,-0.9275,30.928001,15.000001,-11.296001,none,8,3.0,27763.0,195514.0,69143.0,205540.0,71586.0
2026-04-14 18:04:20.224792,720267,1609507353869542,4953837910,-0.267424,-0.743712,-0.784704,0.9625,4.17375,-2.03875,30.928001,15.000001,-11.296001,none,8,3.0,27763.0,195514.0,69143.0,205540.0,71586.0
2026-04-14 18:04:20.257280,720278,1609507353878815,4953848856,-0.310368,-0.718336,-0.630496,-0.5425,3.5525,-2.44125,30.296001,15.488001,-11.544001,none,8,3.0,27815.0,195042.0,69252.0,205035.0,71762.0
2026-04-14 18:04:20.259692,720279,1609507353887882,4953857593,-0.310368,-0.718336,-0.630496,-1.54,2.555,-2.52,30.296001,15.488001,-11.544001,none,8,3.0,27815.0,195042.0,69252.0,205035.0,71762.0
2026-04-14 18:04:20.262296,720280,1609507353902469,4953872558,-0.267424,-0.735904,-0.642208,-2.07375,0.9975,-2.26625,31.192001,14.464001,-12.376,none,8,3.0,27815.0,195042.0,69252.0,205035.0,71762.0
2026-04-14 18:04:20.269440,720281,1609507353911437,4953881264,-0.267424,-0.735904,-0.642208,-2.35375,-0.35875,-2.10875,31.192001,14.464001,-12.376,none,8,3.0,27815.0,195042.0,69252.0,205035.0,71762.0
2026-04-14 18:04:20.283320,720282,1609507353925967,4953896273,-0.300608,-0.737856,-0.821792,-2.87875,-0.525,-1.8375,31.184002,14.984001,-13.584001,none,8,3.0,27815.0,195042.0,69252.0,205035.0,71762.0
2026-04-14 18:04:20.293334,720283,1609507353934904,4953904986,-0.201056,-0.749568,-0.610976,-3.84125,-0.175,-1.855,30.736002,15.328001,-10.448001,none,8,3.0,27815.0,195042.0,69252.0,205035.0,71762.0
2026-04-14 18:04:20.300913,720284,1609507353943847,4953913683,-0.201056,-0.749568,-0.610976,-4.82125,-0.07,-1.79375,30.736002,15.328001,-10.448001,none,8,3.0,27815.0,195042.0,69252.0,205035.0,71762.0
2026-04-14 18:04:20.338552,720285,1609507353958345,4953928585,-0.203008,-0.765184,-0.657824,-5.5125,-0.09625,-2.14375,30.896002,14.928,-12.080001,none,8,3.0,27815.0,195042.0,69252.0,205035.0,71762.0
2026-04-14 18:04:20.363408,720286,1609507353967322,4953937283,-0.203008,-0.765184,-0.657824,-4.9175,-0.13125,-1.89875,30.896002,14.928,-12.080001,none,8,3.0,27815.0,195042.0,69252.0,205035.0,71762.0
2026-04-14 18:04:20.393275,720297,1609507353982078,4953950663,-0.197152,-0.76128,-0.646112,-4.725,-0.83125,-0.93625,30.320002,14.936001,-11.992001,none,8,3.0,27919.0,194654.0,69453.0,204622.0,72137.0
2026-04-14 18:04:20.395873,720298,1609507353991601,4953961413,-0.197152,-0.76128,-0.646112,-6.08125,-1.54,-0.98875,30.320002,14.936001,-11.992001,none,8,3.0,27919.0,194654.0,69453.0,204622.0,72137.0
2026-04-14 18:04:20.398398,720299,1609507354000704,4953970167,-0.222528,-0.788608,-0.782752,-7.4025,-1.91625,-1.12875,30.752,15.032001,-12.424001,none,8,3.0,27919.0,194654.0,69453.0,204622.0,72137.0
2026-04-14 18:04:20.400888,720300,1609507354015231,4953985221,-0.259616,-0.757376,-0.823744,-6.0375,-1.085,-0.21,31.048002,14.68,-13.512001,none,8,3.0,27919.0,194654.0,69453.0,204622.0,72137.0
2026-04-14 18:04:20.403424,720301,1609507354024375,4953993913,-0.259616,-0.757376,-0.823744,-3.71875,-0.39375,-0.34125,31.048002,14.68,-13.512001,none,8,3.0,27919.0,194654.0,69453.0,204622.0,72137.0
2026-04-14 18:04:20.405961,720302,1609507354038965,4954008892,-0.240096,-0.757376,-0.7808,-3.4475,0.34125,-0.90125,31.248001,14.728001,-12.544001,none,8,3.0,27919.0,194654.0,69453.0,204622.0,72137.0
2026-04-14 18:04:20.408503,720303,1609507354047941,4954017593,-0.240096,-0.757376,-0.7808,-4.3225,0.315,-0.875,31.248001,14.728001,-12.544001,none,8,3.0,27919.0,194654.0,69453.0,204622.0,72137.0
2026-04-14 18:04:20.420960,720304,1609507354062454,4954032623,-0.26352,-0.763232,-0.813984,-4.6375,-0.3325,-0.945,31.272001,14.808001,-12.360001,none,8,3.0,27919.0,194654.0,69453.0,204622.0,72137.0
2026-04-14 18:04:20.428450,720305,1609507354071405,4954041338,-0.26352,-0.763232,-0.813984,-5.39,-1.435,-1.65375,31.272001,14.808001,-12.360001,none,8,3.0,27919.0,194654.0,69453.0,204622.0,72137.0
2026-04-14 18:04:20.458419,720316,1609507354080773,4954050175,-0.288896,-0.743712,-0.755424,-5.2325,-1.35625,-1.435,30.208002,14.848001,-12.456,none,8,3.0,28062.0,194104.0,69743.0,203963.0,72584.0
2026-04-14 18:04:20.460763,720317,1609507354095537,4954065171,-0.255712,-0.71248,-0.632448,-2.905,-0.875,-1.70625,31.080002,14.584001,-12.832001,none,8,3.0,28062.0,194104.0,69743.0,203963.0,72584.0
2026-04-14 18:04:20.463357,720318,1609507354104475,4954073860,-0.255712,-0.71248,-0.632448,-1.07625,-1.02375,-1.46125,31.080002,14.584001,-12.832001,none,8,3.0,28062.0,194104.0,69743.0,203963.0,72584.0
2026-04-14 18:04:20.470877,720319,1609507354113559,4954082542,-0.255712,-0.71248,-0.632448,-1.05875,-1.05875,-1.61875,31.080002,14.584001,-12.832001,none,8,3.0,28062.0,194104.0,69743.0,203963.0,72584.0
2026-04-14 18:04:20.484754,720320,1609507354128076,4954097496,-0.20496,-0.772992,-0.698816,-3.15875,-1.61,-2.835,31.256002,14.808001,-12.448001,none,8,3.0,28062.0,194104.0,69743.0,203963.0,72584.0
2026-04-14 18:04:20.494521,720321,1609507354137001,4954106187,-0.208864,-0.784704,-0.757376,-3.3775,-2.28375,-3.6575,30.376001,14.912001,-11.816001,none,8,3.0,28062.0,194104.0,69743.0,203963.0,72584.0
2026-04-14 18:04:20.511004,720322,1609507354151524,4954121253,-0.208864,-0.784704,-0.757376,-1.6625,-2.765,-3.47375,30.376001,14.912001,-11.816001,none,8,3.0,28062.0,194104.0,69743.0,203963.0,72584.0
2026-04-14 18:04:20.517299,720323,1609507354160556,4954129935,-0.1952,-0.774944,-0.733952,0.32375,-2.38875,-3.73625,31.016,14.936001,-11.424001,none,8,3.0,28062.0,194104.0,69743.0,203963.0,72584.0
2026-04-14 18:04:20.533498,720324,1609507354175116,4954144879,-0.1952,-0.753472,-0.66368,0.88375,-2.1175,-4.4625,31.016,14.936001,-11.424001,none,8,3.0,28062.0,194104.0,69743.0,203963.0,72584.0
2026-04-14 18:04:20.560842,720335,1609507354184225,4954153858,-0.218624,-0.753472,-0.66368,0.81375,-1.93375,-5.18875,30.712002,15.464001,-12.000001,none,8,3.0,28034.0,194171.0,69721.0,204029.0,72610.0
2026-04-14 18:04:20.588514,720336,1609507354193371,4954162620,-0.218624,-0.753472,-0.66368,-0.8225,-2.35375,-5.5825,30.712002,15.464001,-12.000001,none,8,3.0,28034.0,194171.0,69721.0,204029.0,72610.0
2026-04-14 18:04:20.598488,720337,1609507354207905,4954177552,-0.265472,-0.755424,-0.845216,-1.53125,-2.5375,-5.66125,30.352001,15.240001,-10.688001,none,8,3.0,28034.0,194171.0,69721.0,204029.0,72610.0
2026-04-14 18:04:20.600938,720338,1609507354216822,4954186252,-0.279136,-0.74176,-0.710528,-2.75625,-1.995,-5.90625,30.28,15.288001,-13.52,none,8,3.0,28034.0,194171.0,69721.0,204029.0,72610.0
2026-04-14 18:04:20.606011,720339,1609507354231276,4954201145,-0.279136,-0.74176,-0.710528,-3.05375,-0.4375,-5.95875,30.28,15.288001,-13.52,none,8,3.0,28034.0,194171.0,69721.0,204029.0,72610.0
2026-04-14 18:04:20.608640,720340,1609507354240279,4954209853,-0.27328,-0.714432,-0.646112,-1.9075,0.39375,-6.37875,30.184002,15.112,-11.024,none,8,3.0,28034.0,194171.0,69721.0,204029.0,72610.0
2026-04-14 18:04:20.612587,720341,1609507354254830,4954224776,-0.27328,-0.714432,-0.646112,-0.7875,0.665,-5.81875,30.184002,15.112,-11.024,none,8,3.0,28034.0,194171.0,69721.0,204029.0,72610.0
2026-04-14 18:04:20.621341,720342,1609507354263863,4954233470,-0.216672,-0.769088,-0.708576,-1.645,0.84875,-6.125,29.992,15.264001,-10.200001,none,8,3.0,28034.0,194171.0,69721.0,204029.0,72610.0
2026-04-14 18:04:20.630048,720343,1609507354272893,4954242195,-0.216672,-0.769088,-0.708576,-1.365,1.1375,-6.34375,29.992,15.264001,-10.200001,none,8,3.0,28034.0,194171.0,69721.0,204029.0,72610.0
2026-04-14 18:04:20.661208,720354,1609507354287396,4954257189,-0.296704,-0.708576,-0.730048,-0.77,0.6125,-6.04625,30.112001,15.488001,-12.008,none,8,3.0,27964.0,194261.0,69629.0,204148.0,72538.0
2026-04-14 18:04:20.663376,720355,1609507354297088,4954265955,-0.212768,-0.735904,-0.579744,-2.35375,0.13125,-5.53,29.144001,15.64,-11.152,none,8,3.0,27964.0,194261.0,69629.0,204148.0,72538.0
2026-04-14 18:04:20.665761,720356,1609507354306067,4954274690,-0.212768,-0.735904,-0.579744,-3.255,0.4725,-5.5825,29.144001,15.64,-11.152,none,8,3.0,27964.0,194261.0,69629.0,204148.0,72538.0
2026-04-14 18:04:20.677468,720357,1609507354320828,4954289820,-0.284992,-0.735904,-0.81008,-2.02125,0.98875,-4.8125,30.272001,15.320001,-11.432,none,8,3.0,27964.0,194261.0,69629.0,204148.0,72538.0
2026-04-14 18:04:20.706312,720358,1609507354329816,4954298536,-0.284992,-0.735904,-0.81008,-0.4375,1.575,-4.41,30.272001,15.320001,-11.432,none,8,3.0,27964.0,194261.0,69629.0,204148.0,72538.0
2026-04-14 18:04:20.730755,720359,1609507354344715,4954313418,-0.230336,-0.726144,-0.581696,-0.28,1.3475,-4.2525,30.28,15.512001,-11.400001,none,8,3.0,27964.0,194261.0,69629.0,204148.0,72538.0
2026-04-14 18:04:20.737825,720360,1609507354354088,4954324174,-0.230336,-0.726144,-0.581696,-1.35625,0.2975,-4.13875,30.28,15.512001,-11.400001,none,8,3.0,27964.0,194261.0,69629.0,204148.0,72538.0
2026-04-14 18:04:20.740879,720361,1609507354363008,4954332867,-0.169824,-0.774944,-0.6832,-2.00375,-1.0325,-3.465,30.336002,15.184001,-11.256001,none,8,3.0,27964.0,194261.0,69629.0,204148.0,72538.0
2026-04-14 18:04:20.743268,720362,1609507354377474,4954345850,-0.271328,-0.737856,-0.825696,-1.4875,-1.09375,-2.5375,30.024002,15.480001,-11.808001,none,8,3.0,27964.0,194261.0,69629.0,204148.0,72538.0
2026-04-14 18:04:20.770848,720373,1609507354386788,4954356992,-0.271328,-0.737856,-0.825696,-1.12,-0.1925,-2.1,30.024002,15.480001,-11.808001,none,8,3.0,27843.0,194607.0,69421.0,204596.0,72255.0
2026-04-14 18:04:20.773403,720374,1609507354401414,4954369875,-0.199104,-0.76128,-0.696864,-2.02125,1.02375,-1.575,29.944002,14.984001,-12.208,none,8,3.0,27843.0,194607.0,69421.0,204596.0,72255.0
2026-04-14 18:04:20.775838,720375,1609507354410791,4954380683,-0.199104,-0.76128,-0.696864,-4.08625,1.295,-1.295,29.944002,14.984001,-12.208,none,8,3.0,27843.0,194607.0,69421.0,204596.0,72255.0
2026-04-14 18:04:20.778788,720376,1609507354419912,4954389416,-0.27328,-0.757376,-0.81984,-5.06625,0.735,-1.6275,31.192001,15.024001,-12.64,none,8,3.0,27843.0,194607.0,69421.0,204596.0,72255.0
2026-04-14 18:04:20.792172,720377,1609507354434413,4954404304,-0.27328,-0.757376,-0.81984,-4.48,-0.04375,-0.9275,31.192001,15.024001,-12.64,none,8,3.0,27843.0,194607.0,69421.0,204596.0,72255.0
2026-04-14 18:04:20.799611,720378,1609507354443535,4954413041,-0.277184,-0.730048,-0.74176,-3.52625,-0.49,-0.65625,31.216002,15.056001,-11.52,none,8,3.0,27843.0,194607.0,69421.0,204596.0,72255.0
2026-04-14 18:04:20.815058,720379,1609507354458022,4954427947,-0.304512,-0.720288,-0.796416,-2.93125,-0.69125,0.06125,30.744001,15.416,-11.792001,none,8,3.0,27843.0,194607.0,69421.0,204596.0,72255.0
2026-04-14 18:04:20.825850,720380,1609507354466963,4954436661,-0.304512,-0.720288,-0.796416,-3.15,-0.525,-0.315,30.744001,15.416,-11.792001,none,8,3.0,27843.0,194607.0,69421.0,204596.0,72255.0
2026-04-14 18:04:20.838241,720381,1609507354475864,4954445377,-0.304512,-0.720288,-0.796416,-4.33125,-0.84875,-0.21,30.744001,15.416,-11.792001,none,8,3.0,27843.0,194607.0,69421.0,204596.0,72255.0
2026-04-14 18:04:20.862109,720392,1609507354490529,4954460561,-0.310368,-0.732,-0.804224,-5.18875,-0.875,-0.60375,30.928001,15.280001,-14.016001,none,8,3.0,27803.0,194723.0,69381.0,204753.0,72155.0
2026-04-14 18:04:20.864491,720393,1609507354499503,4954469262,-0.230336,-0.730048,-0.59536,-5.15375,-1.225,-0.53375,29.416002,15.200001,-11.368001,none,8,3.0,27803.0,194723.0,69381.0,204753.0,72155.0
2026-04-14 18:04:20.872612,720394,1609507354514137,4954484226,-0.230336,-0.730048,-0.59536,-4.5675,-1.54,-0.1925,29.416002,15.200001,-11.368001,none,8,3.0,27803.0,194723.0,69381.0,204753.0,72155.0
2026-04-14 18:04:20.880067,720395,1609507354523105,4954492956,-0.306464,-0.728096,-0.782752,-3.42125,-1.63625,0.665,30.904001,14.848001,-12.696001,none,8,3.0,27803.0,194723.0,69381.0,204753.0,72155.0
2026-04-14 18:04:20.895075,720396,1609507354537595,4954507862,-0.290848,-0.749568,-0.833504,-2.80875,-2.1525,1.09375,30.904001,14.848001,-12.688001,none,8,3.0,27803.0,194723.0,69381.0,204753.0,72155.0
2026-04-14 18:04:20.905121,720397,1609507354546527,4954516570,-0.28304,-0.749568,-0.833504,-2.7125,-2.2925,1.05,31.36,15.248001,-12.688001,none,8,3.0,27803.0,194723.0,69381.0,204753.0,72155.0
2026-04-14 18:04:20.916382,720398,1609507354555471,4954525259,-0.28304,-0.749568,-0.833504,-2.3275,-1.84625,0.58625,31.36,15.248001,-12.688001,none,8,3.0,27803.0,194723.0,69381.0,204753.0,72155.0
2026-04-14 18:04:20.928635,720399,1609507354570014,4954540321,-0.236192,-0.735904,-0.618784,-2.19625,-1.49625,0.525,30.656002,15.424001,-12.208,none,8,3.0,27803.0,194723.0,69381.0,204753.0,72155.0
2026-04-14 18:04:20.936183,720400,1609507354578935,4954549028,-0.245952,-0.726144,-0.61488,-2.52875,-2.065,0.1925,30.224,15.52,-10.432,none,8,3.0,27803.0,194723.0,69381.0,204753.0,72155.0
2026-04-14 18:04:20.963843,720411,1609507354593546,4954561994,-0.245952,-0.726144,-0.61488,-3.0625,-2.16125,0.07875,30.224,15.52,-10.432,none,8,3.0,27810.0,194645.0,69365.0,204654.0,72153.0
2026-04-14 18:04:20.966317,720412,1609507354603145,4954572779,-0.286944,-0.749568,-0.853024,-2.94,-2.555,-0.53375,30.256,15.184001,-11.744,none,8,3.0,27810.0,194645.0,69365.0,204654.0,72153.0
2026-04-14 18:04:20.970054,720413,1609507354612242,4954581480,-0.286944,-0.749568,-0.853024,-3.0275,-2.5725,-0.44625,30.256,15.184001,-11.744,none,8,3.0,27810.0,194645.0,69365.0,204654.0,72153.0
2026-04-14 18:04:20.983829,720414,1609507354626862,4954596441,-0.277184,-0.765184,-0.837408,-3.42125,-2.05625,-0.63,31.224,14.728001,-12.176001,none,8,3.0,27810.0,194645.0,69365.0,204654.0,72153.0
2026-04-14 18:04:20.993426,720415,1609507354635832,4954605155,-0.277184,-0.765184,-0.837408,-2.40625,-1.60125,-1.1725,31.224,14.728001,-12.176001,none,8,3.0,27810.0,194645.0,69365.0,204654.0,72153.0
2026-04-14 18:04:21.010208,720416,1609507354650299,4954620110,-0.318176,-0.708576,-0.782752,-0.5425,-1.54875,-0.97125,30.944002,14.992001,-11.512,none,8,3.0,27810.0,194645.0,69365.0,204654.0,72153.0
2026-04-14 18:04:21.020095,720417,1609507354659267,4954628811,-0.23424,-0.757376,-0.7808,-0.77875,-0.945,-0.98,31.528002,15.016001,-11.744,none,8,3.0,27810.0,194645.0,69365.0,204654.0,72153.0
2026-04-14 18:04:21.025349,720418,1609507354668196,4954637572,-0.23424,-0.757376,-0.7808,-1.1375,-1.21625,-1.89,31.528002,15.016001,-11.744,none,8,3.0,27810.0,194645.0,69365.0,204654.0,72153.0
2026-04-14 18:04:21.115859,720429,1609507354683274,4954652638,-0.261568,-0.774944,-0.841312,-2.03875,-2.10875,-2.03,31.392002,14.848001,-12.552001,none,8,3.0,27833.0,194483.0,69415.0,204504.0,72213.0
2026-04-14 18:04:21.119508,720430,1609507354692536,4954661521,-0.261568,-0.774944,-0.841312,-2.12625,-2.31,-2.0125,31.392002,14.848001,-12.552001,none,8,3.0,27833.0,194483.0,69415.0,204504.0,72213.0
2026-04-14 18:04:21.122014,720431,1609507354707054,4954676494,-0.269376,-0.71248,-0.622688,-0.93625,-1.47,-2.1175,30.384,15.248001,-11.208,none,8,3.0,27833.0,194483.0,69415.0,204504.0,72213.0
2026-04-14 18:04:21.124516,720432,1609507354715959,4954685183,-0.269376,-0.71248,-0.622688,0.3325,-1.1375,-2.3275,30.384,15.248001,-11.208,none,8,3.0,27833.0,194483.0,69415.0,204504.0,72213.0
2026-04-14 18:04:21.126642,720433,1609507354724902,4954693861,-0.27328,-0.74176,-0.806176,0.04375,-1.61,-2.38875,30.2,15.080001,-11.184001,none,8,3.0,27833.0,194483.0,69415.0,204504.0,72213.0
2026-04-14 18:04:21.129351,720434,1609507354739362,4954708758,-0.286944,-0.724192,-0.735904,-0.55125,-1.70625,-2.45,30.376001,15.024001,-10.56,none,8,3.0,27833.0,194483.0,69415.0,204504.0,72213.0
2026-04-14 18:04:21.131500,720435,1609507354748296,4954717507,-0.286944,-0.724192,-0.735904,-2.33625,-1.8725,-2.3625,30.376001,15.024001,-10.56,none,8,3.0,27833.0,194483.0,69415.0,204504.0,72213.0
2026-04-14 18:04:21.133666,720436,1609507354763008,4954732444,-0.300608,-0.728096,-0.77104,-3.325,-1.47,-3.2025,30.096,14.784,-12.480001,none,8,3.0,27833.0,194483.0,69415.0,204504.0,72213.0
2026-04-14 18:04:21.135690,720437,1609507354772055,4954741142,-0.300608,-0.728096,-0.77104,-2.6425,-0.98,-3.465,30.096,14.784,-12.480001,none,8,3.0,27833.0,194483.0,69415.0,204504.0,72213.0
2026-04-14 18:04:21.163375,720448,1609507354786866,4954756094,-0.230336,-0.733952,-0.577792,-2.72125,-1.225,-3.61375,31.560001,14.72,-11.280001,none,8,3.0,27842.0,194429.0,69457.0,204468.0,72294.0
2026-04-14 18:04:21.166028,720449,1609507354795832,4954764846,-0.230336,-0.733952,-0.577792,-4.24375,-1.95125,-3.78875,31.560001,14.72,-11.280001,none,8,3.0,27842.0,194429.0,69457.0,204468.0,72294.0
2026-04-14 18:04:21.168555,720450,1609507354804798,4954773564,-0.26352,-0.716384,-0.62464,-4.4975,-3.0975,-3.54375,31.352001,14.912001,-12.248,none,8,3.0,27842.0,194429.0,69457.0,204468.0,72294.0
2026-04-14 18:04:21.175948,720451,1609507354819748,4954788506,-0.199104,-0.765184,-0.710528,-3.96375,-2.52875,-2.51125,31.352001,14.624001,-12.56,none,8,3.0,27842.0,194429.0,69457.0,204468.0,72294.0
2026-04-14 18:04:21.187644,720452,1609507354829057,4954799267,-0.199104,-0.765184,-0.710528,-2.73875,-2.2225,-2.89625,30.984001,14.624001,-12.56,none,8,3.0,27842.0,194429.0,69457.0,204468.0,72294.0
2026-04-14 18:04:21.198539,720453,1609507354843724,4954812162,-0.310368,-0.724192,-0.7808,-2.5725,-1.6275,-3.08875,30.352001,15.016001,-12.208,none,8,3.0,27842.0,194429.0,69457.0,204468.0,72294.0
2026-04-14 18:04:21.227576,720454,1609507354853041,4954822924,-0.310368,-0.724192,-0.7808,-2.75625,-1.35625,-3.24625,30.352001,15.016001,-12.208,none,8,3.0,27842.0,194429.0,69457.0,204468.0,72294.0
2026-04-14 18:04:21.230063,720455,1609507354862015,4954831620,-0.245952,-0.763232,-0.794464,-2.5725,-0.65625,-3.7625,29.856,15.216001,-11.312,none,8,3.0,27842.0,194429.0,69457.0,204468.0,72294.0
2026-04-14 18:04:21.243421,720456,1609507354876532,4954846541,-0.245952,-0.763232,-0.794464,-2.23125,-0.2275,-4.2525,29.856,15.216001,-11.312,none,8,3.0,27842.0,194429.0,69457.0,204468.0,72294.0
2026-04-14 18:04:21.271335,720467,1609507354886219,4954855273,-0.210816,-0.732,-0.59536,-2.52875,-1.07625,-4.2175,30.376001,15.432001,-11.488001,none,8,3.0,27803.0,194570.0,69383.0,204668.0,72179.0
2026-04-14 18:04:21.273480,720468,1609507354895354,4954864041,-0.210816,-0.732,-0.59536,-2.625,-1.28625,-4.6725,30.376001,15.432001,-11.488001,none,8,3.0,27803.0,194570.0,69383.0,204668.0,72179.0
2026-04-14 18:04:21.275892,720469,1609507354910341,4954878991,-0.279136,-0.730048,-0.689056,-2.9575,-0.91,-4.7775,31.440002,15.216001,-11.448001,none,8,3.0,27803.0,194570.0,69383.0,204668.0,72179.0
2026-04-14 18:04:21.278827,720470,1609507354919551,4954889901,-0.279136,-0.730048,-0.689056,-2.24,0.20125,-5.04,31.440002,15.216001,-11.448001,none,8,3.0,27803.0,194570.0,69383.0,204668.0,72179.0
2026-04-14 18:04:21.291208,720471,1609507354934072,4954902822,-0.232288,-0.749568,-0.747616,-1.33,1.23375,-4.7775,30.672,15.400001,-10.776001,none,8,3.0,27803.0,194570.0,69383.0,204668.0,72179.0
2026-04-14 18:04:21.301957,720472,1609507354943413,4954913748,-0.2928,-0.708576,-0.718336,-1.47,1.98625,-4.82125,30.080002,15.056001,-12.664001,none,8,3.0,27803.0,194570.0,69383.0,204668.0,72179.0
2026-04-14 18:04:21.311206,720473,1609507354952361,4954922445,-0.2928,-0.708576,-0.718336,-2.47625,1.6625,-5.04,30.080002,15.056001,-12.664001,none,8,3.0,27803.0,194570.0,69383.0,204668.0,72179.0
2026-04-14 18:04:21.323823,720474,1609507354966964,4954935326,-0.21472,-0.735904,-0.64416,-3.29,2.44125,-5.1625,30.336002,15.504001,-11.488001,none,8,3.0,27803.0,194570.0,69383.0,204668.0,72179.0
2026-04-14 18:04:21.332602,720475,1609507354976213,4954946114,-0.21472,-0.735904,-0.64416,-2.835,2.8175,-4.515,30.336002,15.504001,-11.488001,none,8,3.0,27803.0,194570.0,69383.0,204668.0,72179.0
2026-04-14 18:04:21.368350,720487,1609507354990782,4954961087,-0.210816,-0.75152,-0.651968,-2.75625,3.4475,-3.99875,31.104002,15.168001,-12.496,none,8,3.0,27823.0,194450.0,69414.0,204520.0,72235.0
2026-04-14 18:04:21.371335,720488,1609507354999882,4954969825,-0.210816,-0.75152,-0.651968,-2.44125,4.26125,-3.535,31.104002,15.168001,-12.496,none,8,3.0,27823.0,194450.0,69414.0,204520.0,72235.0
2026-04-14 18:04:21.373807,720489,1609507355008823,4954978581,-0.30256,-0.726144,-0.81008,-2.03875,4.40125,-3.3425,30.12,15.416,-7.768001,none,8,3.0,27823.0,194450.0,69414.0,204520.0,72235.0
2026-04-14 18:04:21.381340,720490,1609507355023323,4954993529,-0.281088,-0.739808,-0.856928,-3.19375,4.06,-3.22,29.592001,15.448001,-10.848001,none,8,3.0,27823.0,194450.0,69414.0,204520.0,72235.0
2026-04-14 18:04:21.391510,720491,1609507355032389,4955002240,-0.281088,-0.739808,-0.856928,-3.84125,3.92875,-3.115,29.592001,15.448001,-10.848001,none,8,3.0,27823.0,194450.0,69414.0,204520.0,72235.0
2026-04-14 18:04:21.404944,720492,1609507355047032,4955017129,-0.187392,-0.737856,-0.665632,-4.7425,3.08875,-3.22,29.704,15.352001,-11.424001,none,8,3.0,27823.0,194450.0,69414.0,204520.0,72235.0
2026-04-14 18:04:21.413172,720493,1609507355055978,4955025851,-0.187392,-0.737856,-0.665632,-5.4425,2.59875,-3.2025,29.704,15.352001,-11.424001,none,8,3.0,27823.0,194450.0,69414.0,204520.0,72235.0
2026-04-14 18:04:21.441280,720494,1609507355064916,4955034550,-0.249856,-0.718336,-0.636352,-5.7575,2.61625,-3.9375,31.080002,15.128,-12.904,none,8,3.0,27823.0,194450.0,69414.0,204520.0,72235.0
2026-04-14 18:04:21.465930,720495,1609507355079395,4955049448,-0.249856,-0.718336,-0.636352,-5.8975,2.2925,-4.03375,31.080002,15.128,-12.904,none,8,3.0,27823.0,194450.0,69414.0,204520.0,72235.0
2026-04-14 18:04:21.493374,720506,1609507355088471,4955058222,-0.257664,-0.745664,-0.845216,-5.17125,2.38875,-4.12125,30.12,15.704,-11.816001,none,8,3.0,27872.0,194139.0,69497.0,204157.0,72367.0
2026-04-14 18:04:21.495531,720507,1609507355103015,4955073147,-0.23424,-0.724192,-0.640256,-4.305,2.485,-4.19125,30.088001,15.208001,-13.144001,none,8,3.0,27872.0,194139.0,69497.0,204157.0,72367.0
2026-04-14 18:04:21.498096,720508,1609507355111948,4955081859,-0.23424,-0.724192,-0.640256,-4.36625,2.63375,-4.59375,30.088001,15.208001,-13.144001,none,8,3.0,27872.0,194139.0,69497.0,204157.0,72367.0
2026-04-14 18:04:21.500617,720509,1609507355126623,4955096889,-0.187392,-0.735904,-0.628544,-2.9925,3.10625,-4.095,30.088001,15.224001,-11.56,none,8,3.0,27872.0,194139.0,69497.0,204157.0,72367.0
2026-04-14 18:04:21.503110,720510,1609507355135570,4955105621,-0.187392,-0.735904,-0.628544,-2.14375,2.8,-3.8675,30.088001,15.224001,-11.56,none,8,3.0,27872.0,194139.0,69497.0,204157.0,72367.0
2026-04-14 18:04:21.505631,720511,1609507355144563,4955114494,-0.298656,-0.710528,-0.821792,-1.295,3.325,-4.305,29.728,15.192,-12.864,none,8,3.0,27872.0,194139.0,69497.0,204157.0,72367.0
2026-04-14 18:04:21.516159,720512,1609507355159155,4955129407,-0.298656,-0.710528,-0.821792,-0.665,3.8325,-4.47125,29.728,15.192,-12.864,none,8,3.0,27872.0,194139.0,69497.0,204157.0,72367.0
2026-04-14 18:04:21.528597,720513,1609507355168068,4955138084,-0.193248,-0.745664,-0.65392,-1.40875,4.5675,-4.9875,31.264002,15.072001,-12.848001,none,8,3.0,27872.0,194139.0,69497.0,204157.0,72367.0
2026-04-14 18:04:21.566322,720524,1609507355182696,4955153346,-0.226432,-0.77104,-0.792512,-2.0825,4.585,-4.96125,30.920002,15.152,-10.992001,none,8,3.0,27893.0,194234.0,69559.0,204296.0,72493.0
2026-04-14 18:04:21.568777,720525,1609507355191725,4955162088,-0.226432,-0.77104,-0.792512,-1.3125,4.27875,-4.62875,30.920002,15.152,-10.992001,none,8,3.0,27893.0,194234.0,69559.0,204296.0,72493.0
2026-04-14 18:04:21.573092,720526,1609507355200796,4955170824,-0.226432,-0.77104,-0.792512,1.51375,4.15625,-3.9725,30.920002,15.152,-10.992001,none,8,3.0,27893.0,194234.0,69559.0,204296.0,72493.0
2026-04-14 18:04:21.573454,720527,1609507355215486,4955185771,-0.197152,-0.743712,-0.706624,3.6225,4.15625,-3.52625,30.872002,14.928,-13.416,none,8,3.0,27893.0,194234.0,69559.0,204296.0,72493.0
2026-04-14 18:04:21.583187,720528,1609507355224537,4955194450,-0.244,-0.71248,-0.622688,3.47375,3.33375,-3.57,30.832,15.288001,-13.024,none,8,3.0,27893.0,194234.0,69559.0,204296.0,72493.0
2026-04-14 18:04:21.598592,720529,1609507355239040,4955209361,-0.244,-0.71248,-0.622688,2.625,2.3275,-3.4475,30.832,15.288001,-13.024,none,8,3.0,27893.0,194234.0,69559.0,204296.0,72493.0
2026-04-14 18:04:21.606174,720530,1609507355247958,4955218086,-0.261568,-0.732,-0.691008,2.26625,1.715,-3.955,30.472002,15.096001,-12.792001,none,8,3.0,27893.0,194234.0,69559.0,204296.0,72493.0
2026-04-14 18:04:21.613761,720531,1609507355256930,4955226961,-0.261568,-0.732,-0.691008,2.35375,1.11125,-4.375,30.472002,15.096001,-12.792001,none,8,3.0,27893.0,194234.0,69559.0,204296.0,72493.0
2026-04-14 18:04:21.628787,720532,1609507355271419,4955239811,-0.189344,-0.739808,-0.601216,2.31875,0.9275,-4.20875,30.560001,15.176001,-13.016001,none,8,3.0,27893.0,194234.0,69559.0,204296.0,72493.0
2026-04-14 18:04:21.641314,720533,1609507355280693,4955250953,-0.189344,-0.739808,-0.601216,0.72625,0.84,-4.10375,30.560001,15.176001,-13.016001,none,8,3.0,27893.0,194234.0,69559.0,204296.0,72493.0
2026-04-14 18:04:21.668267,720544,1609507355295433,4955264044,-0.277184,-0.747616,-0.827648,0.5075,1.18125,-3.26375,30.704002,15.192,-12.664001,none,8,3.0,27870.0,194331.0,69542.0,204398.0,72458.0
2026-04-14 18:04:21.677484,720545,1609507355305060,4955275240,-0.304512,-0.718336,-0.745664,0.91875,1.63625,-3.325,30.36,15.720001,-11.776001,none,8,3.0,27870.0,194331.0,69542.0,204398.0,72458.0
2026-04-14 18:04:21.677600,720546,1609507355314024,4955283956,-0.304512,-0.718336,-0.745664,0.49,1.75,-3.61375,30.36,15.720001,-11.776001,none,8,3.0,27870.0,194331.0,69542.0,204398.0,72458.0
2026-04-14 18:04:21.686176,720547,1609507355328729,4955298933,-0.314272,-0.710528,-0.728096,0.35,2.40625,-3.56125,30.136002,15.632001,-11.872001,none,8,3.0,27870.0,194331.0,69542.0,204398.0,72458.0
2026-04-14 18:04:21.694564,720548,1609507355337695,4955307635,-0.314272,-0.710528,-0.728096,0.06125,1.42625,-3.675,30.136002,15.632001,-11.872001,none,8,3.0,27870.0,194331.0,69542.0,204398.0,72458.0
2026-04-14 18:04:21.709465,720549,1609507355352215,4955322556,-0.193248,-0.75152,-0.661728,-0.3325,0.385,-3.6575,30.552002,15.400001,-12.944,none,8,3.0,27870.0,194331.0,69542.0,204398.0,72458.0
2026-04-14 18:04:21.721301,720550,1609507355361160,4955331250,-0.193248,-0.75152,-0.661728,-1.5575,1.32125,-4.31375,30.552002,15.400001,-12.944,none,8,3.0,27870.0,194331.0,69542.0,204398.0,72458.0
2026-04-14 18:04:21.727277,720551,1609507355370088,4955340046,-0.27328,-0.757376,-0.817888,-3.00125,2.6425,-4.99625,30.36,15.240001,-11.088,none,8,3.0,27870.0,194331.0,69542.0,204398.0,72458.0
2026-04-14 18:04:21.766002,720562,1609507355384598,4955354986,-0.242048,-0.776896,-0.817888,-4.01625,3.92,-4.9525,30.728,15.592001,-13.568001,none,8,3.0,27911.0,194266.0,69634.0,204303.0,72565.0
2026-04-14 18:04:21.768519,720563,1609507355393649,4955363801,-0.242048,-0.776896,-0.817888,-4.0075,4.47125,-5.0225,30.728,15.592001,-13.568001,none,8,3.0,27911.0,194266.0,69634.0,204303.0,72565.0
2026-04-14 18:04:21.772472,720564,1609507355408192,4955376721,-0.238144,-0.745664,-0.620736,-4.2175,4.62875,-5.39,29.400002,15.840001,-10.928,none,8,3.0,27911.0,194266.0,69634.0,204303.0,72565.0
2026-04-14 18:04:21.774538,720565,1609507355417748,4955387558,-0.238144,-0.745664,-0.620736,-3.92,4.99625,-5.81875,29.400002,15.840001,-10.928,none,8,3.0,27911.0,194266.0,69634.0,204303.0,72565.0
2026-04-14 18:04:21.784830,720566,1609507355426764,4955396281,-0.222528,-0.739808,-0.60512,-3.43,5.38125,-5.2325,29.816002,15.264001,-13.056001,none,8,3.0,27911.0,194266.0,69634.0,204303.0,72565.0
2026-04-14 18:04:21.809670,720567,1609507355441230,4955411110,-0.222528,-0.739808,-0.60512,-2.09125,5.99375,-5.5825,29.816002,15.264001,-13.056001,none,8,3.0,27911.0,194266.0,69634.0,204303.0,72565.0
2026-04-14 18:04:21.832173,720568,1609507355450141,4955419820,-0.242048,-0.71248,-0.607072,-1.28625,6.25625,-4.90875,30.336002,15.304001,-12.928,none,8,3.0,27911.0,194266.0,69634.0,204303.0,72565.0
2026-04-14 18:04:21.834851,720569,1609507355464626,4955434704,-0.279136,-0.745664,-0.808128,-2.31,5.845,-4.99625,30.504002,15.152,-14.184001,none,8,3.0,27911.0,194266.0,69634.0,204303.0,72565.0
2026-04-14 18:04:21.837307,720570,1609507355473675,4955443540,-0.279136,-0.745664,-0.808128,-4.0425,5.3375,-5.48625,30.504002,15.152,-14.184001,none,8,3.0,27911.0,194266.0,69634.0,204303.0,72565.0
2026-04-14 18:04:21.917079,720581,1609507355488778,4955458643,-0.265472,-0.743712,-0.774944,-4.33125,5.1975,-5.46,30.736002,15.624001,-12.512001,none,8,3.0,27861.0,194592.0,69544.0,204707.0,72442.0
2026-04-14 18:04:21.919741,720582,1609507355497789,4955467358,-0.265472,-0.743712,-0.774944,-2.45875,4.76,-5.67875,30.736002,15.624001,-12.512001,none,8,3.0,27861.0,194592.0,69544.0,204707.0,72442.0
2026-04-14 18:04:21.924732,720583,1609507355506715,4955476088,-0.162016,-0.774944,-0.733952,-0.21,4.73375,-5.10125,29.832,15.824,-12.312,none,8,3.0,27861.0,194592.0,69544.0,204707.0,72442.0
2026-04-14 18:04:21.927111,720584,1609507355521186,4955490977,-0.162016,-0.774944,-0.733952,1.2075,4.515,-4.73375,29.832,15.824,-12.312,none,8,3.0,27861.0,194592.0,69544.0,204707.0,72442.0
2026-04-14 18:04:21.929530,720585,1609507355530249,4955499726,-0.203008,-0.759328,-0.76128,2.0475,4.5675,-4.4975,29.496002,15.896001,-11.960001,none,8,3.0,27861.0,194592.0,69544.0,204707.0,72442.0
2026-04-14 18:04:21.932283,720586,1609507355544720,4955514599,-0.269376,-0.718336,-0.79056,2.9225,4.0775,-4.2875,29.496002,16.064001,-11.752001,none,8,3.0,27861.0,194592.0,69544.0,204707.0,72442.0
2026-04-14 18:04:21.934776,720587,1609507355553737,4955523393,-0.269376,-0.718336,-0.79056,1.77625,3.66625,-3.6225,29.496002,16.064001,-11.752001,none,8,3.0,27861.0,194592.0,69544.0,204707.0,72442.0
2026-04-14 18:04:21.937290,720588,1609507355562799,4955532166,-0.269376,-0.718336,-0.79056,-0.525,2.59875,-3.73625,29.496002,16.064001,-11.752001,none,8,3.0,27861.0,194592.0,69544.0,204707.0,72442.0
2026-04-14 18:04:21.939735,720589,1609507355577350,4955547059,-0.25376,-0.726144,-0.71248,-1.44375,2.09125,-3.36,29.544,15.808001,-14.008,none,8,3.0,27861.0,194592.0,69544.0,204707.0,72442.0
2026-04-14 18:04:21.971342,720600,1609507355586415,4955555744,-0.160064,-0.74176,-0.628544,-1.11125,1.12,-3.36,29.528002,15.936001,-10.984,none,8,3.0,27861.0,194571.0,69569.0,204659.0,72484.0
2026-04-14 18:04:21.972633,720601,1609507355601457,4955570706,-0.160064,-0.74176,-0.628544,-0.42875,0.6125,-3.0625,29.528002,15.936001,-10.984,none,8,3.0,27861.0,194571.0,69569.0,204659.0,72484.0
2026-04-14 18:04:21.974994,720602,1609507355610420,4955579423,-0.191296,-0.757376,-0.798368,-0.90125,-0.09625,-3.31625,29.032001,16.136002,-11.016001,none,8,3.0,27861.0,194571.0,69569.0,204659.0,72484.0
2026-04-14 18:04:21.977435,720603,1609507355619469,4955588256,-0.191296,-0.757376,-0.798368,-1.4525,-0.8225,-3.3425,29.032001,16.136002,-11.016001,none,8,3.0,27861.0,194571.0,69569.0,204659.0,72484.0
2026-04-14 18:04:21.989763,720604,1609507355634519,4955603196,-0.162016,-0.757376,-0.657824,-1.88125,-0.21875,-3.52625,28.808,15.960001,-11.76,none,8,3.0,27861.0,194571.0,69569.0,204659.0,72484.0
2026-04-14 18:04:22.001286,720605,1609507355643816,4955613945,-0.162016,-0.757376,-0.657824,-1.82875,-0.1575,-3.15875,28.808,15.960001,-11.76,none,8,3.0,27861.0,194571.0,69569.0,204659.0,72484.0
2026-04-14 18:04:22.015077,720606,1609507355658337,4955626795,-0.169824,-0.735904,-0.573888,-1.96,-0.7525,-2.765,30.600002,15.856001,-13.368001,none,8,3.0,27861.0,194571.0,69569.0,204659.0,72484.0
2026-04-14 18:04:22.025871,720607,1609507355667641,4955637546,-0.25376,-0.749568,-0.798368,-2.21375,-1.5575,-1.96875,29.912,15.664001,-12.208,none,8,3.0,27861.0,194571.0,69569.0,204659.0,72484.0
2026-04-14 18:04:22.033836,720608,1609507355676836,4955646433,-0.25376,-0.749568,-0.798368,-2.345,-2.065,-2.09125,29.912,15.664001,-12.208,none,8,3.0,27861.0,194571.0,69569.0,204659.0,72484.0
2026-04-14 18:04:22.071234,720619,1609507355691623,4955661372,-0.251808,-0.718336,-0.70272,-1.96875,-2.47625,-2.07375,30.736002,15.864,-12.320001,none,8,3.0,27922.0,194335.0,69653.0,204408.0,72608.0
2026-04-14 18:04:22.073767,720620,1609507355700623,4955670189,-0.251808,-0.718336,-0.70272,-2.0475,-3.0275,-1.9775,30.736002,15.864,-12.320001,none,8,3.0,27922.0,194335.0,69653.0,204408.0,72608.0
2026-04-14 18:04:22.075763,720621,1609507355715241,4955685145,-0.261568,-0.735904,-0.812032,-2.4675,-2.66875,-2.415,29.640001,15.792001,-12.496,none,8,3.0,27922.0,194335.0,69653.0,204408.0,72608.0
2026-04-14 18:04:22.081202,720622,1609507355724192,4955693881,-0.261568,-0.735904,-0.812032,-2.0825,-2.75625,-2.42375,29.640001,15.792001,-12.496,none,8,3.0,27922.0,194335.0,69653.0,204408.0,72608.0
2026-04-14 18:04:22.089988,720623,1609507355733229,4955702602,-0.197152,-0.765184,-0.792512,-2.17,-3.00125,-2.135,29.736002,15.760001,-11.696,none,8,3.0,27922.0,194335.0,69653.0,204408.0,72608.0
2026-04-14 18:04:22.106325,720624,1609507355747857,4955717478,-0.158112,-0.76128,-0.603168,-2.63375,-3.75375,-2.24875,31.032001,15.456,-13.256001,none,8,3.0,27922.0,194335.0,69653.0,204408.0,72608.0
2026-04-14 18:04:22.113358,720625,1609507355756997,4955726202,-0.158112,-0.76128,-0.603168,-2.91375,-4.64625,-2.51125,31.032001,15.456,-13.256001,none,8,3.0,27922.0,194335.0,69653.0,204408.0,72608.0
2026-04-14 18:04:22.129682,720626,1609507355771522,4955741127,-0.16592,-0.747616,-0.61488,-1.28625,-4.31375,-2.56375,30.384,15.840001,-12.432,none,8,3.0,27922.0,194335.0,69653.0,204408.0,72608.0
2026-04-14 18:04:22.137609,720627,1609507355780490,4955749826,-0.16592,-0.747616,-0.61488,-0.09625,-4.13875,-2.42375,30.384,15.840001,-12.432,none,8,3.0,27922.0,194335.0,69653.0,204408.0,72608.0
2026-04-14 18:04:22.218528,720638,1609507355790188,4955758845,-0.265472,-0.739808,-0.815936,-0.14,-3.9375,-2.5725,29.968002,15.992001,-12.352,none,8,3.0,27798.0,194729.0,69451.0,204882.0,72299.0
2026-04-14 18:04:22.221347,720639,1609507355805177,4955773801,-0.265472,-0.739808,-0.815936,-1.4,-3.6575,-3.28125,29.968002,15.992001,-12.352,none,8,3.0,27798.0,194729.0,69451.0,204882.0,72299.0
2026-04-14 18:04:22.223770,720640,1609507355814376,4955784551,-0.247904,-0.763232,-0.825696,-3.1675,-3.99875,-2.98375,28.936,15.968,-13.952001,none,8,3.0,27798.0,194729.0,69451.0,204882.0,72299.0
2026-04-14 18:04:22.225896,720641,1609507355823312,4955793250,-0.247904,-0.763232,-0.825696,-2.975,-3.36875,-2.68625,28.936,15.968,-13.952001,none,8,3.0,27798.0,194729.0,69451.0,204882.0,72299.0
2026-04-14 18:04:22.228802,720642,1609507355837808,4955808149,-0.242048,-0.769088,-0.815936,-1.70625,-2.87875,-2.54625,29.072,15.864,-12.216001,none,8,3.0,27798.0,194729.0,69451.0,204882.0,72299.0
2026-04-14 18:04:22.231296,720643,1609507355846714,4955816931,-0.201056,-0.726144,-0.587552,-0.62125,-2.21375,-2.485,29.712002,16.096,-14.392001,none,8,3.0,27798.0,194729.0,69451.0,204882.0,72299.0
2026-04-14 18:04:22.233807,720644,1609507355861315,4955829819,-0.201056,-0.726144,-0.587552,-0.37625,-1.81125,-2.2575,29.712002,16.096,-14.392001,none,8,3.0,27798.0,194729.0,69451.0,204882.0,72299.0
2026-04-14 18:04:22.236241,720645,1609507355870692,4955840614,-0.20496,-0.735904,-0.587552,-1.04125,-2.275,-2.70375,30.048002,15.920001,-11.984,none,8,3.0,27798.0,194729.0,69451.0,204882.0,72299.0
2026-04-14 18:04:22.241637,720646,1609507355879866,4955849362,-0.20496,-0.735904,-0.587552,-2.765,-2.66875,-3.4125,30.048002,15.920001,-11.984,none,8,3.0,27798.0,194729.0,69451.0,204882.0,72299.0
2026-04-14 18:04:22.270822,720657,1609507355894431,4955864361,-0.163968,-0.763232,-0.607072,-2.87,-2.1175,-3.465,29.848001,15.944001,-12.080001,none,8,3.0,27843.0,194588.0,69486.0,204706.0,72370.0
2026-04-14 18:04:22.273672,720658,1609507355903412,4955873144,-0.163968,-0.763232,-0.607072,-1.4175,-1.6275,-3.14125,29.848001,15.944001,-12.080001,none,8,3.0,27843.0,194588.0,69486.0,204706.0,72370.0
2026-04-14 18:04:22.275770,720659,1609507355917993,4955888054,-0.284992,-0.714432,-0.749568,0.04375,-2.05625,-2.975,29.624,15.744,-12.696001,none,8,3.0,27843.0,194588.0,69486.0,204706.0,72370.0
2026-04-14 18:04:22.284974,720660,1609507355927021,4955896799,-0.206912,-0.765184,-0.749568,-0.16625,-2.38875,-3.64875,29.624,15.376,-13.464001,none,8,3.0,27843.0,194588.0,69486.0,204706.0,72370.0
2026-04-14 18:04:22.300033,720661,1609507355941508,4955911736,-0.206912,-0.765184,-0.749568,-1.6625,-3.19375,-4.15625,30.448002,15.376,-13.464001,none,8,3.0,27843.0,194588.0,69486.0,204706.0,72370.0
2026-04-14 18:04:22.307586,720662,1609507355950445,4955920485,-0.171776,-0.778848,-0.708576,-2.4325,-3.56125,-3.80625,30.632002,15.472001,-13.088,none,8,3.0,27843.0,194588.0,69486.0,204706.0,72370.0
2026-04-14 18:04:22.317257,720663,1609507355959423,4955929181,-0.171776,-0.778848,-0.708576,-1.2775,-3.24625,-3.99875,30.632002,15.472001,-13.088,none,8,3.0,27843.0,194588.0,69486.0,204706.0,72370.0
2026-04-14 18:04:22.335462,720664,1609507355973895,4955944064,-0.181536,-0.749568,-0.74176,0.9275,-3.43,-3.21125,29.656002,16.208,-9.936001,none,8,3.0,27843.0,194588.0,69486.0,204706.0,72370.0
2026-04-14 18:04:22.341784,720665,1609507355982821,4955952747,-0.181536,-0.749568,-0.74176,2.205,-3.115,-3.71,29.656002,16.208,-9.936001,none,8,3.0,27843.0,194588.0,69486.0,204706.0,72370.0
2026-04-14 18:04:22.373674,720676,1609507355997358,4955965767,-0.279136,-0.718336,-0.72224,1.05,-3.38625,-4.06875,29.832,16.144001,-12.464001,none,8,3.0,27771.0,194650.0,69400.0,204792.0,72244.0
2026-04-14 18:04:22.375790,720677,1609507356006785,4955976570,-0.279136,-0.718336,-0.8296,-0.76125,-3.605,-3.7625,29.832,16.144001,-12.464001,none,8,3.0,27771.0,194650.0,69400.0,204792.0,72244.0
2026-04-14 18:04:22.378805,720678,1609507356015881,4955985478,-0.226432,-0.7808,-0.8296,-1.47875,-3.10625,-3.59625,30.936,15.56,-12.992001,none,8,3.0,27771.0,194650.0,69400.0,204792.0,72244.0
2026-04-14 18:04:22.388835,720679,1609507356030564,4956000398,-0.173728,-0.774944,-0.737856,-1.1025,-2.87875,-3.08,30.840002,15.808001,-12.752001,none,8,3.0,27771.0,194650.0,69400.0,204792.0,72244.0
2026-04-14 18:04:22.396304,720680,1609507356039548,4956009157,-0.173728,-0.774944,-0.737856,-0.02625,-2.87875,-2.94,30.840002,15.808001,-12.752001,none,8,3.0,27771.0,194650.0,69400.0,204792.0,72244.0
2026-04-14 18:04:22.410952,720681,1609507356054041,4956024039,-0.197152,-0.732,-0.587552,-0.34125,-2.86125,-2.73875,30.608002,15.648001,-12.896001,none,8,3.0,27771.0,194650.0,69400.0,204792.0,72244.0
2026-04-14 18:04:22.422596,720682,1609507356062970,4956032722,-0.197152,-0.732,-0.587552,-0.91,-2.89625,-2.82625,30.608002,15.648001,-12.896001,none,8,3.0,27771.0,194650.0,69400.0,204792.0,72244.0
2026-04-14 18:04:22.434974,720683,1609507356077455,4956047590,-0.162016,-0.753472,-0.5856,-1.925,-3.35125,-3.00125,31.072002,15.920001,-11.52,none,8,3.0,27771.0,194650.0,69400.0,204792.0,72244.0
2026-04-14 18:04:22.444928,720684,1609507356086388,4956056305,-0.162016,-0.753472,-0.5856,-2.94,-3.3075,-2.44125,31.072002,15.920001,-11.52,none,8,3.0,27771.0,194650.0,69400.0,204792.0,72244.0
2026-04-14 18:04:22.472529,720695,1609507356095392,4956065050,-0.162016,-0.792512,-0.70272,-4.41,-2.98375,-2.23125,30.680002,15.464001,-14.368001,none,8,3.0,27792.0,194658.0,69445.0,204814.0,72306.0
2026-04-14 18:04:22.477238,720696,1609507356110118,4956080033,-0.187392,-0.774944,-0.77104,-2.79125,-2.4325,-1.9775,29.680002,15.392001,-11.464001,none,8,3.0,27792.0,194658.0,69445.0,204814.0,72306.0
2026-04-14 18:04:22.479670,720697,1609507356119214,4956088741,-0.187392,-0.774944,-0.77104,-1.68875,-2.16125,-1.65375,29.680002,15.392001,-11.464001,none,8,3.0,27792.0,194658.0,69445.0,204814.0,72306.0
2026-04-14 18:04:22.508637,720698,1609507356133716,4956103641,-0.271328,-0.739808,-0.79056,-2.70375,-1.86375,-1.75,30.672,15.776001,-12.704,none,8,3.0,27792.0,194658.0,69445.0,204814.0,72306.0
2026-04-14 18:04:22.511005,720699,1609507356142646,4956112426,-0.271328,-0.739808,-0.79056,-3.63125,-2.3275,-1.68,30.672,15.776001,-12.704,none,8,3.0,27792.0,194658.0,69445.0,204814.0,72306.0
2026-04-14 18:04:22.513677,720700,1609507356151553,4956121107,-0.232288,-0.732,-0.620736,-4.1475,-2.4325,-2.10875,29.744001,15.952001,-10.928,none,8,3.0,27792.0,194658.0,69445.0,204814.0,72306.0
2026-04-14 18:04:22.546151,720701,1609507356166175,4956136048,-0.232288,-0.732,-0.620736,-4.2875,-2.1875,-2.03,29.744001,15.952001,-10.928,none,8,3.0,27792.0,194658.0,69445.0,204814.0,72306.0
2026-04-14 18:04:22.548668,720702,1609507356175105,4956144727,-0.269376,-0.747616,-0.788608,-4.08625,-2.17,-2.3275,30.216002,15.944001,-11.408001,none,8,3.0,27792.0,194658.0,69445.0,204814.0,72306.0
2026-04-14 18:04:22.638070,720713,1609507356189668,4956159606,-0.247904,-0.757376,-0.841312,-3.2725,-1.28625,-2.1875,28.840002,16.448,-11.088,none,8,3.0,27829.0,194433.0,69517.0,204555.0,72421.0
2026-04-14 18:04:22.638202,720714,1609507356198632,4956168348,-0.247904,-0.757376,-0.841312,-2.9225,-0.58625,-2.1875,28.840002,16.448,-11.088,none,8,3.0,27829.0,194433.0,69517.0,204555.0,72421.0
2026-04-14 18:04:22.646458,720715,1609507356213129,4956183304,-0.177632,-0.776896,-0.69296,-3.1325,-0.48125,-2.7125,29.032001,15.912001,-11.528001,none,8,3.0,27829.0,194433.0,69517.0,204555.0,72421.0
2026-04-14 18:04:22.648689,720716,1609507356222073,4956191980,-0.177632,-0.776896,-0.69296,-3.9375,-0.58625,-3.3075,29.032001,15.912001,-11.528001,none,8,3.0,27829.0,194433.0,69517.0,204555.0,72421.0
2026-04-14 18:04:22.650107,720717,1609507356231245,4956200687,-0.238144,-0.765184,-0.784704,-3.61375,-0.665,-2.87,29.688002,16.016,-11.384001,none,8,3.0,27829.0,194433.0,69517.0,204555.0,72421.0
2026-04-14 18:04:22.651775,720718,1609507356245741,4956215618,-0.238144,-0.765184,-0.784704,-2.87,0.04375,-3.7275,29.688002,16.016,-11.384001,none,8,3.0,27829.0,194433.0,69517.0,204555.0,72421.0
2026-04-14 18:04:22.654578,720719,1609507356254704,4956224368,-0.26352,-0.755424,-0.843264,-2.02125,0.67375,-3.64875,29.760002,15.872001,-11.544001,none,8,3.0,27829.0,194433.0,69517.0,204555.0,72421.0
2026-04-14 18:04:22.654663,720720,1609507356269205,4956239315,-0.25376,-0.757376,-0.812032,-2.61625,0.91,-4.41,29.760002,16.224,-11.672001,none,8,3.0,27829.0,194433.0,69517.0,204555.0,72421.0
2026-04-14 18:04:22.655780,720721,1609507356278141,4956248034,-0.25376,-0.757376,-0.812032,-2.63375,0.76125,-4.585,30.000002,16.224,-11.672001,none,8,3.0,27829.0,194433.0,69517.0,204555.0,72421.0
2026-04-14 18:04:22.658213,720722,1609507356287108,4956256787,-0.25376,-0.757376,-0.812032,-2.16125,1.26875,-4.34,30.000002,16.224,-11.672001,none,8,3.0,27829.0,194433.0,69517.0,204555.0,72421.0
2026-04-14 18:04:22.688566,720733,1609507356301709,4956272047,-0.255712,-0.733952,-0.677344,-0.88375,2.10875,-4.59375,29.808,15.648001,-12.84,none,8,3.0,27802.0,194531.0,69466.0,204655.0,72358.0
2026-04-14 18:04:22.691199,720734,1609507356310710,4956280795,-0.284992,-0.732,-0.77104,0.16625,1.72375,-4.50625,30.736002,15.896001,-14.152,none,8,3.0,27802.0,194531.0,69466.0,204655.0,72358.0
2026-04-14 18:04:22.693401,720735,1609507356325483,4956295708,-0.284992,-0.732,-0.77104,-0.07875,1.28625,-4.97875,30.736002,15.896001,-14.152,none,8,3.0,27802.0,194531.0,69466.0,204655.0,72358.0
2026-04-14 18:04:22.695948,720736,1609507356334517,4956304462,-0.208864,-0.720288,-0.589504,-0.39375,1.19875,-5.565,30.840002,15.928,-12.544001,none,8,3.0,27802.0,194531.0,69466.0,204655.0,72358.0
2026-04-14 18:04:22.705930,720737,1609507356349088,4956319387,-0.208864,-0.720288,-0.84912,-0.49875,1.39125,-5.11875,30.840002,15.928,-12.544001,none,8,3.0,27802.0,194531.0,69466.0,204655.0,72358.0
2026-04-14 18:04:22.721781,720738,1609507356358024,4956328081,-0.251808,-0.76128,-0.84912,-1.0325,2.45875,-5.25875,30.704002,16.248001,-9.248,none,8,3.0,27802.0,194531.0,69466.0,204655.0,72358.0
2026-04-14 18:04:22.724357,720739,1609507356367150,4956336774,-0.251808,-0.76128,-0.84912,-1.3825,3.2725,-5.74,30.704002,16.248001,-9.248,none,8,3.0,27802.0,194531.0,69466.0,204655.0,72358.0
2026-04-14 18:04:22.740000,720740,1609507356381780,4956351648,-0.171776,-0.767136,-0.667584,-0.875,2.9575,-5.4775,29.768002,16.256,-11.952001,none,8,3.0,27802.0,194531.0,69466.0,204655.0,72358.0
2026-04-14 18:04:22.772155,720751,1609507356390787,4956360324,-0.20496,-0.763232,-0.798368,0.875,3.26375,-5.03125,28.864002,16.480001,-11.608001,none,8,3.0,27791.0,194649.0,69434.0,204832.0,72289.0
2026-04-14 18:04:22.775066,720752,1609507356400303,4956369093,-0.20496,-0.763232,-0.798368,1.09375,3.14125,-5.20625,28.864002,16.480001,-11.608001,none,8,3.0,27791.0,194649.0,69434.0,204832.0,72289.0
2026-04-14 18:04:22.777194,720753,1609507356415377,4956384058,-0.201056,-0.76128,-0.745664,0.175,2.45875,-5.4075,29.416002,16.296001,-11.888001,none,8,3.0,27791.0,194649.0,69434.0,204832.0,72289.0
2026-04-14 18:04:22.782572,720754,1609507356424630,4956394819,-0.201056,-0.76128,-0.745664,-1.575,1.65375,-5.25,29.416002,16.296001,-11.888001,none,8,3.0,27791.0,194649.0,69434.0,204832.0,72289.0
2026-04-14 18:04:22.794555,720755,1609507356439144,4956407722,-0.158112,-0.769088,-0.687104,-2.415,1.47875,-5.24125,30.504002,15.992001,-12.736001,none,8,3.0,27791.0,194649.0,69434.0,204832.0,72289.0
2026-04-14 18:04:22.805743,720756,1609507356448715,4956418482,-0.158112,-0.769088,-0.687104,-1.5225,1.84625,-4.62875,30.504002,15.992001,-12.736001,none,8,3.0,27791.0,194649.0,69434.0,204832.0,72289.0
2026-04-14 18:04:22.814446,720757,1609507356457747,4956427205,-0.199104,-0.753472,-0.776896,-1.2425,2.3625,-4.62,30.240002,16.256,-15.456,none,8,3.0,27791.0,194649.0,69434.0,204832.0,72289.0
2026-04-14 18:04:22.831208,720758,1609507356472305,4956442092,-0.163968,-0.74176,-0.571936,-0.91875,2.2575,-4.06875,29.784002,16.68,-13.992001,none,8,3.0,27791.0,194649.0,69434.0,204832.0,72289.0
2026-04-14 18:04:22.837481,720759,1609507356481291,4956450811,-0.163968,-0.74176,-0.571936,-2.555,1.60125,-3.63125,29.784002,16.68,-13.992001,none,8,3.0,27791.0,194649.0,69434.0,204832.0,72289.0
2026-04-14 18:04:22.873858,720770,1609507356496156,4956465805,-0.251808,-0.749568,-0.796416,-4.2,0.6475,-3.59625,30.288002,16.0,-13.000001,none,8,3.0,27826.0,194497.0,69495.0,204634.0,72373.0
2026-04-14 18:04:22.875893,720771,1609507356505154,4956474578,-0.251808,-0.749568,-0.796416,-4.6025,1.085,-3.07125,30.288002,16.0,-13.000001,none,8,3.0,27826.0,194497.0,69495.0,204634.0,72373.0
2026-04-14 18:04:22.878838,720772,1609507356514171,4956483287,-0.245952,-0.749568,-0.763232,-4.89125,1.4,-2.93125,29.720001,16.576,-12.184001,none,8,3.0,27826.0,194497.0,69495.0,204634.0,72373.0
2026-04-14 18:04:22.886411,720773,1609507356528692,4956498229,-0.245952,-0.749568,-0.763232,-4.2,1.995,-2.40625,29.720001,16.576,-12.184001,none,8,3.0,27826.0,194497.0,69495.0,204634.0,72373.0
2026-04-14 18:04:22.911988,720774,1609507356537750,4956506926,-0.16592,-0.74176,-0.589504,-2.49375,2.4325,-2.35375,30.472002,16.208,-13.048,none,8,3.0,27826.0,194497.0,69495.0,204634.0,72373.0
2026-04-14 18:04:22.914938,720775,1609507356552389,4956521867,-0.210816,-0.769088,-0.804224,-1.785,2.52875,-2.03875,30.888002,16.216002,-12.608001,none,8,3.0,27826.0,194497.0,69495.0,204634.0,72373.0
2026-04-14 18:04:22.917343,720776,1609507356561325,4956530610,-0.210816,-0.769088,-0.804224,-2.54625,1.72375,-1.91625,30.888002,16.216002,-12.608001,none,8,3.0,27826.0,194497.0,69495.0,204634.0,72373.0
2026-04-14 18:04:22.942104,720777,1609507356570233,4956539499,-0.210816,-0.769088,-0.804224,-2.975,1.84625,-2.49375,30.888002,16.216002,-12.608001,none,8,3.0,27826.0,194497.0,69495.0,204634.0,72373.0
2026-04-14 18:04:22.952585,720778,1609507356584700,4956554397,-0.189344,-0.720288,-0.583648,-1.54,2.03,-2.24,30.656002,16.016,-11.928,none,8,3.0,27826.0,194497.0,69495.0,204634.0,72373.0
2026-04-14 18:04:22.979800,720789,1609507356593966,4956563363,-0.261568,-0.730048,-0.81008,-1.53125,1.58375,-2.17,30.520002,16.064001,-13.080001,none,8,3.0,27882.0,194390.0,69594.0,204533.0,72578.0
2026-04-14 18:04:22.982587,720790,1609507356608670,4956578329,-0.261568,-0.730048,-0.81008,-2.24,0.97125,-2.52,30.520002,16.064001,-13.080001,none,8,3.0,27882.0,194390.0,69594.0,204533.0,72578.0
2026-04-14 18:04:22.984729,720791,1609507356617745,4956587004,-0.226432,-0.757376,-0.804224,-2.23125,0.2275,-2.9575,30.296001,16.240002,-13.152,none,8,3.0,27882.0,194390.0,69594.0,204533.0,72578.0
2026-04-14 18:04:22.987594,720792,1609507356626685,4956595722,-0.226432,-0.757376,-0.804224,-1.505,-0.6125,-2.47625,30.296001,16.240002,-13.152,none,8,3.0,27882.0,194390.0,69594.0,204533.0,72578.0
2026-04-14 18:04:23.001157,720793,1609507356641286,4956610664,-0.26352,-0.72224,-0.794464,-0.21,-0.9975,-2.135,30.648,16.08,-12.104001,none,8,3.0,27882.0,194390.0,69594.0,204533.0,72578.0
2026-04-14 18:04:23.007004,720794,1609507356650392,4956619364,-0.26352,-0.72224,-0.794464,-0.98875,-1.19,-2.23125,30.648,16.08,-12.104001,none,8,3.0,27882.0,194390.0,69594.0,204533.0,72578.0
2026-04-14 18:04:23.023703,720795,1609507356664872,4956634317,-0.193248,-0.772992,-0.788608,-2.45875,-1.26875,-1.89875,29.840002,16.456001,-13.320001,none,8,3.0,27882.0,194390.0,69594.0,204533.0,72578.0
2026-04-14 18:04:23.030027,720796,1609507356673829,4956643035,-0.160064,-0.74176,-0.599264,-1.4875,-0.8225,-1.67125,30.44,16.056002,-12.912001,none,8,3.0,27882.0,194390.0,69594.0,204533.0,72578.0
2026-04-14 18:04:23.046315,720797,1609507356688486,4956657937,-0.160064,-0.74176,-0.599264,-0.46375,-1.3825,-0.58625,30.44,16.056002,-12.912001,none,8,3.0,27882.0,194390.0,69594.0,204533.0,72578.0
2026-04-14 18:04:23.073845,720808,1609507356697549,4956666693,-0.240096,-0.735904,-0.716384,-1.18125,-1.96,-0.2625,30.432001,16.048,-12.888001,none,8,3.0,27841.0,194469.0,69533.0,204612.0,72483.0
2026-04-14 18:04:23.075911,720809,1609507356706510,4956675403,-0.240096,-0.735904,-0.716384,-3.0275,-2.66,-0.44625,30.432001,16.048,-12.888001,none,8,3.0,27841.0,194469.0,69533.0,204612.0,72483.0
2026-04-14 18:04:23.078857,720810,1609507356721044,4956690443,-0.144448,-0.794464,-0.718336,-3.91125,-2.16125,-0.105,30.712002,15.848001,-13.048,none,8,3.0,27841.0,194469.0,69533.0,204612.0,72483.0
2026-04-14 18:04:23.087682,720811,1609507356729986,4956699152,-0.144448,-0.794464,-0.718336,-3.465,-0.595,-0.04375,30.712002,15.848001,-13.048,none,8,3.0,27841.0,194469.0,69533.0,204612.0,72483.0
2026-04-14 18:04:23.102434,720812,1609507356744526,4956714027,-0.17568,-0.778848,-0.77104,-2.98375,-0.11375,0.46375,30.512001,15.736001,-15.584001,none,8,3.0,27841.0,194469.0,69533.0,204612.0,72483.0
2026-04-14 18:04:23.112394,720813,1609507356753438,4956722707,-0.177632,-0.747616,-0.609024,-3.43,-0.21,0.25375,28.944002,16.632,-8.784,none,8,3.0,27841.0,194469.0,69533.0,204612.0,72483.0
2026-04-14 18:04:23.147273,720814,1609507356767989,4956737757,-0.177632,-0.747616,-0.609024,-4.61125,-1.575,0.56875,28.944002,16.632,-8.784,none,8,3.0,27841.0,194469.0,69533.0,204612.0,72483.0
2026-04-14 18:04:23.149758,720815,1609507356776925,4956746429,-0.21472,-0.778848,-0.843264,-6.0025,-1.21625,0.18375,30.728,15.736001,-13.048,none,8,3.0,27841.0,194469.0,69533.0,204612.0,72483.0
2026-04-14 18:04:23.152280,720816,1609507356785847,4956755119,-0.21472,-0.778848,-0.843264,-5.67,-0.595,0.0175,30.728,15.736001,-13.048,none,8,3.0,27841.0,194469.0,69533.0,204612.0,72483.0
2026-04-14 18:04:23.183890,720827,1609507356800711,4956770679,-0.220576,-0.720288,-0.612928,-3.96375,-0.06125,-0.2625,29.968002,16.008001,-11.912001,none,8,3.0,27889.0,194316.0,69617.0,204459.0,72602.0
2026-04-14 18:04:23.184002,720828,1609507356809672,4956779400,-0.220576,-0.720288,-0.612928,-2.6425,0.46375,-0.65625,29.968002,16.008001,-11.912001,none,8,3.0,27889.0,194316.0,69617.0,204459.0,72602.0
2026-04-14 18:04:23.184517,720829,1609507356824376,4956794320,-0.281088,-0.732,-0.782752,-3.045,0.4025,-0.84875,29.560001,16.672,-11.88,none,8,3.0,27889.0,194316.0,69617.0,204459.0,72602.0
2026-04-14 18:04:23.190847,720830,1609507356833391,4956803041,-0.230336,-0.772992,-0.843264,-3.98125,0.0,-0.665,29.880001,16.296001,-14.768001,none,8,3.0,27889.0,194316.0,69617.0,204459.0,72602.0
2026-04-14 18:04:23.198399,720831,1609507356842359,4956811811,-0.230336,-0.772992,-0.843264,-3.24625,-0.00875,-0.7875,29.880001,16.296001,-14.768001,none,8,3.0,27889.0,194316.0,69617.0,204459.0,72602.0
2026-04-14 18:04:23.213449,720832,1609507356856837,4956826720,-0.275232,-0.708576,-0.718336,-2.03,0.70875,-1.6625,29.936,16.216002,-12.208,none,8,3.0,27889.0,194316.0,69617.0,204459.0,72602.0
2026-04-14 18:04:23.224613,720833,1609507356865738,4956835430,-0.275232,-0.708576,-0.718336,-0.4025,0.9275,-1.88125,29.936,16.216002,-12.208,none,8,3.0,27889.0,194316.0,69617.0,204459.0,72602.0
2026-04-14 18:04:23.238536,720834,1609507356880312,4956850322,-0.160064,-0.763232,-0.616832,-1.015,0.6475,-2.135,30.256,15.768001,-13.256001,none,8,3.0,27889.0,194316.0,69617.0,204459.0,72602.0
2026-04-14 18:04:23.246030,720835,1609507356889276,4956859068,-0.160064,-0.763232,-0.616832,-1.4,-0.27125,-2.555,30.256,15.768001,-13.256001,none,8,3.0,27889.0,194316.0,69617.0,204459.0,72602.0
2026-04-14 18:04:23.348816,720846,1609507356903967,4956873975,-0.152256,-0.776896,-0.640256,-1.085,-0.3325,-2.835,30.536001,15.544001,-12.688001,none,8,3.0,27929.0,194167.0,69679.0,204262.0,72685.0
2026-04-14 18:04:23.351197,720847,1609507356913025,4956882834,-0.152256,-0.792512,-0.786656,-1.65375,-0.25375,-3.28125,30.536001,15.544001,-10.64,none,8,3.0,27929.0,194167.0,69679.0,204262.0,72685.0
2026-04-14 18:04:23.353817,720848,1609507356922063,4956891528,-0.181536,-0.792512,-0.786656,-1.40875,0.93625,-2.91375,29.672,16.12,-10.288,none,8,3.0,27929.0,194167.0,69679.0,204262.0,72685.0
2026-04-14 18:04:23.356257,720849,1609507356936549,4956906418,-0.160064,-0.753472,-0.659776,-0.70875,1.6625,-2.87,29.400002,16.144001,-10.824,none,8,3.0,27929.0,194167.0,69679.0,204262.0,72685.0
2026-04-14 18:04:23.358622,720850,1609507356945476,4956915128,-0.160064,-0.753472,-0.659776,-0.28,1.65375,-3.115,29.400002,16.144001,-10.824,none,8,3.0,27929.0,194167.0,69679.0,204262.0,72685.0
2026-04-14 18:04:23.361354,720851,1609507356959964,4956930039,-0.162016,-0.7808,-0.667584,-0.32375,1.61,-3.50875,28.768002,16.592001,-11.064,none,8,3.0,27929.0,194167.0,69679.0,204262.0,72685.0
2026-04-14 18:04:23.365517,720852,1609507356968959,4956938839,-0.162016,-0.7808,-0.667584,-1.98625,0.28,-4.55,28.768002,16.592001,-11.064,none,8,3.0,27929.0,194167.0,69679.0,204262.0,72685.0
2026-04-14 18:04:23.365862,720853,1609507356977902,4956947533,-0.255712,-0.759328,-0.759328,-2.1525,0.595,-5.005,28.912,16.656,-12.136001,none,8,3.0,27929.0,194167.0,69679.0,204262.0,72685.0
2026-04-14 18:04:23.378291,720854,1609507356992528,4956962480,-0.255712,-0.759328,-0.759328,-1.37375,1.645,-5.355,28.912,16.656,-12.136001,none,8,3.0,27929.0,194167.0,69679.0,204262.0,72685.0
2026-04-14 18:04:23.395652,720865,1609507357001506,4956971283,-0.271328,-0.720288,-0.808128,0.30625,2.68625,-5.29375,30.080002,16.512001,-12.232,none,8,3.0,27912.0,194185.0,69669.0,204300.0,72702.0
2026-04-14 18:04:23.398735,720866,1609507357016175,4956986195,-0.163968,-0.76128,-0.632448,-0.53375,2.61625,-5.74875,29.816002,16.52,-11.704,none,8,3.0,27912.0,194185.0,69669.0,204300.0,72702.0
2026-04-14 18:04:23.401154,720867,1609507357025138,4956994915,-0.163968,-0.76128,-0.632448,-2.84375,2.45875,-5.90625,29.816002,16.52,-11.704,none,8,3.0,27912.0,194185.0,69669.0,204300.0,72702.0
2026-04-14 18:04:23.403779,720868,1609507357034210,4957003720,-0.245952,-0.730048,-0.724192,-2.58125,2.7125,-5.81875,29.816002,16.408,-12.080001,none,8,3.0,27912.0,194185.0,69669.0,204300.0,72702.0
2026-04-14 18:04:23.405822,720869,1609507357048718,4957018633,-0.245952,-0.730048,-0.724192,-0.49,3.29,-5.08375,29.664001,16.408,-12.080001,none,8,3.0,27912.0,194185.0,69669.0,204300.0,72702.0
2026-04-14 18:04:23.417551,720870,1609507357057710,4957027340,-0.181536,-0.730048,-0.56608,0.81375,4.24375,-4.62875,29.568,16.36,-12.976001,none,8,3.0,27912.0,194185.0,69669.0,204300.0,72702.0
2026-04-14 18:04:23.428815,720871,1609507357072239,4957042263,-0.181536,-0.730048,-0.56608,2.135,4.52375,-4.78625,29.568,16.36,-12.976001,none,8,3.0,27912.0,194185.0,69669.0,204300.0,72702.0
2026-04-14 18:04:23.440063,720872,1609507357081217,4957050997,-0.222528,-0.743712,-0.794464,2.835,4.0775,-4.9875,30.344002,16.12,-13.280001,none,8,3.0,27912.0,194185.0,69669.0,204300.0,72702.0
2026-04-14 18:04:23.475591,720883,1609507357095755,4957066028,-0.232288,-0.714432,-0.638304,2.84375,3.57,-5.005,30.184002,16.352001,-13.912001,none,8,3.0,27912.0,194292.0,69683.0,204414.0,72695.0
2026-04-14 18:04:23.478673,720884,1609507357104747,4957074838,-0.232288,-0.714432,-0.638304,1.4175,2.87875,-4.75125,30.184002,16.352001,-13.912001,none,8,3.0,27912.0,194292.0,69683.0,204414.0,72695.0
2026-04-14 18:04:23.480733,720885,1609507357113897,4957083619,-0.232288,-0.714432,-0.638304,0.00875,2.695,-5.1975,30.184002,16.352001,-13.912001,none,8,3.0,27912.0,194292.0,69683.0,204414.0,72695.0
2026-04-14 18:04:23.486214,720886,1609507357128419,4957098551,-0.259616,-0.732,-0.769088,-0.06125,2.7825,-4.585,30.688002,16.0,-12.264001,none,8,3.0,27912.0,194292.0,69683.0,204414.0,72695.0
2026-04-14 18:04:23.496285,720887,1609507357137355,4957107226,-0.187392,-0.77104,-0.76128,-0.0175,2.5375,-3.7975,30.168001,15.848001,-13.248001,none,8,3.0,27912.0,194292.0,69683.0,204414.0,72695.0
2026-04-14 18:04:23.508310,720888,1609507357151937,4957122222,-0.187392,-0.77104,-0.76128,-1.26875,1.6275,-3.605,30.168001,15.848001,-13.248001,none,8,3.0,27912.0,194292.0,69683.0,204414.0,72695.0
2026-04-14 18:04:23.518551,720889,1609507357160921,4957130964,-0.249856,-0.728096,-0.728096,-2.03,0.48125,-3.26375,30.488,16.144001,-13.208,none,8,3.0,27912.0,194292.0,69683.0,204414.0,72695.0
2026-04-14 18:04:23.534892,720890,1609507357175521,4957145891,-0.23424,-0.739808,-0.718336,-2.7125,-0.5075,-2.38875,30.296001,16.008001,-13.808001,none,8,3.0,27912.0,194292.0,69683.0,204414.0,72695.0
2026-04-14 18:04:23.542145,720891,1609507357184498,4957154585,-0.23424,-0.739808,-0.718336,-3.61375,-0.93625,-1.75875,30.296001,16.008001,-13.808001,none,8,3.0,27912.0,194292.0,69683.0,204414.0,72695.0
2026-04-14 18:04:23.555070,720892,1609507357193525,4957163330,-0.23424,-0.739808,-0.718336,-3.045,-0.735,-1.44375,30.296001,16.008001,-13.808001,none,8,3.0,27912.0,194292.0,69683.0,204414.0,72695.0
2026-04-14 18:04:23.581173,720903,1609507357208122,4957178319,-0.162016,-0.76128,-0.749568,-2.415,0.1575,-1.65375,30.216002,16.192001,-14.120001,none,8,3.0,27912.0,194272.0,69676.0,204413.0,72697.0
2026-04-14 18:04:23.584221,720904,1609507357217058,4957186958,-0.1952,-0.739808,-0.599264,-4.38375,-0.32375,-1.33875,29.544,16.528,-10.6,none,8,3.0,27912.0,194272.0,69676.0,204413.0,72697.0
2026-04-14 18:04:23.588700,720905,1609507357231667,4957201866,-0.1952,-0.739808,-0.599264,-7.39375,-0.83125,-1.46125,29.544,16.528,-10.6,none,8,3.0,27912.0,194272.0,69676.0,204413.0,72697.0
2026-04-14 18:04:23.599500,720906,1609507357240633,4957210584,-0.154208,-0.769088,-0.745664,-8.16375,-1.07625,-1.3475,29.680002,16.544,-12.392,none,8,3.0,27912.0,194272.0,69676.0,204413.0,72697.0
2026-04-14 18:04:23.607628,720907,1609507357249622,4957219257,-0.154208,-0.769088,-0.745664,-6.74625,-1.02375,-0.41125,29.680002,16.544,-12.392,none,8,3.0,27912.0,194272.0,69676.0,204413.0,72697.0
2026-04-14 18:04:23.622217,720908,1609507357264189,4957234198,-0.220576,-0.720288,-0.622688,-6.0375,-0.7525,-0.76125,29.52,15.928,-13.152,none,8,3.0,27912.0,194272.0,69676.0,204413.0,72697.0
2026-04-14 18:04:23.647552,720909,1609507357273123,4957242896,-0.220576,-0.720288,-0.622688,-5.60875,-0.98875,-0.9275,29.52,15.928,-13.152,none,8,3.0,27912.0,194272.0,69676.0,204413.0,72697.0
2026-04-14 18:04:23.673764,720910,1609507357287603,4957257776,-0.197152,-0.759328,-0.651968,-5.43375,-1.63625,-0.9275,30.784002,15.912001,-12.776001,none,8,3.0,27912.0,194272.0,69676.0,204413.0,72697.0
2026-04-14 18:04:23.727172,720921,1609507357296670,4957267065,-0.230336,-0.755424,-0.749568,-3.75375,-1.225,-0.6825,30.088001,16.256,-12.648001,none,8,3.0,28027.0,193880.0,69902.0,203931.0,73016.0
2026-04-14 18:04:23.730098,720922,1609507357311247,4957280057,-0.230336,-0.755424,-0.749568,-1.28625,0.0,-0.6825,30.088001,16.256,-12.648001,none,8,3.0,28027.0,193880.0,69902.0,203931.0,73016.0
2026-04-14 18:04:23.732587,720923,1609507357320632,4957290931,-0.148352,-0.745664,-0.642208,1.26875,0.7875,-0.9625,30.568,16.376001,-13.264001,none,8,3.0,28027.0,193880.0,69902.0,203931.0,73016.0
2026-04-14 18:04:23.737593,720924,1609507357329585,4957299615,-0.148352,-0.745664,-0.642208,1.21625,1.68,-1.4175,30.568,16.376001,-13.264001,none,8,3.0,28027.0,193880.0,69902.0,203931.0,73016.0
2026-04-14 18:04:23.740073,720925,1609507357344088,4957312482,-0.216672,-0.778848,-0.853024,-0.9625,1.785,-2.31875,30.400002,15.872001,-13.472001,none,8,3.0,28027.0,193880.0,69902.0,203931.0,73016.0
2026-04-14 18:04:23.742088,720926,1609507357353333,4957323265,-0.216672,-0.778848,-0.853024,-1.6625,1.63625,-3.07125,30.400002,15.872001,-13.472001,none,8,3.0,28027.0,193880.0,69902.0,203931.0,73016.0
2026-04-14 18:04:23.746074,720927,1609507357367926,4957338216,-0.173728,-0.794464,-0.778848,-2.56375,1.28625,-3.92875,30.264002,15.944001,-13.136001,none,8,3.0,28027.0,193880.0,69902.0,203931.0,73016.0
2026-04-14 18:04:23.747054,720928,1609507357376905,4957346946,-0.244,-0.776896,-0.778848,-3.49125,1.6625,-3.98125,30.544,16.096,-13.624001,none,8,3.0,28027.0,193880.0,69902.0,203931.0,73016.0
2026-04-14 18:04:23.749499,720929,1609507357385847,4957355657,-0.244,-0.776896,-0.778848,-4.0075,1.8025,-4.41,30.544,16.096,-13.624001,none,8,3.0,28027.0,193880.0,69902.0,203931.0,73016.0
2026-04-14 18:04:23.803773,720940,1609507357401562,4957370686,-0.171776,-0.774944,-0.72224,-2.5375,1.86375,-5.04875,30.472002,16.240002,-12.616,none,8,3.0,28103.0,193941.0,70054.0,204024.0,73299.0
2026-04-14 18:04:23.806193,720941,1609507357410654,4957379464,-0.171776,-0.774944,-0.72224,-1.21625,2.10875,-4.69,30.472002,16.240002,-12.616,none,8,3.0,28103.0,193941.0,70054.0,204024.0,73299.0
2026-04-14 18:04:23.808559,720942,1609507357420116,4957390235,-0.162016,-0.743712,-0.5856,-1.1375,1.68875,-5.04,29.400002,16.272001,-12.352,none,8,3.0,28103.0,193941.0,70054.0,204024.0,73299.0
2026-04-14 18:04:23.811292,720943,1609507357434791,4957405103,-0.162016,-0.743712,-0.5856,-1.2075,2.17,-6.09,29.400002,16.272001,-12.352,none,8,3.0,28103.0,193941.0,70054.0,204024.0,73299.0
2026-04-14 18:04:23.813332,720944,1609507357443764,4957413852,-0.16592,-0.77104,-0.782752,-1.3825,1.8725,-6.58,29.480001,16.384,-14.096001,none,8,3.0,28103.0,193941.0,70054.0,204024.0,73299.0
2026-04-14 18:04:23.815960,720945,1609507357458259,4957426860,-0.21472,-0.737856,-0.679296,-2.9225,1.93375,-7.42,30.416002,16.288,-13.416,none,8,3.0,28103.0,193941.0,70054.0,204024.0,73299.0
2026-04-14 18:04:23.825155,720946,1609507357467760,4957437648,-0.21472,-0.737856,-0.679296,-3.61375,1.925,-7.90125,30.416002,16.288,-13.416,none,8,3.0,28103.0,193941.0,70054.0,204024.0,73299.0
2026-04-14 18:04:23.835038,720947,1609507357476710,4957446335,-0.21472,-0.745664,-0.681248,-3.7275,2.24,-7.91,30.416002,16.288,-13.416,none,8,3.0,28103.0,193941.0,70054.0,204024.0,73299.0
2026-04-14 18:04:23.849659,720948,1609507357491368,4957461229,-0.216672,-0.745664,-0.681248,-2.21375,2.59,-7.79625,30.400002,16.336,-12.72,none,8,3.0,28103.0,193941.0,70054.0,204024.0,73299.0
2026-04-14 18:04:23.881228,720959,1609507357500720,4957470214,-0.121024,-0.77104,-0.650016,0.58625,3.10625,-7.27125,30.000002,16.464,-12.568001,none,8,3.0,28056.0,194151.0,69963.0,204239.0,73164.0
2026-04-14 18:04:23.883777,720960,1609507357509701,4957479039,-0.121024,-0.77104,-0.650016,0.77875,3.4475,-7.42875,30.000002,16.464,-12.568001,none,8,3.0,28056.0,194151.0,69963.0,204239.0,73164.0
2026-04-14 18:04:23.885789,720961,1609507357524260,4957493958,-0.212768,-0.767136,-0.831552,0.49,3.70125,-7.23625,30.480001,16.68,-15.752001,none,8,3.0,28056.0,194151.0,69963.0,204239.0,73164.0
2026-04-14 18:04:23.891356,720962,1609507357533321,4957502709,-0.212768,-0.767136,-0.831552,0.25375,2.89625,-7.7875,30.480001,16.68,-15.752001,none,8,3.0,28056.0,194151.0,69963.0,204239.0,73164.0
2026-04-14 18:04:23.905057,720963,1609507357547814,4957517630,-0.177632,-0.732,-0.6344,0.27125,2.3275,-7.6125,30.088001,16.632,-13.392,none,8,3.0,28056.0,194151.0,69963.0,204239.0,73164.0
2026-04-14 18:04:23.915066,720964,1609507357556743,4957526351,-0.177632,-0.732,-0.587552,0.35875,2.415,-7.0175,30.088001,16.632,-13.392,none,8,3.0,28056.0,194151.0,69963.0,204239.0,73164.0
2026-04-14 18:04:23.932369,720965,1609507357571262,4957541245,-0.13664,-0.75152,-0.591456,0.7,3.47375,-6.86875,30.04,16.408,-13.52,none,8,3.0,28056.0,194151.0,69963.0,204239.0,73164.0
2026-04-14 18:04:23.938469,720966,1609507357580200,4957549913,-0.163968,-0.735904,-0.59536,0.77875,4.025,-6.78125,30.392002,16.560001,-13.272,none,8,3.0,28056.0,194151.0,69963.0,204239.0,73164.0
2026-04-14 18:04:23.946204,720967,1609507357589116,4957558677,-0.163968,-0.735904,-0.59536,1.1375,4.0075,-6.3,30.392002,16.560001,-13.272,none,8,3.0,28056.0,194151.0,69963.0,204239.0,73164.0
2026-04-14 18:04:23.981312,720978,1609507357603814,4957573695,-0.128832,-0.737856,-0.583648,0.14875,3.52625,-5.845,29.808,16.456001,-12.856001,none,8,3.0,28049.0,194347.0,69938.0,204464.0,73135.0
2026-04-14 18:04:23.983786,720979,1609507357612866,4957582419,-0.128832,-0.737856,-0.583648,0.04375,2.5725,-5.34625,29.808,16.456001,-12.856001,none,8,3.0,28049.0,194347.0,69938.0,204464.0,73135.0
2026-04-14 18:04:23.985872,720980,1609507357627424,4957597435,-0.160064,-0.745664,-0.655872,-1.09375,1.3475,-4.69,29.232002,16.984001,-12.232,none,8,3.0,28049.0,194347.0,69938.0,204464.0,73135.0
2026-04-14 18:04:24.020253,720981,1609507357636400,4957606205,-0.160064,-0.745664,-0.655872,-2.2575,0.84875,-4.40125,29.232002,16.984001,-12.232,none,8,3.0,28049.0,194347.0,69938.0,204464.0,73135.0
2026-04-14 18:04:24.020723,720982,1609507357650921,4957621086,-0.158112,-0.720288,-0.544608,-2.6075,0.49,-3.75375,29.12,16.880001,-16.704,none,8,3.0,28049.0,194347.0,69938.0,204464.0,73135.0
2026-04-14 18:04:24.023323,720983,1609507357659847,4957629761,-0.21472,-0.728096,-0.691008,-3.08,-0.2275,-2.82625,29.232002,16.68,-12.328001,none,8,3.0,28049.0,194347.0,69938.0,204464.0,73135.0
2026-04-14 18:04:24.048209,720984,1609507357668772,4957638473,-0.21472,-0.728096,-0.691008,-4.05125,-0.77,-1.89875,29.232002,16.68,-12.328001,none,8,3.0,28049.0,194347.0,69938.0,204464.0,73135.0
2026-04-14 18:04:24.063477,720985,1609507357683259,4957653438,-0.142496,-0.737856,-0.568032,-4.52375,-1.3125,-1.4525,29.504002,16.960001,-12.384001,none,8,3.0,28049.0,194347.0,69938.0,204464.0,73135.0
2026-04-14 18:04:24.066193,720986,1609507357692234,4957662140,-0.142496,-0.737856,-0.568032,-4.0425,-2.35375,-0.62125,29.504002,16.960001,-12.384001,none,8,3.0,28049.0,194347.0,69938.0,204464.0,73135.0
2026-04-14 18:04:24.093761,720997,1609507357707343,4957677529,-0.132736,-0.755424,-0.626592,-3.535,-2.86125,-0.13125,29.208002,17.288,-11.56,none,8,3.0,28027.0,194313.0,69901.0,204453.0,73079.0
2026-04-14 18:04:24.095862,720998,1609507357716465,4957686274,-0.132736,-0.755424,-0.626592,-2.4325,-3.45625,0.30625,29.208002,17.288,-11.56,none,8,3.0,28027.0,194313.0,69901.0,204453.0,73079.0
2026-04-14 18:04:24.098858,720999,1609507357725511,4957695020,-0.154208,-0.763232,-0.700768,-2.555,-4.90875,0.6475,28.480001,17.288,-11.368001,none,8,3.0,28027.0,194313.0,69901.0,204453.0,73079.0
2026-04-14 18:04:24.101320,721000,1609507357740029,4957709937,-0.210816,-0.759328,-0.694912,-3.87625,-6.27375,0.49875,28.800001,17.328001,-12.296001,none,8,3.0,28027.0,194313.0,69901.0,204453.0,73079.0
2026-04-14 18:04:24.107577,721001,1609507357748959,4957718669,-0.210816,-0.759328,-0.694912,-4.1825,-8.42625,0.69125,28.800001,17.328001,-12.296001,none,8,3.0,28027.0,194313.0,69901.0,204453.0,73079.0
2026-04-14 18:04:24.123669,721002,1609507357763509,4957733622,-0.208864,-0.753472,-0.83936,-1.88125,-9.695,1.645,30.384,16.384,-13.464001,none,8,3.0,28027.0,194313.0,69901.0,204453.0,73079.0
2026-04-14 18:04:24.131188,721003,1609507357772560,4957742378,-0.208864,-0.753472,-0.83936,0.805,-8.46125,1.96,30.384,16.384,-13.464001,none,8,3.0,28027.0,194313.0,69901.0,204453.0,73079.0
2026-04-14 18:04:24.138671,721004,1609507357781489,4957751065,-0.138592,-0.769088,-0.823744,2.51125,-7.14875,1.53125,30.520002,16.832,-13.208,none,8,3.0,28027.0,194313.0,69901.0,204453.0,73079.0
2026-04-14 18:04:24.153739,721005,1609507357796099,4957765959,-0.138592,-0.769088,-0.823744,2.555,-6.79,0.9275,30.520002,16.832,-13.208,none,8,3.0,28027.0,194313.0,69901.0,204453.0,73079.0
2026-04-14 18:04:24.183846,721016,1609507357805328,4957774700,-0.134688,-0.747616,-0.603168,1.155,-7.0,0.07875,30.288002,16.616001,-12.296001,none,8,3.0,28001.0,194318.0,69840.0,204438.0,72983.0
2026-04-14 18:04:24.186268,721017,1609507357819899,4957789706,-0.232288,-0.739808,-0.782752,1.98625,-6.22125,-0.105,29.44,16.824001,-11.912001,none,8,3.0,28001.0,194318.0,69840.0,204438.0,72983.0
2026-04-14 18:04:24.188752,721018,1609507357828876,4957798437,-0.232288,-0.739808,-0.782752,2.485,-5.18,-0.6475,29.44,16.824001,-11.912001,none,8,3.0,28001.0,194318.0,69840.0,204438.0,72983.0
2026-04-14 18:04:24.201349,721019,1609507357843374,4957813342,-0.206912,-0.710528,-0.571936,3.28125,-3.49125,-0.5425,30.048002,16.344,-13.76,none,8,3.0,28001.0,194318.0,69840.0,204438.0,72983.0
2026-04-14 18:04:24.210653,721020,1609507357852391,4957822063,-0.206912,-0.710528,-0.571936,4.375,-2.5725,-0.385,30.048002,16.344,-13.76,none,8,3.0,28001.0,194318.0,69840.0,204438.0,72983.0
2026-04-14 18:04:24.217407,721021,1609507357861321,4957830760,-0.199104,-0.737856,-0.571936,3.50875,-2.80875,-0.48125,29.312002,16.84,-12.072001,none,8,3.0,28001.0,194318.0,69840.0,204438.0,72983.0
2026-04-14 18:04:24.233703,721022,1609507357875861,4957845658,-0.199104,-0.737856,-0.571936,2.625,-3.4475,0.2625,29.312002,16.84,-12.072001,none,8,3.0,28001.0,194318.0,69840.0,204438.0,72983.0
2026-04-14 18:04:24.242080,721023,1609507357884804,4957854359,-0.179584,-0.755424,-0.704672,2.35375,-3.4825,0.5425,30.272001,16.264,-12.144001,none,8,3.0,28001.0,194318.0,69840.0,204438.0,72983.0
2026-04-14 18:04:24.285117,721034,1609507357899299,4957869333,-0.179584,-0.735904,-0.765184,3.15875,-2.6775,1.0325,30.272001,16.264,-12.144001,none,8,3.0,27937.0,194364.0,69784.0,204520.0,72905.0
2026-04-14 18:04:24.287629,721035,1609507357908622,4957878104,-0.247904,-0.735904,-0.765184,2.7475,-1.9075,0.76125,30.048002,16.752,-13.216001,none,8,3.0,27937.0,194364.0,69784.0,204520.0,72905.0
2026-04-14 18:04:24.290144,721036,1609507357917640,4957886790,-0.247904,-0.735904,-0.765184,1.82875,-1.8375,0.65625,30.048002,16.752,-13.216001,none,8,3.0,27937.0,194364.0,69784.0,204520.0,72905.0
2026-04-14 18:04:24.292185,721037,1609507357932164,4957901716,-0.193248,-0.733952,-0.571936,0.735,-1.33,0.245,28.912,17.224,-10.952001,none,8,3.0,27937.0,194364.0,69784.0,204520.0,72905.0
2026-04-14 18:04:24.297704,721038,1609507357941120,4957910490,-0.203008,-0.726144,-0.56608,-0.525,-1.47,0.105,28.672,16.472,-13.352,none,8,3.0,27937.0,194364.0,69784.0,204520.0,72905.0
2026-04-14 18:04:24.312620,721039,1609507357955717,4957925400,-0.203008,-0.726144,-0.56608,-1.86375,-2.23125,0.0875,28.672,16.472,-13.352,none,8,3.0,27937.0,194364.0,69784.0,204520.0,72905.0
2026-04-14 18:04:24.324044,721040,1609507357964656,4957934087,-0.247904,-0.786656,-0.843264,-4.96125,-2.2925,-0.5425,30.488,16.712,-13.016001,none,8,3.0,27937.0,194364.0,69784.0,204520.0,72905.0
2026-04-14 18:04:24.337425,721041,1609507357979162,4957949004,-0.247904,-0.786656,-0.843264,-4.89125,-2.3625,-1.12,30.488,16.712,-13.016001,none,8,3.0,27937.0,194364.0,69784.0,204520.0,72905.0
2026-04-14 18:04:24.345033,721042,1609507357988088,4957957725,-0.193248,-0.784704,-0.804224,-4.7425,-2.40625,-1.2425,30.584002,16.144001,-13.624001,none,8,3.0,27937.0,194364.0,69784.0,204520.0,72905.0
2026-04-14 18:04:24.356084,721043,1609507357997110,4957966452,-0.193248,-0.784704,-0.804224,-4.82125,-1.42625,-1.5225,30.584002,16.144001,-13.624001,none,8,3.0,27937.0,194364.0,69784.0,204520.0,72905.0
2026-04-14 18:04:24.459769,721054,1609507358011665,4957981445,-0.15616,-0.782752,-0.675392,-5.59125,-0.41125,-1.7325,29.816002,16.928001,-12.224001,none,8,3.0,27847.0,194742.0,69607.0,204973.0,72640.0
2026-04-14 18:04:24.462576,721055,1609507358020578,4957990167,-0.26352,-0.767136,-0.825696,-6.18625,0.98,-2.21375,29.784002,16.824001,-11.904,none,8,3.0,27847.0,194742.0,69607.0,204973.0,72640.0
2026-04-14 18:04:24.464586,721056,1609507358035308,4958005084,-0.26352,-0.767136,-0.825696,-5.94125,1.4875,-2.30125,29.784002,16.824001,-11.904,none,8,3.0,27847.0,194742.0,69607.0,204973.0,72640.0
2026-04-14 18:04:24.467553,721057,1609507358044426,4958013776,-0.222528,-0.788608,-0.808128,-7.25375,2.24,-2.24,29.480001,16.112001,-13.192,none,8,3.0,27847.0,194742.0,69607.0,204973.0,72640.0
2026-04-14 18:04:24.469888,721058,1609507358053381,4958022733,-0.222528,-0.788608,-0.808128,-7.06125,3.535,-2.31875,29.480001,16.112001,-13.192,none,8,3.0,27847.0,194742.0,69607.0,204973.0,72640.0
2026-04-14 18:04:24.481003,721059,1609507358067880,4958037650,-0.18544,-0.79056,-0.77104,-5.66125,4.92625,-2.87,30.232002,16.16,-13.144001,none,8,3.0,27847.0,194742.0,69607.0,204973.0,72640.0
2026-04-14 18:04:24.481333,721060,1609507358076814,4958046328,-0.18544,-0.79056,-0.77104,-3.745,5.3375,-2.77375,30.232002,16.16,-13.144001,none,8,3.0,27847.0,194742.0,69607.0,204973.0,72640.0
2026-04-14 18:04:24.481966,721061,1609507358091326,4958061236,-0.257664,-0.767136,-0.825696,-2.68625,5.73125,-2.8,30.504002,16.28,-13.104001,none,8,3.0,27847.0,194742.0,69607.0,204973.0,72640.0
2026-04-14 18:04:24.514753,721072,1609507358100517,4958070034,-0.257664,-0.75152,-0.75152,-1.9075,4.96125,-3.10625,30.504002,16.28,-13.104001,none,8,3.0,28000.0,194356.0,69842.0,204557.0,72997.0
2026-04-14 18:04:24.516628,721073,1609507358110065,4958078822,-0.245952,-0.75152,-0.75152,-1.2775,4.865,-3.255,30.272001,16.504002,-11.616,none,8,3.0,28000.0,194356.0,69842.0,204557.0,72997.0
2026-04-14 18:04:24.518127,721074,1609507358124982,4958093749,-0.222528,-0.784704,-0.80032,-2.0825,5.0925,-4.0775,30.336002,16.456001,-13.472001,none,8,3.0,28000.0,194356.0,69842.0,204557.0,72997.0
2026-04-14 18:04:24.520262,721075,1609507358134358,4958104539,-0.222528,-0.784704,-0.80032,-1.3475,5.3725,-4.22625,30.336002,16.456001,-13.472001,none,8,3.0,28000.0,194356.0,69842.0,204557.0,72997.0
2026-04-14 18:04:24.522130,721076,1609507358149006,4958117392,-0.177632,-0.778848,-0.735904,0.665,4.85625,-3.99875,30.152002,16.384,-13.632001,none,8,3.0,28000.0,194356.0,69842.0,204557.0,72997.0
2026-04-14 18:04:24.524591,721077,1609507358158256,4958128193,-0.177632,-0.778848,-0.735904,1.39125,4.2875,-3.9025,30.152002,16.384,-13.632001,none,8,3.0,28000.0,194356.0,69842.0,204557.0,72997.0
2026-04-14 18:04:24.527125,721078,1609507358167187,4958136879,-0.20496,-0.732,-0.5856,1.855,3.99,-3.9025,30.288002,16.480001,-13.000001,none,8,3.0,28000.0,194356.0,69842.0,204557.0,72997.0
2026-04-14 18:04:24.539666,721079,1609507358181740,4958151784,-0.236192,-0.769088,-0.837408,1.91625,3.08,-4.13,30.12,16.792002,-14.072001,none,8,3.0,28000.0,194356.0,69842.0,204557.0,72997.0
2026-04-14 18:04:24.547190,721080,1609507358190737,4958160494,-0.236192,-0.769088,-0.837408,1.995,3.0275,-4.27875,30.12,16.792002,-14.072001,none,8,3.0,28000.0,194356.0,69842.0,204557.0,72997.0
2026-04-14 18:04:24.584805,721091,1609507358205422,4958175435,-0.206912,-0.733952,-0.60512,1.5925,2.6075,-4.585,29.792002,16.880001,-12.240001,none,8,3.0,27988.0,194281.0,69825.0,204456.0,72961.0
2026-04-14 18:04:24.589814,721092,1609507358214419,4958184158,-0.206912,-0.733952,-0.60512,1.25125,2.6775,-4.1125,29.792002,16.880001,-12.240001,none,8,3.0,27988.0,194281.0,69825.0,204456.0,72961.0
2026-04-14 18:04:24.594191,721093,1609507358223546,4958192894,-0.212768,-0.7808,-0.827648,0.97125,2.19625,-4.1125,29.560001,16.968,-12.128,none,8,3.0,27988.0,194281.0,69825.0,204456.0,72961.0
2026-04-14 18:04:24.594572,721094,1609507358238076,4958207841,-0.212768,-0.7808,-0.827648,0.1925,2.17,-3.9025,29.560001,16.968,-12.128,none,8,3.0,27988.0,194281.0,69825.0,204456.0,72961.0
2026-04-14 18:04:24.604455,721095,1609507358247146,4958216531,-0.162016,-0.733952,-0.59536,0.0525,2.03,-2.79125,29.080002,16.672,-12.272,none,8,3.0,27988.0,194281.0,69825.0,204456.0,72961.0
2026-04-14 18:04:24.619678,721096,1609507358261642,4958231426,-0.162016,-0.782752,-0.817888,-0.8575,1.715,-3.40375,29.080002,16.672,-12.272,none,8,3.0,27988.0,194281.0,69825.0,204456.0,72961.0
2026-04-14 18:04:24.627239,721097,1609507358270606,4958240182,-0.1952,-0.782752,-0.817888,-3.10625,0.91875,-3.66625,30.2,16.480001,-14.144001,none,8,3.0,27988.0,194281.0,69825.0,204456.0,72961.0
2026-04-14 18:04:24.635978,721098,1609507358279541,4958249240,-0.1952,-0.782752,-0.817888,-3.38625,1.015,-3.4475,30.2,16.480001,-14.144001,none,8,3.0,27988.0,194281.0,69825.0,204456.0,72961.0
2026-04-14 18:04:24.652279,721099,1609507358294222,4958264490,-0.212768,-0.767136,-0.767136,-2.87875,1.68875,-3.36,29.976002,16.76,-12.448001,none,8,3.0,27988.0,194281.0,69825.0,204456.0,72961.0
2026-04-14 18:04:24.687925,721110,1609507358303871,4958274001,-0.201056,-0.757376,-0.753472,-1.925,1.44375,-3.15,28.760002,17.424002,-14.040001,none,8,3.0,27967.0,194315.0,69826.0,204503.0,72976.0
2026-04-14 18:04:24.689560,721111,1609507358318627,4958287015,-0.201056,-0.757376,-0.753472,-2.10875,0.875,-2.82625,28.760002,17.424002,-14.040001,none,8,3.0,27967.0,194315.0,69826.0,204503.0,72976.0
2026-04-14 18:04:24.692069,721112,1609507358327910,4958297971,-0.160064,-0.739808,-0.589504,-3.19375,0.0875,-2.975,28.36,16.904001,-11.552001,none,8,3.0,27967.0,194315.0,69826.0,204503.0,72976.0
2026-04-14 18:04:24.696605,721113,1609507358336859,4958306661,-0.160064,-0.739808,-0.589504,-3.64,-0.02625,-2.49375,28.36,16.904001,-11.552001,none,8,3.0,27967.0,194315.0,69826.0,204503.0,72976.0
2026-04-14 18:04:24.711171,721114,1609507358351352,4958321536,-0.142496,-0.7808,-0.70272,-3.8325,0.4025,-2.555,29.192001,17.248001,-12.584001,none,8,3.0,27967.0,194315.0,69826.0,204503.0,72976.0
2026-04-14 18:04:24.717422,721115,1609507358360273,4958330643,-0.142496,-0.7808,-0.70272,-2.17875,0.6825,-2.17,29.192001,17.248001,-12.584001,none,8,3.0,27967.0,194315.0,69826.0,204503.0,72976.0
2026-04-14 18:04:24.751333,721116,1609507358374756,4958343489,-0.134688,-0.767136,-0.62464,-1.12,0.945,-1.8025,30.208002,16.624,-12.960001,none,8,3.0,27967.0,194315.0,69826.0,204503.0,72976.0
2026-04-14 18:04:24.753804,721117,1609507358384052,4958354239,-0.128832,-0.77104,-0.691008,-0.1575,0.3675,-2.03,30.04,16.84,-13.056001,none,8,3.0,27967.0,194315.0,69826.0,204503.0,72976.0
2026-04-14 18:04:24.756337,721118,1609507358392995,4958362913,-0.128832,-0.77104,-0.691008,0.2975,-0.49,-1.4875,30.04,16.84,-13.056001,none,8,3.0,27967.0,194315.0,69826.0,204503.0,72976.0
2026-04-14 18:04:24.833667,721129,1609507358407807,4958377937,-0.236192,-0.749568,-0.788608,-0.3325,-0.5075,-1.9425,29.760002,16.848001,-12.144001,none,8,3.0,27996.0,194282.0,69855.0,204455.0,73031.0
2026-04-14 18:04:24.836295,721130,1609507358416766,4958386812,-0.236192,-0.749568,-0.788608,-0.1575,0.00875,-1.39125,29.760002,16.848001,-12.144001,none,8,3.0,27996.0,194282.0,69855.0,204455.0,73031.0
2026-04-14 18:04:24.838780,721131,1609507358431335,4958399737,-0.167872,-0.718336,-0.560224,0.875,-0.09625,-1.11125,29.328001,16.896,-12.208,none,8,3.0,27996.0,194282.0,69855.0,204455.0,73031.0
2026-04-14 18:04:24.840904,721132,1609507358440581,4958410524,-0.167872,-0.718336,-0.560224,-1.72375,-0.875,-1.47875,29.328001,16.896,-12.208,none,8,3.0,27996.0,194282.0,69855.0,204455.0,73031.0
2026-04-14 18:04:24.843799,721133,1609507358449628,4958419201,-0.187392,-0.796416,-0.813984,-4.29625,-1.25125,-1.9425,29.168001,16.896,-12.648001,none,8,3.0,27996.0,194282.0,69855.0,204455.0,73031.0
2026-04-14 18:04:24.846289,721134,1609507358464278,4958434204,-0.208864,-0.753472,-0.710528,-4.92625,-1.05875,-2.03875,29.320002,17.144001,-9.56,none,8,3.0,27996.0,194282.0,69855.0,204455.0,73031.0
2026-04-14 18:04:24.848778,721135,1609507358473233,4958442916,-0.208864,-0.753472,-0.710528,-3.49125,-1.16375,-1.155,29.320002,17.144001,-9.56,none,8,3.0,27996.0,194282.0,69855.0,204455.0,73031.0
2026-04-14 18:04:24.851280,721136,1609507358487943,4958457825,-0.199104,-0.763232,-0.788608,-1.995,-0.58625,-0.56,29.496002,16.992,-11.536,none,8,3.0,27996.0,194282.0,69855.0,204455.0,73031.0
2026-04-14 18:04:24.853751,721137,1609507358497084,4958466565,-0.199104,-0.763232,-0.788608,-2.31,-0.35875,-0.07,29.496002,16.992,-11.536,none,8,3.0,27996.0,194282.0,69855.0,204455.0,73031.0
2026-04-14 18:04:24.883812,721148,1609507358506781,4958475390,-0.226432,-0.788608,-0.792512,-3.19375,-0.525,0.1225,28.728,16.752,-11.312,none,8,3.0,27974.0,194354.0,69844.0,204581.0,72985.0
2026-04-14 18:04:24.887679,721149,1609507358521821,4958490314,-0.226432,-0.788608,-0.792512,-3.85875,-0.385,-0.07875,28.728,16.752,-11.312,none,8,3.0,27974.0,194354.0,69844.0,204581.0,72985.0
2026-04-14 18:04:24.900820,721150,1609507358531240,4958501121,-0.132736,-0.776896,-0.59536,-2.26625,0.28,0.83125,28.872002,16.696001,-12.320001,none,8,3.0,27974.0,194354.0,69844.0,204581.0,72985.0
2026-04-14 18:04:24.900899,721151,1609507358540201,4958509849,-0.132736,-0.776896,-0.59536,-1.5575,1.19875,0.72625,28.872002,16.696001,-12.320001,none,8,3.0,27974.0,194354.0,69844.0,204581.0,72985.0
2026-04-14 18:04:24.912488,721152,1609507358554707,4958524872,-0.218624,-0.728096,-0.67344,-2.21375,1.39125,0.84,30.224,16.648,-13.392,none,8,3.0,27974.0,194354.0,69844.0,204581.0,72985.0
2026-04-14 18:04:24.923692,721153,1609507358563718,4958533542,-0.203008,-0.76128,-0.609024,-4.64625,2.1875,0.79625,30.224,16.648,-13.096001,none,8,3.0,27974.0,194354.0,69844.0,204581.0,72985.0
2026-04-14 18:04:24.934605,721154,1609507358578250,4958548457,-0.189344,-0.76128,-0.609024,-5.88875,2.73875,0.11375,30.136002,16.216002,-13.096001,none,8,3.0,27974.0,194354.0,69844.0,204581.0,72985.0
2026-04-14 18:04:24.946329,721155,1609507358587300,4958557202,-0.134688,-0.788608,-0.616832,-5.46875,3.0625,-0.39375,30.392002,16.504002,-13.000001,none,8,3.0,27974.0,194354.0,69844.0,204581.0,72985.0
2026-04-14 18:04:24.984975,721166,1609507358601822,4958572389,-0.134688,-0.788608,-0.616832,-4.50625,3.3425,-0.245,30.392002,16.504002,-13.000001,none,8,3.0,27992.0,194064.0,69860.0,204205.0,73045.0
2026-04-14 18:04:24.987446,721167,1609507358610854,4958581130,-0.13664,-0.784704,-0.65392,-3.52625,3.92,-0.595,29.456001,16.448,-12.336,none,8,3.0,27992.0,194064.0,69860.0,204205.0,73045.0
2026-04-14 18:04:24.989948,721168,1609507358619861,4958589909,-0.13664,-0.784704,-0.65392,-2.82625,4.62,-1.54875,29.456001,16.448,-12.336,none,8,3.0,27992.0,194064.0,69860.0,204205.0,73045.0
2026-04-14 18:04:24.994949,721169,1609507358634389,4958602853,-0.206912,-0.767136,-0.796416,-2.345,5.53875,-1.98625,29.432001,16.736,-12.632001,none,8,3.0,27992.0,194064.0,69860.0,204205.0,73045.0
2026-04-14 18:04:25.001270,721170,1609507358643752,4958613635,-0.206912,-0.767136,-0.792512,-3.535,5.78375,-2.345,29.432001,16.736,-12.632001,none,8,3.0,27992.0,194064.0,69860.0,204205.0,73045.0
2026-04-14 18:04:25.017576,721171,1609507358658293,4958628548,-0.247904,-0.759328,-0.792512,-4.29625,5.55625,-2.6425,28.968002,16.328001,-13.264001,none,8,3.0,27992.0,194064.0,69860.0,204205.0,73045.0
2026-04-14 18:04:25.023814,721172,1609507358667326,4958637232,-0.167872,-0.753472,-0.573888,-4.2875,5.6525,-2.63375,29.984001,16.344,-13.736001,none,8,3.0,27992.0,194064.0,69860.0,204205.0,73045.0
2026-04-14 18:04:25.034789,721173,1609507358676272,4958645963,-0.167872,-0.753472,-0.573888,-2.86125,5.6175,-2.61625,29.984001,16.344,-13.736001,none,8,3.0,27992.0,194064.0,69860.0,204205.0,73045.0
2026-04-14 18:04:25.074623,721174,1609507358690933,4958660860,-0.244,-0.728096,-0.763232,-0.65625,5.7575,-2.63375,29.240002,17.168001,-11.832001,none,8,3.0,27992.0,194064.0,69860.0,204205.0,73045.0
2026-04-14 18:04:25.074754,721175,1609507358699855,4958669534,-0.244,-0.728096,-0.763232,0.11375,5.57375,-2.9225,29.240002,17.168001,-11.832001,none,8,3.0,27992.0,194064.0,69860.0,204205.0,73045.0
2026-04-14 18:04:25.143821,721186,1609507358714442,4958684575,-0.144448,-0.75152,-0.5856,-1.00625,4.73375,-3.605,29.872002,16.112001,-13.784,none,8,3.0,27987.0,194071.0,69849.0,204237.0,73046.0
2026-04-14 18:04:25.148849,721187,1609507358723399,4958693319,-0.144448,-0.75152,-0.5856,-2.1525,4.22625,-4.05125,29.872002,16.112001,-13.784,none,8,3.0,27987.0,194071.0,69849.0,204237.0,73046.0
2026-04-14 18:04:25.151183,721188,1609507358732349,4958702036,-0.128832,-0.794464,-0.732,-1.95125,4.235,-4.55,30.056002,16.376001,-11.792001,none,8,3.0,27987.0,194071.0,69849.0,204237.0,73046.0
2026-04-14 18:04:25.156529,721189,1609507358746934,4958716974,-0.218624,-0.75152,-0.831552,-0.60375,4.17375,-4.795,29.816002,16.224,-13.880001,none,8,3.0,27987.0,194071.0,69849.0,204237.0,73046.0
2026-04-14 18:04:25.156866,721190,1609507358755868,4958725674,-0.218624,-0.75152,-0.831552,-0.35875,3.31625,-4.69,29.816002,16.224,-13.880001,none,8,3.0,27987.0,194071.0,69849.0,204237.0,73046.0
2026-04-14 18:04:25.158230,721191,1609507358770397,4958740588,-0.197152,-0.765184,-0.75152,-1.95125,2.8,-4.9,30.080002,16.52,-13.936001,none,8,3.0,27987.0,194071.0,69849.0,204237.0,73046.0
2026-04-14 18:04:25.164995,721192,1609507358779346,4958749288,-0.197152,-0.765184,-0.75152,-2.24875,2.16125,-5.4425,30.080002,16.52,-13.936001,none,8,3.0,27987.0,194071.0,69849.0,204237.0,73046.0
2026-04-14 18:04:25.166770,721193,1609507358793940,4958764285,-0.242048,-0.739808,-0.804224,-1.4,1.11125,-5.1625,30.288002,16.624,-13.160001,none,8,3.0,27987.0,194071.0,69849.0,204237.0,73046.0
2026-04-14 18:04:25.167828,721194,1609507358802942,4958773019,-0.242048,-0.739808,-0.804224,-0.28875,0.44625,-4.89125,30.288002,16.624,-13.160001,none,8,3.0,27987.0,194071.0,69849.0,204237.0,73046.0
2026-04-14 18:04:25.193349,721205,1609507358812046,4958781847,-0.134688,-0.757376,-0.571936,-0.525,-1.61875,-4.71625,29.456001,16.712,-12.928,none,8,3.0,27953.0,194303.0,69812.0,204477.0,72970.0
2026-04-14 18:04:25.195863,721206,1609507358826570,4958796786,-0.12688,-0.776896,-0.74176,-1.00625,-3.2025,-4.375,29.176,16.728,-10.264001,none,8,3.0,27953.0,194303.0,69812.0,204477.0,72970.0
2026-04-14 18:04:25.198498,721207,1609507358835624,4958805588,-0.12688,-0.776896,-0.74176,-2.0825,-3.815,-3.885,29.176,16.728,-10.264001,none,8,3.0,27953.0,194303.0,69812.0,204477.0,72970.0
2026-04-14 18:04:25.208504,721208,1609507358850136,4958818497,-0.13664,-0.733952,-0.581696,-2.6775,-4.0775,-3.7625,29.304,16.800001,-12.8,none,8,3.0,27953.0,194303.0,69812.0,204477.0,72970.0
2026-04-14 18:04:25.217301,721209,1609507358859342,4958829260,-0.13664,-0.733952,-0.581696,-2.96625,-3.535,-3.68375,29.304,16.800001,-12.8,none,8,3.0,27953.0,194303.0,69812.0,204477.0,72970.0
2026-04-14 18:04:25.226043,721210,1609507358868384,4958837961,-0.1952,-0.767136,-0.817888,-3.675,-3.36,-3.6575,30.080002,16.504002,-13.408001,none,8,3.0,27953.0,194303.0,69812.0,204477.0,72970.0
2026-04-14 18:04:25.241029,721211,1609507358882869,4958852838,-0.1952,-0.767136,-0.817888,-3.8325,-3.94625,-3.36,30.080002,16.504002,-13.408001,none,8,3.0,27953.0,194303.0,69812.0,204477.0,72970.0
2026-04-14 18:04:25.248344,721212,1609507358891817,4958861524,-0.189344,-0.74176,-0.710528,-3.52625,-4.40125,-3.19375,29.760002,16.672,-12.584001,none,8,3.0,27953.0,194303.0,69812.0,204477.0,72970.0
2026-04-14 18:04:25.288532,721223,1609507358906885,4958876537,-0.169824,-0.772992,-0.788608,-3.22,-5.005,-2.1875,29.208002,16.968,-11.656,none,8,3.0,27952.0,194278.0,69795.0,204477.0,72983.0
2026-04-14 18:04:25.291062,721224,1609507358916022,4958885369,-0.169824,-0.772992,-0.788608,-3.395,-4.68125,-2.09125,29.208002,16.968,-11.656,none,8,3.0,27952.0,194278.0,69795.0,204477.0,72983.0
2026-04-14 18:04:25.293387,721225,1609507358924999,4958894136,-0.169824,-0.772992,-0.788608,-3.0275,-4.48,-1.7675,29.208002,16.968,-11.656,none,8,3.0,27952.0,194278.0,69795.0,204477.0,72983.0
2026-04-14 18:04:25.298544,721226,1609507358939538,4958909115,-0.189344,-0.739808,-0.603168,-3.24625,-4.52375,-1.225,28.36,16.84,-11.792001,none,8,3.0,27952.0,194278.0,69795.0,204477.0,72983.0
2026-04-14 18:04:25.306033,721227,1609507358948593,4958917972,-0.21472,-0.769088,-0.784704,-3.535,-4.62,-0.595,30.112001,16.184,-13.576,none,8,3.0,27952.0,194278.0,69795.0,204477.0,72983.0
2026-04-14 18:04:25.319798,721228,1609507358963156,4958932949,-0.21472,-0.769088,-0.784704,-1.82,-3.68375,0.07875,30.112001,16.184,-13.576,none,8,3.0,27952.0,194278.0,69795.0,204477.0,72983.0
2026-04-14 18:04:25.329752,721229,1609507358972079,4958941637,-0.130784,-0.769088,-0.685152,-0.2275,-2.45875,-0.00875,30.144001,16.16,-13.264001,none,8,3.0,27952.0,194278.0,69795.0,204477.0,72983.0
2026-04-14 18:04:25.347823,721230,1609507358986719,4958956560,-0.210816,-0.737856,-0.661728,-0.105,-2.45875,-0.32375,30.096,16.272001,-12.72,none,8,3.0,27952.0,194278.0,69795.0,204477.0,72983.0
2026-04-14 18:04:25.353369,721231,1609507358995669,4958965244,-0.210816,-0.737856,-0.661728,-2.70375,-3.31625,-0.83125,30.096,16.272001,-12.72,none,8,3.0,27952.0,194278.0,69795.0,204477.0,72983.0
2026-04-14 18:04:25.360926,721232,1609507359004693,4958973990,-0.210816,-0.737856,-0.661728,-4.55,-3.71,-1.1375,30.096,16.272001,-12.72,none,8,3.0,27952.0,194278.0,69795.0,204477.0,72983.0
2026-04-14 18:04:25.389771,721243,1609507359019272,4958988984,-0.122976,-0.788608,-0.685152,-4.4625,-4.0425,-1.0325,29.832,16.296001,-15.200001,none,8,3.0,27961.0,194311.0,69815.0,204521.0,73004.0
2026-04-14 18:04:25.392215,721244,1609507359028231,4958997662,-0.245952,-0.737856,-0.718336,-3.255,-3.85875,-1.05875,29.104002,16.528,-13.728001,none,8,3.0,27961.0,194311.0,69815.0,204521.0,73004.0
2026-04-14 18:04:25.400089,721245,1609507359042835,4959012618,-0.245952,-0.737856,-0.718336,-2.66875,-3.22,-0.77,29.104002,16.528,-13.728001,none,8,3.0,27961.0,194311.0,69815.0,204521.0,73004.0
2026-04-14 18:04:25.411355,721246,1609507359051800,4959021313,-0.210816,-0.749568,-0.655872,-2.4675,-3.64,-0.8925,29.960001,16.2,-13.536,none,8,3.0,27961.0,194311.0,69815.0,204521.0,73004.0
2026-04-14 18:04:25.419656,721247,1609507359060880,4959029996,-0.210816,-0.749568,-0.655872,-2.975,-3.99,-0.9975,29.960001,16.2,-13.536,none,8,3.0,27961.0,194311.0,69815.0,204521.0,73004.0
2026-04-14 18:04:25.432592,721248,1609507359075385,4959044969,-0.20496,-0.743712,-0.642208,-2.6775,-3.78,-1.44375,30.256,16.104,-12.544001,none,8,3.0,27961.0,194311.0,69815.0,204521.0,73004.0
2026-04-14 18:04:25.442297,721249,1609507359084321,4959053683,-0.20496,-0.743712,-0.642208,-1.9425,-3.19375,-1.86375,30.256,16.104,-12.544001,none,8,3.0,27961.0,194311.0,69815.0,204521.0,73004.0
2026-04-14 18:04:25.457454,721250,1609507359098850,4959068602,-0.22448,-0.74176,-0.737856,-3.0275,-2.8175,-2.17,29.840002,16.560001,-12.208,none,8,3.0,27961.0,194311.0,69815.0,204521.0,73004.0
2026-04-14 18:04:25.539228,721261,1609507359108348,4959077776,-0.240096,-0.753472,-0.792512,-4.22625,-2.07375,-2.94,30.28,16.424002,-13.504001,none,8,3.0,27968.0,194114.0,69817.0,204315.0,73005.0
2026-04-14 18:04:25.540955,721262,1609507359117345,4959086612,-0.240096,-0.753472,-0.792512,-4.655,-1.4875,-3.12375,30.28,16.424002,-13.504001,none,8,3.0,27968.0,194114.0,69817.0,204315.0,73005.0
2026-04-14 18:04:25.541030,721263,1609507359131836,4959101624,-0.130784,-0.786656,-0.626592,-3.77125,-0.74375,-2.905,30.400002,16.336,-13.456,none,8,3.0,27968.0,194114.0,69817.0,204315.0,73005.0
2026-04-14 18:04:25.543212,721264,1609507359140918,4959110308,-0.130784,-0.786656,-0.626592,-2.625,-0.02625,-3.01,30.400002,16.336,-13.456,none,8,3.0,27968.0,194114.0,69817.0,204315.0,73005.0
2026-04-14 18:04:25.546056,721265,1609507359155409,4959125207,-0.16592,-0.792512,-0.782752,-1.26875,0.81375,-3.1675,30.28,16.52,-13.568001,none,8,3.0,27968.0,194114.0,69817.0,204315.0,73005.0
2026-04-14 18:04:25.548702,721266,1609507359164397,4959133913,-0.16592,-0.792512,-0.782752,-0.91875,1.2075,-3.21125,30.28,16.52,-13.568001,none,8,3.0,27968.0,194114.0,69817.0,204315.0,73005.0
2026-04-14 18:04:25.551195,721267,1609507359178893,4959148832,-0.232288,-0.747616,-0.74176,-0.7175,1.39125,-3.4125,30.328001,16.136002,-12.584001,none,8,3.0,27968.0,194114.0,69817.0,204315.0,73005.0
2026-04-14 18:04:25.553700,721268,1609507359187848,4959157531,-0.222528,-0.745664,-0.743712,-0.49875,1.19875,-4.3575,30.328001,16.68,-10.912001,none,8,3.0,27968.0,194114.0,69817.0,204315.0,73005.0
2026-04-14 18:04:25.555768,721269,1609507359196971,4959166210,-0.222528,-0.745664,-0.743712,-1.3125,0.79625,-4.865,29.624,16.68,-10.912001,none,8,3.0,27968.0,194114.0,69817.0,204315.0,73005.0
2026-04-14 18:04:25.588864,721280,1609507359211667,4959181207,-0.0976,-0.79056,-0.618784,-3.24625,0.63875,-5.67,29.576002,16.632,-13.952001,none,8,3.0,27962.0,194144.0,69828.0,204308.0,73035.0
2026-04-14 18:04:25.590920,721281,1609507359220672,4959189935,-0.0976,-0.79056,-0.618784,-4.15625,1.18125,-5.39875,29.576002,16.632,-13.952001,none,8,3.0,27962.0,194144.0,69828.0,204308.0,73035.0
2026-04-14 18:04:25.593818,721282,1609507359235271,4959204909,-0.228384,-0.745664,-0.732,-2.975,1.6275,-5.25,29.288002,16.832,-12.312,none,8,3.0,27962.0,194144.0,69828.0,204308.0,73035.0
2026-04-14 18:04:25.601324,721283,1609507359244213,4959213649,-0.228384,-0.745664,-0.732,-1.7325,2.51125,-5.43375,29.288002,16.832,-12.312,none,8,3.0,27962.0,194144.0,69828.0,204308.0,73035.0
2026-04-14 18:04:25.611336,721284,1609507359253139,4959222366,-0.132736,-0.76128,-0.609024,-1.26,2.86125,-5.425,30.056002,16.352001,-13.296001,none,8,3.0,27962.0,194144.0,69828.0,204308.0,73035.0
2026-04-14 18:04:25.627123,721285,1609507359267636,4959237444,-0.132736,-0.76128,-0.62464,-1.855,2.4675,-5.005,30.056002,16.352001,-13.296001,none,8,3.0,27962.0,194144.0,69828.0,204308.0,73035.0
2026-04-14 18:04:25.635672,721286,1609507359276566,4959246161,-0.18544,-0.739808,-0.616832,-2.59,1.46125,-5.11,30.336002,16.456001,-14.360001,none,8,3.0,27962.0,194144.0,69828.0,204308.0,73035.0
2026-04-14 18:04:25.647441,721287,1609507359291229,4959259682,-0.111264,-0.77104,-0.661728,-1.5925,0.93625,-5.18875,30.336002,16.176,-13.944,none,8,3.0,27962.0,194144.0,69828.0,204308.0,73035.0
2026-04-14 18:04:25.658573,721288,1609507359300537,4959270829,-0.111264,-0.77104,-0.661728,-1.23375,1.12,-5.005,30.336002,16.176,-13.944,none,8,3.0,27962.0,194144.0,69828.0,204308.0,73035.0
2026-04-14 18:04:25.713837,721299,1609507359315119,4959283934,-0.124928,-0.784704,-0.735904,-1.855,0.595,-5.075,28.544,17.256,-11.744,none,8,3.0,27972.0,194105.0,69854.0,204281.0,73057.0
2026-04-14 18:04:25.719937,721300,1609507359324691,4959294690,-0.124928,-0.784704,-0.735904,-3.87625,0.14,-4.75125,28.544,17.256,-11.744,none,8,3.0,27972.0,194105.0,69854.0,204281.0,73057.0
2026-04-14 18:04:25.720337,721301,1609507359333653,4959303534,-0.105408,-0.782752,-0.669536,-4.795,0.07875,-4.4975,28.208002,16.648,-12.240001,none,8,3.0,27972.0,194105.0,69854.0,204281.0,73057.0
2026-04-14 18:04:25.720741,721302,1609507359348216,4959318430,-0.105408,-0.782752,-0.778848,-4.40125,0.41125,-4.27,28.208002,16.648,-12.240001,none,8,3.0,27972.0,194105.0,69854.0,204281.0,73057.0
2026-04-14 18:04:25.723219,721303,1609507359357155,4959327115,-0.20496,-0.745664,-0.778848,-3.57875,0.91,-3.59625,29.304,16.744001,-14.224001,none,8,3.0,27972.0,194105.0,69854.0,204281.0,73057.0
2026-04-14 18:04:25.731110,721304,1609507359371726,4959342050,-0.138592,-0.739808,-0.618784,-3.78,0.4025,-3.21125,29.2,16.864,-12.736001,none,8,3.0,27972.0,194105.0,69854.0,204281.0,73057.0
2026-04-14 18:04:25.737394,721305,1609507359380691,4959350776,-0.138592,-0.739808,-0.618784,-3.4825,-0.35,-3.63125,29.2,16.864,-12.736001,none,8,3.0,27972.0,194105.0,69854.0,204281.0,73057.0
2026-04-14 18:04:25.748685,721306,1609507359389676,4959359559,-0.220576,-0.72224,-0.704672,-2.4675,-1.16375,-3.31625,29.576002,16.896,-12.496,none,8,3.0,27972.0,194105.0,69854.0,204281.0,73057.0
2026-04-14 18:04:25.762617,721307,1609507359404189,4959374489,-0.220576,-0.72224,-0.704672,-1.89875,-2.52875,-2.28375,29.576002,16.896,-12.496,none,8,3.0,27972.0,194105.0,69854.0,204281.0,73057.0
2026-04-14 18:04:25.790099,721318,1609507359413277,4959383600,-0.160064,-0.778848,-0.794464,-1.84625,-2.8175,-1.8025,29.088001,16.248001,-13.208,none,8,3.0,27884.0,194574.0,69691.0,204829.0,72803.0
2026-04-14 18:04:25.792196,721319,1609507359427837,4959396525,-0.160064,-0.778848,-0.794464,0.13125,-2.26625,-1.49625,29.088001,16.248001,-13.208,none,8,3.0,27884.0,194574.0,69691.0,204829.0,72803.0
2026-04-14 18:04:25.794731,721320,1609507359437186,4959407326,-0.160064,-0.769088,-0.757376,0.6825,-2.3625,-0.91875,29.392002,16.896,-12.984,none,8,3.0,27884.0,194574.0,69691.0,204829.0,72803.0
2026-04-14 18:04:25.806332,721321,1609507359446134,4959416006,-0.160064,-0.769088,-0.757376,-1.19875,-3.08,-0.51625,29.392002,16.896,-12.984,none,8,3.0,27884.0,194574.0,69691.0,204829.0,72803.0
2026-04-14 18:04:25.821047,721322,1609507359460732,4959430968,-0.18544,-0.743712,-0.636352,-2.3625,-3.47375,-0.2975,29.920002,16.448,-13.68,none,8,3.0,27884.0,194574.0,69691.0,204829.0,72803.0
2026-04-14 18:04:25.853090,721323,1609507359469667,4959439838,-0.162016,-0.757376,-0.792512,-1.7675,-3.57,0.07,29.920002,16.872002,-11.68,none,8,3.0,27884.0,194574.0,69691.0,204829.0,72803.0
2026-04-14 18:04:25.875848,721324,1609507359484180,4959452694,-0.162016,-0.757376,-0.792512,-1.75,-3.7625,0.00875,29.960001,16.872002,-11.68,none,8,3.0,27884.0,194574.0,69691.0,204829.0,72803.0
2026-04-14 18:04:25.883526,721325,1609507359493524,4959463429,-0.160064,-0.784704,-0.759328,-3.19375,-4.06875,-0.09625,30.128002,16.304,-13.6,none,8,3.0,27884.0,194574.0,69691.0,204829.0,72803.0
2026-04-14 18:04:25.886019,721326,1609507359502527,4959472122,-0.160064,-0.784704,-0.759328,-4.5325,-4.6025,-0.21875,30.128002,16.304,-13.6,none,8,3.0,27884.0,194574.0,69691.0,204829.0,72803.0
2026-04-14 18:04:25.917137,721337,1609507359517099,4959487074,-0.128832,-0.7808,-0.661728,-3.4125,-4.45375,0.3325,30.416002,16.472,-13.856001,none,8,3.0,27875.0,194658.0,69672.0,204899.0,72762.0
2026-04-14 18:04:25.924070,721338,1609507359526072,4959495763,-0.128832,-0.7808,-0.661728,-3.52625,-4.1825,0.0,30.416002,16.472,-13.856001,none,8,3.0,27875.0,194658.0,69672.0,204899.0,72762.0
2026-04-14 18:04:25.924322,721339,1609507359540694,4959510755,-0.210816,-0.737856,-0.6344,-3.395,-4.75125,0.0525,30.264002,16.744001,-13.432001,none,8,3.0,27875.0,194658.0,69672.0,204899.0,72762.0
2026-04-14 18:04:25.924490,721340,1609507359549647,4959519518,-0.210816,-0.769088,-0.851072,-3.45625,-4.69875,-0.105,30.264002,16.744001,-13.432001,none,8,3.0,27875.0,194658.0,69672.0,204899.0,72762.0
2026-04-14 18:04:25.926812,721341,1609507359564323,4959534473,-0.199104,-0.778848,-0.851072,-3.605,-4.235,-0.00875,30.136002,16.704,-12.552001,none,8,3.0,27875.0,194658.0,69672.0,204899.0,72762.0
2026-04-14 18:04:25.930914,721342,1609507359573347,4959543186,-0.245952,-0.743712,-0.81984,-3.50875,-3.80625,0.13125,30.504002,16.16,-12.464001,none,8,3.0,27875.0,194658.0,69672.0,204899.0,72762.0
2026-04-14 18:04:25.943462,721343,1609507359582363,4959551914,-0.245952,-0.743712,-0.81984,-3.40375,-3.21125,-0.79625,30.504002,16.16,-12.464001,none,8,3.0,27875.0,194658.0,69672.0,204899.0,72762.0
2026-04-14 18:04:25.954803,721344,1609507359596846,4959566833,-0.216672,-0.747616,-0.718336,-3.9025,-2.3975,-1.82,29.44,16.768002,-12.128,none,8,3.0,27875.0,194658.0,69672.0,204899.0,72762.0
2026-04-14 18:04:25.963586,721345,1609507359605785,4959575524,-0.216672,-0.747616,-0.718336,-5.0225,-2.80875,-2.275,29.44,16.768002,-12.128,none,8,3.0,27875.0,194658.0,69672.0,204899.0,72762.0
2026-04-14 18:04:25.992336,721356,1609507359620330,4959589051,-0.21472,-0.778848,-0.843264,-5.20625,-2.96625,-2.84375,29.480001,16.08,-13.8,none,8,3.0,27938.0,194180.0,69796.0,204412.0,72933.0
2026-04-14 18:04:25.997211,721357,1609507359629661,4959599834,-0.21472,-0.778848,-0.843264,-4.4975,-2.2925,-2.8175,29.480001,16.08,-13.8,none,8,3.0,27938.0,194180.0,69796.0,204412.0,72933.0
2026-04-14 18:04:25.997569,721358,1609507359638885,4959608606,-0.199104,-0.735904,-0.638304,-2.415,-0.945,-2.98375,30.456001,16.576,-13.168,none,8,3.0,27938.0,194180.0,69796.0,204412.0,72933.0
2026-04-14 18:04:26.012206,721359,1609507359653463,4959623510,-0.216672,-0.728096,-0.6344,-0.67375,-0.175,-3.43875,30.264002,16.016,-13.320001,none,8,3.0,27938.0,194180.0,69796.0,204412.0,72933.0
2026-04-14 18:04:26.019711,721360,1609507359662407,4959632201,-0.216672,-0.728096,-0.6344,-0.83125,0.735,-3.92,30.264002,16.016,-13.320001,none,8,3.0,27938.0,194180.0,69796.0,204412.0,72933.0
2026-04-14 18:04:26.034591,721361,1609507359676879,4959647081,-0.160064,-0.7808,-0.759328,-0.56875,0.8575,-4.5325,30.632002,16.176,-13.240001,none,8,3.0,27938.0,194180.0,69796.0,204412.0,72933.0
2026-04-14 18:04:26.042033,721362,1609507359685800,4959655799,-0.160064,-0.7808,-0.759328,0.18375,1.0675,-5.0225,30.632002,16.176,-13.240001,none,8,3.0,27938.0,194180.0,69796.0,204412.0,72933.0
2026-04-14 18:04:26.052287,721363,1609507359694736,4959664487,-0.15616,-0.749568,-0.599264,-0.3675,1.11125,-5.215,29.496002,16.744001,-13.368001,none,8,3.0,27938.0,194180.0,69796.0,204412.0,72933.0
2026-04-14 18:04:26.094166,721375,1609507359709265,4959679329,-0.15616,-0.749568,-0.599264,-0.23625,1.3125,-5.87125,29.496002,16.744001,-13.368001,none,8,3.0,27937.0,194183.0,69804.0,204427.0,72967.0
2026-04-14 18:04:26.096564,721376,1609507359718213,4959688087,-0.226432,-0.724192,-0.679296,-0.02625,1.07625,-6.30875,29.880001,16.472,-12.072001,none,8,3.0,27937.0,194183.0,69804.0,204427.0,72967.0
2026-04-14 18:04:26.098164,721377,1609507359732859,4959703060,-0.238144,-0.74176,-0.765184,-0.60375,1.14625,-6.3,29.480001,16.632,-12.832001,none,8,3.0,27937.0,194183.0,69804.0,204427.0,72967.0
2026-04-14 18:04:26.101210,721378,1609507359741896,4959711794,-0.238144,-0.74176,-0.765184,-1.6275,1.155,-5.95875,29.480001,16.632,-12.832001,none,8,3.0,27937.0,194183.0,69804.0,204427.0,72967.0
2026-04-14 18:04:26.114953,721379,1609507359756430,4959726754,-0.158112,-0.782752,-0.79056,-1.6275,1.51375,-6.125,29.312002,16.736,-12.352,none,8,3.0,27937.0,194183.0,69804.0,204427.0,72967.0
2026-04-14 18:04:26.122451,721380,1609507359765461,4959735464,-0.158112,-0.782752,-0.79056,-0.455,1.26875,-5.81875,29.312002,16.736,-12.352,none,8,3.0,27937.0,194183.0,69804.0,204427.0,72967.0
2026-04-14 18:04:26.132498,721381,1609507359774395,4959744163,-0.124928,-0.769088,-0.687104,0.37625,0.7175,-5.7575,29.848001,16.728,-12.648001,none,8,3.0,27937.0,194183.0,69804.0,204427.0,72967.0
2026-04-14 18:04:26.148825,721382,1609507359788926,4959759082,-0.124928,-0.769088,-0.687104,-1.19,0.49875,-6.2475,29.848001,16.728,-12.648001,none,8,3.0,27937.0,194183.0,69804.0,204427.0,72967.0
2026-04-14 18:04:26.157576,721383,1609507359797862,4959767778,-0.193248,-0.774944,-0.83936,-2.52,0.5775,-6.3875,30.272001,16.608002,-13.592001,none,8,3.0,27937.0,194183.0,69804.0,204427.0,72967.0
2026-04-14 18:04:26.193342,721394,1609507359812405,4959782735,-0.142496,-0.767136,-0.74176,-2.59875,0.4725,-5.775,30.384,16.848001,-13.064001,none,8,3.0,27960.0,194220.0,69795.0,204428.0,72976.0
2026-04-14 18:04:26.218758,721395,1609507359821537,4959791501,-0.142496,-0.767136,-0.74176,-3.15,1.0675,-5.55625,30.384,16.848001,-13.064001,none,8,3.0,27960.0,194220.0,69795.0,204428.0,72976.0
2026-04-14 18:04:26.241345,721396,1609507359830506,4959800241,-0.142496,-0.767136,-0.74176,-4.2175,1.8375,-5.66125,30.384,16.848001,-13.064001,none,8,3.0,27960.0,194220.0,69795.0,204428.0,72976.0
2026-04-14 18:04:26.243630,721397,1609507359845121,4959815328,-0.160064,-0.765184,-0.710528,-3.89375,1.4525,-5.18875,30.264002,16.456001,-13.336,none,8,3.0,27960.0,194220.0,69795.0,204428.0,72976.0
2026-04-14 18:04:26.245898,721398,1609507359854218,4959824023,-0.11712,-0.769088,-0.646112,-3.6575,0.25375,-4.865,30.144001,16.328001,-13.440001,none,8,3.0,27960.0,194220.0,69795.0,204428.0,72976.0
2026-04-14 18:04:26.248823,721399,1609507359868730,4959838909,-0.11712,-0.769088,-0.646112,-3.15875,-0.07875,-5.01375,30.144001,16.328001,-13.440001,none,8,3.0,27960.0,194220.0,69795.0,204428.0,72976.0
2026-04-14 18:04:26.251359,721400,1609507359877663,4959847583,-0.16592,-0.755424,-0.767136,-1.75875,0.105,-4.7075,30.04,16.76,-13.528001,none,8,3.0,27960.0,194220.0,69795.0,204428.0,72976.0
2026-04-14 18:04:26.253811,721401,1609507359892208,4959862548,-0.173728,-0.755424,-0.782752,-0.16625,0.51625,-4.4625,30.04,16.76,-13.368001,none,8,3.0,27960.0,194220.0,69795.0,204428.0,72976.0
2026-04-14 18:04:26.258561,721402,1609507359901157,4959871492,-0.173728,-0.755424,-0.782752,-0.56875,0.0875,-3.96375,30.128002,16.736,-13.368001,none,8,3.0,27960.0,194220.0,69795.0,204428.0,72976.0
2026-04-14 18:04:26.292035,721413,1609507359910158,4959880195,-0.173728,-0.755424,-0.782752,-1.575,-0.34125,-4.13875,30.128002,16.736,-13.368001,none,8,3.0,27937.0,194340.0,69776.0,204633.0,72938.0
2026-04-14 18:04:26.294990,721414,1609507359924786,4959893193,-0.144448,-0.759328,-0.593408,-1.56625,-1.14625,-3.73625,29.864002,16.768002,-12.752001,none,8,3.0,27937.0,194340.0,69776.0,204633.0,72938.0
2026-04-14 18:04:26.297564,721415,1609507359934051,4959903973,-0.191296,-0.732,-0.65392,-0.27125,-1.5925,-2.93125,29.064001,17.088001,-12.064,none,8,3.0,27937.0,194340.0,69776.0,204633.0,72938.0
2026-04-14 18:04:26.307042,721416,1609507359948651,4959918874,-0.191296,-0.732,-0.65392,0.42875,-1.75875,-2.695,29.064001,17.088001,-12.064,none,8,3.0,27937.0,194340.0,69776.0,204633.0,72938.0
2026-04-14 18:04:26.314969,721417,1609507359957566,4959927602,-0.134688,-0.75152,-0.5856,-0.4025,-1.7325,-2.8,30.248001,16.872002,-13.320001,none,8,3.0,27937.0,194340.0,69776.0,204633.0,72938.0
2026-04-14 18:04:26.348843,721418,1609507359966495,4959936316,-0.134688,-0.75152,-0.5856,-1.015,-1.6275,-2.75625,30.248001,16.872002,-13.320001,none,8,3.0,27937.0,194340.0,69776.0,204633.0,72938.0
2026-04-14 18:04:26.351373,721419,1609507359981006,4959951216,-0.13664,-0.782752,-0.728096,-1.9075,-2.17,-2.44125,29.560001,17.296001,-12.496,none,8,3.0,27937.0,194340.0,69776.0,204633.0,72938.0
2026-04-14 18:04:26.353464,721420,1609507359989955,4959959899,-0.13664,-0.782752,-0.728096,-2.14375,-2.03,-2.40625,29.560001,17.296001,-12.496,none,8,3.0,27937.0,194340.0,69776.0,204633.0,72938.0
2026-04-14 18:04:26.360083,721421,1609507360004472,4959972844,-0.122976,-0.763232,-0.59536,-2.9575,-2.28375,-2.37125,29.296001,17.168001,-12.128,none,8,3.0,27937.0,194340.0,69776.0,204633.0,72938.0
2026-04-14 18:04:26.395932,721432,1609507360014391,4959983628,-0.189344,-0.732,-0.620736,-2.9225,-2.59,-1.5225,29.976002,16.512001,-13.584001,none,8,3.0,27957.0,194307.0,69797.0,204566.0,72968.0
2026-04-14 18:04:26.398019,721433,1609507360023425,4959992411,-0.189344,-0.732,-0.620736,-2.94875,-1.82875,-1.11125,29.976002,16.512001,-13.584001,none,8,3.0,27957.0,194307.0,69797.0,204566.0,72968.0
2026-04-14 18:04:26.399599,721434,1609507360037933,4960007352,-0.177632,-0.7808,-0.765184,-4.40125,-1.26,-1.2775,30.208002,16.736,-13.216001,none,8,3.0,27957.0,194307.0,69797.0,204566.0,72968.0
2026-04-14 18:04:26.404975,721435,1609507360046853,4960016100,-0.177632,-0.7808,-0.765184,-4.7075,-1.05875,-1.23375,30.208002,16.736,-13.216001,none,8,3.0,27957.0,194307.0,69797.0,204566.0,72968.0
2026-04-14 18:04:26.421338,721436,1609507360061336,4960030983,-0.132736,-0.759328,-0.640256,-3.5875,-0.74375,-0.83125,29.944002,16.640001,-13.632001,none,8,3.0,27957.0,194307.0,69797.0,204566.0,72968.0
2026-04-14 18:04:26.427550,721437,1609507360070299,4960039690,-0.132736,-0.759328,-0.640256,-3.21125,-0.7,-0.7175,29.944002,16.640001,-13.632001,none,8,3.0,27957.0,194307.0,69797.0,204566.0,72968.0
2026-04-14 18:04:26.443396,721438,1609507360084831,4960054579,-0.210816,-0.730048,-0.64416,-3.71,-1.26875,-0.98,29.04,17.112001,-13.096001,none,8,3.0,27957.0,194307.0,69797.0,204566.0,72968.0
2026-04-14 18:04:26.451342,721439,1609507360093792,4960063285,-0.203008,-0.769088,-0.776896,-3.57875,-1.74125,-0.7525,28.496002,17.08,-12.296001,none,8,3.0,27957.0,194307.0,69797.0,204566.0,72968.0
2026-04-14 18:04:26.461341,721440,1609507360102736,4960072098,-0.203008,-0.769088,-0.776896,-2.765,-0.97125,-1.32125,28.496002,17.08,-12.296001,none,8,3.0,27957.0,194307.0,69797.0,204566.0,72968.0
2026-04-14 18:04:26.494952,721451,1609507360117330,4960087049,-0.124928,-0.774944,-0.687104,-2.31,-0.875,-1.1025,30.136002,16.656,-13.512001,none,8,3.0,28044.0,193804.0,69953.0,203998.0,73224.0
2026-04-14 18:04:26.497517,721452,1609507360126330,4960095771,-0.124928,-0.774944,-0.687104,-3.00125,-0.8925,-1.67125,30.136002,16.656,-13.512001,none,8,3.0,28044.0,193804.0,69953.0,203998.0,73224.0
2026-04-14 18:04:26.499556,721453,1609507360140904,4960110667,-0.160064,-0.76128,-0.655872,-2.8,-0.525,-2.275,30.160002,16.28,-13.096001,none,8,3.0,28044.0,193804.0,69953.0,203998.0,73224.0
2026-04-14 18:04:26.506271,721454,1609507360149898,4960119508,-0.160064,-0.76128,-0.655872,-3.96375,-0.62125,-2.70375,30.160002,16.28,-13.096001,none,8,3.0,28044.0,193804.0,69953.0,203998.0,73224.0
2026-04-14 18:04:26.517638,721455,1609507360158845,4960128195,-0.171776,-0.774944,-0.661728,-4.01625,-1.86375,-3.77125,29.976002,16.936,-12.368001,none,8,3.0,28044.0,193804.0,69953.0,203998.0,73224.0
2026-04-14 18:04:26.531382,721456,1609507360173346,4960143088,-0.171776,-0.774944,-0.661728,-3.29,-2.02125,-3.52625,29.976002,16.936,-12.368001,none,8,3.0,28044.0,193804.0,69953.0,203998.0,73224.0
2026-04-14 18:04:26.540058,721457,1609507360182301,4960151836,-0.152256,-0.782752,-0.737856,-2.17875,-1.53125,-3.4125,29.088001,17.056002,-10.848001,none,8,3.0,28044.0,193804.0,69953.0,203998.0,73224.0
2026-04-14 18:04:26.553870,721458,1609507360196803,4960166754,-0.1952,-0.749568,-0.708576,-1.645,-1.4175,-3.98125,30.216002,16.504002,-13.312,none,8,3.0,28044.0,193804.0,69953.0,203998.0,73224.0
2026-04-14 18:04:26.588718,721459,1609507360205885,4960175451,-0.1952,-0.749568,-0.708576,-1.2425,-1.18125,-4.34875,30.216002,16.504002,-13.312,none,8,3.0,28044.0,193804.0,69953.0,203998.0,73224.0
2026-04-14 18:04:26.648864,721470,1609507360220590,4960190550,-0.128832,-0.784704,-0.698816,-0.9975,-1.295,-4.78625,29.992,16.968,-13.320001,none,8,3.0,28009.0,193978.0,69918.0,204164.0,73147.0
2026-04-14 18:04:26.653172,721471,1609507360229514,4960199169,-0.128832,-0.784704,-0.698816,-1.4875,-1.505,-5.57375,29.992,16.968,-13.320001,none,8,3.0,28009.0,193978.0,69918.0,204164.0,73147.0
2026-04-14 18:04:26.653496,721472,1609507360238562,4960207861,-0.242048,-0.747616,-0.792512,-1.23375,-1.25125,-6.825,29.816002,16.984001,-13.584001,none,8,3.0,28009.0,193978.0,69918.0,204164.0,73147.0
2026-04-14 18:04:26.655835,721473,1609507360253212,4960222757,-0.242048,-0.747616,-0.792512,-0.42875,-1.05875,-7.07875,29.816002,16.984001,-13.584001,none,8,3.0,28009.0,193978.0,69918.0,204164.0,73147.0
2026-04-14 18:04:26.660773,721474,1609507360262308,4960231493,-0.152256,-0.784704,-0.743712,-0.44625,-1.6975,-7.27125,29.976002,16.664001,-13.328001,none,8,3.0,28009.0,193978.0,69918.0,204164.0,73147.0
2026-04-14 18:04:26.660894,721475,1609507360276818,4960246382,-0.22448,-0.778848,-0.841312,-1.3475,-2.26625,-7.72625,29.792002,16.784,-13.552001,none,8,3.0,28009.0,193978.0,69918.0,204164.0,73147.0
2026-04-14 18:04:26.663762,721476,1609507360285818,4960255106,-0.22448,-0.778848,-0.841312,-1.68875,-3.185,-8.1375,29.792002,16.784,-13.552001,none,8,3.0,28009.0,193978.0,69918.0,204164.0,73147.0
2026-04-14 18:04:26.666160,721477,1609507360294738,4960263850,-0.238144,-0.743712,-0.737856,-1.04125,-3.3075,-7.7875,29.792002,16.784,-11.496,none,8,3.0,28009.0,193978.0,69918.0,204164.0,73147.0
2026-04-14 18:04:26.668134,721478,1609507360309266,4960278877,-0.238144,-0.743712,-0.737856,-1.3125,-2.65125,-7.8575,30.2,17.104,-11.496,none,8,3.0,28009.0,193978.0,69918.0,204164.0,73147.0
2026-04-14 18:04:26.698596,721489,1609507360318319,4960287686,-0.148352,-0.759328,-0.659776,-0.18375,-2.59,-8.417501,29.872002,16.76,-13.136001,none,8,3.0,27956.0,194264.0,69847.0,204524.0,73029.0
2026-04-14 18:04:26.701010,721490,1609507360332883,4960302702,-0.148352,-0.759328,-0.659776,0.13125,-3.33375,-8.53125,29.872002,16.76,-13.136001,none,8,3.0,27956.0,194264.0,69847.0,204524.0,73029.0
2026-04-14 18:04:26.703893,721491,1609507360341944,4960311440,-0.244,-0.737856,-0.6832,-1.56625,-4.64625,-9.31875,29.904001,16.960001,-15.120001,none,8,3.0,27956.0,194264.0,69847.0,204524.0,73029.0
2026-04-14 18:04:26.713873,721492,1609507360356598,4960326352,-0.142496,-0.77104,-0.599264,-3.43875,-6.265,-10.22875,29.616001,17.096,-12.112,none,8,3.0,27956.0,194264.0,69847.0,204524.0,73029.0
2026-04-14 18:04:26.723858,721493,1609507360365610,4960335165,-0.142496,-0.77104,-0.599264,-3.28125,-7.41125,-10.4125,29.616001,17.096,-12.112,none,8,3.0,27956.0,194264.0,69847.0,204524.0,73029.0
2026-04-14 18:04:26.731388,721494,1609507360374652,4960343895,-0.142496,-0.77104,-0.599264,-2.70375,-8.16375,-11.59375,29.616001,17.096,-12.112,none,8,3.0,27956.0,194264.0,69847.0,204524.0,73029.0
2026-04-14 18:04:26.747306,721495,1609507360389121,4960358800,-0.148352,-0.753472,-0.591456,-2.89625,-8.925,-11.9875,29.240002,17.800001,-12.232,none,8,3.0,27956.0,194264.0,69847.0,204524.0,73029.0
2026-04-14 18:04:26.756527,721496,1609507360398069,4960367524,-0.21472,-0.737856,-0.62464,-3.7625,-9.38,-12.04,29.144001,17.784,-11.816001,none,8,3.0,27956.0,194264.0,69847.0,204524.0,73029.0
2026-04-14 18:04:26.771357,721497,1609507360412556,4960382449,-0.21472,-0.737856,-0.62464,-5.60875,-10.00125,-12.565,29.144001,17.784,-11.816001,none,8,3.0,27956.0,194264.0,69847.0,204524.0,73029.0
2026-04-14 18:04:26.801407,721508,1609507360421556,4960391227,-0.242048,-0.757376,-0.79056,-6.0725,-10.28125,-13.3175,29.832,17.504002,-12.84,none,8,3.0,27863.0,194545.0,69680.0,204859.0,72801.0
2026-04-14 18:04:26.803916,721509,1609507360430569,4960399954,-0.242048,-0.757376,-0.79056,-6.60625,-9.80875,-13.3525,29.832,17.504002,-12.84,none,8,3.0,27863.0,194545.0,69680.0,204859.0,72801.0
2026-04-14 18:04:26.818580,721510,1609507360445132,4960414941,-0.226432,-0.759328,-0.796416,-6.5275,-9.292501,-13.5275,29.008001,17.792002,-11.528001,none,8,3.0,27863.0,194545.0,69680.0,204859.0,72801.0
2026-04-14 18:04:26.821384,721511,1609507360454104,4960423660,-0.226432,-0.759328,-0.796416,-5.495,-8.3125,-13.50125,29.008001,17.792002,-11.528001,none,8,3.0,27863.0,194545.0,69680.0,204859.0,72801.0
2026-04-14 18:04:26.827668,721512,1609507360468707,4960438565,-0.183488,-0.778848,-0.821792,-4.54125,-7.3675,-13.76375,29.880001,18.0,-12.656,none,8,3.0,27863.0,194545.0,69680.0,204859.0,72801.0
2026-04-14 18:04:26.836467,721513,1609507360477640,4960447257,-0.15616,-0.739808,-0.603168,-3.70125,-7.0,-13.23875,30.080002,17.472,-13.768001,none,8,3.0,27863.0,194545.0,69680.0,204859.0,72801.0
2026-04-14 18:04:26.848211,721514,1609507360492208,4960462203,-0.15616,-0.739808,-0.603168,-3.10625,-5.76625,-13.09,30.080002,17.472,-13.768001,none,8,3.0,27863.0,194545.0,69680.0,204859.0,72801.0
2026-04-14 18:04:26.858482,721515,1609507360501140,4960470890,-0.191296,-0.716384,-0.6344,-2.31,-3.77125,-13.04625,29.968002,17.720001,-12.768001,none,8,3.0,27863.0,194545.0,69680.0,204859.0,72801.0
2026-04-14 18:04:26.867570,721516,1609507360510146,4960479597,-0.191296,-0.716384,-0.6344,-1.6275,-2.6075,-12.7225,29.968002,17.720001,-12.768001,none,8,3.0,27863.0,194545.0,69680.0,204859.0,72801.0
2026-04-14 18:04:26.900079,721527,1609507360524895,4960494609,-0.167872,-0.728096,-0.579744,-1.47,-1.085,-12.2675,29.536001,17.92,-12.736001,none,8,3.0,27892.0,194539.0,69737.0,204840.0,72875.0
2026-04-14 18:04:26.902659,721528,1609507360534015,4960503364,-0.167872,-0.728096,-0.579744,-2.4675,-1.33875,-12.25875,29.536001,17.92,-12.736001,none,8,3.0,27892.0,194539.0,69737.0,204840.0,72875.0
2026-04-14 18:04:26.906457,721529,1609507360548601,4960518300,-0.206912,-0.732,-0.677344,-2.9575,-2.03875,-11.29625,29.504002,18.072,-12.56,none,8,3.0,27892.0,194539.0,69737.0,204840.0,72875.0
2026-04-14 18:04:26.917612,721530,1609507360557517,4960527017,-0.113216,-0.732,-0.581696,-2.59875,-1.65375,-10.05375,28.640001,17.952002,-9.864,none,8,3.0,27892.0,194539.0,69737.0,204840.0,72875.0
2026-04-14 18:04:26.923886,721531,1609507360566582,4960535744,-0.113216,-0.732,-0.581696,-1.365,-0.51625,-9.70375,28.640001,17.952002,-9.864,none,8,3.0,27892.0,194539.0,69737.0,204840.0,72875.0
2026-04-14 18:04:26.956200,721532,1609507360581092,4960550684,-0.201056,-0.720288,-0.75152,-0.8225,-0.0525,-8.91625,28.792002,18.240002,-12.784,none,8,3.0,27892.0,194539.0,69737.0,204840.0,72875.0
2026-04-14 18:04:26.958401,721533,1609507360590011,4960559380,-0.201056,-0.720288,-0.75152,-2.93125,-0.5425,-7.7175,28.792002,18.240002,-12.784,none,8,3.0,27892.0,194539.0,69737.0,204840.0,72875.0
2026-04-14 18:04:26.993380,721534,1609507360604532,4960574275,-0.128832,-0.755424,-0.620736,-5.6175,-1.1025,-6.93,29.552002,17.984001,-12.8,none,8,3.0,27892.0,194539.0,69737.0,204840.0,72875.0
2026-04-14 18:04:26.996750,721535,1609507360613551,4960582995,-0.128832,-0.755424,-0.620736,-4.71625,-1.19875,-6.0375,29.552002,17.984001,-12.8,none,8,3.0,27892.0,194539.0,69737.0,204840.0,72875.0
2026-04-14 18:04:27.071333,721546,1609507360628073,4960598067,-0.169824,-0.747616,-0.853024,-3.47375,0.16625,-5.45125,29.544,18.136002,-12.528001,none,8,3.0,27963.0,194172.0,69827.0,204412.0,73036.0
2026-04-14 18:04:27.073391,721547,1609507360636961,4960606743,-0.203008,-0.714432,-0.737856,-3.94625,1.35625,-4.655,29.544,18.024,-12.872001,none,8,3.0,27963.0,194172.0,69827.0,204412.0,73036.0
2026-04-14 18:04:27.075784,721548,1609507360646013,4960615462,-0.203008,-0.714432,-0.737856,-5.6175,1.00625,-4.235,29.632002,18.024,-12.872001,none,8,3.0,27963.0,194172.0,69827.0,204412.0,73036.0
2026-04-14 18:04:27.078852,721549,1609507360660486,4960630344,-0.20496,-0.74176,-0.815936,-6.99125,0.77875,-3.3775,29.880001,18.464,-12.688001,none,8,3.0,27963.0,194172.0,69827.0,204412.0,73036.0
2026-04-14 18:04:27.081348,721550,1609507360669390,4960639035,-0.20496,-0.74176,-0.815936,-7.4025,0.21875,-3.3775,29.880001,18.464,-12.688001,none,8,3.0,27963.0,194172.0,69827.0,204412.0,73036.0
2026-04-14 18:04:27.083860,721551,1609507360683906,4960653894,-0.1952,-0.735904,-0.825696,-6.95625,-0.1575,-2.9925,29.920002,18.256,-13.160001,none,8,3.0,27963.0,194172.0,69827.0,204412.0,73036.0
2026-04-14 18:04:27.086369,721552,1609507360692942,4960662576,-0.1952,-0.735904,-0.825696,-6.25625,-0.49875,-2.42375,29.920002,18.256,-13.160001,none,8,3.0,27963.0,194172.0,69827.0,204412.0,73036.0
2026-04-14 18:04:27.088471,721553,1609507360707474,4960677593,-0.169824,-0.728096,-0.804224,-6.30875,-1.05,-1.91625,29.472002,18.064001,-12.872001,none,8,3.0,27963.0,194172.0,69827.0,204412.0,73036.0
2026-04-14 18:04:27.118918,721564,1609507360716593,4960686996,-0.169824,-0.728096,-0.804224,-6.3175,0.11375,-1.75875,29.472002,18.064001,-12.872001,none,8,3.0,28072.0,193647.0,69972.0,203818.0,73295.0
2026-04-14 18:04:27.123032,721565,1609507360725624,4960695721,-0.080032,-0.757376,-0.646112,-5.73125,1.3825,-1.89,29.672,18.36,-11.8,none,8,3.0,28072.0,193647.0,69972.0,203818.0,73295.0
2026-04-14 18:04:27.123466,721566,1609507360740292,4960710639,-0.089792,-0.767136,-0.778848,-3.6225,2.00375,-2.23125,29.512001,18.480001,-12.400001,none,8,3.0,28072.0,193647.0,69972.0,203818.0,73295.0
2026-04-14 18:04:27.125822,721567,1609507360749256,4960719388,-0.089792,-0.767136,-0.778848,-3.8325,1.35625,-1.96875,29.512001,18.480001,-12.400001,none,8,3.0,28072.0,193647.0,69972.0,203818.0,73295.0
2026-04-14 18:04:27.129509,721568,1609507360763818,4960732366,-0.132736,-0.749568,-0.669536,-5.3025,1.6975,-1.365,29.664001,18.272001,-12.144001,none,8,3.0,28072.0,193647.0,69972.0,203818.0,73295.0
2026-04-14 18:04:27.132982,721569,1609507360773196,4960743149,-0.132736,-0.749568,-0.669536,-4.585,2.35375,-1.33875,29.664001,18.272001,-12.144001,none,8,3.0,28072.0,193647.0,69972.0,203818.0,73295.0
2026-04-14 18:04:27.139961,721570,1609507360782139,4960751827,-0.109312,-0.749568,-0.657824,-2.98375,3.2725,-0.46375,28.792002,18.136002,-12.048,none,8,3.0,28072.0,193647.0,69972.0,203818.0,73295.0
2026-04-14 18:04:27.153699,721571,1609507360796811,4960766791,-0.109312,-0.749568,-0.657824,-1.00625,3.5525,0.35,28.792002,18.136002,-12.048,none,8,3.0,28072.0,193647.0,69972.0,203818.0,73295.0
2026-04-14 18:04:27.162636,721572,1609507360805886,4960775497,-0.111264,-0.726144,-0.640256,0.37625,3.8325,0.55125,29.600002,18.056002,-11.248,none,8,3.0,28072.0,193647.0,69972.0,203818.0,73295.0
2026-04-14 18:04:27.197179,721583,1609507360820567,4960790556,-0.128832,-0.732,-0.646112,1.04125,3.78875,0.90125,29.624,18.056002,-13.304001,none,8,3.0,28162.0,193590.0,70202.0,203734.0,73592.0
2026-04-14 18:04:27.208774,721584,1609507360829577,4960799329,-0.128832,-0.732,-0.646112,-0.5775,3.91125,0.69125,29.624,18.056002,-13.304001,none,8,3.0,28162.0,193590.0,70202.0,203734.0,73592.0
2026-04-14 18:04:27.209306,721585,1609507360838517,4960808032,-0.109312,-0.796416,-0.853024,-1.4525,4.75125,1.21625,29.672,18.024,-13.072001,none,8,3.0,28162.0,193590.0,70202.0,203734.0,73592.0
2026-04-14 18:04:27.213281,721586,1609507360853118,4960823080,-0.109312,-0.796416,-0.853024,-0.875,4.9175,1.155,29.672,18.024,-13.072001,none,8,3.0,28162.0,193590.0,70202.0,203734.0,73592.0
2026-04-14 18:04:27.220421,721587,1609507360862177,4960831799,-0.171776,-0.747616,-0.81984,-0.28875,4.55875,1.4875,29.36,17.808,-13.040001,none,8,3.0,28162.0,193590.0,70202.0,203734.0,73592.0
2026-04-14 18:04:27.234615,721588,1609507360876685,4960846867,-0.171776,-0.747616,-0.81984,-0.86625,4.9,1.75,29.36,17.808,-13.040001,none,8,3.0,28162.0,193590.0,70202.0,203734.0,73592.0
2026-04-14 18:04:27.242026,721589,1609507360885692,4960855567,-0.187392,-0.716384,-0.694912,-1.60125,4.85625,1.84625,29.848001,18.008001,-12.56,none,8,3.0,28162.0,193590.0,70202.0,203734.0,73592.0
2026-04-14 18:04:27.253499,721590,1609507360894651,4960864292,-0.187392,-0.716384,-0.694912,-0.7175,5.20625,2.1875,29.848001,18.008001,-12.56,none,8,3.0,28162.0,193590.0,70202.0,203734.0,73592.0
2026-04-14 18:04:27.267282,721591,1609507360909138,4960879196,-0.1952,-0.743712,-0.81008,-0.62125,5.06625,1.54875,29.560001,18.032001,-13.176001,none,8,3.0,28162.0,193590.0,70202.0,203734.0,73592.0
2026-04-14 18:04:27.297279,721602,1609507360918555,4960888165,-0.1952,-0.743712,-0.825696,-1.19,4.4275,1.93375,29.560001,18.032001,-13.176001,none,8,3.0,28058.0,194031.0,70018.0,204212.0,73375.0
2026-04-14 18:04:27.322167,721603,1609507360933277,4960903105,-0.210816,-0.716384,-0.825696,-1.2775,4.4975,2.0125,29.616001,17.856,-12.176001,none,8,3.0,28058.0,194031.0,70018.0,204212.0,73375.0
2026-04-14 18:04:27.347298,721604,1609507360942248,4960911798,-0.163968,-0.716384,-0.622688,-1.295,4.05125,1.2775,29.736002,18.232,-12.320001,none,8,3.0,28058.0,194031.0,70018.0,204212.0,73375.0
2026-04-14 18:04:27.352270,721605,1609507360951244,4960920481,-0.163968,-0.716384,-0.622688,-2.905,3.3075,1.225,29.736002,18.232,-12.320001,none,8,3.0,28058.0,194031.0,70018.0,204212.0,73375.0
2026-04-14 18:04:27.354814,721606,1609507360965794,4960935542,-0.167872,-0.739808,-0.67344,-3.59625,3.45625,1.40875,28.984001,18.208,-12.472,none,8,3.0,28058.0,194031.0,70018.0,204212.0,73375.0
2026-04-14 18:04:27.357262,721607,1609507360974833,4960944255,-0.167872,-0.739808,-0.67344,-2.02125,4.59375,1.58375,28.984001,18.208,-12.472,none,8,3.0,28058.0,194031.0,70018.0,204212.0,73375.0
2026-04-14 18:04:27.359685,721608,1609507360989341,4960959128,-0.15616,-0.75152,-0.83936,-0.735,5.81,2.0825,28.768002,18.256,-12.304001,none,8,3.0,28058.0,194031.0,70018.0,204212.0,73375.0
2026-04-14 18:04:27.362259,721609,1609507360998275,4960967814,-0.15616,-0.75152,-0.83936,-0.9275,6.76375,2.03,28.768002,18.256,-12.304001,none,8,3.0,28058.0,194031.0,70018.0,204212.0,73375.0
2026-04-14 18:04:27.369823,721610,1609507361012788,4960982830,-0.121024,-0.75152,-0.685152,-2.835,7.5425,1.96875,29.04,18.216002,-10.52,none,8,3.0,28058.0,194031.0,70018.0,204212.0,73375.0
2026-04-14 18:04:27.399960,721621,1609507361021864,4960991616,-0.17568,-0.726144,-0.636352,-2.94875,7.7,2.0825,28.768002,17.76,-11.944,none,8,3.0,27958.0,194233.0,69819.0,204492.0,73102.0
2026-04-14 18:04:27.402806,721622,1609507361030834,4961000404,-0.17568,-0.726144,-0.636352,-3.0975,7.88375,2.31,28.768002,17.76,-11.944,none,8,3.0,27958.0,194233.0,69819.0,204492.0,73102.0
2026-04-14 18:04:27.407997,721623,1609507361045342,4961015506,-0.177632,-0.735904,-0.651968,-4.5675,6.9475,3.2375,28.792002,17.808,-11.360001,none,8,3.0,27958.0,194233.0,69819.0,204492.0,73102.0
2026-04-14 18:04:27.422842,721624,1609507361054305,4961024223,-0.177632,-0.735904,-0.651968,-4.9875,6.41375,3.43,28.792002,17.808,-11.360001,none,8,3.0,27958.0,194233.0,69819.0,204492.0,73102.0
2026-04-14 18:04:27.427235,721625,1609507361068838,4961039091,-0.203008,-0.75152,-0.841312,-3.24625,6.08125,4.10375,28.736002,17.68,-13.968,none,8,3.0,27958.0,194233.0,69819.0,204492.0,73102.0
2026-04-14 18:04:27.436206,721626,1609507361077813,4961047801,-0.203008,-0.75152,-0.841312,-1.25125,6.02875,4.585,28.736002,17.68,-13.968,none,8,3.0,27958.0,194233.0,69819.0,204492.0,73102.0
2026-04-14 18:04:27.446993,721627,1609507361092328,4961060694,-0.12688,-0.735904,-0.597312,-1.44375,6.2825,4.4975,29.504002,17.664001,-13.704,none,8,3.0,27958.0,194233.0,69819.0,204492.0,73102.0
2026-04-14 18:04:27.458525,721628,1609507361101495,4961071442,-0.12688,-0.75152,-0.622688,-3.07125,6.055,3.91125,29.960001,17.480001,-15.072001,none,8,3.0,27958.0,194233.0,69819.0,204492.0,73102.0
2026-04-14 18:04:27.468489,721629,1609507361110454,4961080181,-0.12688,-0.75152,-0.622688,-4.17375,5.495,3.22875,29.960001,17.480001,-15.072001,none,8,3.0,27958.0,194233.0,69819.0,204492.0,73102.0
2026-04-14 18:04:27.500554,721640,1609507361125064,4961095449,-0.228384,-0.71248,-0.75152,-4.01625,5.075,2.9225,29.400002,17.152,-13.992001,none,8,3.0,27910.0,194363.0,69745.0,204633.0,72980.0
2026-04-14 18:04:27.503539,721641,1609507361134159,4961104261,-0.228384,-0.71248,-0.75152,-3.84125,4.2,2.00375,29.400002,17.152,-13.992001,none,8,3.0,27910.0,194363.0,69745.0,204633.0,72980.0
2026-04-14 18:04:27.506446,721642,1609507361148795,4961117158,-0.13664,-0.786656,-0.794464,-4.96125,2.35375,1.19875,29.664001,17.536001,-12.728001,none,8,3.0,27910.0,194363.0,69745.0,204633.0,72980.0
2026-04-14 18:04:27.516964,721643,1609507361158090,4961127973,-0.13664,-0.786656,-0.794464,-4.75125,1.42625,0.945,29.664001,17.536001,-12.728001,none,8,3.0,27910.0,194363.0,69745.0,204633.0,72980.0
2026-04-14 18:04:27.524588,721644,1609507361167038,4961136652,-0.140544,-0.778848,-0.843264,-3.3775,1.33875,0.74375,29.016,17.336,-12.408001,none,8,3.0,27910.0,194363.0,69745.0,204633.0,72980.0
2026-04-14 18:04:27.538696,721645,1609507361181507,4961151549,-0.132736,-0.749568,-0.6344,-2.33625,2.0825,0.51625,29.12,17.2,-12.704,none,8,3.0,27910.0,194363.0,69745.0,204633.0,72980.0
2026-04-14 18:04:27.549964,721646,1609507361190436,4961160274,-0.132736,-0.749568,-0.6344,-2.8875,2.86125,-0.5775,29.12,17.2,-12.704,none,8,3.0,27910.0,194363.0,69745.0,204633.0,72980.0
2026-04-14 18:04:27.563857,721647,1609507361205056,4961175199,-0.152256,-0.765184,-0.821792,-3.36,3.17625,-1.07625,29.720001,17.288,-14.144001,none,8,3.0,27910.0,194363.0,69745.0,204633.0,72980.0
2026-04-14 18:04:27.571077,721648,1609507361214068,4961183966,-0.152256,-0.765184,-0.821792,-1.67125,3.5525,-1.04125,29.720001,17.288,-14.144001,none,8,3.0,27910.0,194363.0,69745.0,204633.0,72980.0
2026-04-14 18:04:27.600830,721659,1609507361223207,4961192703,-0.216672,-0.737856,-0.817888,-0.91875,3.4125,-1.67125,29.056002,17.568,-12.240001,none,8,3.0,28051.0,193704.0,69954.0,203845.0,73316.0
2026-04-14 18:04:27.630114,721660,1609507361237780,4961207641,-0.216672,-0.737856,-0.817888,-1.95125,2.065,-2.31875,29.056002,17.568,-12.240001,none,8,3.0,28051.0,193704.0,69954.0,203845.0,73316.0
2026-04-14 18:04:27.632624,721661,1609507361246782,4961216361,-0.128832,-0.765184,-0.632448,-2.89625,1.8375,-3.03625,29.824001,17.488,-13.952001,none,8,3.0,28051.0,193704.0,69954.0,203845.0,73316.0
2026-04-14 18:04:27.634797,721662,1609507361261298,4961231274,-0.183488,-0.737856,-0.726144,-2.44125,2.21375,-4.235,29.464,17.104,-14.112,none,8,3.0,28051.0,193704.0,69954.0,203845.0,73316.0
2026-04-14 18:04:27.637598,721663,1609507361270217,4961239953,-0.183488,-0.737856,-0.726144,-0.53375,3.3775,-4.52375,29.464,17.104,-14.112,none,8,3.0,28051.0,193704.0,69954.0,203845.0,73316.0
2026-04-14 18:04:27.645090,721664,1609507361284841,4961254880,-0.201056,-0.732,-0.802272,1.9775,4.865,-5.11,29.424002,17.576,-14.496,none,8,3.0,28051.0,193704.0,69954.0,203845.0,73316.0
2026-04-14 18:04:27.650827,721665,1609507361293800,4961263627,-0.201056,-0.732,-0.802272,2.17875,5.48625,-5.5825,29.424002,17.576,-14.496,none,8,3.0,28051.0,193704.0,69954.0,203845.0,73316.0
2026-04-14 18:04:27.662617,721666,1609507361302761,4961272348,-0.089792,-0.776896,-0.64416,0.42,4.4975,-6.0025,28.736002,17.824001,-13.592001,none,8,3.0,28051.0,193704.0,69954.0,203845.0,73316.0
2026-04-14 18:04:27.692031,721667,1609507361317273,4961287226,-0.089792,-0.776896,-0.64416,-1.19,3.0625,-6.8075,28.736002,17.824001,-13.592001,none,8,3.0,28051.0,193704.0,69954.0,203845.0,73316.0
2026-04-14 18:04:27.743307,721678,1609507361326281,4961295992,-0.035136,-0.823744,-0.708576,-2.31875,3.745,-6.965,29.528002,17.592001,-13.552001,none,8,3.0,28268.0,193115.0,70350.0,203131.0,73903.0
2026-04-14 18:04:27.746380,721679,1609507361340775,4961310967,-0.035136,-0.823744,-0.661728,-2.79125,4.22625,-8.1375,29.528002,17.592001,-13.552001,none,8,3.0,28268.0,193115.0,70350.0,203131.0,73903.0
2026-04-14 18:04:27.748897,721680,1609507361349701,4961319639,-0.060512,-0.794464,-0.661728,-1.295,6.25625,-7.7175,28.840002,17.976002,-12.488001,none,8,3.0,28268.0,193115.0,70350.0,203131.0,73903.0
2026-04-14 18:04:27.751311,721681,1609507361358667,4961328333,-0.060512,-0.794464,-0.661728,-1.2425,8.05,-9.33625,28.840002,17.976002,-12.488001,none,8,3.0,28268.0,193115.0,70350.0,203131.0,73903.0
2026-04-14 18:04:27.753891,721682,1609507361373170,4961343296,-0.040992,-0.823744,-0.769088,-0.72625,9.02125,-10.115,28.512001,18.096,-13.864,none,8,3.0,28268.0,193115.0,70350.0,203131.0,73903.0
2026-04-14 18:04:27.756381,721683,1609507361382216,4961351999,-0.06832,-0.813984,-0.728096,-0.06125,10.3775,-10.08875,29.032001,17.816,-14.936001,none,8,3.0,28268.0,193115.0,70350.0,203131.0,73903.0
2026-04-14 18:04:27.758572,721684,1609507361396881,4961367118,-0.06832,-0.813984,-0.728096,0.27125,12.075,-12.04,29.032001,17.816,-14.936001,none,8,3.0,28268.0,193115.0,70350.0,203131.0,73903.0
2026-04-14 18:04:27.765198,721685,1609507361405841,4961375871,-0.148352,-0.76128,-0.70272,0.07875,12.53,-12.90625,29.024002,17.712,-14.712001,none,8,3.0,28268.0,193115.0,70350.0,203131.0,73903.0
2026-04-14 18:04:27.801803,721696,1609507361420470,4961388912,-0.148352,-0.76128,-0.70272,-2.17875,11.45375,-14.49,29.024002,17.712,-14.712001,none,8,3.0,28410.0,193188.0,70646.0,203120.0,74313.0
2026-04-14 18:04:27.804084,721697,1609507361429634,4961399765,-0.06832,-0.83936,-0.798368,-8.2425,9.17,-16.835001,29.000002,18.04,-14.488001,none,8,3.0,28410.0,193188.0,70646.0,203120.0,74313.0
2026-04-14 18:04:27.805879,721698,1609507361438685,4961408495,-0.06832,-0.83936,-0.798368,-12.6875,8.70625,-18.82125,29.000002,18.04,-14.488001,none,8,3.0,28410.0,193188.0,70646.0,203120.0,74313.0
2026-04-14 18:04:27.812420,721699,1609507361453212,4961423396,-0.046848,-0.847168,-0.708576,-15.26,8.93375,-21.42,28.768002,17.888,-14.768001,none,8,3.0,28410.0,193188.0,70646.0,203120.0,74313.0
2026-04-14 18:04:27.818724,721700,1609507361462208,4961432100,-0.015616,-0.827648,-0.685152,-15.82875,9.31875,-23.835001,28.768002,19.936,-12.472,none,8,3.0,28410.0,193188.0,70646.0,203120.0,74313.0
2026-04-14 18:04:27.834791,721701,1609507361476717,4961447044,-0.015616,-0.827648,-0.685152,-14.3675,10.31625,-25.305,26.944002,18.856,-12.472,none,8,3.0,28410.0,193188.0,70646.0,203120.0,74313.0
2026-04-14 18:04:27.843360,721702,1609507361485722,4961455753,-0.054656,-0.827648,-0.88816,-13.1425,13.08125,-26.705,28.624,18.432001,-15.304001,none,8,3.0,28410.0,193188.0,70646.0,203120.0,74313.0
2026-04-14 18:04:27.853549,721703,1609507361494660,4961464425,-0.054656,-0.827648,-0.88816,-14.42875,15.56625,-28.72625,28.624,18.432001,-15.304001,none,8,3.0,28410.0,193188.0,70646.0,203120.0,74313.0
2026-04-14 18:04:27.867980,721704,1609507361509271,4961479303,-0.16592,-0.747616,-0.798368,-13.62375,19.285,-30.380001,28.424002,18.664001,-13.832001,none,8,3.0,28410.0,193188.0,70646.0,203120.0,74313.0
2026-04-14 18:04:27.876245,721705,1609507361518195,4961487995,-0.16592,-0.747616,-0.798368,-10.1325,21.7525,-31.4475,28.424002,18.664001,-13.832001,none,8,3.0,28410.0,193188.0,70646.0,203120.0,74313.0
2026-04-14 18:04:27.903563,721716,1609507361532836,4961502982,-0.144448,-0.72224,-0.872544,-7.035,23.65125,-31.85,27.792002,19.056002,-14.752001,none,8,3.0,28949.0,195562.0,71650.0,205604.0,75629.0
2026-04-14 18:04:27.905979,721717,1609507361541873,4961511689,-0.144448,-0.72224,-0.872544,-7.14,23.03,-32.97,27.792002,19.056002,-14.752001,none,8,3.0,28949.0,195562.0,71650.0,205604.0,75629.0
2026-04-14 18:04:27.913362,721718,1609507361556415,4961526669,-0.013664,-0.747616,-0.755424,-6.04625,25.17375,-32.19125,27.024002,19.616001,-17.024,none,8,3.0,28949.0,195562.0,71650.0,205604.0,75629.0
2026-04-14 18:04:27.923526,721719,1609507361565379,4961535370,-0.091744,-0.708576,-0.74176,-2.49375,28.0,-32.92625,26.544,19.976002,-15.192,none,8,3.0,28949.0,195562.0,71650.0,205604.0,75629.0
2026-04-14 18:04:27.937349,721720,1609507361574458,4961544062,-0.091744,-0.708576,-0.74176,4.8125,31.08,-32.655,26.544,19.976002,-15.192,none,8,3.0,28949.0,195562.0,71650.0,205604.0,75629.0
2026-04-14 18:04:27.947348,721721,1609507361588989,4961558957,-0.089792,-0.64416,-0.61488,16.1525,35.98,-31.73625,26.792002,19.968,-16.344,none,8,3.0,28949.0,195562.0,71650.0,205604.0,75629.0
2026-04-14 18:04:27.954806,721722,1609507361597987,4961567718,-0.089792,-0.64416,-0.61488,22.0325,38.9375,-31.325,26.792002,19.968,-16.344,none,8,3.0,28949.0,195562.0,71650.0,205604.0,75629.0
2026-04-14 18:04:27.969738,721723,1609507361612444,4961582666,-0.142496,-0.659776,-0.798368,23.31,39.4975,-29.89875,27.000002,20.160002,-16.208,none,8,3.0,28949.0,195562.0,71650.0,205604.0,75629.0
2026-04-14 18:04:28.002315,721734,1609507361621418,4961591789,-0.142496,-0.659776,-0.798368,25.73375,39.43625,-29.02375,27.000002,20.160002,-16.208,none,8,3.0,29498.0,202462.0,72678.0,212178.0,76855.0
2026-04-14 18:04:28.004833,721735,1609507361630573,4961600598,-0.06832,-0.6832,-0.747616,28.805,37.607502,-27.6675,26.056002,21.024,-14.568001,none,8,3.0,29498.0,202462.0,72678.0,212178.0,76855.0
2026-04-14 18:04:28.007345,721736,1609507361645110,4961613484,-0.06832,-0.671488,-0.747616,28.95375,33.55625,-25.34875,26.44,20.992,-16.320002,none,8,3.0,29498.0,202462.0,72678.0,212178.0,76855.0
2026-04-14 18:04:28.013644,721737,1609507361654269,4961624255,-0.06832,-0.671488,-0.747616,26.880001,31.99,-22.6625,26.44,20.992,-16.320002,none,8,3.0,29498.0,202462.0,72678.0,212178.0,76855.0
2026-04-14 18:04:28.027257,721738,1609507361668906,4961639134,0.072224,-0.767136,-0.694912,22.21625,29.8375,-22.84625,24.384,21.624,-15.320001,none,8,3.0,29498.0,202462.0,72678.0,212178.0,76855.0
2026-04-14 18:04:28.064850,721739,1609507361677804,4961647865,0.072224,-0.767136,-0.694912,19.88,27.01125,-20.41375,24.384,21.624,-15.320001,none,8,3.0,29498.0,202462.0,72678.0,212178.0,76855.0
2026-04-14 18:04:28.075699,721740,1609507361692340,4961660725,0.081984,-0.70272,-0.528992,18.3925,23.7825,-17.928751,25.816002,21.456001,-16.712,none,8,3.0,29498.0,202462.0,72678.0,212178.0,76855.0
2026-04-14 18:04:28.075862,721741,1609507361701528,4961671453,0.081984,-0.70272,-0.528992,19.5125,22.2425,-14.35,25.816002,21.456001,-16.712,none,8,3.0,29498.0,202462.0,72678.0,212178.0,76855.0
2026-04-14 18:04:28.090066,721742,1609507361710588,4961680243,-0.044896,-0.651968,-0.730048,17.15,19.59125,-12.04,25.688002,21.592001,-17.400002,none,8,3.0,29498.0,202462.0,72678.0,212178.0,76855.0
2026-04-14 18:04:28.129840,721753,1609507361725378,4961695233,0.03904,-0.69296,-0.620736,11.0075,15.82875,-8.81125,25.336,21.696001,-15.696001,none,8,3.0,29656.0,204030.0,72958.0,213758.0,77220.0
2026-04-14 18:04:28.132647,721754,1609507361734360,4961703916,0.03904,-0.69296,-0.620736,1.26,10.08875,-7.0525,25.336,21.696001,-15.696001,none,8,3.0,29656.0,204030.0,72958.0,213758.0,77220.0
2026-04-14 18:04:28.134774,721755,1609507361748899,4961718814,0.105408,-0.782752,-0.651968,-10.167501,3.7275,-6.67625,24.984001,22.032001,-15.624001,none,8,3.0,29656.0,204030.0,72958.0,213758.0,77220.0
2026-04-14 18:04:28.140051,721756,1609507361757965,4961727568,0.105408,-0.782752,-0.651968,-12.95,1.18125,-2.91375,24.984001,22.032001,-15.624001,none,8,3.0,29656.0,204030.0,72958.0,213758.0,77220.0
2026-04-14 18:04:28.142277,721757,1609507361766980,4961736317,0.05856,-0.632448,-0.484096,-10.823751,-0.595,-0.62125,24.896002,21.632002,-15.608001,none,8,3.0,29656.0,204030.0,72958.0,213758.0,77220.0
2026-04-14 18:04:28.145069,721758,1609507361781654,4961751227,0.05856,-0.632448,-0.484096,-7.60375,-2.42375,3.21125,24.896002,21.632002,-15.608001,none,8,3.0,29656.0,204030.0,72958.0,213758.0,77220.0
2026-04-14 18:04:28.149287,721759,1609507361790654,4961759851,-0.037088,-0.642208,-0.724192,-11.24375,-4.55,4.76875,24.880001,21.896002,-15.864,none,8,3.0,29656.0,204030.0,72958.0,213758.0,77220.0
2026-04-14 18:04:28.162486,721760,1609507361805194,4961774802,-0.070272,-0.694912,-0.700768,-17.6925,-6.99125,6.34375,26.008001,21.408,-16.576,none,8,3.0,29656.0,204030.0,72958.0,213758.0,77220.0
2026-04-14 18:04:28.172599,721761,1609507361814130,4961783487,-0.070272,-0.694912,-0.700768,-23.38,-10.5525,7.76125,26.008001,21.408,-16.576,none,8,3.0,29656.0,204030.0,72958.0,213758.0,77220.0
2026-04-14 18:04:28.203894,721772,1609507361823603,4961793049,-0.070272,-0.694912,-0.700768,-24.75375,-13.76375,11.8125,26.008001,21.408,-16.576,none,8,3.0,29343.0,203198.0,72458.0,213081.0,76557.0
2026-04-14 18:04:28.206349,721773,1609507361838205,4961808053,0.060512,-0.6832,-0.505568,-22.12,-15.0325,16.0825,25.576002,21.080002,-14.72,none,8,3.0,29343.0,203198.0,72458.0,213081.0,76557.0
2026-04-14 18:04:28.208358,721774,1609507361847262,4961816852,0.01952,-0.671488,-0.47824,-19.355,-14.21875,17.2375,26.28,20.6,-17.224,none,8,3.0,29343.0,203198.0,72458.0,213081.0,76557.0
2026-04-14 18:04:28.220092,721775,1609507361861881,4961831778,0.01952,-0.671488,-0.47824,-18.7075,-15.28625,18.9175,26.28,20.6,-17.224,none,8,3.0,29343.0,203198.0,72458.0,213081.0,76557.0
2026-04-14 18:04:28.230135,721776,1609507361870929,4961840496,0.085888,-0.784704,-0.609024,-22.0675,-18.01625,20.37875,26.752,20.312,-17.104,none,8,3.0,29343.0,203198.0,72458.0,213081.0,76557.0
2026-04-14 18:04:28.236450,721777,1609507361879912,4961849193,0.085888,-0.784704,-0.609024,-23.89625,-20.7025,21.25375,26.752,20.312,-17.104,none,8,3.0,29343.0,203198.0,72458.0,213081.0,76557.0
2026-04-14 18:04:28.273767,721778,1609507361894365,4961864123,0.011712,-0.755424,-0.755424,-21.2275,-20.92125,23.07375,26.856,19.952002,-16.672,none,8,3.0,29343.0,203198.0,72458.0,213081.0,76557.0
2026-04-14 18:04:28.275913,721779,1609507361903277,4961872834,0.011712,-0.755424,-0.755424,-15.7675,-19.18875,23.87875,26.856,19.952002,-16.672,none,8,3.0,29343.0,203198.0,72458.0,213081.0,76557.0
2026-04-14 18:04:28.278666,721780,1609507361917772,4961887710,0.05856,-0.745664,-0.648064,-10.77125,-18.165,23.23125,26.872002,19.552,-15.816001,none,8,3.0,29343.0,203198.0,72458.0,213081.0,76557.0
2026-04-14 18:04:28.306376,721791,1609507361926968,4961896606,-0.00976,-0.765184,-0.6832,-9.555,-19.5125,23.065,26.584002,19.784,-15.656001,none,8,3.0,28891.0,202310.0,71654.0,212306.0,75461.0
2026-04-14 18:04:28.308539,721792,1609507361936178,4961905409,-0.00976,-0.765184,-0.6832,-12.01375,-21.455,22.26875,26.584002,19.784,-15.656001,none,8,3.0,28891.0,202310.0,71654.0,212306.0,75461.0
2026-04-14 18:04:28.311334,721793,1609507361950837,4961920326,0.03904,-0.813984,-0.64416,-12.08375,-21.8225,22.0325,26.616001,19.36,-15.544001,none,8,3.0,28891.0,202310.0,71654.0,212306.0,75461.0
2026-04-14 18:04:28.317658,721794,1609507361959956,4961929049,0.03904,-0.813984,-0.64416,-8.5575,-20.18625,20.755,26.616001,19.36,-15.544001,none,8,3.0,28891.0,202310.0,71654.0,212306.0,75461.0
2026-04-14 18:04:28.331351,721795,1609507361974437,4961944039,0.013664,-0.792512,-0.79056,-3.07125,-18.24375,19.495,27.456001,19.088001,-16.208,none,8,3.0,28891.0,202310.0,71654.0,212306.0,75461.0
2026-04-14 18:04:28.341975,721796,1609507361983380,4961952910,0.013664,-0.792512,-0.79056,-0.6125,-17.38625,18.29625,27.456001,19.088001,-16.208,none,8,3.0,28891.0,202310.0,71654.0,212306.0,75461.0
2026-04-14 18:04:28.356202,721797,1609507361997874,4961967805,-0.089792,-0.763232,-0.847168,-2.24875,-18.12125,16.616251,27.664001,18.808,-16.008001,none,8,3.0,28891.0,202310.0,71654.0,212306.0,75461.0
2026-04-14 18:04:28.364593,721798,1609507362006888,4961976512,-0.015616,-0.792512,-0.718336,-2.2225,-17.57875,15.72375,27.016,19.296001,-13.472001,none,8,3.0,28891.0,202310.0,71654.0,212306.0,75461.0
2026-04-14 18:04:28.375095,721799,1609507362015848,4961985219,-0.015616,-0.792512,-0.718336,1.4175,-15.77625,13.9125,27.016,19.296001,-13.472001,none,8,3.0,28891.0,202310.0,71654.0,212306.0,75461.0
2026-04-14 18:04:28.448700,721810,1609507362030571,4962000242,-0.05856,-0.774944,-0.792512,5.1975,-13.41375,13.23875,28.12,18.784,-15.728001,none,8,3.0,28772.0,201836.0,71435.0,211801.0,75145.0
2026-04-14 18:04:28.466268,721811,1609507362039600,4962009014,-0.05856,-0.774944,-0.792512,6.7375,-12.215,11.89125,28.12,18.784,-15.728001,none,8,3.0,28772.0,201836.0,71435.0,211801.0,75145.0
2026-04-14 18:04:28.468777,721812,1609507362054104,4962023913,-0.183488,-0.700768,-0.714432,7.09625,-10.87625,9.905,26.592001,19.52,-14.488001,none,8,3.0,28772.0,201836.0,71435.0,211801.0,75145.0
2026-04-14 18:04:28.470929,721813,1609507362063027,4962032598,-0.183488,-0.700768,-0.714432,8.155,-10.77125,9.30125,26.592001,19.52,-14.488001,none,8,3.0,28772.0,201836.0,71435.0,211801.0,75145.0
2026-04-14 18:04:28.473827,721814,1609507362072064,4962041263,-0.099552,-0.737856,-0.581696,7.53375,-11.92625,7.70875,27.352001,18.960001,-14.512001,none,8,3.0,28772.0,201836.0,71435.0,211801.0,75145.0
2026-04-14 18:04:28.475920,721815,1609507362086552,4962056214,-0.169824,-0.743712,-0.815936,5.60875,-13.615,6.405,27.336,18.952002,-13.568001,none,8,3.0,28772.0,201836.0,71435.0,211801.0,75145.0
2026-04-14 18:04:28.478834,721816,1609507362095481,4962064907,-0.169824,-0.743712,-0.815936,9.065,-12.01375,7.02625,27.336,18.952002,-13.568001,none,8,3.0,28772.0,201836.0,71435.0,211801.0,75145.0
2026-04-14 18:04:28.481254,721817,1609507362110028,4962079852,-0.085888,-0.694912,-0.564128,13.5625,-10.885,6.15125,27.800001,18.704,-14.432001,none,8,3.0,28772.0,201836.0,71435.0,211801.0,75145.0
2026-04-14 18:04:28.483833,721818,1609507362119032,4962088584,-0.085888,-0.694912,-0.564128,15.4,-10.885,6.29125,27.800001,18.704,-14.432001,none,8,3.0,28772.0,201836.0,71435.0,211801.0,75145.0
2026-04-14 18:04:28.510973,721829,1609507362133607,4962103578,-0.046848,-0.7808,-0.607072,10.31625,-11.55875,5.6,27.488,18.76,-15.256001,none,8,3.0,28325.0,200309.0,70657.0,210515.0,74119.0
2026-04-14 18:04:28.513543,721830,1609507362142715,4962112374,-0.046848,-0.7808,-0.607072,2.98375,-12.6525,3.57875,27.488,18.76,-15.256001,none,8,3.0,28325.0,200309.0,70657.0,210515.0,74119.0
2026-04-14 18:04:28.516367,721831,1609507362151659,4962121090,-0.013664,-0.825696,-0.745664,2.19625,-11.97,4.82125,27.680002,18.208,-14.992001,none,8,3.0,28325.0,200309.0,70657.0,210515.0,74119.0
2026-04-14 18:04:28.523866,721832,1609507362166231,4962136016,-0.013664,-0.825696,-0.835456,7.5075,-10.00125,5.67875,27.680002,18.208,-14.992001,none,8,3.0,28325.0,200309.0,70657.0,210515.0,74119.0
2026-04-14 18:04:28.534600,721833,1609507362175182,4962144695,-0.148352,-0.74176,-0.835456,10.6225,-8.3475,6.3,28.792002,18.480001,-15.576001,none,8,3.0,28325.0,200309.0,70657.0,210515.0,74119.0
2026-04-14 18:04:28.546198,721834,1609507362189800,4962159603,-0.083936,-0.765184,-0.616832,9.35375,-7.1225,5.9325,28.696001,18.36,-14.024001,none,8,3.0,28325.0,200309.0,70657.0,210515.0,74119.0
2026-04-14 18:04:28.557473,721835,1609507362198790,4962168374,-0.083936,-0.765184,-0.616832,4.41875,-8.61,5.03125,28.696001,18.36,-14.024001,none,8,3.0,28325.0,200309.0,70657.0,210515.0,74119.0
2026-04-14 18:04:28.566222,721836,1609507362207894,4962177067,-0.091744,-0.8296,-0.823744,-2.54625,-11.24375,4.7075,27.248001,18.880001,-11.192,none,8,3.0,28325.0,200309.0,70657.0,210515.0,74119.0
2026-04-14 18:04:28.582853,721837,1609507362222551,4962191965,-0.091744,-0.8296,-0.823744,-4.3925,-11.06,4.29625,27.248001,18.880001,-11.192,none,8,3.0,28325.0,200309.0,70657.0,210515.0,74119.0
2026-04-14 18:04:28.608436,721848,1609507362231540,4962200701,-0.113216,-0.769088,-0.72224,-1.085,-8.5225,4.05125,28.016,18.544,-14.872001,none,8,3.0,28150.0,199859.0,70298.0,210155.0,73538.0
2026-04-14 18:04:28.610965,721849,1609507362246146,4962215589,-0.113216,-0.769088,-0.72224,0.90125,-7.07875,3.7975,28.016,18.544,-14.872001,none,8,3.0,28150.0,199859.0,70298.0,210155.0,73538.0
2026-04-14 18:04:28.613578,721850,1609507362255117,4962224345,-0.081984,-0.76128,-0.661728,1.16375,-5.95875,3.36,28.632002,18.032001,-15.736001,none,8,3.0,28150.0,199859.0,70298.0,210155.0,73538.0
2026-04-14 18:04:28.628446,721851,1609507362269581,4962239335,-0.08784,-0.81008,-0.825696,0.0525,-5.845,2.66875,28.672,18.136002,-15.056001,none,8,3.0,28150.0,199859.0,70298.0,210155.0,73538.0
2026-04-14 18:04:28.635982,721852,1609507362278525,4962248026,-0.08784,-0.81008,-0.825696,-2.66,-6.8425,2.02125,28.672,18.136002,-15.056001,none,8,3.0,28150.0,199859.0,70298.0,210155.0,73538.0
2026-04-14 18:04:28.645890,721853,1609507362287460,4962256714,-0.134688,-0.772992,-0.772992,-3.4825,-5.985,1.42625,28.672,18.136002,-14.472001,none,8,3.0,28150.0,199859.0,70298.0,210155.0,73538.0
2026-04-14 18:04:28.658395,721854,1609507362302102,4962271658,-0.134688,-0.772992,-0.772992,-2.1875,-4.69875,0.72625,29.072,17.864,-14.472001,none,8,3.0,28150.0,199859.0,70298.0,210155.0,73538.0
2026-04-14 18:04:28.671045,721855,1609507362311195,4962280337,-0.093696,-0.753472,-0.62464,-0.6825,-3.605,0.6125,28.408,18.552,-13.296001,none,8,3.0,28150.0,199859.0,70298.0,210155.0,73538.0
2026-04-14 18:04:28.707335,721866,1609507362326166,4962295555,-0.093696,-0.753472,-0.62464,0.315,-2.31875,-0.16625,28.408,18.552,-13.296001,none,8,3.0,28210.0,199177.0,70408.0,209502.0,73672.0
2026-04-14 18:04:28.711348,721867,1609507362335166,4962304329,-0.056608,-0.788608,-0.685152,0.06125,-3.05375,-0.41125,28.168001,18.224,-14.784,none,8,3.0,28210.0,199177.0,70408.0,209502.0,73672.0
2026-04-14 18:04:28.712047,721868,1609507362344120,4962313114,-0.056608,-0.788608,-0.685152,0.0875,-2.4675,-0.0525,28.168001,18.224,-14.784,none,8,3.0,28210.0,199177.0,70408.0,209502.0,73672.0
2026-04-14 18:04:28.721945,721869,1609507362358662,4962328054,-0.171776,-0.757376,-0.765184,0.81375,-1.715,-1.12,28.632002,18.28,-14.496,none,8,3.0,28210.0,199177.0,70408.0,209502.0,73672.0
2026-04-14 18:04:28.723040,721870,1609507362367603,4962336786,-0.171776,-0.757376,-0.60512,1.19,-1.645,-1.77625,28.632002,18.28,-14.496,none,8,3.0,28210.0,199177.0,70408.0,209502.0,73672.0
2026-04-14 18:04:28.739538,721871,1609507362382130,4962351675,-0.150304,-0.728096,-0.60512,1.68,-1.54875,-1.86375,28.952002,18.088001,-14.120001,none,8,3.0,28210.0,199177.0,70408.0,209502.0,73672.0
2026-04-14 18:04:28.749537,721872,1609507362391046,4962360384,-0.085888,-0.769088,-0.593408,1.5225,-1.3825,-2.73,28.736002,18.296001,-13.848001,none,8,3.0,28210.0,199177.0,70408.0,209502.0,73672.0
2026-04-14 18:04:28.763423,721873,1609507362405552,4962375287,-0.085888,-0.769088,-0.593408,0.20125,-2.28375,-2.59,28.736002,18.296001,-13.848001,none,8,3.0,28210.0,199177.0,70408.0,209502.0,73672.0
2026-04-14 18:04:28.793546,721874,1609507362414494,4962384052,-0.128832,-0.77104,-0.75152,0.13125,-3.70125,-2.2225,28.28,18.28,-13.592001,none,8,3.0,28210.0,199177.0,70408.0,209502.0,73672.0
2026-04-14 18:04:28.796385,721875,1609507362423417,4962392743,-0.128832,-0.77104,-0.75152,2.17,-2.5375,-2.12625,28.28,18.28,-13.592001,none,8,3.0,28210.0,199177.0,70408.0,209502.0,73672.0
2026-04-14 18:04:28.871369,721886,1609507362437978,4962407696,-0.115168,-0.792512,-0.823744,4.61125,-0.67375,-2.45875,27.152,18.44,-13.432001,none,8,3.0,28178.0,199270.0,70342.0,209670.0,73549.0
2026-04-14 18:04:28.873853,721887,1609507362446926,4962416430,-0.115168,-0.792512,-0.823744,5.13625,0.28875,-3.15,27.152,18.44,-13.432001,none,8,3.0,28178.0,199270.0,70342.0,209670.0,73549.0
2026-04-14 18:04:28.876274,721888,1609507362461450,4962431360,-0.173728,-0.75152,-0.74176,3.8325,-0.6475,-3.07125,27.528002,18.368,-14.144001,none,8,3.0,28178.0,199270.0,70342.0,209670.0,73549.0
2026-04-14 18:04:28.878828,721889,1609507362470411,4962440107,-0.052704,-0.794464,-0.607072,1.49625,-1.72375,-3.15875,27.928001,18.192001,-13.120001,none,8,3.0,28178.0,199270.0,70342.0,209670.0,73549.0
2026-04-14 18:04:28.881036,721890,1609507362479349,4962448816,-0.052704,-0.794464,-0.607072,2.4675,-2.14375,-2.61625,27.928001,18.192001,-13.120001,none,8,3.0,28178.0,199270.0,70342.0,209670.0,73549.0
2026-04-14 18:04:28.910765,721891,1609507362493883,4962463733,-0.11712,-0.778848,-0.81008,4.48875,-1.67125,-2.37125,28.264002,18.456001,-12.808001,none,8,3.0,28178.0,199270.0,70342.0,209670.0,73549.0
2026-04-14 18:04:28.913708,721892,1609507362502883,4962472463,-0.11712,-0.778848,-0.81008,5.45125,-1.65375,-2.14375,28.264002,18.456001,-12.808001,none,8,3.0,28178.0,199270.0,70342.0,209670.0,73549.0
2026-04-14 18:04:28.915849,721893,1609507362517496,4962487468,-0.06832,-0.776896,-0.65392,3.115,-2.38875,-1.79375,28.176,18.592001,-13.216001,none,8,3.0,28178.0,199270.0,70342.0,209670.0,73549.0
2026-04-14 18:04:28.943518,721904,1609507362527044,4962496737,-0.06832,-0.776896,-0.65392,-0.105,-2.84375,-1.75,28.176,18.592001,-13.216001,none,8,3.0,28103.0,199073.0,70212.0,209495.0,73347.0
2026-04-14 18:04:28.945837,721905,1609507362536087,4962505481,-0.134688,-0.798368,-0.788608,-1.3475,-3.35125,-1.79375,27.992,17.768002,-13.288001,none,8,3.0,28103.0,199073.0,70212.0,209495.0,73347.0
2026-04-14 18:04:28.948919,721906,1609507362550589,4962520378,-0.0976,-0.81008,-0.808128,-1.5925,-3.33375,-1.015,29.024002,18.160002,-15.344001,none,8,3.0,28103.0,199073.0,70212.0,209495.0,73347.0
2026-04-14 18:04:28.951391,721907,1609507362559516,4962529120,-0.0976,-0.81008,-0.808128,-0.805,-1.67125,-0.13125,29.024002,18.160002,-15.344001,none,8,3.0,28103.0,199073.0,70212.0,209495.0,73347.0
2026-04-14 18:04:28.953904,721908,1609507362574067,4962544085,-0.158112,-0.743712,-0.636352,0.21,-0.98,-0.5425,28.840002,18.088001,-14.448001,none,8,3.0,28103.0,199073.0,70212.0,209495.0,73347.0
2026-04-14 18:04:28.956300,721909,1609507362583166,4962552782,-0.158112,-0.743712,-0.636352,0.41125,-0.62125,-0.6125,28.840002,18.088001,-14.448001,none,8,3.0,28103.0,199073.0,70212.0,209495.0,73347.0
2026-04-14 18:04:28.958429,721910,1609507362597678,4962567808,-0.0976,-0.7808,-0.720288,-1.4875,-1.12,-1.015,29.064001,17.832,-13.984,none,8,3.0,28103.0,199073.0,70212.0,209495.0,73347.0
2026-04-14 18:04:28.964629,721911,1609507362606604,4962576545,-0.0976,-0.7808,-0.720288,-2.38875,-1.5925,-0.20125,29.064001,17.832,-13.984,none,8,3.0,28103.0,199073.0,70212.0,209495.0,73347.0
2026-04-14 18:04:28.975202,721912,1609507362615620,4962585261,-0.167872,-0.75152,-0.776896,-1.51375,-1.54875,0.175,29.232002,17.896,-14.440001,none,8,3.0,28103.0,199073.0,70212.0,209495.0,73347.0
2026-04-14 18:04:29.009802,721923,1609507362630266,4962600299,-0.089792,-0.788608,-0.69296,-1.47,-1.6625,-0.18375,29.008001,17.904001,-14.160001,none,8,3.0,28151.0,198901.0,70318.0,209388.0,73484.0
2026-04-14 18:04:29.012482,721924,1609507362639466,4962609038,-0.089792,-0.788608,-0.69296,-3.68375,-3.6925,0.4375,29.008001,17.904001,-14.160001,none,8,3.0,28151.0,198901.0,70318.0,209388.0,73484.0
2026-04-14 18:04:29.014556,721925,1609507362654090,4962623971,-0.085888,-0.79056,-0.609024,-4.0425,-5.06625,0.56,28.592001,18.152,-13.112,none,8,3.0,28151.0,198901.0,70318.0,209388.0,73484.0
2026-04-14 18:04:29.019979,721926,1609507362663124,4962632680,-0.085888,-0.79056,-0.609024,-2.8175,-5.3725,0.30625,28.592001,18.152,-13.112,none,8,3.0,28151.0,198901.0,70318.0,209388.0,73484.0
2026-04-14 18:04:29.028807,721927,1609507362672057,4962641384,-0.163968,-0.767136,-0.808128,-1.19875,-5.27625,0.945,28.608002,18.336,-13.104001,none,8,3.0,28151.0,198901.0,70318.0,209388.0,73484.0
2026-04-14 18:04:29.043872,721928,1609507362686531,4962656317,-0.163968,-0.767136,-0.808128,-0.35,-4.4275,1.00625,28.608002,18.336,-13.104001,none,8,3.0,28151.0,198901.0,70318.0,209388.0,73484.0
2026-04-14 18:04:29.054677,721929,1609507362695467,4962664997,-0.187392,-0.76128,-0.821792,-1.855,-3.85,0.77875,29.224,17.528002,-12.992001,none,8,3.0,28151.0,198901.0,70318.0,209388.0,73484.0
2026-04-14 18:04:29.067330,721930,1609507362709982,4962679931,-0.187392,-0.788608,-0.767136,-3.8325,-4.05125,1.37375,29.224,17.528002,-12.992001,none,8,3.0,28151.0,198901.0,70318.0,209388.0,73484.0
2026-04-14 18:04:29.077290,721931,1609507362718959,4962688653,-0.154208,-0.788608,-0.767136,-3.96375,-3.92,2.2575,28.448002,18.312,-14.592001,none,8,3.0,28151.0,198901.0,70318.0,209388.0,73484.0
2026-04-14 18:04:29.111180,721942,1609507362733739,4962704095,-0.095648,-0.802272,-0.61488,-3.75375,-3.6925,1.98625,28.664001,17.896,-14.168,none,8,3.0,28106.0,198887.0,70229.0,209403.0,73298.0
2026-04-14 18:04:29.113706,721943,1609507362742965,4962712782,-0.095648,-0.802272,-0.61488,-2.8525,-3.0275,2.135,28.664001,17.896,-14.168,none,8,3.0,28106.0,198887.0,70229.0,209403.0,73298.0
2026-04-14 18:04:29.116264,721944,1609507362752074,4962721531,-0.179584,-0.776896,-0.80032,0.0525,-2.38875,2.0475,28.448002,17.960001,-12.504001,none,8,3.0,28106.0,198887.0,70229.0,209403.0,73298.0
2026-04-14 18:04:29.123804,721945,1609507362766643,4962736521,-0.179584,-0.776896,-0.80032,1.14625,-1.75,1.9075,28.448002,17.960001,-12.504001,none,8,3.0,28106.0,198887.0,70229.0,209403.0,73298.0
2026-04-14 18:04:29.135141,721946,1609507362775569,4962745197,-0.12688,-0.765184,-0.620736,0.805,-1.5225,1.39125,29.240002,17.560001,-13.904,none,8,3.0,28106.0,198887.0,70229.0,209403.0,73298.0
2026-04-14 18:04:29.161363,721947,1609507362790147,4962760183,-0.12688,-0.765184,-0.788608,-1.19,-1.0325,0.83125,29.240002,17.560001,-13.904,none,8,3.0,28106.0,198887.0,70229.0,209403.0,73298.0
2026-04-14 18:04:29.163797,721948,1609507362799087,4962768890,-0.130784,-0.817888,-0.788608,-2.66,-1.14625,0.18375,28.872002,18.256,-12.040001,none,8,3.0,28106.0,198887.0,70229.0,209403.0,73298.0
2026-04-14 18:04:29.165924,721949,1609507362808004,4962777557,-0.130784,-0.817888,-0.788608,-4.06,-1.715,-0.84875,28.872002,18.256,-12.040001,none,8,3.0,28106.0,198887.0,70229.0,209403.0,73298.0
2026-04-14 18:04:29.191291,721950,1609507362822542,4962792459,-0.18544,-0.77104,-0.679296,-4.01625,-1.2775,-0.67375,27.664001,18.568,-12.6,none,8,3.0,28106.0,198887.0,70229.0,209403.0,73298.0
2026-04-14 18:04:29.220931,721961,1609507362831637,4962801287,-0.1952,-0.772992,-0.817888,-1.98625,-0.49,-0.8225,27.560001,18.016,-11.776001,none,8,3.0,28188.0,198456.0,70356.0,208924.0,73522.0
2026-04-14 18:04:29.223865,721962,1609507362846309,4962816235,-0.1952,-0.772992,-0.817888,-0.595,-0.3675,-0.48125,27.560001,18.016,-11.776001,none,8,3.0,28188.0,198456.0,70356.0,208924.0,73522.0
2026-04-14 18:04:29.225992,721963,1609507362855303,4962824926,-0.0976,-0.772992,-0.544608,-0.9975,-0.69125,-0.97125,28.400002,18.12,-12.76,none,8,3.0,28188.0,198456.0,70356.0,208924.0,73522.0
2026-04-14 18:04:29.228284,721964,1609507362864403,4962833653,-0.0976,-0.772992,-0.544608,-1.96,-1.1375,-1.18125,28.400002,18.12,-12.76,none,8,3.0,28188.0,198456.0,70356.0,208924.0,73522.0
2026-04-14 18:04:29.236376,721965,1609507362878986,4962848592,-0.07808,-0.796416,-0.646112,-1.4875,-0.90125,-1.295,28.576002,17.984001,-12.944,none,8,3.0,28188.0,198456.0,70356.0,208924.0,73522.0
2026-04-14 18:04:29.247623,721966,1609507362887902,4962857278,-0.07808,-0.796416,-0.646112,-0.77,0.04375,-1.7675,28.576002,17.984001,-12.944,none,8,3.0,28188.0,198456.0,70356.0,208924.0,73522.0
2026-04-14 18:04:29.261376,721967,1609507362902392,4962872359,-0.18544,-0.778848,-0.812032,-1.015,-0.035,-1.93375,28.728,17.856,-12.928,none,8,3.0,28188.0,198456.0,70356.0,208924.0,73522.0
2026-04-14 18:04:29.268856,721968,1609507362911331,4962881088,-0.138592,-0.767136,-0.5856,-1.5575,-0.34125,-2.485,28.728,17.856,-14.976001,none,8,3.0,28188.0,198456.0,70356.0,208924.0,73522.0
2026-04-14 18:04:29.283325,721969,1609507362925897,4962895988,-0.128832,-0.767136,-0.5856,-1.65375,-0.9275,-2.415,28.528002,18.224,-15.000001,none,8,3.0,28188.0,198456.0,70356.0,208924.0,73522.0
2026-04-14 18:04:29.313876,721980,1609507362934977,4962904732,-0.064416,-0.798368,-0.612928,-1.21625,-0.7525,-2.28375,29.408,17.624,-13.960001,none,8,3.0,28228.0,198272.0,70412.0,208731.0,73584.0
2026-04-14 18:04:29.316223,721981,1609507362943978,4962913470,-0.064416,-0.798368,-0.612928,-0.6125,-0.14875,-2.52,29.408,17.624,-13.960001,none,8,3.0,28228.0,198272.0,70412.0,208731.0,73584.0
2026-04-14 18:04:29.318857,721982,1609507362958490,4962928440,-0.130784,-0.767136,-0.616832,0.2625,1.21625,-2.96625,29.256,17.752,-14.016001,none,8,3.0,28228.0,198272.0,70412.0,208731.0,73584.0
2026-04-14 18:04:29.324624,721983,1609507362967415,4962937166,-0.130784,-0.767136,-0.616832,-0.07875,1.855,-3.22875,29.256,17.752,-14.016001,none,8,3.0,28228.0,198272.0,70412.0,208731.0,73584.0
2026-04-14 18:04:29.340109,721984,1609507362981921,4962952055,-0.113216,-0.769088,-0.59536,-1.05875,1.575,-3.12375,29.28,17.976002,-13.632001,none,8,3.0,28228.0,198272.0,70412.0,208731.0,73584.0
2026-04-14 18:04:29.348831,721985,1609507362990874,4962960766,-0.113216,-0.769088,-0.59536,-1.7325,1.4,-3.3075,29.28,17.976002,-13.632001,none,8,3.0,28228.0,198272.0,70412.0,208731.0,73584.0
2026-04-14 18:04:29.363890,721986,1609507363005383,4962975671,-0.080032,-0.796416,-0.62464,-1.645,1.67125,-2.9925,28.760002,18.112001,-10.704,none,8,3.0,28228.0,198272.0,70412.0,208731.0,73584.0
2026-04-14 18:04:29.370890,721987,1609507363014372,4962984517,-0.189344,-0.755424,-0.765184,-0.72625,1.60125,-2.84375,29.28,17.488,-14.176001,none,8,3.0,28228.0,198272.0,70412.0,208731.0,73584.0
2026-04-14 18:04:29.381000,721988,1609507363023310,4962993209,-0.189344,-0.755424,-0.765184,0.28,2.415,-3.29875,29.28,17.488,-14.176001,none,8,3.0,28228.0,198272.0,70412.0,208731.0,73584.0
2026-04-14 18:04:29.422617,721999,1609507363038162,4963008209,-0.091744,-0.796416,-0.675392,0.28,3.17625,-3.3775,29.344002,17.84,-13.992001,none,8,3.0,28261.0,198169.0,70451.0,208673.0,73678.0
2026-04-14 18:04:29.425224,722000,1609507363047095,4963016949,-0.091744,-0.796416,-0.675392,0.46375,2.7125,-3.29875,29.344002,17.84,-13.992001,none,8,3.0,28261.0,198169.0,70451.0,208673.0,73678.0
2026-04-14 18:04:29.427577,722001,1609507363061610,4963031883,-0.06832,-0.792512,-0.564128,0.3325,2.2225,-2.9925,28.344002,18.016,-12.960001,none,8,3.0,28261.0,198169.0,70451.0,208673.0,73678.0
2026-04-14 18:04:29.429657,722002,1609507363070638,4963040672,-0.06832,-0.792512,-0.564128,0.37625,1.96875,-3.12375,28.344002,18.016,-12.960001,none,8,3.0,28261.0,198169.0,70451.0,208673.0,73678.0
2026-04-14 18:04:29.440123,722003,1609507363079600,4963049343,-0.095648,-0.796416,-0.763232,2.205,1.9775,-2.63375,28.832,17.896,-13.080001,none,8,3.0,28261.0,198169.0,70451.0,208673.0,73678.0
2026-04-14 18:04:29.451365,722004,1609507363094204,4963064252,-0.183488,-0.739808,-0.685152,2.47625,2.205,-2.70375,28.592001,18.024,-12.992001,none,8,3.0,28261.0,198169.0,70451.0,208673.0,73678.0
2026-04-14 18:04:29.464008,722005,1609507363103313,4963072953,-0.183488,-0.739808,-0.685152,1.505,1.82875,-3.05375,28.592001,18.024,-12.992001,none,8,3.0,28261.0,198169.0,70451.0,208673.0,73678.0
2026-04-14 18:04:29.475749,722006,1609507363117876,4963087842,-0.177632,-0.77104,-0.691008,0.95375,2.625,-3.14125,28.704,18.2,-14.312,none,8,3.0,28261.0,198169.0,70451.0,208673.0,73678.0
2026-04-14 18:04:29.486189,722007,1609507363126867,4963096569,-0.177632,-0.77104,-0.691008,0.385,2.38875,-3.185,28.704,18.2,-14.312,none,8,3.0,28261.0,198169.0,70451.0,208673.0,73678.0
2026-04-14 18:04:29.578284,722018,1609507363141594,4963111541,-0.167872,-0.788608,-0.796416,1.16375,1.8025,-2.8175,29.392002,18.032001,-14.064001,none,8,3.0,28299.0,198071.0,70530.0,208536.0,73799.0
2026-04-14 18:04:29.593324,722019,1609507363150658,4963120245,-0.167872,-0.788608,-0.796416,1.44375,1.68,-2.4325,29.392002,18.032001,-14.064001,none,8,3.0,28299.0,198071.0,70530.0,208536.0,73799.0
2026-04-14 18:04:29.596012,722020,1609507363159605,4963128979,-0.0976,-0.796416,-0.612928,0.95375,2.59,-2.86125,28.592001,18.104,-10.848001,none,8,3.0,28299.0,198071.0,70530.0,208536.0,73799.0
2026-04-14 18:04:29.598948,722021,1609507363174257,4963143898,-0.169824,-0.788608,-0.792512,0.805,2.10875,-3.08875,28.336,18.496,-12.536,none,8,3.0,28299.0,198071.0,70530.0,208536.0,73799.0
2026-04-14 18:04:29.601313,722022,1609507363183335,4963152605,-0.169824,-0.788608,-0.792512,0.13125,1.47,-3.0625,28.336,18.496,-12.536,none,8,3.0,28299.0,198071.0,70530.0,208536.0,73799.0
2026-04-14 18:04:29.603393,722023,1609507363197794,4963167546,-0.144448,-0.808128,-0.81984,-0.91875,1.54875,-3.6225,27.776001,18.960001,-12.088,none,8,3.0,28299.0,198071.0,70530.0,208536.0,73799.0
2026-04-14 18:04:29.606048,722024,1609507363206707,4963176297,-0.144448,-0.808128,-0.81984,-1.75875,2.19625,-3.9025,27.776001,18.960001,-12.088,none,8,3.0,28299.0,198071.0,70530.0,208536.0,73799.0
2026-04-14 18:04:29.608337,722025,1609507363215649,4963184993,-0.0488,-0.812032,-0.581696,-3.01875,2.58125,-4.83,27.544,18.472,-13.064001,none,8,3.0,28299.0,198071.0,70530.0,208536.0,73799.0
2026-04-14 18:04:29.640933,722036,1609507363230243,4963199889,-0.0488,-0.812032,-0.581696,-3.0975,3.33375,-4.57625,27.544,18.472,-13.064001,none,8,3.0,28457.0,197875.0,70790.0,208298.0,74170.0
2026-04-14 18:04:29.643844,722037,1609507363239209,4963208693,-0.128832,-0.786656,-0.603168,-3.185,4.095,-5.7925,28.408,18.432001,-13.128,none,8,3.0,28457.0,197875.0,70790.0,208298.0,74170.0
2026-04-14 18:04:29.646355,722038,1609507363253883,4963223636,-0.083936,-0.802272,-0.593408,-3.4475,4.0425,-6.79875,28.408,18.392,-13.904,none,8,3.0,28457.0,197875.0,70790.0,208298.0,74170.0
2026-04-14 18:04:29.651445,722039,1609507363262924,4963232357,-0.083936,-0.802272,-0.593408,-4.165,4.45375,-6.86875,28.144001,18.392,-13.904,none,8,3.0,28457.0,197875.0,70790.0,208298.0,74170.0
2026-04-14 18:04:29.653382,722040,1609507363271900,4963241033,-0.083936,-0.802272,-0.593408,-4.095,5.3725,-7.21,28.144001,18.392,-13.904,none,8,3.0,28457.0,197875.0,70790.0,208298.0,74170.0
2026-04-14 18:04:29.655911,722041,1609507363286422,4963255976,-0.042944,-0.81984,-0.67344,-2.9575,7.1925,-7.2625,28.072,18.656,-14.376,none,8,3.0,28457.0,197875.0,70790.0,208298.0,74170.0
2026-04-14 18:04:29.659791,722042,1609507363295366,4963264692,-0.072224,-0.796416,-0.640256,-2.065,9.21375,-7.805,28.096,18.504002,-14.416,none,8,3.0,28457.0,197875.0,70790.0,208298.0,74170.0
2026-04-14 18:04:29.668806,722043,1609507363309867,4963279634,-0.072224,-0.796416,-0.640256,-1.65375,10.57,-7.84,28.096,18.504002,-14.416,none,8,3.0,28457.0,197875.0,70790.0,208298.0,74170.0
2026-04-14 18:04:29.677560,722044,1609507363318781,4963288326,-0.033184,-0.843264,-0.591456,-1.54,11.20875,-7.91875,28.408,17.992,-14.504001,none,8,3.0,28457.0,197875.0,70790.0,208298.0,74170.0
2026-04-14 18:04:29.712138,722055,1609507363333907,4963303349,-0.033184,-0.843264,-0.650016,-0.44625,11.698751,-8.715,28.408,17.992,-14.504001,none,8,3.0,28556.0,198215.0,71002.0,208631.0,74475.0
2026-04-14 18:04:29.714774,722056,1609507363342907,4963312170,-0.03904,-0.81008,-0.650016,3.22875,12.775,-8.6275,28.712002,18.224,-14.616001,none,8,3.0,28556.0,198215.0,71002.0,208631.0,74475.0
2026-04-14 18:04:29.720127,722057,1609507363351924,4963320855,-0.03904,-0.81008,-0.650016,5.41625,13.46625,-8.9425,28.712002,18.224,-14.616001,none,8,3.0,28556.0,198215.0,71002.0,208631.0,74475.0
2026-04-14 18:04:29.722609,722058,1609507363366453,4963335816,-0.046848,-0.794464,-0.642208,6.11625,13.64125,-9.4675,27.984001,18.816,-12.016001,none,8,3.0,28556.0,198215.0,71002.0,208631.0,74475.0
2026-04-14 18:04:29.732636,722059,1609507363375491,4963344539,-0.03904,-0.79056,-0.562176,4.795,13.886251,-10.386251,28.648,18.416,-14.800001,none,8,3.0,28556.0,198215.0,71002.0,208631.0,74475.0
2026-04-14 18:04:29.748405,722060,1609507363389960,4963359424,-0.03904,-0.79056,-0.562176,3.98125,12.4425,-11.0775,28.648,18.416,-14.800001,none,8,3.0,28556.0,198215.0,71002.0,208631.0,74475.0
2026-04-14 18:04:29.755624,722061,1609507363398871,4963368127,-0.025376,-0.821792,-0.60512,3.91125,12.43375,-11.1825,27.264002,18.936,-14.792001,none,8,3.0,28556.0,198215.0,71002.0,208631.0,74475.0
2026-04-14 18:04:29.767474,722062,1609507363407796,4963376804,-0.025376,-0.821792,-0.60512,5.20625,12.2325,-11.6725,27.264002,18.936,-14.792001,none,8,3.0,28556.0,198215.0,71002.0,208631.0,74475.0
2026-04-14 18:04:29.778748,722063,1609507363422394,4963391724,-0.0976,-0.81008,-0.804224,6.30875,11.41,-11.27875,28.496002,18.752,-14.856001,none,8,3.0,28556.0,198215.0,71002.0,208631.0,74475.0
2026-04-14 18:04:29.811392,722074,1609507363431372,4963400487,-0.0976,-0.81008,-0.804224,6.15125,10.885,-10.99,28.496002,18.752,-14.856001,none,8,3.0,28662.0,198475.0,71230.0,208875.0,74773.0
2026-04-14 18:04:29.813887,722075,1609507363446320,4963415448,-0.035136,-0.81984,-0.735904,4.0075,10.5525,-10.92875,28.400002,18.616001,-14.808001,none,8,3.0,28662.0,198475.0,71230.0,208875.0,74773.0
2026-04-14 18:04:29.816385,722076,1609507363455356,4963424188,-0.042944,-0.833504,-0.745664,1.1025,9.555,-11.15625,28.128002,18.736,-12.936001,none,8,3.0,28662.0,198475.0,71230.0,208875.0,74773.0
2026-04-14 18:04:29.825875,722077,1609507363464794,4963434962,-0.042944,-0.833504,-0.745664,-1.47,9.42375,-11.33125,28.128002,18.736,-12.936001,none,8,3.0,28662.0,198475.0,71230.0,208875.0,74773.0
2026-04-14 18:04:29.837257,722078,1609507363479318,4963447788,-0.08784,-0.81008,-0.769088,-1.44375,9.975,-11.62,27.960001,19.224,-14.056001,none,8,3.0,28662.0,198475.0,71230.0,208875.0,74773.0
2026-04-14 18:04:29.846388,722079,1609507363488610,4963458644,-0.08784,-0.81008,-0.769088,-1.46125,9.58125,-11.31375,27.960001,19.224,-14.056001,none,8,3.0,28662.0,198475.0,71230.0,208875.0,74773.0
2026-04-14 18:04:29.858429,722080,1609507363503110,4963471494,-0.089792,-0.81008,-0.80032,-0.81375,9.49375,-11.45375,27.320002,19.272001,-14.000001,none,8,3.0,28662.0,198475.0,71230.0,208875.0,74773.0
2026-04-14 18:04:29.870153,722081,1609507363512522,4963482269,-0.089792,-0.81008,-0.80032,-2.205,8.7675,-11.6025,27.320002,19.272001,-14.000001,none,8,3.0,28662.0,198475.0,71230.0,208875.0,74773.0
2026-04-14 18:04:29.895118,722082,1609507363521561,4963490947,-0.070272,-0.77104,-0.5856,-5.425,7.95375,-11.62875,27.944002,19.176,-15.000001,none,8,3.0,28662.0,198475.0,71230.0,208875.0,74773.0
2026-04-14 18:04:29.957165,722093,1609507363536281,4963506385,-0.011712,-0.804224,-0.534848,-6.55375,8.18125,-11.83,27.768002,19.032001,-15.488001,none,8,3.0,28922.0,199502.0,71644.0,209858.0,75329.0
2026-04-14 18:04:29.959570,722094,1609507363545222,4963515293,-0.011712,-0.804224,-0.534848,-8.0675,8.2775,-11.96125,27.768002,19.032001,-15.488001,none,8,3.0,28922.0,199502.0,71644.0,209858.0,75329.0
2026-04-14 18:04:29.962230,722095,1609507363559675,4963528117,-0.044896,-0.833504,-0.788608,-8.8025,9.12625,-12.3725,27.816002,18.768002,-15.496,none,8,3.0,28922.0,199502.0,71644.0,209858.0,75329.0
2026-04-14 18:04:29.964726,722096,1609507363568927,4963538893,-0.044896,-0.833504,-0.788608,-7.84,9.3625,-12.2325,27.816002,18.768002,-15.496,none,8,3.0,28922.0,199502.0,71644.0,209858.0,75329.0
2026-04-14 18:04:29.967229,722097,1609507363577846,4963547574,-0.027328,-0.813984,-0.659776,-7.4375,9.24,-12.17125,27.472002,19.488,-15.240001,none,8,3.0,28922.0,199502.0,71644.0,209858.0,75329.0
2026-04-14 18:04:29.969805,722098,1609507363592500,4963562510,-0.027328,-0.813984,-0.659776,-8.198751,8.89,-12.01375,27.472002,19.488,-15.240001,none,8,3.0,28922.0,199502.0,71644.0,209858.0,75329.0
2026-04-14 18:04:29.972219,722099,1609507363601467,4963571263,-0.040992,-0.81008,-0.825696,-9.292501,8.14625,-13.265,27.456001,19.192001,-15.576001,none,8,3.0,28922.0,199502.0,71644.0,209858.0,75329.0
2026-04-14 18:04:29.974862,722100,1609507363616054,4963586178,-0.03904,-0.835456,-0.808128,-8.47875,9.70375,-13.09875,27.456001,19.192001,-14.512001,none,8,3.0,28922.0,199502.0,71644.0,209858.0,75329.0
2026-04-14 18:04:29.982283,722101,1609507363625140,4963594903,-0.03904,-0.835456,-0.808128,-9.54625,11.71625,-14.25375,27.568,19.648,-14.512001,none,8,3.0,28922.0,199502.0,71644.0,209858.0,75329.0
2026-04-14 18:04:30.012359,722112,1609507363634594,4963603635,-0.03904,-0.835456,-0.808128,-6.74625,14.63,-15.39125,27.568,19.648,-14.512001,none,8,3.0,29203.0,202139.0,72133.0,212316.0,75935.0
2026-04-14 18:04:30.014789,722113,1609507363649170,4963618622,-0.115168,-0.767136,-0.730048,-2.5725,16.2575,-15.00625,27.672,19.640001,-16.480001,none,8,3.0,29203.0,202139.0,72133.0,212316.0,75935.0
2026-04-14 18:04:30.017348,722114,1609507363658099,4963627339,-0.02928,-0.733952,-0.521184,1.61,16.7475,-14.49,27.256,20.056002,-14.432001,none,8,3.0,29203.0,202139.0,72133.0,212316.0,75935.0
2026-04-14 18:04:30.030299,722115,1609507363672608,4963642310,-0.02928,-0.733952,-0.521184,1.51375,16.05625,-14.4375,27.256,20.056002,-14.432001,none,8,3.0,29203.0,202139.0,72133.0,212316.0,75935.0
2026-04-14 18:04:30.039490,722116,1609507363681596,4963650988,-0.007808,-0.81008,-0.747616,1.54,15.79375,-14.1925,26.264002,20.288,-14.840001,none,8,3.0,29203.0,202139.0,72133.0,212316.0,75935.0
2026-04-14 18:04:30.058356,722117,1609507363696122,4963665866,-0.007808,-0.81008,-0.739808,4.76,16.135,-14.6825,26.264002,20.288,-14.840001,none,8,3.0,29203.0,202139.0,72133.0,212316.0,75935.0
2026-04-14 18:04:30.060872,722118,1609507363705199,4963674569,0.005856,-0.767136,-0.739808,9.44125,16.24,-14.6475,25.984001,20.264002,-15.016001,none,8,3.0,29203.0,202139.0,72133.0,212316.0,75935.0
2026-04-14 18:04:30.071058,722119,1609507363714194,4963683292,0.005856,-0.767136,-0.739808,14.1575,17.7275,-13.09875,25.984001,20.264002,-15.016001,none,8,3.0,29203.0,202139.0,72133.0,212316.0,75935.0
2026-04-14 18:04:30.087303,722120,1609507363728722,4963698188,-0.06832,-0.737856,-0.677344,12.705,17.955,-14.56,26.928001,20.632002,-15.872001,none,8,3.0,29203.0,202139.0,72133.0,212316.0,75935.0
2026-04-14 18:04:30.116064,722131,1609507363737964,4963706926,-0.101504,-0.733952,-0.591456,10.5175,17.26375,-14.16625,25.768002,20.496,-14.616001,none,8,3.0,29520.0,204743.0,72733.0,214508.0,76730.0
2026-04-14 18:04:30.118570,722132,1609507363752496,4963721885,-0.101504,-0.733952,-0.591456,11.78625,16.0475,-13.67625,25.768002,20.496,-14.616001,none,8,3.0,29520.0,204743.0,72733.0,214508.0,76730.0
2026-04-14 18:04:30.121039,722133,1609507363761487,4963730592,-0.144448,-0.65392,-0.679296,14.805,13.72875,-11.445,26.152,20.68,-15.176001,none,8,3.0,29520.0,204743.0,72733.0,214508.0,76730.0
2026-04-14 18:04:30.126088,722134,1609507363770418,4963739321,-0.144448,-0.65392,-0.679296,14.65625,10.73625,-9.86125,26.152,20.68,-15.176001,none,8,3.0,29520.0,204743.0,72733.0,214508.0,76730.0
2026-04-14 18:04:30.141972,722135,1609507363785018,4963754217,-0.089792,-0.651968,-0.495808,10.91125,6.37875,-9.3275,26.768002,20.432001,-16.08,none,8,3.0,29520.0,204743.0,72733.0,214508.0,76730.0
2026-04-14 18:04:30.151273,722136,1609507363794042,4963762909,-0.089792,-0.651968,-0.495808,7.37625,2.135,-7.48125,26.768002,20.432001,-16.08,none,8,3.0,29520.0,204743.0,72733.0,214508.0,76730.0
2026-04-14 18:04:30.193438,722137,1609507363808534,4963777874,-0.0488,-0.708576,-0.54656,6.11625,0.23625,-6.0725,26.616001,20.944,-15.952001,none,8,3.0,29520.0,204743.0,72733.0,214508.0,76730.0
2026-04-14 18:04:30.196195,722138,1609507363817584,4963786629,0.066368,-0.76128,-0.552416,5.4775,-2.66,-4.71625,26.784,20.664001,-14.688001,none,8,3.0,29520.0,204743.0,72733.0,214508.0,76730.0
2026-04-14 18:04:30.198838,722139,1609507363826543,4963795342,0.066368,-0.76128,-0.552416,4.6375,-5.64375,-1.70625,26.784,20.664001,-14.688001,none,8,3.0,29520.0,204743.0,72733.0,214508.0,76730.0
2026-04-14 18:04:30.236360,722150,1609507363842056,4963812419,0.05856,-0.7808,-0.677344,2.415,-6.79875,-0.21875,26.528002,20.68,-15.784,none,8,3.0,29115.0,203888.0,72029.0,213849.0,75866.0
2026-04-14 18:04:30.241417,722151,1609507363850991,4963821112,0.05856,-0.7808,-0.677344,0.2275,-7.1575,2.02125,26.528002,20.68,-15.784,none,8,3.0,29115.0,203888.0,72029.0,213849.0,75866.0
2026-04-14 18:04:30.241486,722152,1609507363865543,4963834034,-0.033184,-0.774944,-0.753472,-1.925,-8.33875,3.1325,26.344002,20.560001,-14.936001,none,8,3.0,29115.0,203888.0,72029.0,213849.0,75866.0
2026-04-14 18:04:30.241562,722153,1609507363875105,4963844807,-0.033184,-0.774944,-0.753472,-6.60625,-11.68125,5.1975,26.344002,20.560001,-14.936001,none,8,3.0,29115.0,203888.0,72029.0,213849.0,75866.0
2026-04-14 18:04:30.260916,722154,1609507363884089,4963853515,0.070272,-0.813984,-0.64416,-11.83,-14.35,7.175,26.368002,21.048,-15.000001,none,8,3.0,29115.0,203888.0,72029.0,213849.0,75866.0
2026-04-14 18:04:30.286047,722155,1609507363898585,4963868391,-0.040992,-0.774944,-0.681248,-15.3825,-15.575,9.37125,26.072,20.576,-13.704,none,8,3.0,29115.0,203888.0,72029.0,213849.0,75866.0
2026-04-14 18:04:30.291056,722156,1609507363907539,4963877115,-0.040992,-0.774944,-0.681248,-16.8,-15.645,11.22625,26.072,20.576,-13.704,none,8,3.0,29115.0,203888.0,72029.0,213849.0,75866.0
2026-04-14 18:04:30.293554,722157,1609507363922033,4963892027,-0.003904,-0.80032,-0.706624,-16.52875,-15.5575,12.73125,26.456001,20.352001,-14.568001,none,8,3.0,29115.0,203888.0,72029.0,213849.0,75866.0
2026-04-14 18:04:30.295928,722158,1609507363930954,4963900701,-0.003904,-0.80032,-0.706624,-17.12375,-16.7825,13.7025,26.456001,20.352001,-14.568001,none,8,3.0,29115.0,203888.0,72029.0,213849.0,75866.0
2026-04-14 18:04:30.323503,722169,1609507363939976,4963909403,-0.023424,-0.808128,-0.784704,-19.11,-18.305,14.49875,26.248001,20.048,-14.328001,none,8,3.0,29129.0,203838.0,72053.0,213831.0,75883.0
2026-04-14 18:04:30.326032,722170,1609507363954612,4963924344,-0.023424,-0.808128,-0.784704,-18.68125,-18.62875,16.0475,26.248001,20.048,-14.328001,none,8,3.0,29129.0,203838.0,72053.0,213831.0,75883.0
2026-04-14 18:04:30.328396,722171,1609507363963557,4963933089,0.031232,-0.81984,-0.691008,-17.0625,-18.06,15.86375,26.096,20.192001,-13.576,none,8,3.0,29129.0,203838.0,72053.0,213831.0,75883.0
2026-04-14 18:04:30.341984,722172,1609507363978055,4963947994,0.031232,-0.788608,-0.79056,-13.86,-17.21125,16.45,26.096,20.192001,-13.576,none,8,3.0,29129.0,203838.0,72053.0,213831.0,75883.0
2026-04-14 18:04:30.344682,722173,1609507363987169,4963956696,-0.093696,-0.788608,-0.79056,-13.1075,-15.11125,15.44375,26.256,19.696001,-16.400002,none,8,3.0,29129.0,203838.0,72053.0,213831.0,75883.0
2026-04-14 18:04:30.358345,722174,1609507364001659,4963971598,-0.081984,-0.806176,-0.786656,-13.04625,-15.30375,14.14,27.864002,19.208,-15.632001,none,8,3.0,29129.0,203838.0,72053.0,213831.0,75883.0
2026-04-14 18:04:30.368540,722175,1609507364010585,4963980322,-0.081984,-0.806176,-0.786656,-13.71125,-16.905,13.4575,27.864002,19.208,-15.632001,none,8,3.0,29129.0,203838.0,72053.0,213831.0,75883.0
2026-04-14 18:04:30.378563,722176,1609507364019519,4963989000,-0.011712,-0.813984,-0.622688,-14.56,-17.36,12.25875,27.184002,19.576,-14.952001,none,8,3.0,29129.0,203838.0,72053.0,213831.0,75883.0
2026-04-14 18:04:30.416923,722187,1609507364034620,4964003950,-0.011712,-0.813984,-0.622688,-13.825,-17.07125,11.2,27.184002,19.576,-14.952001,none,8,3.0,29406.0,204151.0,72554.0,214020.0,76513.0
2026-04-14 18:04:30.420686,722188,1609507364043677,4964012686,-0.132736,-0.772992,-0.718336,-11.05125,-16.1875,10.40375,28.368002,18.968,-14.64,none,8,3.0,29406.0,204151.0,72554.0,214020.0,76513.0
2026-04-14 18:04:30.433023,722189,1609507364058327,4964027624,-0.132736,-0.772992,-0.843264,-8.96875,-15.18125,9.17,28.368002,18.968,-14.64,none,8,3.0,29406.0,204151.0,72554.0,214020.0,76513.0
2026-04-14 18:04:30.433143,722190,1609507364067409,4964036508,-0.101504,-0.83936,-0.833504,-6.44,-14.63875,7.63875,27.36,19.576,-12.952001,none,8,3.0,29406.0,204151.0,72554.0,214020.0,76513.0
2026-04-14 18:04:30.433231,722191,1609507364076491,4964045207,-0.101504,-0.83936,-0.833504,-3.0975,-13.76375,6.72875,27.36,19.576,-12.952001,none,8,3.0,29406.0,204151.0,72554.0,214020.0,76513.0
2026-04-14 18:04:30.449739,722192,1609507364091325,4964060146,-0.074176,-0.835456,-0.854976,1.42625,-11.41875,5.99375,27.28,18.624,-15.576001,none,8,3.0,29406.0,204151.0,72554.0,214020.0,76513.0
2026-04-14 18:04:30.459691,722193,1609507364100797,4964070953,-0.113216,-0.769088,-0.679296,4.96125,-8.855001,4.20875,27.344002,18.888,-13.912001,none,8,3.0,29406.0,204151.0,72554.0,214020.0,76513.0
2026-04-14 18:04:30.467147,722194,1609507364109727,4964079660,-0.113216,-0.769088,-0.679296,5.74875,-7.04375,2.24875,27.344002,18.888,-13.912001,none,8,3.0,29406.0,204151.0,72554.0,214020.0,76513.0
2026-04-14 18:04:30.482319,722195,1609507364124403,4964094596,-0.134688,-0.812032,-0.851072,4.06875,-6.27375,0.0875,28.776001,18.896002,-14.6,none,8,3.0,29406.0,204151.0,72554.0,214020.0,76513.0
2026-04-14 18:04:30.515662,722206,1609507364133340,4964103408,-0.134688,-0.812032,-0.851072,1.82,-5.60875,-1.19875,28.776001,18.896002,-14.6,none,8,3.0,29209.0,203564.0,72179.0,213534.0,76004.0
2026-04-14 18:04:30.518413,722207,1609507364148051,4964116491,-0.103456,-0.81984,-0.8296,0.56875,-5.25,-1.54,27.712002,19.328001,-13.624001,none,8,3.0,29209.0,203564.0,72179.0,213534.0,76004.0
2026-04-14 18:04:30.520905,722208,1609507364157532,4964127343,-0.103456,-0.81984,-0.8296,1.3825,-3.12375,-2.6425,27.712002,19.328001,-13.624001,none,8,3.0,29209.0,203564.0,72179.0,213534.0,76004.0
2026-04-14 18:04:30.524733,722209,1609507364166486,4964136036,-0.130784,-0.788608,-0.667584,2.00375,-1.23375,-4.2,28.128002,18.832,-15.032001,none,8,3.0,29209.0,203564.0,72179.0,213534.0,76004.0
2026-04-14 18:04:30.538938,722210,1609507364181104,4964150997,-0.124928,-0.798368,-0.769088,2.68625,-1.14625,-4.41875,28.088001,18.456001,-16.904001,none,8,3.0,29209.0,203564.0,72179.0,213534.0,76004.0
2026-04-14 18:04:30.548885,722211,1609507364190054,4964159692,-0.124928,-0.798368,-0.769088,1.9425,-0.9975,-5.15375,28.088001,18.456001,-16.904001,none,8,3.0,29209.0,203564.0,72179.0,213534.0,76004.0
2026-04-14 18:04:30.562645,722212,1609507364204668,4964174594,-0.023424,-0.835456,-0.581696,0.245,-0.6475,-5.85375,28.328001,18.824001,-14.704,none,8,3.0,29209.0,203564.0,72179.0,213534.0,76004.0
2026-04-14 18:04:30.573869,722213,1609507364213625,4964183283,-0.023424,-0.835456,-0.581696,0.13125,0.81375,-6.04625,28.328001,18.824001,-14.704,none,8,3.0,29209.0,203564.0,72179.0,213534.0,76004.0
2026-04-14 18:04:30.585138,722214,1609507364228272,4964198258,-0.113216,-0.806176,-0.720288,1.5575,2.59,-6.3525,28.400002,18.776001,-14.656001,none,8,3.0,29209.0,203564.0,72179.0,213534.0,76004.0
2026-04-14 18:04:30.668501,722225,1609507364237807,4964206953,-0.113216,-0.806176,-0.720288,0.805,4.01625,-7.21,28.400002,18.776001,-14.656001,none,8,3.0,29287.0,203786.0,72307.0,213764.0,76186.0
2026-04-14 18:04:30.671274,722226,1609507364246828,4964215769,-0.025376,-0.8296,-0.599264,-2.31,3.85875,-8.155,28.016,19.056002,-14.408001,none,8,3.0,29287.0,203786.0,72307.0,213764.0,76186.0
2026-04-14 18:04:30.673866,722227,1609507364261356,4964230672,0.027328,-0.872544,-0.622688,-5.90625,3.815,-8.91625,27.152,19.128,-14.416,none,8,3.0,29287.0,203786.0,72307.0,213764.0,76186.0
2026-04-14 18:04:30.676292,722228,1609507364270283,4964239410,0.027328,-0.872544,-0.622688,-7.77,5.7575,-9.80875,27.152,19.128,-14.416,none,8,3.0,29287.0,203786.0,72307.0,213764.0,76186.0
2026-04-14 18:04:30.678837,722229,1609507364284773,4964254270,0.00976,-0.853024,-0.66368,-6.1075,9.28375,-10.6575,27.2,19.192001,-14.096001,none,8,3.0,29287.0,203786.0,72307.0,213764.0,76186.0
2026-04-14 18:04:30.681363,722230,1609507364293773,4964263021,0.00976,-0.853024,-0.66368,-3.15,12.92375,-10.92,27.2,19.192001,-14.096001,none,8,3.0,29287.0,203786.0,72307.0,213764.0,76186.0
2026-04-14 18:04:30.683872,722231,1609507364302722,4964271813,-0.052704,-0.827648,-0.610976,-1.39125,15.75875,-12.03125,27.184002,19.496,-14.408001,none,8,3.0,29287.0,203786.0,72307.0,213764.0,76186.0
2026-04-14 18:04:30.689064,722232,1609507364317372,4964286730,-0.052704,-0.827648,-0.610976,0.2275,17.45625,-12.4425,27.184002,19.496,-14.408001,none,8,3.0,29287.0,203786.0,72307.0,213764.0,76186.0
2026-04-14 18:04:30.689442,722233,1609507364326353,4964295449,-0.001952,-0.85888,-0.5856,1.3125,18.3575,-13.86,26.808,19.720001,-13.76,none,8,3.0,29287.0,203786.0,72307.0,213764.0,76186.0
2026-04-14 18:04:30.717030,722244,1609507364341066,4964310904,0.033184,-0.880352,-0.745664,3.33375,19.64375,-14.9625,26.096,20.320002,-15.776001,none,8,3.0,29960.0,205983.0,73487.0,215623.0,77763.0
2026-04-14 18:04:30.719921,722245,1609507364350186,4964319652,0.033184,-0.880352,-0.745664,5.39875,22.47,-15.56625,26.096,20.320002,-15.776001,none,8,3.0,29960.0,205983.0,73487.0,215623.0,77763.0
2026-04-14 18:04:30.722541,722246,1609507364359135,4964328362,0.033184,-0.880352,-0.745664,5.78375,25.375,-18.0775,26.096,20.320002,-15.776001,none,8,3.0,29960.0,205983.0,73487.0,215623.0,77763.0
2026-04-14 18:04:30.732510,722247,1609507364373683,4964343417,-0.017568,-0.831552,-0.651968,5.78375,27.405,-19.39,27.256,20.056002,-19.096,none,8,3.0,29960.0,205983.0,73487.0,215623.0,77763.0
2026-04-14 18:04:30.740137,722248,1609507364382619,4964352135,-0.023424,-0.870592,-0.813984,5.7925,28.0525,-21.74375,27.264002,19.848001,-16.416,none,8,3.0,29960.0,205983.0,73487.0,215623.0,77763.0
2026-04-14 18:04:30.755089,722249,1609507364397104,4964367031,-0.023424,-0.870592,-0.813984,7.86625,29.54,-22.925,27.264002,19.848001,-16.416,none,8,3.0,29960.0,205983.0,73487.0,215623.0,77763.0
2026-04-14 18:04:30.763882,722250,1609507364406070,4964375723,0.066368,-0.847168,-0.679296,9.3275,29.98625,-25.34,26.512001,20.144001,-16.344,none,8,3.0,29960.0,205983.0,73487.0,215623.0,77763.0
2026-04-14 18:04:30.793637,722251,1609507364420574,4964390621,0.066368,-0.847168,-0.679296,9.09125,29.0325,-27.3,26.512001,20.144001,-16.344,none,8,3.0,29960.0,205983.0,73487.0,215623.0,77763.0
2026-04-14 18:04:30.795187,722252,1609507364429670,4964399469,0.056608,-0.860832,-0.591456,2.72125,26.78375,-30.28375,26.248001,20.624,-16.152,none,8,3.0,29960.0,205983.0,73487.0,215623.0,77763.0
2026-04-14 18:04:30.845109,722263,1609507364438952,4964408186,0.056608,-0.860832,-0.591456,-4.095,23.8,-33.34625,26.248001,20.624,-16.152,none,8,3.0,31445.0,211558.0,76157.0,220133.0,81133.0
2026-04-14 18:04:30.847152,722264,1609507364453630,4964423137,0.13664,-0.933056,-0.763232,-7.04375,22.8025,-35.9275,25.736002,21.344002,-14.976001,none,8,3.0,31445.0,211558.0,76157.0,220133.0,81133.0
2026-04-14 18:04:30.849674,722265,1609507364462538,4964431843,0.18544,-0.909632,-0.620736,-10.4125,21.35,-38.47375,25.056002,21.544,-17.152,none,8,3.0,31445.0,211558.0,76157.0,220133.0,81133.0
2026-04-14 18:04:30.852627,722266,1609507364477186,4964446735,0.18544,-0.909632,-0.620736,-12.17125,21.0,-40.1275,25.056002,21.544,-17.152,none,8,3.0,31445.0,211558.0,76157.0,220133.0,81133.0
2026-04-14 18:04:30.855136,722267,1609507364486165,4964455587,0.21472,-0.86864,-0.642208,-13.3175,20.72875,-42.315,24.472002,21.672,-15.848001,none,8,3.0,31445.0,211558.0,76157.0,220133.0,81133.0
2026-04-14 18:04:30.857630,722268,1609507364495124,4964464301,0.21472,-0.86864,-0.642208,-11.8475,21.55125,-44.02125,24.472002,21.672,-15.848001,none,8,3.0,31445.0,211558.0,76157.0,220133.0,81133.0
2026-04-14 18:04:30.868453,722269,1609507364509667,4964479197,0.199104,-0.823744,-0.59536,-12.7575,23.07375,-46.095,24.016,21.912,-16.0,none,8,3.0,31445.0,211558.0,76157.0,220133.0,81133.0
2026-04-14 18:04:30.878305,722270,1609507364518579,4964487892,0.199104,-0.823744,-0.59536,-16.4325,23.66875,-48.79875,24.016,21.912,-16.0,none,8,3.0,31445.0,211558.0,76157.0,220133.0,81133.0
2026-04-14 18:04:30.892006,722271,1609507364533087,4964502869,0.134688,-0.890112,-0.847168,-20.3875,25.19125,-50.44375,24.608002,22.544,-16.152,none,8,3.0,31445.0,211558.0,76157.0,220133.0,81133.0
2026-04-14 18:04:30.920134,722282,1609507364542191,4964512247,0.222528,-0.860832,-0.610976,-22.93375,26.78375,-52.263752,24.608002,22.848001,-18.656,none,8,3.0,33492.0,221415.0,79842.0,226696.0,85557.0
2026-04-14 18:04:30.922635,722283,1609507364551178,4964520997,0.222528,-0.860832,-0.610976,-19.495,29.14625,-52.255,22.416,22.848001,-18.656,none,8,3.0,33492.0,221415.0,79842.0,226696.0,85557.0
2026-04-14 18:04:30.925118,722284,1609507364565714,4964535907,0.201056,-0.81984,-0.648064,-17.00125,30.0125,-52.535,22.216002,23.336,-17.104,none,8,3.0,33492.0,221415.0,79842.0,226696.0,85557.0
2026-04-14 18:04:30.932592,722285,1609507364574761,4964544622,0.201056,-0.81984,-0.648064,-16.24875,31.0975,-52.2375,22.216002,23.336,-17.104,none,8,3.0,33492.0,221415.0,79842.0,226696.0,85557.0
2026-04-14 18:04:30.948869,722286,1609507364589493,4964559536,0.18544,-0.788608,-0.743712,-18.68125,32.08625,-54.66125,22.136002,23.304,-17.504002,none,8,3.0,33492.0,221415.0,79842.0,226696.0,85557.0
2026-04-14 18:04:30.956383,722287,1609507364598615,4964568251,0.18544,-0.788608,-0.743712,-19.95,33.50375,-55.405,22.136002,23.304,-17.504002,none,8,3.0,33492.0,221415.0,79842.0,226696.0,85557.0
2026-04-14 18:04:30.969390,722288,1609507364607659,4964576943,0.251808,-0.7808,-0.882304,-19.38125,36.645,-54.97625,22.504002,23.072,-18.984001,none,8,3.0,33492.0,221415.0,79842.0,226696.0,85557.0
2026-04-14 18:04:31.003442,722289,1609507364622171,4964591891,0.251808,-0.905728,-0.737856,-22.925,39.305,-57.05,22.504002,23.072,-18.984001,none,8,3.0,33492.0,221415.0,79842.0,226696.0,85557.0
2026-04-14 18:04:31.026045,722290,1609507364631121,4964600607,0.337696,-0.894016,-0.737856,-26.95,40.31125,-59.57875,21.992,23.920002,-18.264,none,8,3.0,33492.0,221415.0,79842.0,226696.0,85557.0
2026-04-14 18:04:31.059605,722301,1609507364645625,4964615583,0.25376,-0.8296,-0.813984,-28.6125,42.41125,-62.4575,20.264002,24.288002,-18.392,none,8,3.0,36092.0,226533.0,84471.0,229671.0,90567.0
2026-04-14 18:04:31.060884,722302,1609507364654620,4964624286,0.25376,-0.8296,-0.813984,-23.23125,44.6775,-63.603752,20.264002,24.288002,-18.392,none,8,3.0,36092.0,226533.0,84471.0,229671.0,90567.0
2026-04-14 18:04:31.063746,722303,1609507364669130,4964639210,0.37088,-0.7808,-0.755424,-17.07125,47.39,-63.9625,19.432001,24.064001,-18.472,none,8,3.0,36092.0,226533.0,84471.0,229671.0,90567.0
2026-04-14 18:04:31.068756,722304,1609507364678067,4964647904,0.37088,-0.7808,-0.755424,-15.33,50.18125,-65.84375,19.432001,24.064001,-18.472,none,8,3.0,36092.0,226533.0,84471.0,229671.0,90567.0
2026-04-14 18:04:31.071251,722305,1609507364687118,4964656684,0.374784,-0.747616,-0.71248,-17.2025,52.4475,-68.22375,18.512001,24.984001,-19.04,none,8,3.0,36092.0,226533.0,84471.0,229671.0,90567.0
2026-04-14 18:04:31.073754,722306,1609507364701784,4964671589,0.374784,-0.747616,-0.71248,-18.10375,55.71125,-69.2475,18.512001,24.984001,-19.04,none,8,3.0,36092.0,226533.0,84471.0,229671.0,90567.0
2026-04-14 18:04:31.081339,722307,1609507364710752,4964680535,0.337696,-0.804224,-0.763232,-21.58625,59.1675,-71.25125,17.896,25.056002,-18.880001,none,8,3.0,36092.0,226533.0,84471.0,229671.0,90567.0
2026-04-14 18:04:31.083404,722308,1609507364725278,4964695522,0.3416,-0.81008,-0.874496,-19.6525,60.515,-73.57,16.304,25.704,-18.872002,none,8,3.0,36092.0,226533.0,84471.0,229671.0,90567.0
2026-04-14 18:04:31.092246,722309,1609507364734257,4964704223,0.3416,-0.81008,-0.874496,-12.01375,63.0,-75.17125,16.304,25.704,-18.872002,none,8,3.0,36092.0,226533.0,84471.0,229671.0,90567.0
2026-04-14 18:04:31.122558,722321,1609507364749174,4964719522,0.427488,-0.687104,-0.763232,-8.7325,65.56375,-75.73125,16.392,25.608002,-21.504002,none,8,3.0,42913.0,248758.0,96528.0,245739.0,104841.0
2026-04-14 18:04:31.125206,722322,1609507364758201,4964728235,0.427488,-0.687104,-0.763232,-4.66375,69.3175,-73.43875,16.392,25.608002,-21.504002,none,8,3.0,42913.0,248758.0,96528.0,245739.0,104841.0
2026-04-14 18:04:31.127644,722323,1609507364767250,4964736964,0.357216,-0.568032,-0.876448,-0.67375,71.058754,-76.3175,15.464001,25.912,-21.52,none,8,3.0,42913.0,248758.0,96528.0,245739.0,104841.0
2026-04-14 18:04:31.140129,722324,1609507364781760,4964751870,0.357216,-0.568032,-0.876448,-4.7425,73.246254,-80.35125,15.464001,25.912,-21.52,none,8,3.0,42913.0,248758.0,96528.0,245739.0,104841.0
2026-04-14 18:04:31.148549,722325,1609507364790768,4964760559,0.505568,-0.612928,-0.655872,-17.535,75.871254,-82.13625,14.584001,26.176,-21.880001,none,8,3.0,42913.0,248758.0,96528.0,245739.0,104841.0
2026-04-14 18:04:31.170195,722326,1609507364805333,4964775457,0.59536,-0.687104,-0.583648,-26.01375,78.96875,-83.86,13.008,26.344002,-21.28,none,8,3.0,42913.0,248758.0,96528.0,245739.0,104841.0
2026-04-14 18:04:31.173260,722327,1609507364814264,4964784162,0.59536,-0.687104,-0.583648,-29.44375,82.495,-82.7225,13.008,26.344002,-21.28,none,8,3.0,42913.0,248758.0,96528.0,245739.0,104841.0
2026-04-14 18:04:31.179969,722328,1609507364823232,4964792974,0.59536,-0.687104,-0.646112,-29.05,86.0475,-83.34375,13.008,26.344002,-21.28,none,8,3.0,42913.0,248758.0,96528.0,245739.0,104841.0
2026-04-14 18:04:31.222198,722339,1609507364837755,4964807796,0.56608,-0.687104,-0.648064,-17.70125,92.35625,-82.39875,11.120001,26.936,-21.088001,none,8,3.0,57184.0,269183.0,120907.0,260064.0,131796.0
2026-04-14 18:04:31.224595,722340,1609507364846722,4964816537,0.495808,-0.552416,-0.691008,-14.07,96.83625,-85.3125,9.328,26.880001,-23.032001,none,8,3.0,57184.0,269183.0,120907.0,260064.0,131796.0
2026-04-14 18:04:31.227693,722341,1609507364861405,4964831458,0.495808,-0.552416,-0.691008,-7.0875,101.77125,-84.91,9.328,26.880001,-23.032001,none,8,3.0,57184.0,269183.0,120907.0,260064.0,131796.0
2026-04-14 18:04:31.230179,722342,1609507364870395,4964840299,0.42944,-0.392352,-0.581696,-3.7625,103.17125,-84.56875,8.056001,27.504002,-22.400002,none,8,3.0,57184.0,269183.0,120907.0,260064.0,131796.0
2026-04-14 18:04:31.237393,722343,1609507364879343,4964849060,0.42944,-0.392352,-0.581696,-9.948751,101.3775,-86.10875,8.056001,27.504002,-22.400002,none,8,3.0,57184.0,269183.0,120907.0,260064.0,131796.0
2026-04-14 18:04:31.253458,722344,1609507364893897,4964863973,0.511424,-0.452864,-0.665632,-26.57375,100.1875,-88.06,7.576,27.016,-23.824001,none,8,3.0,57184.0,269183.0,120907.0,260064.0,131796.0
2026-04-14 18:04:31.261195,722345,1609507364902840,4964872666,0.511424,-0.452864,-0.665632,-32.76875,101.29,-87.40375,7.576,27.016,-23.824001,none,8,3.0,57184.0,269183.0,120907.0,260064.0,131796.0
2026-04-14 18:04:31.275073,722346,1609507364917437,4964887602,0.50752,-0.49776,-0.372832,-39.50625,101.6925,-89.3375,6.000001,27.264002,-23.632002,none,8,3.0,57184.0,269183.0,120907.0,260064.0,131796.0
2026-04-14 18:04:31.284610,722347,1609507364926377,4964896306,0.277184,-0.445056,-0.55632,-34.685,99.35625,-91.9625,2.944,27.864002,-22.944,none,8,3.0,57184.0,269183.0,120907.0,260064.0,131796.0
2026-04-14 18:04:31.323545,722358,1609507364941009,4964911275,0.277184,-0.445056,-0.55632,-11.2525,102.68125,-92.53125,2.944,27.864002,-22.944,none,8,3.0,126777.0,287431.0,211018.0,274706.0,222780.0
2026-04-14 18:04:31.325971,722359,1609507364950030,4964920061,0.353312,-0.470432,-0.445056,3.01875,97.965004,-94.45625,3.152,27.560001,-24.584002,none,8,3.0,126777.0,287431.0,211018.0,274706.0,222780.0
2026-04-14 18:04:31.328525,722360,1609507364958975,4964928859,0.353312,-0.470432,-0.445056,5.4075,87.885,-91.6125,3.152,27.560001,-24.584002,none,8,3.0,126777.0,287431.0,211018.0,274706.0,222780.0
2026-04-14 18:04:31.330967,722361,1609507364973511,4964943768,0.441152,-0.40016,-0.671488,-2.72125,76.1775,-84.83125,1.864,27.44,-24.368002,none,8,3.0,126777.0,287431.0,211018.0,274706.0,222780.0
2026-04-14 18:04:31.364826,722362,1609507364982523,4964952487,0.441152,-0.40016,-0.671488,-3.36,67.89125,-78.89875,1.864,27.44,-24.368002,none,8,3.0,126777.0,287431.0,211018.0,274706.0,222780.0
2026-04-14 18:04:31.389802,722363,1609507364997036,4964965396,0.52704,-0.20496,-0.26352,-10.08,62.46625,-79.135,0.776,27.792002,-24.480001,none,8,3.0,126777.0,287431.0,211018.0,274706.0,222780.0
2026-04-14 18:04:31.414848,722364,1609507365006280,4964976156,0.3416,-0.105408,-0.279136,1.225,59.19375,-74.025,-1.128,28.12,-23.112001,none,8,3.0,126777.0,287431.0,211018.0,274706.0,222780.0
2026-04-14 18:04:31.422313,722365,1609507365015219,4964984835,0.3416,-0.105408,-0.279136,4.6375,56.875,-77.8225,-1.128,28.12,-23.112001,none,8,3.0,126777.0,287431.0,211018.0,274706.0,222780.0
2026-04-14 18:04:31.424901,722366,1609507365029832,4964999907,0.540704,-0.488,-0.57584,-4.78625,48.90375,-80.38625,-1.896,27.984001,-23.816002,none,8,3.0,126777.0,287431.0,211018.0,274706.0,222780.0
2026-04-14 18:04:31.477300,722377,1609507365038823,4965008666,0.540704,-0.488,-0.57584,-18.75125,41.3875,-72.38875,-1.896,27.984001,-23.816002,none,8,3.0,166029.0,298598.0,257348.0,285226.0,265466.0
2026-04-14 18:04:31.479822,722378,1609507365053480,4965023545,0.767136,-0.57584,-0.218624,-30.485,32.9,-56.105,-2.296,27.808,-24.288002,none,8,3.0,166029.0,298598.0,257348.0,285226.0,265466.0
2026-04-14 18:04:31.482328,722379,1609507365062417,4965032266,0.767136,-0.57584,-0.218624,-10.26375,33.57375,-35.49,-2.296,27.808,-24.288002,none,8,3.0,166029.0,298598.0,257348.0,285226.0,265466.0
2026-04-14 18:04:31.484694,722380,1609507365076930,4965047161,0.700768,-0.220576,-0.355264,9.19625,36.925,-25.10375,-2.168,27.736002,-24.080002,none,8,3.0,166029.0,298598.0,257348.0,285226.0,265466.0
2026-04-14 18:04:31.487103,722381,1609507365085871,4965055880,0.554368,-0.11712,-0.394304,36.84625,42.62125,-22.79375,-2.64,27.864002,-25.920002,none,8,3.0,166029.0,298598.0,257348.0,285226.0,265466.0
2026-04-14 18:04:31.489784,722382,1609507365094833,4965064636,0.554368,-0.11712,-0.394304,31.22,41.7025,-29.067501,-2.64,27.864002,-25.920002,none,8,3.0,166029.0,298598.0,257348.0,285226.0,265466.0
2026-04-14 18:04:31.492188,722383,1609507365109409,4965079556,0.808128,-0.452864,-0.296704,5.915,33.0575,-26.4075,-3.136,27.824001,-24.232,none,8,3.0,166029.0,298598.0,257348.0,285226.0,265466.0
2026-04-14 18:04:31.494868,722384,1609507365118402,4965088305,0.808128,-0.452864,-0.296704,-29.7325,23.4325,-21.805,-3.136,27.824001,-24.232,none,8,3.0,166029.0,298598.0,257348.0,285226.0,265466.0
2026-04-14 18:04:31.497280,722385,1609507365133028,4965103234,0.671488,-0.208864,-0.417728,-33.635,12.69625,-15.0325,-3.208,27.912,-22.904001,none,8,3.0,166029.0,298598.0,257348.0,285226.0,265466.0
2026-04-14 18:04:31.527688,722396,1609507365142080,4965112169,0.671488,-0.208864,-0.417728,-12.573751,17.6925,-18.55,-3.208,27.912,-22.904001,none,8,3.0,189163.0,313851.0,285050.0,299805.0,286625.0
2026-04-14 18:04:31.529821,722397,1609507365151401,4965120925,0.788608,-0.091744,-0.15616,-11.80375,19.88,-28.79625,-3.536,27.44,-24.224,none,8,3.0,189163.0,313851.0,285050.0,299805.0,286625.0
2026-04-14 18:04:31.534706,722398,1609507365165897,4965135876,0.757376,-0.425536,-0.189344,-20.50125,13.685,-25.795,-3.536,27.44,-26.272001,none,8,3.0,189163.0,313851.0,285050.0,299805.0,286625.0
2026-04-14 18:04:31.537073,722399,1609507365174893,4965144580,0.753472,-0.425536,-0.189344,-43.0675,9.6425,-23.21375,-3.736,27.528002,-24.664001,none,8,3.0,189163.0,313851.0,285050.0,299805.0,286625.0
2026-04-14 18:04:31.550075,722400,1609507365189400,4965159477,0.8296,-0.441152,-0.150304,-40.66125,3.01,-14.84875,-3.848,26.960001,-24.2,none,8,3.0,189163.0,313851.0,285050.0,299805.0,286625.0
2026-04-14 18:04:31.556379,722401,1609507365198377,4965168217,0.8296,-0.441152,-0.150304,-21.55125,2.1175,-13.41375,-3.848,26.960001,-24.2,none,8,3.0,189163.0,313851.0,285050.0,299805.0,286625.0
2026-04-14 18:04:31.572588,722402,1609507365212894,4965183152,0.724192,-0.163968,-0.286944,-4.99625,4.6025,-13.3875,-4.848,27.720001,-21.768002,none,8,3.0,189163.0,313851.0,285050.0,299805.0,286625.0
2026-04-14 18:04:31.580153,722403,1609507365221835,4965191841,0.724192,-0.163968,-0.286944,-2.45,4.1125,-17.31625,-4.848,27.720001,-21.768002,none,8,3.0,189163.0,313851.0,285050.0,299805.0,286625.0
2026-04-14 18:04:31.590164,722404,1609507365230881,4965200549,0.745664,-0.279136,-0.230336,-12.69625,7.525,-21.1575,-4.56,27.320002,-24.504002,none,8,3.0,189163.0,313851.0,285050.0,299805.0,286625.0
2026-04-14 18:04:31.628611,722415,1609507365245562,4965215519,0.745664,-0.279136,-0.230336,-18.55875,7.63875,-20.1425,-4.56,27.320002,-24.504002,none,8,3.0,187809.0,325803.0,282720.0,311015.0,283713.0
2026-04-14 18:04:31.629000,722416,1609507365254585,4965224223,0.843264,-0.415776,-0.443104,-21.8575,4.76875,-13.67625,-5.016,27.216002,-25.176,none,8,3.0,187809.0,325803.0,282720.0,311015.0,283713.0
2026-04-14 18:04:31.630895,722417,1609507365269090,4965239147,0.833504,-0.115168,-0.466528,-8.8375,4.025,-7.875,-4.36,27.264002,-24.776001,none,8,3.0,187809.0,325803.0,282720.0,311015.0,283713.0
2026-04-14 18:04:31.637516,722418,1609507365278024,4965247929,0.833504,-0.115168,-0.466528,-0.93625,6.72,-11.6375,-4.36,27.264002,-24.776001,none,8,3.0,187809.0,325803.0,282720.0,311015.0,283713.0
2026-04-14 18:04:31.645078,722419,1609507365287039,4965256631,0.776896,-0.28304,-0.240096,-2.66875,11.50625,-16.82625,-4.36,26.976002,-21.752,none,8,3.0,187809.0,325803.0,282720.0,311015.0,283713.0
2026-04-14 18:04:31.659630,722420,1609507365301561,4965271512,0.776896,-0.28304,-0.240096,-5.4775,10.9375,-19.52125,-4.72,26.976002,-21.752,none,8,3.0,187809.0,325803.0,282720.0,311015.0,283713.0
2026-04-14 18:04:31.667639,722421,1609507365310591,4965280259,0.794464,-0.564128,-0.476288,2.12625,8.32125,-17.36,-5.6,27.424002,-23.736002,none,8,3.0,187809.0,325803.0,282720.0,311015.0,283713.0
2026-04-14 18:04:31.683635,722422,1609507365325111,4965295164,0.794464,-0.564128,-0.476288,8.54,1.05875,-16.0475,-5.6,27.424002,-23.736002,none,8,3.0,187809.0,325803.0,282720.0,311015.0,283713.0
2026-04-14 18:04:31.692229,722423,1609507365334069,4965303887,0.901824,-0.052704,-0.245952,18.92625,-3.92875,-10.89375,-4.84,27.512001,-23.792002,none,8,3.0,187809.0,325803.0,282720.0,311015.0,283713.0
2026-04-14 18:04:31.775140,722434,1609507365348782,4965318820,0.901824,-0.189344,-0.251808,29.6625,0.735,-9.75625,-7.016,27.648,-23.176,none,8,3.0,180265.0,327819.0,273490.0,312492.0,277053.0
2026-04-14 18:04:31.777644,722435,1609507365357796,4965327547,0.901824,-0.189344,-0.251808,11.96125,6.72875,-13.475,-7.016,27.648,-23.176,none,8,3.0,180265.0,327819.0,273490.0,312492.0,277053.0
2026-04-14 18:04:31.780164,722436,1609507365366715,4965336250,0.901824,-0.189344,-0.304512,0.175,11.73375,-14.533751,-7.016,27.648,-23.176,none,8,3.0,180265.0,327819.0,273490.0,312492.0,277053.0
2026-04-14 18:04:31.784746,722437,1609507365381326,4965351175,0.747616,-0.327936,-0.304512,5.31125,14.28,-15.1025,-6.432,27.976002,-22.304,none,8,3.0,180265.0,327819.0,273490.0,312492.0,277053.0
2026-04-14 18:04:31.787626,722438,1609507365390293,4965359875,0.892064,-0.398208,-0.335744,9.555,13.06375,-13.37,-6.264,28.024002,-22.888,none,8,3.0,180265.0,327819.0,273490.0,312492.0,277053.0
2026-04-14 18:04:31.790128,722439,1609507365404833,4965374934,0.892064,-0.398208,-0.335744,11.8475,9.79125,-10.5175,-6.264,28.024002,-22.888,none,8,3.0,180265.0,327819.0,273490.0,312492.0,277053.0
2026-04-14 18:04:31.792252,722440,1609507365413837,4965383647,0.935008,-0.111264,-0.210816,18.47125,8.9425,-7.91875,-6.568,27.52,-22.960001,none,8,3.0,180265.0,327819.0,273490.0,312492.0,277053.0
2026-04-14 18:04:31.794733,722441,1609507365422817,4965392321,0.935008,-0.111264,-0.210816,24.85875,11.480001,-6.04625,-6.568,27.52,-22.960001,none,8,3.0,180265.0,327819.0,273490.0,312492.0,277053.0
2026-04-14 18:04:31.797232,722442,1609507365437316,4965407225,0.91744,-0.177632,-0.2928,18.69875,14.595,-6.37875,-6.656,27.976002,-23.840002,none,8,3.0,180265.0,327819.0,273490.0,312492.0,277053.0
2026-04-14 18:04:31.833218,722453,1609507365446363,4965415983,0.91744,-0.177632,-0.2928,3.29,13.09,-5.74,-6.656,27.976002,-23.840002,none,8,3.0,159942.0,328363.0,249034.0,312561.0,256904.0
2026-04-14 18:04:31.835623,722454,1609507365460973,4965431056,0.79056,-0.320128,-0.286944,-17.12375,8.505,-5.8625,-6.032,27.128002,-22.608002,none,8,3.0,159942.0,328363.0,249034.0,312561.0,256904.0
2026-04-14 18:04:31.837993,722455,1609507365469942,4965439781,0.806176,-0.101504,-0.392352,-10.2375,7.8925,-2.58125,-6.184001,27.824001,-24.048,none,8,3.0,159942.0,328363.0,249034.0,312561.0,256904.0
2026-04-14 18:04:31.843259,722456,1609507365484482,4965454686,0.806176,-0.101504,-0.392352,7.69125,12.04,-7.8925,-6.184001,27.824001,-24.048,none,8,3.0,159942.0,328363.0,249034.0,312561.0,256904.0
2026-04-14 18:04:31.852580,722457,1609507365493602,4965463386,0.872544,-0.27328,-0.269376,5.32875,9.205,-12.845,-6.192,27.760002,-23.856,none,8,3.0,159942.0,328363.0,249034.0,312561.0,256904.0
2026-04-14 18:04:31.858486,722458,1609507365502558,4965472121,0.872544,-0.27328,-0.269376,-0.8925,4.6725,-8.93375,-6.192,27.760002,-23.856,none,8,3.0,159942.0,328363.0,249034.0,312561.0,256904.0
2026-04-14 18:04:31.875124,722459,1609507365517057,4965487038,0.935008,-0.499712,-0.22448,-8.26,1.46125,-2.87,-7.136,28.144001,-22.088001,none,8,3.0,159942.0,328363.0,249034.0,312561.0,256904.0
2026-04-14 18:04:31.883922,722460,1609507365525993,4965495737,0.935008,-0.499712,-0.22448,-11.52375,-1.015,1.67125,-7.136,28.144001,-22.088001,none,8,3.0,159942.0,328363.0,249034.0,312561.0,256904.0
2026-04-14 18:04:31.900118,722461,1609507365540521,4965510640,0.730048,-0.072224,-0.411872,-6.22125,0.035,5.39875,-6.976,28.016,-24.656002,none,8,3.0,159942.0,328363.0,249034.0,312561.0,256904.0
2026-04-14 18:04:31.930712,722472,1609507365549686,4965519444,0.856928,-0.115168,-0.359168,8.28625,6.0375,1.77625,-5.960001,28.016,-23.112001,none,8,3.0,157351.0,329053.0,246554.0,313615.0,254846.0
2026-04-14 18:04:31.933002,722473,1609507365558689,4965528132,0.856928,-0.115168,-0.359168,-0.2625,5.915,-8.7325,-5.960001,28.016,-23.112001,none,8,3.0,157351.0,329053.0,246554.0,313615.0,254846.0
2026-04-14 18:04:31.935630,722474,1609507365573260,4965543120,0.880352,-0.368928,-0.21472,-14.46375,1.88125,-9.82625,-5.944,27.472002,-24.072,none,8,3.0,157351.0,329053.0,246554.0,313615.0,254846.0
2026-04-14 18:04:31.940047,722475,1609507365582221,4965551861,0.880352,-0.368928,-0.21472,-19.022501,-1.7675,-5.8275,-5.944,27.472002,-24.072,none,8,3.0,157351.0,329053.0,246554.0,313615.0,254846.0
2026-04-14 18:04:31.956392,722476,1609507365596697,4965566759,0.815936,-0.3904,-0.32208,-20.16,-4.55875,0.63,-5.68,27.720001,-23.848001,none,8,3.0,157351.0,329053.0,246554.0,313615.0,254846.0
2026-04-14 18:04:31.963845,722477,1609507365605621,4965575444,0.815936,-0.3904,-0.32208,-14.6475,-4.935,8.05,-5.68,27.720001,-23.848001,none,8,3.0,157351.0,329053.0,246554.0,313615.0,254846.0
2026-04-14 18:04:31.977619,722478,1609507365620181,4965590387,0.806176,-0.17568,-0.335744,-1.98625,-2.35375,7.9975,-6.384,27.672,-23.248001,none,8,3.0,157351.0,329053.0,246554.0,313615.0,254846.0
2026-04-14 18:04:31.987613,722479,1609507365629118,4965599068,0.938912,-0.242048,-0.212768,1.98625,-1.89,2.52875,-6.384,28.000002,-24.664001,none,8,3.0,157351.0,329053.0,246554.0,313615.0,254846.0
2026-04-14 18:04:31.996042,722480,1609507365638059,4965607772,0.938912,-0.242048,-0.212768,2.66875,-3.36875,0.83125,-6.496,28.000002,-24.664001,none,8,3.0,157351.0,329053.0,246554.0,313615.0,254846.0
2026-04-14 18:04:32.025003,722491,1609507365652732,4965622776,0.923296,-0.275232,-0.36112,1.015,-3.255,1.6275,-6.288,27.096,-24.312,none,8,3.0,162701.0,329982.0,252468.0,314656.0,259609.0
2026-04-14 18:04:32.027569,722492,1609507365661687,4965631540,0.923296,-0.275232,-0.36112,-4.2875,-2.28375,1.4,-6.288,27.096,-24.312,none,8,3.0,162701.0,329982.0,252468.0,314656.0,259609.0
2026-04-14 18:04:32.036335,722493,1609507365676458,4965646447,0.854976,-0.232288,-0.382592,-3.08,1.9425,1.015,-6.616,27.904001,-23.184002,none,8,3.0,162701.0,329982.0,252468.0,314656.0,259609.0
2026-04-14 18:04:32.043465,722494,1609507365685380,4965655142,0.854976,-0.232288,-0.382592,-4.13875,4.655,-2.68625,-6.616,27.904001,-23.184002,none,8,3.0,162701.0,329982.0,252468.0,314656.0,259609.0
2026-04-14 18:04:32.051360,722495,1609507365694449,4965664018,0.85888,-0.30256,-0.26352,-5.53,4.8475,-5.25875,-5.936,27.6,-23.320002,none,8,3.0,162701.0,329982.0,252468.0,314656.0,259609.0
2026-04-14 18:04:32.066367,722496,1609507365708964,4965678973,0.85888,-0.30256,-0.244,-0.86625,2.86125,-5.4425,-5.936,27.6,-23.320002,none,8,3.0,162701.0,329982.0,252468.0,314656.0,259609.0
2026-04-14 18:04:32.107026,722497,1609507365717860,4965687652,0.909632,-0.335744,-0.244,5.01375,-0.455,-3.4475,-5.728,27.592001,-24.656002,none,8,3.0,162701.0,329982.0,252468.0,314656.0,259609.0
2026-04-14 18:04:32.132894,722498,1609507365732367,4965702628,0.808128,-0.220576,-0.220576,3.5175,-2.82625,0.2975,-7.504,28.144001,-22.6,none,8,3.0,162701.0,329982.0,252468.0,314656.0,259609.0
2026-04-14 18:04:32.157164,722499,1609507365741286,4965711317,0.808128,-0.220576,-0.220576,2.05625,-2.19625,2.7125,-7.504,28.144001,-22.6,none,8,3.0,162701.0,329982.0,252468.0,314656.0,259609.0
2026-04-14 18:04:32.190938,722510,1609507365755922,4965726276,0.776896,-0.242048,-0.433344,3.22875,0.28875,1.42625,-7.128,27.800001,-22.984001,none,8,3.0,154903.0,327393.0,242942.0,312127.0,251175.0
2026-04-14 18:04:32.191437,722511,1609507365764914,4965734967,0.776896,-0.242048,-0.433344,3.5175,2.93125,-0.77875,-7.128,27.800001,-22.984001,none,8,3.0,154903.0,327393.0,242942.0,312127.0,251175.0
2026-04-14 18:04:32.192010,722512,1609507365773883,4965743646,0.925248,-0.240096,-0.337696,7.25375,5.005,-2.5375,-6.8,27.632002,-22.624,none,8,3.0,154903.0,327393.0,242942.0,312127.0,251175.0
2026-04-14 18:04:32.194522,722513,1609507365788365,4965758605,0.925248,-0.240096,-0.337696,6.0375,4.22625,-2.66875,-6.8,27.632002,-22.624,none,8,3.0,154903.0,327393.0,242942.0,312127.0,251175.0
2026-04-14 18:04:32.197356,722514,1609507365797279,4965767304,0.827648,-0.314272,-0.368928,0.93625,1.46125,-0.945,-6.960001,28.032001,-20.272001,none,8,3.0,154903.0,327393.0,242942.0,312127.0,251175.0
2026-04-14 18:04:32.201792,722515,1609507365811915,4965782260,0.812032,-0.279136,-0.355264,-4.7425,-0.44625,1.42625,-6.296001,27.608002,-23.584002,none,8,3.0,154903.0,327393.0,242942.0,312127.0,251175.0
2026-04-14 18:04:32.201875,722516,1609507365820907,4965791002,0.812032,-0.279136,-0.355264,-1.68,0.385,4.4975,-6.296001,27.608002,-23.584002,none,8,3.0,154903.0,327393.0,242942.0,312127.0,251175.0
2026-04-14 18:04:32.204400,722517,1609507365835428,4965803876,0.724192,-0.212768,-0.300608,0.9275,0.875,4.4975,-6.368001,27.952002,-23.112001,none,8,3.0,154903.0,327393.0,242942.0,312127.0,251175.0
2026-04-14 18:04:32.232644,722528,1609507365844926,4965815457,0.724192,-0.212768,-0.300608,0.28875,1.365,4.0075,-6.368001,27.952002,-23.112001,none,8,3.0,146864.0,325117.0,233405.0,310121.0,242646.0
2026-04-14 18:04:32.234560,722529,1609507365854148,4965824175,0.815936,-0.28304,-0.316224,1.3125,-0.18375,4.48,-5.736,27.808,-23.912,none,8,3.0,146864.0,325117.0,233405.0,310121.0,242646.0
2026-04-14 18:04:32.236983,722530,1609507365868714,4965837088,0.815936,-0.28304,-0.316224,3.2025,-2.8,6.23,-5.736,27.808,-23.912,none,8,3.0,146864.0,325117.0,233405.0,310121.0,242646.0
2026-04-14 18:04:32.242171,722531,1609507365877933,4965847916,0.720288,-0.28304,-0.28304,1.7325,-6.09875,9.2225,-5.568,27.528002,-23.52,none,8,3.0,146864.0,325117.0,233405.0,310121.0,242646.0
2026-04-14 18:04:32.245157,722532,1609507365886868,4965856838,0.720288,-0.28304,-0.28304,-1.68,-7.595,14.175,-5.568,27.528002,-23.52,none,8,3.0,146864.0,325117.0,233405.0,310121.0,242646.0
2026-04-14 18:04:32.261333,722533,1609507365901564,4965871742,0.74176,-0.308416,-0.333792,-5.32875,-8.47875,17.885,-5.216,27.44,-23.968,none,8,3.0,146864.0,325117.0,233405.0,310121.0,242646.0
2026-04-14 18:04:32.268567,722534,1609507365910673,4965880581,0.81008,-0.158112,-0.23424,-3.99875,-8.155,19.80125,-5.216,27.44,-23.784,none,8,3.0,146864.0,325117.0,233405.0,310121.0,242646.0
2026-04-14 18:04:32.284848,722535,1609507365925191,4965895470,0.81008,-0.158112,-0.23424,5.17125,-4.61125,20.44,-6.368001,28.248001,-23.784,none,8,3.0,146864.0,325117.0,233405.0,310121.0,242646.0
2026-04-14 18:04:32.292655,722536,1609507365934144,4965904187,0.80032,-0.228384,-0.17568,5.1625,-4.62875,18.31375,-5.328,27.416,-23.928001,none,8,3.0,146864.0,325117.0,233405.0,310121.0,242646.0
2026-04-14 18:04:32.325903,722547,1609507365948930,4965919170,0.80032,-0.228384,-0.17568,-2.5725,-7.76125,19.32,-5.328,27.416,-23.928001,none,8,3.0,139641.0,322169.0,225018.0,307813.0,234455.0
2026-04-14 18:04:32.328410,722548,1609507365957967,4965927869,0.616832,-0.286944,-0.325984,-8.84625,-12.32875,23.89625,-5.904,27.896002,-21.28,none,8,3.0,139641.0,322169.0,225018.0,307813.0,234455.0
2026-04-14 18:04:32.331098,722549,1609507365967008,4965936620,0.616832,-0.286944,-0.325984,-8.636251,-16.345,31.00125,-5.904,27.896002,-21.28,none,8,3.0,139641.0,322169.0,225018.0,307813.0,234455.0
2026-04-14 18:04:32.340143,722550,1609507365981527,4965951569,0.782752,-0.470432,-0.398208,-10.185,-19.76625,38.885,-4.672,27.984001,-23.088001,none,8,3.0,139641.0,322169.0,225018.0,307813.0,234455.0
2026-04-14 18:04:32.348920,722551,1609507365990579,4965960272,0.782752,-0.470432,-0.398208,-18.515,-22.6625,40.232502,-4.672,27.984001,-23.088001,none,8,3.0,139641.0,322169.0,225018.0,307813.0,234455.0
2026-04-14 18:04:32.363882,722552,1609507366005184,4965975138,0.802272,-0.325984,-0.345504,-5.34625,-21.7,40.34625,-3.192,27.712002,-23.536001,none,8,3.0,139641.0,322169.0,225018.0,307813.0,234455.0
2026-04-14 18:04:32.371403,722553,1609507366014151,4965983852,0.774944,-0.216672,-0.42944,22.19875,-18.43625,39.725,-3.008,27.856,-23.952002,none,8,3.0,139641.0,322169.0,225018.0,307813.0,234455.0
2026-04-14 18:04:32.380830,722554,1609507366023092,4965992546,0.774944,-0.216672,-0.42944,29.3825,-17.535,38.5875,-3.008,27.856,-23.952002,none,8,3.0,139641.0,322169.0,225018.0,307813.0,234455.0
2026-04-14 18:04:32.396230,722555,1609507366037610,4966007524,0.679296,-0.306464,-0.37088,21.11375,-19.60875,40.64375,-2.168,27.800001,-24.04,none,8,3.0,139641.0,322169.0,225018.0,307813.0,234455.0
2026-04-14 18:04:32.426125,722566,1609507366047090,4966016470,0.679296,-0.306464,-0.37088,15.93375,-22.522501,45.24625,-2.168,27.800001,-24.04,none,8,3.0,144652.0,317442.0,231063.0,303885.0,240793.0
2026-04-14 18:04:32.428872,722567,1609507366061901,4966031585,0.64416,-0.36112,-0.306464,9.205,-25.48875,46.19125,-1.328,27.840002,-23.936,none,8,3.0,144652.0,317442.0,231063.0,303885.0,240793.0
2026-04-14 18:04:32.431375,722568,1609507366070858,4966040355,0.64416,-0.36112,-0.306464,5.80125,-27.20375,48.0025,-1.328,27.840002,-23.936,none,8,3.0,144652.0,317442.0,231063.0,303885.0,240793.0
2026-04-14 18:04:32.438447,722569,1609507366079794,4966049049,0.802272,-0.4392,-0.306464,-0.2625,-29.42625,47.9325,-1.144,28.240002,-23.472002,none,8,3.0,144652.0,317442.0,231063.0,303885.0,240793.0
2026-04-14 18:04:32.466409,722570,1609507366094287,4966063989,0.784704,-0.396256,-0.40016,1.75,-32.095,49.0875,0.064,28.000002,-23.912,none,8,3.0,144652.0,317442.0,231063.0,303885.0,240793.0
2026-04-14 18:04:32.491332,722571,1609507366103231,4966072680,0.784704,-0.396256,-0.40016,5.81,-30.8875,51.00375,0.064,28.000002,-23.912,none,8,3.0,144652.0,317442.0,231063.0,303885.0,240793.0
2026-04-14 18:04:32.493763,722572,1609507366117769,4966087589,0.632448,-0.308416,-0.505568,14.0525,-27.8775,51.415,0.816,27.672,-23.752,none,8,3.0,144652.0,317442.0,231063.0,303885.0,240793.0
2026-04-14 18:04:32.495857,722573,1609507366126694,4966096273,0.632448,-0.308416,-0.505568,18.69,-26.9325,51.16125,0.816,27.672,-23.752,none,8,3.0,144652.0,317442.0,231063.0,303885.0,240793.0
2026-04-14 18:04:32.498746,722574,1609507366141234,4966111228,0.669536,-0.44896,-0.337696,14.34125,-29.35625,48.5625,1.52,28.28,-24.016,none,8,3.0,144652.0,317442.0,231063.0,303885.0,240793.0
2026-04-14 18:04:32.527514,722585,1609507366150364,4966120073,0.669536,-0.44896,-0.337696,6.685,-32.0075,49.638752,1.52,28.28,-24.016,none,8,3.0,146726.0,311371.0,233671.0,298354.0,244190.0
2026-04-14 18:04:32.530129,722586,1609507366159348,4966128801,0.71248,-0.601216,-0.441152,-4.55875,-35.56875,51.835,2.224,27.784,-22.376001,none,8,3.0,146726.0,311371.0,233671.0,298354.0,244190.0
2026-04-14 18:04:32.532667,722587,1609507366174148,4966143790,0.612928,-0.366976,-0.271328,-2.17875,-37.5375,56.5425,2.168,28.168001,-20.12,none,8,3.0,146726.0,311371.0,233671.0,298354.0,244190.0
2026-04-14 18:04:32.539797,722588,1609507366183272,4966152513,0.612928,-0.366976,-0.271328,9.63375,-36.86375,61.25875,2.168,28.168001,-20.12,none,8,3.0,146726.0,311371.0,233671.0,298354.0,244190.0
2026-04-14 18:04:32.554897,722589,1609507366197783,4966167410,0.589504,-0.3904,-0.476288,19.87125,-33.92375,62.09,3.816,28.536001,-22.592001,none,8,3.0,146726.0,311371.0,233671.0,298354.0,244190.0
2026-04-14 18:04:32.564791,722590,1609507366206731,4966176095,0.589504,-0.3904,-0.476288,18.62,-32.865,60.978752,3.816,28.536001,-22.592001,none,8,3.0,146726.0,311371.0,233671.0,298354.0,244190.0
2026-04-14 18:04:32.573754,722591,1609507366215712,4966184847,0.755424,-0.657824,-0.577792,-3.87625,-36.54,51.905,4.592,27.856,-23.480001,none,8,3.0,146726.0,311371.0,233671.0,298354.0,244190.0
2026-04-14 18:04:32.587270,722592,1609507366230195,4966199741,0.755424,-0.657824,-0.577792,-15.37375,-39.83,49.1575,4.592,27.856,-23.480001,none,8,3.0,146726.0,311371.0,233671.0,298354.0,244190.0
2026-04-14 18:04:32.596056,722593,1609507366239134,4966208454,0.75152,-0.54656,-0.337696,-2.26625,-38.6575,54.48625,4.528,27.536001,-23.320002,none,8,3.0,146726.0,311371.0,233671.0,298354.0,244190.0
2026-04-14 18:04:32.631143,722604,1609507366253752,4966223724,0.54656,-0.427488,-0.32208,11.3925,-37.415,53.865,5.152,28.216002,-23.064001,none,8,3.0,138480.0,305444.0,224723.0,293172.0,236615.0
2026-04-14 18:04:32.633566,722605,1609507366262817,4966232506,0.54656,-0.427488,-0.32208,16.2925,-38.115,54.635002,5.152,28.216002,-23.064001,none,8,3.0,138480.0,305444.0,224723.0,293172.0,236615.0
2026-04-14 18:04:32.636057,722606,1609507366271945,4966241186,0.54656,-0.427488,-0.32208,7.4025,-39.15625,52.47375,5.152,28.216002,-23.064001,none,8,3.0,138480.0,305444.0,224723.0,293172.0,236615.0
2026-04-14 18:04:32.646032,722607,1609507366286444,4966256201,0.538752,-0.542656,-0.55632,-0.6825,-41.15125,48.23875,5.72,28.376001,-22.408,none,8,3.0,138480.0,305444.0,224723.0,293172.0,236615.0
2026-04-14 18:04:32.652343,722608,1609507366295364,4966264934,0.872544,-0.689056,-0.554368,-13.09,-42.83125,43.04125,7.424,27.52,-22.44,none,8,3.0,138480.0,305444.0,224723.0,293172.0,236615.0
2026-04-14 18:04:32.667256,722609,1609507366309858,4966279842,0.872544,-0.689056,-0.554368,-25.64625,-44.77375,43.16375,7.424,27.52,-22.44,none,8,3.0,138480.0,305444.0,224723.0,293172.0,236615.0
2026-04-14 18:04:32.675878,722610,1609507366318836,4966288532,0.782752,-0.597312,-0.509472,-17.928751,-39.78625,45.1675,7.368001,27.456001,-23.416,none,8,3.0,138480.0,305444.0,224723.0,293172.0,236615.0
2026-04-14 18:04:32.692129,722611,1609507366333351,4966303443,0.495808,-0.55632,-0.437248,-5.215,-34.8425,38.19375,7.368001,27.456001,-21.12,none,8,3.0,138480.0,305444.0,224723.0,293172.0,236615.0
2026-04-14 18:04:32.699839,722612,1609507366342449,4966312169,0.495808,-0.55632,-0.437248,-3.2025,-32.76875,37.59,8.656,27.152,-21.12,none,8,3.0,138480.0,305444.0,224723.0,293172.0,236615.0
2026-04-14 18:04:32.752484,722623,1609507366351537,4966320899,0.495808,-0.55632,-0.437248,-3.395,-32.45375,39.5675,8.656,27.152,-21.12,none,8,3.0,130389.0,304213.0,216370.0,292213.0,228772.0
2026-04-14 18:04:32.759706,722624,1609507366366232,4966335955,0.411872,-0.577792,-0.417728,-0.16625,-35.0,38.0625,9.224,27.216002,-23.352001,none,8,3.0,130389.0,304213.0,216370.0,292213.0,228772.0
2026-04-14 18:04:32.762182,722625,1609507366375168,4966344656,0.411872,-0.552416,-0.603168,3.42125,-38.15875,37.8175,9.904,27.112001,-25.128,none,8,3.0,130389.0,304213.0,216370.0,292213.0,228772.0
2026-04-14 18:04:32.764640,722626,1609507366389639,4966359545,0.411872,-0.552416,-0.603168,-6.09,-42.77875,43.155,9.904,27.112001,-25.128,none,8,3.0,130389.0,304213.0,216370.0,292213.0,228772.0
2026-04-14 18:04:32.767221,722627,1609507366398597,4966368244,0.583648,-0.657824,-0.558272,-18.29625,-45.96375,41.755,10.232,26.800001,-22.336,none,8,3.0,130389.0,304213.0,216370.0,292213.0,228772.0
2026-04-14 18:04:32.769712,722628,1609507366407508,4966376947,0.583648,-0.657824,-0.558272,-26.11875,-45.77125,36.37375,10.232,26.800001,-22.336,none,8,3.0,130389.0,304213.0,216370.0,292213.0,228772.0
2026-04-14 18:04:32.781046,722629,1609507366422076,4966391871,0.505568,-0.607072,-0.454816,-18.73375,-43.88125,38.87625,10.376,27.056002,-22.288,none,8,3.0,130389.0,304213.0,216370.0,292213.0,228772.0
2026-04-14 18:04:32.788493,722630,1609507366431007,4966400584,0.505568,-0.607072,-0.454816,-6.2475,-41.055,36.4175,10.376,27.056002,-22.288,none,8,3.0,130389.0,304213.0,216370.0,292213.0,228772.0
2026-04-14 18:04:32.803458,722631,1609507366445507,4966415423,0.396256,-0.60512,-0.609024,4.4975,-40.1975,37.1175,11.224001,26.176,-23.232,none,8,3.0,130389.0,304213.0,216370.0,292213.0,228772.0
2026-04-14 18:04:32.881924,722642,1609507366454473,4966424187,0.372832,-0.552416,-0.423584,10.115,-41.615,38.7975,12.376,26.456001,-23.224,none,8,3.0,104856.0,296021.0,186558.0,284789.0,198369.0
2026-04-14 18:04:32.884306,722643,1609507366468962,4966439067,0.372832,-0.552416,-0.423584,5.13625,-45.40375,36.98625,12.376,26.456001,-23.224,none,8,3.0,104856.0,296021.0,186558.0,284789.0,198369.0
2026-04-14 18:04:32.887032,722644,1609507366477880,4966447764,0.431392,-0.671488,-0.64416,-2.835,-49.62125,39.1125,12.848001,26.088001,-23.024,none,8,3.0,104856.0,296021.0,186558.0,284789.0,198369.0
2026-04-14 18:04:32.889235,722645,1609507366487004,4966456469,0.431392,-0.671488,-0.64416,-12.50375,-51.205,37.835,12.848001,26.088001,-23.024,none,8,3.0,104856.0,296021.0,186558.0,284789.0,198369.0
2026-04-14 18:04:32.890926,722646,1609507366501484,4966471373,0.404064,-0.609024,-0.689056,-11.4275,-51.07375,37.38,13.592001,25.920002,-20.328001,none,8,3.0,104856.0,296021.0,186558.0,284789.0,198369.0
2026-04-14 18:04:32.893232,722647,1609507366510421,4966480104,0.404064,-0.609024,-0.689056,-1.75,-50.28625,37.45875,13.592001,25.920002,-20.328001,none,8,3.0,104856.0,296021.0,186558.0,284789.0,198369.0
2026-04-14 18:04:32.895802,722648,1609507366524973,4966495209,0.324032,-0.591456,-0.720288,3.94625,-50.82875,34.83375,14.248001,25.664001,-22.84,none,8,3.0,104856.0,296021.0,186558.0,284789.0,198369.0
2026-04-14 18:04:32.898246,722649,1609507366533919,4966503978,0.324032,-0.591456,-0.720288,-3.7625,-52.2375,32.9525,14.248001,25.664001,-22.84,none,8,3.0,104856.0,296021.0,186558.0,284789.0,198369.0
2026-04-14 18:04:32.931645,722660,1609507366548880,4966519237,0.489952,-0.730048,-0.616832,-16.49375,-54.57375,35.60375,15.184001,25.632002,-25.400002,none,8,3.0,66736.0,273822.0,138330.0,265870.0,148650.0
2026-04-14 18:04:32.931972,722661,1609507366558064,4966528030,0.505568,-0.753472,-0.540704,-17.22,-52.98125,36.951252,14.504001,25.784,-21.424002,none,8,3.0,66736.0,273822.0,138330.0,265870.0,148650.0
2026-04-14 18:04:32.943002,722662,1609507366567013,4966536728,0.505568,-0.753472,-0.540704,-9.14375,-49.4725,33.76625,14.504001,25.784,-21.424002,none,8,3.0,66736.0,273822.0,138330.0,265870.0,148650.0
2026-04-14 18:04:32.944623,722663,1609507366581550,4966551639,0.40992,-0.630496,-0.51728,4.99625,-46.68125,34.7375,15.312,25.44,-20.768002,none,8,3.0,66736.0,273822.0,138330.0,265870.0,148650.0
2026-04-14 18:04:32.949470,722664,1609507366590505,4966560295,0.40992,-0.630496,-0.51728,10.386251,-45.325,35.315,15.312,25.44,-20.768002,none,8,3.0,66736.0,273822.0,138330.0,265870.0,148650.0
2026-04-14 18:04:32.962455,722665,1609507366605045,4966575255,0.445056,-0.6832,-0.622688,3.71875,-46.34,33.013752,16.264,25.064001,-21.136002,none,8,3.0,66736.0,273822.0,138330.0,265870.0,148650.0
2026-04-14 18:04:32.971223,722666,1609507366614016,4966583963,0.445056,-0.6832,-0.622688,-6.79875,-47.59125,34.58875,16.264,25.064001,-21.136002,none,8,3.0,66736.0,273822.0,138330.0,265870.0,148650.0
2026-04-14 18:04:32.981388,722667,1609507366622965,4966592671,0.456768,-0.735904,-0.60512,-10.05375,-46.62,35.105,16.072,25.016,-22.192001,none,8,3.0,66736.0,273822.0,138330.0,265870.0,148650.0
2026-04-14 18:04:32.997637,722668,1609507366637462,4966607589,0.499712,-0.847168,-0.772992,-10.56125,-45.77125,32.69,17.784,24.416,-21.336,none,8,3.0,66736.0,273822.0,138330.0,265870.0,148650.0
2026-04-14 18:04:33.003864,722669,1609507366646548,4966616295,0.499712,-0.847168,-0.772992,-7.07875,-43.61,34.81625,17.784,24.416,-21.336,none,8,3.0,66736.0,273822.0,138330.0,265870.0,148650.0
2026-04-14 18:04:33.033746,722680,1609507366661136,4966631329,0.38064,-0.782752,-0.772992,-1.68,-39.17375,33.04875,17.2,24.472002,-20.536001,none,8,3.0,49066.0,254125.0,110970.0,249670.0,119602.0
2026-04-14 18:04:33.035895,722681,1609507366670176,4966640064,0.38064,-0.782752,-0.772992,6.58875,-36.4875,33.31125,17.2,24.472002,-20.536001,none,8,3.0,49066.0,254125.0,110970.0,249670.0,119602.0
2026-04-14 18:04:33.045014,722682,1609507366684684,4966654983,0.300608,-0.700768,-0.794464,8.8375,-36.575,31.491251,17.784,24.68,-19.336,none,8,3.0,49066.0,254125.0,110970.0,249670.0,119602.0
2026-04-14 18:04:33.050980,722683,1609507366693738,4966663699,0.300608,-0.700768,-0.794464,4.97875,-37.485,28.035,17.784,24.68,-19.336,none,8,3.0,49066.0,254125.0,110970.0,249670.0,119602.0
2026-04-14 18:04:33.061379,722684,1609507366702770,4966672411,0.343552,-0.69296,-0.55632,0.0175,-39.095,28.6825,19.2,24.152,-21.232,none,8,3.0,49066.0,254125.0,110970.0,249670.0,119602.0
2026-04-14 18:04:33.080116,722685,1609507366717288,4966687291,0.255712,-0.694912,-0.739808,-5.34625,-40.5475,29.04125,19.52,24.208002,-20.816002,none,8,3.0,49066.0,254125.0,110970.0,249670.0,119602.0
2026-04-14 18:04:33.086394,722686,1609507366726226,4966695976,0.255712,-0.694912,-0.739808,-3.14125,-40.25875,31.7975,19.52,24.208002,-20.816002,none,8,3.0,49066.0,254125.0,110970.0,249670.0,119602.0
2026-04-14 18:04:33.098885,722687,1609507366740720,4966710904,0.171776,-0.698816,-0.765184,2.45875,-39.19125,31.36875,18.816,23.712002,-19.52,none,8,3.0,49066.0,254125.0,110970.0,249670.0,119602.0
2026-04-14 18:04:33.129754,722698,1609507366749980,4966719798,0.171776,-0.698816,-0.765184,3.5875,-39.9875,29.61875,18.816,23.712002,-19.52,none,8,3.0,40335.0,221984.0,94998.0,222384.0,102226.0
2026-04-14 18:04:33.132481,722699,1609507366759032,4966728509,0.23424,-0.737856,-0.6344,-1.04125,-42.37625,27.3875,20.472,23.76,-20.536001,none,8,3.0,40335.0,221984.0,94998.0,222384.0,102226.0
2026-04-14 18:04:33.135020,722700,1609507366773793,4966743609,0.23424,-0.737856,-0.6344,-4.5675,-45.0275,27.95625,20.472,23.76,-20.536001,none,8,3.0,40335.0,221984.0,94998.0,222384.0,102226.0
2026-04-14 18:04:33.141287,722701,1609507366782819,4966752345,0.288896,-0.763232,-0.765184,-7.175,-46.43625,27.76375,21.072,23.336,-19.384,none,8,3.0,40335.0,221984.0,94998.0,222384.0,102226.0
2026-04-14 18:04:33.155111,722702,1609507366797325,4966767233,0.28304,-0.733952,-0.618784,-6.405,-46.71625,28.3325,20.944,23.36,-19.584002,none,8,3.0,40335.0,221984.0,94998.0,222384.0,102226.0
2026-04-14 18:04:33.165176,722703,1609507366806419,4966775925,0.28304,-0.733952,-0.618784,-2.96625,-44.8875,27.825,20.944,23.36,-19.584002,none,8,3.0,40335.0,221984.0,94998.0,222384.0,102226.0
2026-04-14 18:04:33.172687,722704,1609507366815481,4966784682,0.28304,-0.733952,-0.618784,-0.21,-43.39125,27.9825,20.944,23.36,-19.584002,none,8,3.0,40335.0,221984.0,94998.0,222384.0,102226.0
2026-04-14 18:04:33.205173,722705,1609507366830004,4966799592,0.255712,-0.718336,-0.6344,3.35125,-42.32375,30.63375,21.016,22.880001,-22.192001,none,8,3.0,40335.0,221984.0,94998.0,222384.0,102226.0
2026-04-14 18:04:33.207690,722706,1609507366839001,4966808281,0.171776,-0.745664,-0.589504,4.445,-41.6675,29.522501,21.392,23.064001,-18.632,none,8,3.0,40335.0,221984.0,94998.0,222384.0,102226.0
2026-04-14 18:04:33.262278,722717,1609507366854101,4966823311,0.171776,-0.745664,-0.589504,0.51625,-41.8075,26.36375,21.392,23.064001,-18.632,none,8,3.0,34175.0,196329.0,82980.0,204055.0,88730.0
2026-04-14 18:04:33.267659,722718,1609507366863101,4966832049,0.171776,-0.794464,-0.792512,-2.24,-42.2975,26.69625,22.000002,22.768002,-18.248001,none,8,3.0,34175.0,196329.0,82980.0,204055.0,88730.0
2026-04-14 18:04:33.270151,722719,1609507366872035,4966840758,0.171776,-0.794464,-0.792512,-7.44625,-44.1525,27.51875,22.000002,22.768002,-18.248001,none,8,3.0,34175.0,196329.0,82980.0,204055.0,88730.0
2026-04-14 18:04:33.272658,722720,1609507366886921,4966855650,0.183488,-0.806176,-0.864736,-6.405,-42.0175,29.6275,22.128,22.928001,-17.272001,none,8,3.0,34175.0,196329.0,82980.0,204055.0,88730.0
2026-04-14 18:04:33.275131,722721,1609507366896281,4966866488,0.183488,-0.806176,-0.864736,-3.17625,-38.85875,27.29125,22.128,22.928001,-17.272001,none,8,3.0,34175.0,196329.0,82980.0,204055.0,88730.0
2026-04-14 18:04:33.277655,722722,1609507366910804,4966879370,0.162016,-0.749568,-0.689056,3.9725,-37.02125,28.07,22.072,22.76,-17.304,none,8,3.0,34175.0,196329.0,82980.0,204055.0,88730.0
2026-04-14 18:04:33.280163,722723,1609507366920258,4966890200,0.03904,-0.69296,-0.694912,9.37125,-34.5975,28.48125,22.664001,22.704,-17.592001,none,8,3.0,34175.0,196329.0,82980.0,204055.0,88730.0
2026-04-14 18:04:33.289830,722724,1609507366929189,4966898919,0.03904,-0.69296,-0.694912,7.735,-33.74875,25.366251,22.664001,22.704,-17.592001,none,8,3.0,34175.0,196329.0,82980.0,204055.0,88730.0
2026-04-14 18:04:33.301391,722725,1609507366943790,4966913901,0.076128,-0.835456,-0.835456,2.31,-32.5675,24.928751,23.664001,21.624,-17.04,none,8,3.0,34175.0,196329.0,82980.0,204055.0,88730.0
2026-04-14 18:04:33.331959,722736,1609507366953187,4966922606,0.076128,-0.835456,-0.835456,-2.02125,-33.69625,24.1675,23.664001,21.624,-17.04,none,8,3.0,31729.0,198306.0,77910.0,207451.0,82471.0
2026-04-14 18:04:33.334741,722737,1609507366962194,4966931379,0.101504,-0.786656,-0.749568,-1.88125,-32.76875,25.43625,23.792002,21.952002,-17.136002,none,8,3.0,31729.0,198306.0,77910.0,207451.0,82471.0
2026-04-14 18:04:33.336999,722738,1609507366976755,4966946385,0.101504,-0.786656,-0.749568,2.1525,-30.6775,24.92,23.792002,21.952002,-17.136002,none,8,3.0,31729.0,198306.0,77910.0,207451.0,82471.0
2026-04-14 18:04:33.343428,722739,1609507366985753,4966955141,0.001952,-0.730048,-0.755424,5.18875,-28.84,25.01625,24.032001,21.568,-17.096,none,8,3.0,31729.0,198306.0,77910.0,207451.0,82471.0
2026-04-14 18:04:33.358320,722740,1609507367000298,4966970105,0.056608,-0.784704,-0.827648,5.11875,-28.21875,23.9575,24.840002,21.392,-16.776001,none,8,3.0,31729.0,198306.0,77910.0,207451.0,82471.0
2026-04-14 18:04:33.393892,722741,1609507367009286,4966978825,0.056608,-0.784704,-0.827648,1.47,-29.522501,23.86125,24.840002,21.392,-16.776001,none,8,3.0,31729.0,198306.0,77910.0,207451.0,82471.0
2026-04-14 18:04:33.396422,722742,1609507367023765,4966993735,0.052704,-0.80032,-0.677344,-4.96125,-31.7975,22.7675,25.184002,21.12,-16.672,none,8,3.0,31729.0,198306.0,77910.0,207451.0,82471.0
2026-04-14 18:04:33.398451,722743,1609507367032755,4967002423,0.052704,-0.80032,-0.677344,-10.0975,-33.6525,22.91625,25.184002,21.12,-16.672,none,8,3.0,31729.0,198306.0,77910.0,207451.0,82471.0
2026-04-14 18:04:33.402378,722744,1609507367041685,4967011074,0.091744,-0.804224,-0.62464,-11.025,-33.06625,22.49625,25.112001,21.024,-16.44,none,8,3.0,31729.0,198306.0,77910.0,207451.0,82471.0
2026-04-14 18:04:33.433798,722755,1609507367056419,4967026228,0.091744,-0.804224,-0.62464,-12.39875,-31.605,20.92125,25.112001,21.024,-16.44,none,8,3.0,31108.0,201615.0,76050.0,211187.0,79942.0
2026-04-14 18:04:33.436360,722756,1609507367065475,4967034986,0.06832,-0.794464,-0.677344,-14.9975,-30.73,19.67,25.376001,20.84,-15.736001,none,8,3.0,31108.0,201615.0,76050.0,211187.0,79942.0
2026-04-14 18:04:33.438836,722757,1609507367080047,4967049934,0.025376,-0.851072,-0.876448,-19.4775,-30.2925,17.99875,25.288002,20.800001,-15.280001,none,8,3.0,31108.0,201615.0,76050.0,211187.0,79942.0
2026-04-14 18:04:33.446114,722758,1609507367089102,4967058684,0.025376,-0.851072,-0.876448,-21.595,-28.9975,17.5875,25.288002,20.800001,-15.280001,none,8,3.0,31108.0,201615.0,76050.0,211187.0,79942.0
2026-04-14 18:04:33.462665,722759,1609507367103586,4967073589,0.054656,-0.882304,-0.880352,-18.34,-25.7075,16.835001,25.808,19.968,-17.28,none,8,3.0,31108.0,201615.0,76050.0,211187.0,79942.0
2026-04-14 18:04:33.472662,722760,1609507367112507,4967082273,0.054656,-0.882304,-0.880352,-14.14875,-22.6275,15.627501,25.808,19.968,-17.28,none,8,3.0,31108.0,201615.0,76050.0,211187.0,79942.0
2026-04-14 18:04:33.478364,722761,1609507367121471,4967091109,0.003904,-0.825696,-0.905728,-9.9925,-18.55,15.65375,26.808,19.608002,-16.848001,none,8,3.0,31108.0,201615.0,76050.0,211187.0,79942.0
2026-04-14 18:04:33.495390,722762,1609507367136059,4967106002,0.003904,-0.825696,-0.905728,-7.035,-13.7025,14.11375,26.808,19.608002,-16.848001,none,8,3.0,31108.0,201615.0,76050.0,211187.0,79942.0
2026-04-14 18:04:33.503107,722763,1609507367145032,4967114703,-0.013664,-0.83936,-0.899872,-6.15125,-8.91625,11.24375,26.840002,19.712002,-17.192001,none,8,3.0,31108.0,201615.0,76050.0,211187.0,79942.0
2026-04-14 18:04:33.532678,722774,1609507367159632,4967129640,-0.040992,-0.728096,-0.657824,-3.3425,-4.3575,8.67125,26.648,19.560001,-16.368,none,8,3.0,30927.0,201436.0,75082.0,211051.0,78770.0
2026-04-14 18:04:33.535154,722775,1609507367168725,4967138352,-0.040992,-0.728096,-0.657824,-1.89,-2.4325,7.07,26.648,19.560001,-16.368,none,8,3.0,30927.0,201436.0,75082.0,211051.0,78770.0
2026-04-14 18:04:33.537656,722776,1609507367177773,4967147119,-0.040992,-0.728096,-0.657824,-1.88125,-1.88125,5.1975,26.648,19.560001,-16.368,none,8,3.0,30927.0,201436.0,75082.0,211051.0,78770.0
2026-04-14 18:04:33.570163,722777,1609507367192257,4967162057,-0.042944,-0.784704,-0.76128,-4.4625,-1.505,2.00375,26.464,19.736,-15.816001,none,8,3.0,30927.0,201436.0,75082.0,211051.0,78770.0
2026-04-14 18:04:33.594835,722778,1609507367201163,4967170741,-0.050752,-0.714432,-0.730048,-3.5,-0.245,-0.3675,26.056002,19.688002,-16.064001,none,8,3.0,30927.0,201436.0,75082.0,211051.0,78770.0
2026-04-14 18:04:33.620003,722779,1609507367215806,4967185575,-0.050752,-0.714432,-0.730048,-0.30625,1.16375,-1.25125,26.056002,19.688002,-16.064001,none,8,3.0,30927.0,201436.0,75082.0,211051.0,78770.0
2026-04-14 18:04:33.645132,722780,1609507367224739,4967194287,0.013664,-0.79056,-0.638304,-0.14,3.17625,-3.3425,26.024002,19.496,-15.888001,none,8,3.0,30927.0,201436.0,75082.0,211051.0,78770.0
2026-04-14 18:04:33.647619,722781,1609507367239241,4967209184,-0.021472,-0.737856,-0.640256,2.8525,4.66375,-4.59375,26.024002,20.192001,-16.336,none,8,3.0,30927.0,201436.0,75082.0,211051.0,78770.0
2026-04-14 18:04:33.649950,722782,1609507367248187,4967217863,-0.021472,-0.737856,-0.640256,7.0875,4.9175,-4.82125,26.248001,20.192001,-16.336,none,8,3.0,30927.0,201436.0,75082.0,211051.0,78770.0
2026-04-14 18:04:33.677293,722793,1609507367257233,4967226616,-0.021472,-0.737856,-0.640256,9.6075,4.4975,-5.80125,26.248001,20.192001,-16.336,none,8,3.0,30751.0,202053.0,74441.0,211803.0,78008.0
2026-04-14 18:04:33.680152,722794,1609507367271788,4967241610,0.021472,-0.75152,-0.620736,10.6225,3.7975,-6.32625,25.744001,20.04,-13.416,none,8,3.0,30751.0,202053.0,74441.0,211803.0,78008.0
2026-04-14 18:04:33.685700,722795,1609507367280750,4967250285,-0.046848,-0.755424,-0.817888,8.65375,2.63375,-6.57125,25.392002,20.400002,-15.688001,none,8,3.0,30751.0,202053.0,74441.0,211803.0,78008.0
2026-04-14 18:04:33.687143,722796,1609507367295337,4967265202,-0.046848,-0.755424,-0.817888,2.73,1.70625,-6.83375,25.392002,20.400002,-15.688001,none,8,3.0,30751.0,202053.0,74441.0,211803.0,78008.0
2026-04-14 18:04:33.695742,722797,1609507367304289,4967273891,-0.015616,-0.755424,-0.747616,-2.66,0.875,-7.25375,25.240002,20.488,-16.184,none,8,3.0,30751.0,202053.0,74441.0,211803.0,78008.0
2026-04-14 18:04:33.695829,722798,1609507367313313,4967282725,-0.015616,-0.755424,-0.747616,-6.04625,0.4375,-7.56,25.240002,20.488,-16.184,none,8,3.0,30751.0,202053.0,74441.0,211803.0,78008.0
2026-04-14 18:04:33.695881,722799,1609507367328002,4967297672,0.08784,-0.79056,-0.642208,-7.805,1.085,-7.41125,25.408,19.856,-16.2,none,8,3.0,30751.0,202053.0,74441.0,211803.0,78008.0
2026-04-14 18:04:33.696849,722800,1609507367336989,4967306379,0.08784,-0.79056,-0.642208,-8.0675,1.435,-7.39375,25.408,19.856,-16.2,none,8,3.0,30751.0,202053.0,74441.0,211803.0,78008.0
2026-04-14 18:04:33.740167,722811,1609507367351573,4967321558,0.066368,-0.853024,-0.776896,-7.3675,2.2925,-6.6325,25.808,20.368,-16.184,none,8,3.0,30614.0,201357.0,73921.0,210959.0,77447.0
2026-04-14 18:04:33.742221,722812,1609507367360605,4967330315,-0.037088,-0.753472,-0.864736,-4.19125,3.98125,-6.25625,25.632002,19.864,-18.328001,none,8,3.0,30614.0,201357.0,73921.0,210959.0,77447.0
2026-04-14 18:04:33.744637,722813,1609507367375190,4967345380,-0.037088,-0.753472,-0.864736,-1.26,5.7575,-5.915,25.632002,19.864,-18.328001,none,8,3.0,30614.0,201357.0,73921.0,210959.0,77447.0
2026-04-14 18:04:33.747689,722814,1609507367384132,4967354149,0.044896,-0.724192,-0.62464,-2.24875,7.035,-5.425,25.872002,20.392,-16.224,none,8,3.0,30614.0,201357.0,73921.0,210959.0,77447.0
2026-04-14 18:04:33.752690,722815,1609507367393112,4967362873,0.044896,-0.724192,-0.62464,-6.41375,7.56,-5.4775,25.872002,20.392,-16.224,none,8,3.0,30614.0,201357.0,73921.0,210959.0,77447.0
2026-04-14 18:04:33.766411,722816,1609507367407613,4967377887,0.046848,-0.755424,-0.675392,-7.5775,8.1725,-6.29125,26.52,19.976002,-17.224,none,8,3.0,30614.0,201357.0,73921.0,210959.0,77447.0
2026-04-14 18:04:33.779520,722817,1609507367416541,4967386573,0.046848,-0.755424,-0.675392,-6.79,8.39125,-6.2825,26.52,19.976002,-17.224,none,8,3.0,30614.0,201357.0,73921.0,210959.0,77447.0
2026-04-14 18:04:33.787819,722818,1609507367431046,4967399415,0.085888,-0.778848,-0.642208,-5.18,7.76125,-6.72,26.792002,19.728,-17.632,none,8,3.0,30614.0,201357.0,73921.0,210959.0,77447.0
2026-04-14 18:04:33.798275,722819,1609507367440273,4967410204,0.085888,-0.774944,-0.77104,-2.17,7.42875,-6.6325,26.792002,19.728,-19.68,none,8,3.0,30614.0,201357.0,73921.0,210959.0,77447.0
2026-04-14 18:04:33.806966,722820,1609507367449275,4967418900,0.013664,-0.774944,-0.77104,1.14625,8.61,-6.79875,26.400002,20.400002,-19.144001,none,8,3.0,30614.0,201357.0,73921.0,210959.0,77447.0
2026-04-14 18:04:33.837665,722831,1609507367463774,4967433851,-0.054656,-0.6832,-0.796416,5.4425,9.68625,-6.15125,26.712002,19.992,-17.512001,none,8,3.0,30685.0,200019.0,73860.0,209568.0,77413.0
2026-04-14 18:04:33.840153,722832,1609507367473063,4967442745,-0.054656,-0.6832,-0.796416,6.64125,9.3975,-5.11875,26.712002,19.992,-17.512001,none,8,3.0,30685.0,200019.0,73860.0,209568.0,77413.0
2026-04-14 18:04:33.856068,722833,1609507367495746,4967466707,0.035136,-0.72224,-0.64416,4.48875,8.26,-5.46,26.208002,19.784,-15.496,none,8,3.0,30685.0,200019.0,73860.0,209568.0,77413.0
2026-04-14 18:04:33.861411,722834,1609507367496697,4967466719,0.035136,-0.72224,-0.64416,1.2075,6.22125,-5.69625,26.208002,19.784,-15.496,none,8,3.0,30685.0,200019.0,73860.0,209568.0,77413.0
2026-04-14 18:04:33.863909,722835,1609507367505661,4967475435,0.033184,-0.75152,-0.616832,-1.84625,3.21125,-6.2125,26.464,20.0,-17.352001,none,8,3.0,30685.0,200019.0,73860.0,209568.0,77413.0
2026-04-14 18:04:33.879649,722836,1609507367520179,4967490355,0.033184,-0.75152,-0.616832,-1.8375,1.81125,-4.2875,26.464,20.0,-17.352001,none,8,3.0,30685.0,200019.0,73860.0,209568.0,77413.0
2026-04-14 18:04:33.887217,722837,1609507367529089,4967499044,0.0,-0.743712,-0.845216,-0.13125,2.19625,-4.48875,26.36,19.960001,-18.416,none,8,3.0,30685.0,200019.0,73860.0,209568.0,77413.0
2026-04-14 18:04:33.903344,722838,1609507367543628,4967513939,-0.033184,-0.708576,-0.763232,0.385,1.37375,-4.19125,26.256,20.224,-16.976002,none,8,3.0,30685.0,200019.0,73860.0,209568.0,77413.0
2026-04-14 18:04:34.034852,722849,1609507367552543,4967522646,-0.033184,-0.708576,-0.763232,-2.1,-0.27125,-3.50875,26.256,20.224,-16.976002,none,8,3.0,30656.0,200268.0,73721.0,209815.0,77231.0
2026-04-14 18:04:34.037268,722850,1609507367567118,4967535570,0.07808,-0.765184,-0.620736,-5.95875,-1.1375,-3.1675,25.992,20.464,-16.464,none,8,3.0,30656.0,200268.0,73721.0,209815.0,77231.0
2026-04-14 18:04:34.039834,722851,1609507367576433,4967546431,0.07808,-0.765184,-0.620736,-7.76125,-2.135,-2.24,25.992,20.464,-16.464,none,8,3.0,30656.0,200268.0,73721.0,209815.0,77231.0
2026-04-14 18:04:34.042184,722852,1609507367585412,4967555135,0.015616,-0.730048,-0.665632,-7.23625,-2.37125,-1.4525,25.400002,20.560001,-16.584002,none,8,3.0,30656.0,200268.0,73721.0,209815.0,77231.0
2026-04-14 18:04:34.044777,722853,1609507367599926,4967570038,0.015616,-0.730048,-0.665632,-6.0025,-2.63375,-1.1725,25.400002,20.560001,-16.584002,none,8,3.0,30656.0,200268.0,73721.0,209815.0,77231.0
2026-04-14 18:04:34.047326,722854,1609507367608981,4967578769,0.021472,-0.74176,-0.806176,-5.46,-3.08875,-0.595,25.632002,20.608002,-16.864,none,8,3.0,30656.0,200268.0,73721.0,209815.0,77231.0
2026-04-14 18:04:34.049847,722855,1609507367623488,4967593685,0.001952,-0.747616,-0.80032,-4.57625,-3.68375,0.07875,26.000002,20.36,-16.888,none,8,3.0,30656.0,200268.0,73721.0,209815.0,77231.0
2026-04-14 18:04:34.052344,722856,1609507367632401,4967602376,0.001952,-0.747616,-0.80032,-4.68125,-4.235,0.83125,26.000002,20.36,-16.888,none,8,3.0,30656.0,200268.0,73721.0,209815.0,77231.0
2026-04-14 18:04:34.057066,722857,1609507367646877,4967615270,0.023424,-0.763232,-0.792512,-3.78875,-3.73625,1.4525,25.36,20.512001,-15.664001,none,8,3.0,30656.0,200268.0,73721.0,209815.0,77231.0
2026-04-14 18:04:34.082200,722868,1609507367656722,4967626032,0.023424,-0.763232,-0.792512,-2.16125,-3.66625,1.86375,25.36,20.512001,-15.664001,none,8,3.0,30732.0,199051.0,73712.0,208429.0,77228.0
2026-04-14 18:04:34.084672,722869,1609507367665696,4967634770,-0.001952,-0.71248,-0.609024,-2.09125,-4.29625,1.86375,25.04,20.624,-15.328001,none,8,3.0,30732.0,199051.0,73712.0,208429.0,77228.0
2026-04-14 18:04:34.087212,722870,1609507367680195,4967649662,-0.001952,-0.71248,-0.609024,-3.2025,-5.06625,1.435,25.04,20.624,-15.328001,none,8,3.0,30732.0,199051.0,73712.0,208429.0,77228.0
2026-04-14 18:04:34.089763,722871,1609507367689289,4967658375,-0.007808,-0.6832,-0.620736,-3.70125,-5.8975,0.875,25.048,20.336,-16.640001,none,8,3.0,30732.0,199051.0,73712.0,208429.0,77228.0
2026-04-14 18:04:34.092166,722872,1609507367698258,4967667111,-0.007808,-0.6832,-0.620736,-4.4275,-6.09875,0.6125,25.048,20.336,-16.640001,none,8,3.0,30732.0,199051.0,73712.0,208429.0,77228.0
2026-04-14 18:04:34.094738,722873,1609507367713272,4967682018,-0.03904,-0.730048,-0.774944,-5.005,-6.86875,0.0875,26.064001,20.176,-16.16,none,8,3.0,30732.0,199051.0,73712.0,208429.0,77228.0
2026-04-14 18:04:34.097295,722874,1609507367722791,4967692841,0.005856,-0.76128,-0.806176,-4.20875,-7.4025,0.1925,25.624,20.336,-15.720001,none,8,3.0,30732.0,199051.0,73712.0,208429.0,77228.0
2026-04-14 18:04:34.099806,722875,1609507367737424,4967707830,0.005856,-0.76128,-0.806176,-2.98375,-8.0675,0.4025,25.624,20.336,-15.720001,none,8,3.0,30732.0,199051.0,73712.0,208429.0,77228.0
2026-04-14 18:04:34.104778,722876,1609507367746431,4967716551,-0.050752,-0.700768,-0.786656,-2.1525,-8.3125,0.245,25.736002,20.12,-16.2,none,8,3.0,30732.0,199051.0,73712.0,208429.0,77228.0
2026-04-14 18:04:34.139859,722887,1609507367755595,4967725204,-0.050752,-0.700768,-0.786656,-2.61625,-9.065,-0.13125,25.736002,20.12,-16.2,none,8,3.0,30653.0,199845.0,73493.0,209421.0,76905.0
2026-04-14 18:04:34.142173,722888,1609507367770241,4967740187,0.007808,-0.788608,-0.86864,-4.01625,-9.89625,-0.3675,26.056002,19.976002,-16.008001,none,8,3.0,30653.0,199845.0,73493.0,209421.0,76905.0
2026-04-14 18:04:34.144765,722889,1609507367779176,4967748883,0.007808,-0.788608,-0.86864,-5.39875,-9.54625,-0.49875,26.056002,19.976002,-16.008001,none,8,3.0,30653.0,199845.0,73493.0,209421.0,76905.0
2026-04-14 18:04:34.152123,722890,1609507367793713,4967763782,0.080032,-0.806176,-0.778848,-1.68875,-8.3825,-0.5075,26.04,19.688002,-17.032001,none,8,3.0,30653.0,199845.0,73493.0,209421.0,76905.0
2026-04-14 18:04:34.160070,722891,1609507367802654,4967772527,-0.044896,-0.747616,-0.786656,2.345,-6.51875,0.09625,26.04,19.688002,-17.032001,none,8,3.0,30653.0,199845.0,73493.0,209421.0,76905.0
2026-04-14 18:04:34.169702,722892,1609507367811632,4967781209,-0.040992,-0.747616,-0.786656,2.33625,-5.62625,-0.48125,26.912,19.616001,-18.28,none,8,3.0,30653.0,199845.0,73493.0,209421.0,76905.0
2026-04-14 18:04:34.183431,722893,1609507367826107,4967796137,-0.031232,-0.743712,-0.776896,-0.0175,-5.62625,-0.6825,26.984001,19.848001,-16.560001,none,8,3.0,30653.0,199845.0,73493.0,209421.0,76905.0
2026-04-14 18:04:34.193596,722894,1609507367835056,4967804848,-0.031232,-0.743712,-0.776896,-1.19,-4.68125,-1.225,26.984001,19.848001,-16.560001,none,8,3.0,30653.0,199845.0,73493.0,209421.0,76905.0
2026-04-14 18:04:34.207347,722895,1609507367849594,4967819898,0.040992,-0.794464,-0.827648,-1.505,-3.745,-1.81125,25.824001,20.544,-14.928,none,8,3.0,30653.0,199845.0,73493.0,209421.0,76905.0
2026-04-14 18:04:34.244715,722906,1609507367859053,4967828655,0.040992,-0.794464,-0.827648,-3.9725,-3.745,-2.2225,25.824001,20.544,-14.928,none,8,3.0,30645.0,199648.0,73357.0,209134.0,76744.0
2026-04-14 18:04:34.245278,722907,1609507367868143,4967837578,-0.031232,-0.732,-0.679296,-4.41875,-3.01875,-2.61625,27.072,19.856,-16.976002,none,8,3.0,30645.0,199648.0,73357.0,209134.0,76744.0
2026-04-14 18:04:34.247094,722908,1609507367882763,4967852574,-0.031232,-0.732,-0.648064,-3.1325,-1.9425,-2.31875,27.072,19.856,-16.976002,none,8,3.0,30645.0,199648.0,73357.0,209134.0,76744.0
2026-04-14 18:04:34.249581,722909,1609507367891728,4967861288,0.031232,-0.765184,-0.64416,-3.14125,-1.925,-2.4325,27.080002,19.528002,-15.384001,none,8,3.0,30645.0,199648.0,73357.0,209134.0,76744.0
2026-04-14 18:04:34.266262,722910,1609507367906274,4967876195,0.040992,-0.745664,-0.610976,-3.05375,-2.0825,-2.40625,26.864002,19.84,-17.136002,none,8,3.0,30645.0,199648.0,73357.0,209134.0,76744.0
2026-04-14 18:04:34.272296,722911,1609507367915179,4967884914,0.040992,-0.745664,-0.610976,-1.1025,-1.505,-2.63375,26.864002,19.84,-17.136002,none,8,3.0,30645.0,199648.0,73357.0,209134.0,76744.0
2026-04-14 18:04:34.307690,722912,1609507367929657,4967899808,0.017568,-0.79056,-0.831552,0.11375,-0.5425,-3.01,26.816002,19.720001,-16.912,none,8,3.0,30645.0,199648.0,73357.0,209134.0,76744.0
2026-04-14 18:04:34.310242,722913,1609507367938596,4967908487,0.017568,-0.79056,-0.831552,-0.32375,-0.1925,-3.92875,26.816002,19.720001,-16.912,none,8,3.0,30645.0,199648.0,73357.0,209134.0,76744.0
2026-04-14 18:04:34.312923,722914,1609507367947523,4967917136,0.062464,-0.763232,-0.681248,0.46375,0.35,-3.8325,26.808,19.968,-15.768001,none,8,3.0,30645.0,199648.0,73357.0,209134.0,76744.0
2026-04-14 18:04:34.382090,722925,1609507367962374,4967932219,0.062464,-0.763232,-0.681248,1.8725,1.28625,-3.8675,26.808,19.968,-15.768001,none,8,3.0,30648.0,199260.0,73275.0,208699.0,76645.0
2026-04-14 18:04:34.384521,722926,1609507367971342,4967940963,-0.035136,-0.74176,-0.856928,1.365,2.07375,-4.3575,26.480001,20.232,-14.616001,none,8,3.0,30648.0,199260.0,73275.0,208699.0,76645.0
2026-04-14 18:04:34.387664,722927,1609507367985814,4967955833,-0.042944,-0.74176,-0.802272,-0.07875,2.09125,-4.82125,25.936,20.656,-15.816001,none,8,3.0,30648.0,199260.0,73275.0,208699.0,76645.0
2026-04-14 18:04:34.390154,722928,1609507367994808,4967964605,-0.042944,-0.74176,-0.802272,-2.17,1.5925,-5.15375,25.936,20.656,-15.816001,none,8,3.0,30648.0,199260.0,73275.0,208699.0,76645.0
2026-04-14 18:04:34.392142,722929,1609507368003757,4967973320,-0.042944,-0.753472,-0.626592,-1.53125,0.805,-5.15375,25.936,20.656,-15.816001,none,8,3.0,30648.0,199260.0,73275.0,208699.0,76645.0
2026-04-14 18:04:34.395153,722930,1609507368018270,4967988246,0.040992,-0.753472,-0.626592,-0.5075,0.7525,-5.7225,25.808,20.384,-16.632,none,8,3.0,30648.0,199260.0,73275.0,208699.0,76645.0
2026-04-14 18:04:34.397447,722931,1609507368027241,4967996917,0.042944,-0.735904,-0.64416,0.49,0.55125,-5.71375,25.848001,20.496,-15.400001,none,8,3.0,30648.0,199260.0,73275.0,208699.0,76645.0
2026-04-14 18:04:34.400159,722932,1609507368041758,4968011874,0.042944,-0.735904,-0.64416,0.88375,0.7,-5.25875,25.848001,20.496,-15.400001,none,8,3.0,30648.0,199260.0,73275.0,208699.0,76645.0
2026-04-14 18:04:34.408498,722933,1609507368050819,4968020586,-0.00976,-0.716384,-0.726144,-0.0875,1.26,-4.3575,25.752,20.536001,-15.216001,none,8,3.0,30648.0,199260.0,73275.0,208699.0,76645.0
2026-04-14 18:04:34.441512,722944,1609507368060406,4968029645,-0.00976,-0.716384,-0.726144,-1.65375,1.32125,-4.10375,25.752,20.536001,-15.216001,none,8,3.0,30623.0,199384.0,73194.0,208850.0,76542.0
2026-04-14 18:04:34.443745,722945,1609507368075003,4968044601,0.017568,-0.749568,-0.65392,-2.7825,1.33,-4.095,26.6,19.856,-16.888,none,8,3.0,30623.0,199384.0,73194.0,208850.0,76542.0
2026-04-14 18:04:34.446172,722946,1609507368083980,4968053315,0.017568,-0.749568,-0.622688,-2.61625,1.05,-3.54375,26.6,19.856,-16.888,none,8,3.0,30623.0,199384.0,73194.0,208850.0,76542.0
2026-04-14 18:04:34.456263,722947,1609507368098504,4968068298,0.060512,-0.76128,-0.612928,-1.28625,1.7675,-2.61625,26.608002,19.696001,-15.776001,none,8,3.0,30623.0,199384.0,73194.0,208850.0,76542.0
2026-04-14 18:04:34.466290,722948,1609507368107523,4968076981,0.013664,-0.735904,-0.698816,0.51625,1.9075,-2.63375,26.872002,19.880001,-16.968,none,8,3.0,30623.0,199384.0,73194.0,208850.0,76542.0
2026-04-14 18:04:34.478763,722949,1609507368122034,4968091923,0.013664,-0.735904,-0.698816,0.525,1.84625,-2.24875,26.872002,19.880001,-16.968,none,8,3.0,30623.0,199384.0,73194.0,208850.0,76542.0
2026-04-14 18:04:34.490136,722950,1609507368131095,4968100638,0.007808,-0.747616,-0.765184,0.42875,1.14625,-1.96,26.472002,19.872002,-17.248001,none,8,3.0,30623.0,199384.0,73194.0,208850.0,76542.0
2026-04-14 18:04:34.497635,722951,1609507368140203,4968109328,0.007808,-0.747616,-0.765184,-0.5075,-0.07,-2.23125,26.472002,19.872002,-17.248001,none,8,3.0,30623.0,199384.0,73194.0,208850.0,76542.0
2026-04-14 18:04:34.512660,722952,1609507368154712,4968124230,0.050752,-0.769088,-0.689056,-0.7525,0.04375,-1.91625,26.712002,19.872002,-15.808001,none,8,3.0,30623.0,199384.0,73194.0,208850.0,76542.0
2026-04-14 18:04:34.552509,722963,1609507368163740,4968132955,0.050752,-0.769088,-0.689056,1.645,0.86625,-0.7875,26.712002,19.872002,-15.808001,none,8,3.0,30651.0,199057.0,73157.0,208416.0,76499.0
2026-04-14 18:04:34.554908,722964,1609507368178228,4968147983,0.01952,-0.718336,-0.610976,3.61375,1.3125,0.2275,26.128002,20.288,-16.184,none,8,3.0,30651.0,199057.0,73157.0,208416.0,76499.0
2026-04-14 18:04:34.557491,722965,1609507368187158,4968156658,0.017568,-0.753472,-0.704672,2.17,0.88375,-0.00875,26.208002,19.912,-18.800001,none,8,3.0,30651.0,199057.0,73157.0,208416.0,76499.0
2026-04-14 18:04:34.559827,722966,1609507368201718,4968171542,0.017568,-0.753472,-0.704672,1.1375,-0.175,0.06125,26.208002,19.912,-18.800001,none,8,3.0,30651.0,199057.0,73157.0,208416.0,76499.0
2026-04-14 18:04:34.567318,722967,1609507368210734,4968180293,0.03904,-0.774944,-0.815936,2.26625,-1.21625,0.32375,26.752,19.896002,-16.896,none,8,3.0,30651.0,199057.0,73157.0,208416.0,76499.0
2026-04-14 18:04:34.576151,722968,1609507368219685,4968188994,0.03904,-0.774944,-0.815936,2.10875,-1.2425,0.49875,26.752,19.896002,-16.896,none,8,3.0,30651.0,199057.0,73157.0,208416.0,76499.0
2026-04-14 18:04:34.592203,722969,1609507368234214,4968203920,-0.005856,-0.786656,-0.804224,1.33875,-1.05,0.2975,26.12,20.352001,-14.944,none,8,3.0,30651.0,199057.0,73157.0,208416.0,76499.0
2026-04-14 18:04:34.601070,722970,1609507368243179,4968212631,-0.005856,-0.786656,-0.804224,0.2975,-0.1225,0.13125,26.12,20.352001,-14.944,none,8,3.0,30651.0,199057.0,73157.0,208416.0,76499.0
2026-04-14 18:04:34.640822,722981,1609507368257649,4968227511,0.035136,-0.792512,-0.792512,0.84875,1.2425,-0.245,26.776001,20.072,-16.976002,none,8,3.0,30683.0,198737.0,73140.0,208011.0,76514.0
2026-04-14 18:04:34.665994,722982,1609507368267002,4968236291,0.072224,-0.788608,-0.661728,1.89,2.24875,-0.0175,25.640001,20.784,-14.72,none,8,3.0,30683.0,198737.0,73140.0,208011.0,76514.0
2026-04-14 18:04:34.691479,722983,1609507368275999,4968245222,0.072224,-0.788608,-0.661728,0.1575,2.07375,-0.84875,25.640001,20.784,-14.72,none,8,3.0,30683.0,198737.0,73140.0,208011.0,76514.0
2026-04-14 18:04:34.694313,722984,1609507368290561,4968260168,0.07808,-0.831552,-0.689056,-3.2025,2.135,-1.63625,25.28,20.048,-15.944001,none,8,3.0,30683.0,198737.0,73140.0,208011.0,76514.0
2026-04-14 18:04:34.696359,722985,1609507368299525,4968269014,0.07808,-0.831552,-0.689056,-2.1875,2.61625,-2.35375,25.28,20.048,-15.944001,none,8,3.0,30683.0,198737.0,73140.0,208011.0,76514.0
2026-04-14 18:04:34.720921,722986,1609507368314092,4968283854,0.089792,-0.84912,-0.804224,-0.14875,3.96375,-2.6075,25.664001,20.352001,-16.320002,none,8,3.0,30683.0,198737.0,73140.0,208011.0,76514.0
2026-04-14 18:04:34.743995,722987,1609507368323052,4968292598,0.089792,-0.84912,-0.804224,-0.9625,5.01375,-3.75375,25.664001,20.352001,-16.320002,none,8,3.0,30683.0,198737.0,73140.0,208011.0,76514.0
2026-04-14 18:04:34.746378,722988,1609507368331951,4968301287,0.033184,-0.866688,-0.876448,-3.36,6.4925,-5.7925,25.968,20.432001,-15.928,none,8,3.0,30683.0,198737.0,73140.0,208011.0,76514.0
2026-04-14 18:04:34.748845,722989,1609507368346511,4968316266,0.128832,-0.853024,-0.66368,-4.3575,7.98875,-7.42,26.008001,20.536001,-15.704,none,8,3.0,30683.0,198737.0,73140.0,208011.0,76514.0
2026-04-14 18:04:34.751372,722990,1609507368355429,4968324958,0.128832,-0.853024,-0.66368,-1.925,10.605001,-8.70625,26.008001,20.536001,-15.704,none,8,3.0,30683.0,198737.0,73140.0,208011.0,76514.0
2026-04-14 18:04:34.783886,723001,1609507368370112,4968339974,0.001952,-0.817888,-0.880352,1.00625,12.845,-10.45625,25.624,20.12,-17.072,none,8,3.0,30862.0,197227.0,73378.0,206126.0,76847.0
2026-04-14 18:04:34.786392,723002,1609507368379046,4968348719,0.001952,-0.817888,-0.880352,2.59875,14.665,-12.53875,25.624,20.12,-17.072,none,8,3.0,30862.0,197227.0,73378.0,206126.0,76847.0
2026-04-14 18:04:34.788497,723003,1609507368393666,4968363712,0.033184,-0.845216,-0.872544,1.74125,15.39125,-15.2775,26.344002,20.576,-17.224,none,8,3.0,30862.0,197227.0,73378.0,206126.0,76847.0
2026-04-14 18:04:34.791526,723004,1609507368402825,4968372469,0.033184,-0.845216,-0.872544,-0.07875,15.12875,-17.22875,26.344002,20.576,-17.224,none,8,3.0,30862.0,197227.0,73378.0,206126.0,76847.0
2026-04-14 18:04:34.793866,723005,1609507368411900,4968381209,0.150304,-0.843264,-0.636352,0.1225,15.995,-19.43375,26.192001,20.264002,-17.488,none,8,3.0,30862.0,197227.0,73378.0,206126.0,76847.0
2026-04-14 18:04:34.796410,723006,1609507368426465,4968396184,0.150304,-0.85888,-0.808128,0.32375,17.03625,-21.665,26.192001,20.264002,-17.488,none,8,3.0,30862.0,197227.0,73378.0,206126.0,76847.0
2026-04-14 18:04:34.798893,723007,1609507368435423,4968404898,0.06832,-0.84912,-0.808128,0.175,18.1825,-23.65125,26.176,20.648,-17.992,none,8,3.0,30862.0,197227.0,73378.0,206126.0,76847.0
2026-04-14 18:04:34.807233,723008,1609507368450004,4968419986,0.062464,-0.79056,-0.778848,0.9975,20.16875,-25.71625,25.920002,20.864,-17.824001,none,8,3.0,30862.0,197227.0,73378.0,206126.0,76847.0
2026-04-14 18:04:34.840056,723019,1609507368459424,4968428768,0.062464,-0.79056,-0.778848,1.37375,21.9625,-27.8775,25.920002,20.864,-17.824001,none,8,3.0,31119.0,194624.0,73787.0,203161.0,77270.0
2026-04-14 18:04:34.842269,723020,1609507368468606,4968437538,0.074176,-0.837408,-0.931104,-0.79625,23.42375,-30.275,23.696001,21.952002,-16.224,none,8,3.0,31119.0,194624.0,73787.0,203161.0,77270.0
2026-04-14 18:04:34.844687,723021,1609507368483279,4968452586,0.074176,-0.837408,-0.931104,-5.5125,24.40375,-33.34625,23.696001,21.952002,-16.224,none,8,3.0,31119.0,194624.0,73787.0,203161.0,77270.0
2026-04-14 18:04:34.850204,723022,1609507368492204,4968461311,0.101504,-0.870592,-0.763232,-7.42,25.7075,-35.0525,24.232,22.04,-17.224,none,8,3.0,31119.0,194624.0,73787.0,203161.0,77270.0
2026-04-14 18:04:34.865199,723023,1609507368506710,4968476298,0.101504,-0.870592,-0.856928,-6.2125,28.07875,-36.4175,24.232,22.04,-17.224,none,8,3.0,31119.0,194624.0,73787.0,203161.0,77270.0
2026-04-14 18:04:34.872689,723024,1609507368515665,4968485002,0.13664,-0.853024,-0.845216,-2.40625,31.70125,-36.91625,24.44,21.792002,-19.648,none,8,3.0,31119.0,194624.0,73787.0,203161.0,77270.0
2026-04-14 18:04:34.882140,723025,1609507368524646,4968493696,0.13664,-0.853024,-0.845216,0.06125,34.93,-38.36,24.44,21.792002,-19.648,none,8,3.0,31119.0,194624.0,73787.0,203161.0,77270.0
2026-04-14 18:04:34.900814,723026,1609507368539123,4968508625,0.113216,-0.772992,-0.874496,-3.22875,36.076252,-39.4275,24.192001,22.352001,-17.320002,none,8,3.0,31119.0,194624.0,73787.0,203161.0,77270.0
2026-04-14 18:04:34.908294,723027,1609507368548036,4968517318,0.220576,-0.796416,-0.8296,-10.08,37.28375,-40.7575,23.080002,22.76,-18.368,none,8,3.0,31119.0,194624.0,73787.0,203161.0,77270.0
2026-04-14 18:04:34.941473,723038,1609507368563277,4968532443,0.220576,-0.796416,-0.8296,-18.03375,37.8525,-42.945,23.080002,22.76,-18.368,none,8,3.0,32293.0,188685.0,75844.0,196871.0,79518.0
2026-04-14 18:04:34.943621,723039,1609507368572258,4968541155,0.259616,-0.833504,-0.685152,-26.64375,38.28125,-44.89625,22.144001,22.952002,-18.12,none,8,3.0,32293.0,188685.0,75844.0,196871.0,79518.0
2026-04-14 18:04:34.945961,723040,1609507368581197,4968549879,0.259616,-0.833504,-0.685152,-31.84125,39.41875,-46.1825,22.144001,22.952002,-18.12,none,8,3.0,32293.0,188685.0,75844.0,196871.0,79518.0
2026-04-14 18:04:34.952657,723041,1609507368596334,4968564908,0.259616,-0.845216,-0.77104,-33.41625,40.04875,-46.8125,21.76,23.6,-19.032001,none,8,3.0,32293.0,188685.0,75844.0,196871.0,79518.0
2026-04-14 18:04:34.966425,723042,1609507368605754,4968575660,0.259616,-0.845216,-0.77104,-30.7125,41.5625,-46.48,21.76,23.6,-19.032001,none,8,3.0,32293.0,188685.0,75844.0,196871.0,79518.0
2026-04-14 18:04:34.977234,723043,1609507368620345,4968590623,0.277184,-0.817888,-0.854976,-26.53,45.5175,-46.20875,22.160002,22.84,-19.456001,none,8,3.0,32293.0,188685.0,75844.0,196871.0,79518.0
2026-04-14 18:04:34.988924,723044,1609507368629297,4968599334,0.212768,-0.679296,-0.675392,-22.05875,48.7025,-46.515,21.400002,23.128,-20.008001,none,8,3.0,32293.0,188685.0,75844.0,196871.0,79518.0
2026-04-14 18:04:34.996057,723045,1609507368638279,4968608004,0.212768,-0.679296,-0.675392,-20.74625,50.61875,-46.24375,21.400002,23.128,-20.008001,none,8,3.0,32293.0,188685.0,75844.0,196871.0,79518.0
2026-04-14 18:04:35.009620,723046,1609507368652969,4968622929,0.324032,-0.700768,-0.618784,-24.395,50.4875,-47.4075,19.648,23.704,-21.304,none,8,3.0,32293.0,188685.0,75844.0,196871.0,79518.0
2026-04-14 18:04:35.097251,723057,1609507368662455,4968631671,0.324032,-0.700768,-0.618784,-31.75375,50.14625,-48.83375,19.648,23.704,-21.304,none,8,3.0,35047.0,202190.0,81167.0,210378.0,85268.0
2026-04-14 18:04:35.099552,723058,1609507368677053,4968646701,0.26352,-0.696864,-0.669536,-36.295002,51.2925,-49.97125,20.160002,23.416,-21.720001,none,8,3.0,35047.0,202190.0,81167.0,210378.0,85268.0
2026-04-14 18:04:35.102286,723059,1609507368685958,4968655390,0.26352,-0.696864,-0.669536,-38.36,50.77625,-52.5175,20.160002,23.416,-21.720001,none,8,3.0,35047.0,202190.0,81167.0,210378.0,85268.0
2026-04-14 18:04:35.105128,723060,1609507368694909,4968664059,0.366976,-0.743712,-0.813984,-34.6675,51.5025,-51.388752,19.12,23.560001,-21.928001,none,8,3.0,35047.0,202190.0,81167.0,210378.0,85268.0
2026-04-14 18:04:35.107613,723061,1609507368709405,4968678948,0.304512,-0.681248,-0.886208,-34.2125,53.0775,-52.68375,18.784,23.640001,-19.728,none,8,3.0,35047.0,202190.0,81167.0,210378.0,85268.0
2026-04-14 18:04:35.110122,723062,1609507368718321,4968687638,0.304512,-0.681248,-0.886208,-31.15875,54.845,-53.3925,18.784,23.640001,-19.728,none,8,3.0,35047.0,202190.0,81167.0,210378.0,85268.0
2026-04-14 18:04:35.112636,723063,1609507368733056,4968702725,0.357216,-0.648064,-0.886208,-27.71125,56.6475,-54.005,17.744001,24.072,-21.968,none,8,3.0,35047.0,202190.0,81167.0,210378.0,85268.0
2026-04-14 18:04:35.115119,723064,1609507368742030,4968711445,0.357216,-0.648064,-0.886208,-28.2275,56.97125,-55.79,17.744001,24.072,-21.968,none,8,3.0,35047.0,202190.0,81167.0,210378.0,85268.0
2026-04-14 18:04:35.117660,723065,1609507368751034,4968720215,0.472384,-0.610976,-0.675392,-31.29875,58.7475,-56.201252,16.024,24.184002,-22.496,none,8,3.0,35047.0,202190.0,81167.0,210378.0,85268.0
2026-04-14 18:04:35.145168,723076,1609507368765779,4968735636,0.472384,-0.610976,-0.675392,-36.02375,60.8125,-58.16125,16.024,24.184002,-22.496,none,8,3.0,38131.0,229699.0,87028.0,229665.0,91753.0
2026-04-14 18:04:35.147371,723077,1609507368774870,4968744400,0.46848,-0.657824,-0.745664,-37.59875,65.152504,-58.70375,15.160001,24.368002,-22.912,none,8,3.0,38131.0,229699.0,87028.0,229665.0,91753.0
2026-04-14 18:04:35.150176,723078,1609507368789389,4968759394,0.466528,-0.687104,-0.650016,-35.74375,68.92375,-60.305,13.968,24.304,-24.336,none,8,3.0,38131.0,229699.0,87028.0,229665.0,91753.0
2026-04-14 18:04:35.157737,723079,1609507368798317,4968768083,0.466528,-0.687104,-0.650016,-28.07,71.70625,-60.12125,13.968,24.304,-24.336,none,8,3.0,38131.0,229699.0,87028.0,229665.0,91753.0
2026-04-14 18:04:35.170180,723080,1609507368812835,4968783014,0.523136,-0.61488,-0.62464,-20.27375,73.115,-57.47,14.224001,24.664001,-23.960001,none,8,3.0,38131.0,229699.0,87028.0,229665.0,91753.0
2026-04-14 18:04:35.181796,723081,1609507368821791,4968791726,0.523136,-0.61488,-0.62464,-13.1425,74.40125,-54.6,14.224001,24.664001,-23.960001,none,8,3.0,38131.0,229699.0,87028.0,229665.0,91753.0
2026-04-14 18:04:35.189603,723082,1609507368830803,4968800425,0.445056,-0.495808,-0.796416,-9.05625,74.865,-54.13625,12.024,25.312,-21.36,none,8,3.0,38131.0,229699.0,87028.0,229665.0,91753.0
2026-04-14 18:04:35.203868,723083,1609507368845532,4968815361,0.445056,-0.495808,-0.796416,-6.44,75.01375,-56.0175,12.024,25.312,-21.36,none,8,3.0,38131.0,229699.0,87028.0,229665.0,91753.0
2026-04-14 18:04:35.211040,723084,1609507368854503,4968824098,0.503616,-0.480192,-0.763232,-6.62375,77.42875,-57.56625,11.112,24.936,-25.496,none,8,3.0,38131.0,229699.0,87028.0,229665.0,91753.0
2026-04-14 18:04:35.240874,723095,1609507368869089,4968839115,0.503616,-0.480192,-0.679296,-17.3775,79.2925,-59.98125,11.112,24.936,-25.496,none,8,3.0,50205.0,271968.0,109479.0,264961.0,117212.0
2026-04-14 18:04:35.243647,723096,1609507368878048,4968847842,0.406016,-0.569984,-0.679296,-24.4825,80.2025,-62.055,10.736,24.736002,-25.952002,none,8,3.0,50205.0,271968.0,109479.0,264961.0,117212.0
2026-04-14 18:04:35.246118,723097,1609507368887007,4968856581,0.406016,-0.569984,-0.679296,-21.9975,80.56125,-60.80375,10.736,24.736002,-25.952002,none,8,3.0,50205.0,271968.0,109479.0,264961.0,117212.0
2026-04-14 18:04:35.259893,723098,1609507368901675,4968871628,0.421632,-0.499712,-0.749568,-12.66125,79.31875,-58.2575,10.192,24.992,-25.776001,none,8,3.0,50205.0,271968.0,109479.0,264961.0,117212.0
2026-04-14 18:04:35.272335,723099,1609507368910616,4968880334,0.519232,-0.423584,-0.659776,-4.85625,77.4725,-57.63625,8.592,25.584002,-26.36,none,8,3.0,50205.0,271968.0,109479.0,264961.0,117212.0
2026-04-14 18:04:35.308433,723100,1609507368925134,4968895404,0.519232,-0.423584,-0.659776,-6.125,75.57375,-56.27125,8.592,25.584002,-26.36,none,8,3.0,50205.0,271968.0,109479.0,264961.0,117212.0
2026-04-14 18:04:35.311221,723101,1609507368934061,4968904099,0.599264,-0.384544,-0.450912,-10.6575,77.07,-52.263752,7.632,25.592001,-25.248001,none,8,3.0,50205.0,271968.0,109479.0,264961.0,117212.0
2026-04-14 18:04:35.313609,723102,1609507368948543,4968916931,0.599264,-0.384544,-0.450912,-16.38,78.86375,-54.50375,7.632,25.592001,-25.248001,none,8,3.0,50205.0,271968.0,109479.0,264961.0,117212.0
2026-04-14 18:04:35.318649,723103,1609507368957718,4968927702,0.591456,-0.378688,-0.564128,-14.25375,77.0525,-56.34125,6.504,25.536001,-25.432001,none,8,3.0,50205.0,271968.0,109479.0,264961.0,117212.0
2026-04-14 18:04:35.346176,723114,1609507368966974,4968936678,0.591456,-0.378688,-0.564128,-24.29,74.57625,-59.045002,6.504,25.536001,-25.432001,none,8,3.0,113627.0,303194.0,199238.0,291048.0,209869.0
2026-04-14 18:04:35.348644,723115,1609507368981793,4968951627,0.515328,-0.394304,-0.46848,-28.875,71.91625,-60.34875,4.968,25.344002,-25.816002,none,8,3.0,113627.0,303194.0,199238.0,291048.0,209869.0
2026-04-14 18:04:35.351189,723116,1609507368990774,4968960333,0.49776,-0.431392,-0.642208,-32.61125,67.996254,-60.3925,4.312,25.024002,-25.824001,none,8,3.0,113627.0,303194.0,199238.0,291048.0,209869.0
2026-04-14 18:04:35.366062,723117,1609507369005331,4968975260,0.49776,-0.431392,-0.642208,-36.68,64.47875,-56.83125,4.312,25.024002,-25.824001,none,8,3.0,113627.0,303194.0,199238.0,291048.0,209869.0
2026-04-14 18:04:35.375891,723118,1609507369014332,4968983958,0.618784,-0.464576,-0.552416,-35.875,63.6825,-53.36625,3.616,24.928001,-27.376001,none,8,3.0,113627.0,303194.0,199238.0,291048.0,209869.0
2026-04-14 18:04:35.382315,723119,1609507369023339,4968992725,0.618784,-0.464576,-0.552416,-28.84,65.205,-51.5025,3.616,24.928001,-27.376001,none,8,3.0,113627.0,303194.0,199238.0,291048.0,209869.0
2026-04-14 18:04:35.407220,723120,1609507369037845,4969007609,0.534848,-0.304512,-0.548512,-8.07625,63.86625,-51.66,3.208,25.168001,-26.192001,none,8,3.0,113627.0,303194.0,199238.0,291048.0,209869.0
2026-04-14 18:04:35.432341,723121,1609507369046791,4969016287,0.534848,-0.304512,-0.548512,-1.42625,61.38125,-56.35,3.208,25.168001,-26.192001,none,8,3.0,113627.0,303194.0,199238.0,291048.0,209869.0
2026-04-14 18:04:35.472488,723132,1609507369061275,4969031277,0.636352,-0.277184,-0.450912,-8.1375,55.982502,-53.33125,2.728,24.840002,-27.176,none,8,3.0,155550.0,312208.0,247975.0,299106.0,255707.0
2026-04-14 18:04:35.477699,723133,1609507369070221,4969040076,0.636352,-0.277184,-0.450912,-29.91625,48.9125,-48.99125,2.728,24.840002,-27.176,none,8,3.0,155550.0,312208.0,247975.0,299106.0,255707.0
2026-04-14 18:04:35.477836,723134,1609507369079121,4969048816,0.6832,-0.359168,-0.632448,-39.87375,46.585,-42.84,1.688,24.640001,-28.448002,none,8,3.0,155550.0,312208.0,247975.0,299106.0,255707.0
2026-04-14 18:04:35.477944,723135,1609507369093740,4969063704,0.620736,-0.382592,-0.552416,-37.28375,47.355,-48.195,0.656,24.696001,-27.456001,none,8,3.0,155550.0,312208.0,247975.0,299106.0,255707.0
2026-04-14 18:04:35.478048,723136,1609507369102754,4969072406,0.620736,-0.382592,-0.552416,-23.616251,47.013752,-57.19,0.656,24.696001,-27.456001,none,8,3.0,155550.0,312208.0,247975.0,299106.0,255707.0
2026-04-14 18:04:35.478144,723137,1609507369117280,4969087351,0.64416,-0.37088,-0.657824,4.5675,46.69,-56.69125,0.192,24.920002,-26.632002,none,8,3.0,155550.0,312208.0,247975.0,299106.0,255707.0
2026-04-14 18:04:35.485140,723138,1609507369126410,4969096157,0.64416,-0.37088,-0.657824,9.38,47.83625,-57.75875,0.192,24.920002,-26.632002,none,8,3.0,155550.0,312208.0,247975.0,299106.0,255707.0
2026-04-14 18:04:35.499780,723139,1609507369140906,4969111027,0.7808,-0.316224,-0.456768,16.31,44.94,-55.30875,-1.688,24.976002,-27.008001,none,8,3.0,155550.0,312208.0,247975.0,299106.0,255707.0
2026-04-14 18:04:35.507084,723140,1609507369149831,4969119765,0.7808,-0.316224,-0.456768,19.95,45.255,-57.995,-1.688,24.976002,-27.008001,none,8,3.0,155550.0,312208.0,247975.0,299106.0,255707.0
2026-04-14 18:04:35.517320,723141,1609507369158787,4969128480,0.630496,-0.294752,-0.59536,11.54125,45.29875,-59.57875,-2.104,25.168001,-24.976002,none,8,3.0,155550.0,312208.0,247975.0,299106.0,255707.0
2026-04-14 18:04:35.544847,723152,1609507369173533,4969143499,0.54656,-0.281088,-0.413824,24.115,45.59625,-54.57375,-3.432,25.704,-25.848001,none,8,3.0,155056.0,316611.0,246943.0,302586.0,255025.0
2026-04-14 18:04:35.547314,723153,1609507369182603,4969152288,0.54656,-0.281088,-0.413824,24.272501,44.61625,-56.77,-3.432,25.704,-25.848001,none,8,3.0,155056.0,316611.0,246943.0,302586.0,255025.0
2026-04-14 18:04:35.554727,723154,1609507369197335,4969167209,0.589504,-0.324032,-0.532896,34.69375,42.77875,-49.4725,-4.096,25.984001,-24.616001,none,8,3.0,155056.0,316611.0,246943.0,302586.0,255025.0
2026-04-14 18:04:35.565437,723155,1609507369206289,4969175891,0.589504,-0.324032,-0.532896,34.93875,42.2625,-43.42625,-4.096,25.984001,-24.616001,none,8,3.0,155056.0,316611.0,246943.0,302586.0,255025.0
2026-04-14 18:04:35.573475,723156,1609507369215248,4969184597,0.65392,-0.355264,-0.489952,36.26875,38.605,-37.24875,-4.392,26.312002,-25.312,none,8,3.0,155056.0,316611.0,246943.0,302586.0,255025.0
2026-04-14 18:04:35.588484,723157,1609507369229735,4969199549,0.65392,-0.355264,-0.489952,34.51875,36.04125,-33.6,-4.392,26.312002,-25.312,none,8,3.0,155056.0,316611.0,246943.0,302586.0,255025.0
2026-04-14 18:04:35.596346,723158,1609507369238659,4969208239,0.67344,-0.183488,-0.470432,33.10125,31.52625,-30.96625,-4.112,25.992,-24.848001,none,8,3.0,155056.0,316611.0,246943.0,302586.0,255025.0
2026-04-14 18:04:35.611422,723159,1609507369253227,4969223152,0.620736,-0.210816,-0.277184,33.705,34.1775,-32.68125,-4.864,26.400002,-24.656002,none,8,3.0,155056.0,316611.0,246943.0,302586.0,255025.0
2026-04-14 18:04:35.647331,723170,1609507369262179,4969232003,0.620736,-0.210816,-0.277184,15.81125,32.61125,-33.7225,-4.864,26.400002,-24.656002,none,8,3.0,170170.0,328546.0,265183.0,313805.0,270787.0
2026-04-14 18:04:35.648333,723171,1609507369276850,4969246948,0.821792,-0.441152,-0.392352,17.85,31.17625,-30.7125,-5.016,26.488,-25.152,none,8,3.0,170170.0,328546.0,265183.0,313805.0,270787.0
2026-04-14 18:04:35.654870,723172,1609507369285972,4969255688,0.821792,-0.441152,-0.392352,22.65375,30.6075,-28.848751,-5.016,26.488,-25.152,none,8,3.0,170170.0,328546.0,265183.0,313805.0,270787.0
2026-04-14 18:04:35.656744,723173,1609507369295027,4969264431,0.80032,-0.300608,-0.316224,15.6625,24.3075,-22.44375,-4.984,26.968,-24.528002,none,8,3.0,170170.0,328546.0,265183.0,313805.0,270787.0
2026-04-14 18:04:35.667542,723174,1609507369309550,4969279627,0.80032,-0.300608,-0.316224,26.11,21.53375,-13.60625,-4.984,26.968,-24.528002,none,8,3.0,170170.0,328546.0,265183.0,313805.0,270787.0
2026-04-14 18:04:35.677547,723175,1609507369318555,4969288339,0.694912,0.001952,-0.327936,38.87625,22.79375,-17.43875,-5.936,26.784,-24.808,none,8,3.0,170170.0,328546.0,265183.0,313805.0,270787.0
2026-04-14 18:04:35.690983,723176,1609507369333157,4969303241,0.70272,-0.148352,-0.21472,33.9325,24.26375,-26.145,-6.768,27.208002,-26.872002,none,8,3.0,170170.0,328546.0,265183.0,313805.0,270787.0
2026-04-14 18:04:35.701806,723177,1609507369342090,4969311943,0.70272,-0.148352,-0.21472,17.84125,25.19125,-28.70875,-6.768,27.208002,-26.872002,none,8,3.0,170170.0,328546.0,265183.0,313805.0,270787.0
2026-04-14 18:04:35.707363,723178,1609507369351016,4969320714,0.70272,-0.148352,-0.21472,-5.9325,19.73125,-24.3075,-6.768,27.208002,-26.872002,none,8,3.0,170170.0,328546.0,265183.0,313805.0,270787.0
2026-04-14 18:04:35.744617,723189,1609507369366174,4969335619,0.905728,-0.88816,-0.33184,-35.28,7.77875,-15.47875,-6.568,26.832,-24.872002,none,8,3.0,172832.0,338430.0,268463.0,322848.0,273416.0
2026-04-14 18:04:35.747708,723190,1609507369375401,4969344491,0.977952,0.06832,-0.199104,-28.67375,0.595,-7.6825,-6.232,26.816002,-24.504002,none,8,3.0,172832.0,338430.0,268463.0,322848.0,273416.0
2026-04-14 18:04:35.749521,723191,1609507369389970,4969359445,0.977952,0.06832,-0.199104,30.9925,13.57125,-10.325,-6.232,26.816002,-24.504002,none,8,3.0,172832.0,338430.0,268463.0,322848.0,273416.0
2026-04-14 18:04:35.776027,723192,1609507369398904,4969368156,0.774944,0.080032,-0.2928,39.99625,24.491251,-28.0,-6.848001,27.088001,-24.304,none,8,3.0,172832.0,338430.0,268463.0,322848.0,273416.0
2026-04-14 18:04:35.778958,723193,1609507369407844,4969376819,0.774944,0.080032,-0.2928,3.605,23.52,-33.87125,-6.848001,27.088001,-24.304,none,8,3.0,172832.0,338430.0,268463.0,322848.0,273416.0
2026-04-14 18:04:35.781311,723194,1609507369422341,4969391785,0.6344,-0.333792,-0.4392,-20.46625,18.366251,-29.23375,-9.232,27.584002,-22.472,none,8,3.0,172832.0,338430.0,268463.0,322848.0,273416.0
2026-04-14 18:04:35.806487,723195,1609507369431315,4969400492,0.6344,-0.333792,-0.4392,-27.2125,9.52875,-20.8775,-9.232,27.584002,-22.472,none,8,3.0,172832.0,338430.0,268463.0,322848.0,273416.0
2026-04-14 18:04:35.813976,723196,1609507369445821,4969415554,0.753472,-0.75152,-0.42944,-34.44,-3.29,-10.91125,-7.512001,26.560001,-24.896002,none,8,3.0,172832.0,338430.0,268463.0,322848.0,273416.0
2026-04-14 18:04:35.816160,723197,1609507369454857,4969424301,0.74176,-0.109312,-0.259616,-26.99375,-10.9025,-0.455,-8.192,27.264002,-25.608002,none,8,3.0,172832.0,338430.0,268463.0,322848.0,273416.0
2026-04-14 18:04:35.845744,723208,1609507369469517,4969439463,0.74176,-0.109312,-0.259616,18.0075,-7.81375,5.85375,-8.192,27.264002,-25.608002,none,8,3.0,155811.0,338664.0,247848.0,323340.0,254504.0
2026-04-14 18:04:35.848253,723209,1609507369478669,4969448204,0.894016,-0.042944,-0.240096,36.47875,-1.2075,-1.68875,-7.992001,27.28,-23.584002,none,8,3.0,155811.0,338664.0,247848.0,323340.0,254504.0
2026-04-14 18:04:35.851293,723210,1609507369487685,4969456928,0.894016,-0.042944,-0.240096,17.605,1.11125,-2.065,-7.992001,27.28,-23.584002,none,8,3.0,155811.0,338664.0,247848.0,323340.0,254504.0
2026-04-14 18:04:35.861256,723211,1609507369502268,4969471902,0.931104,-0.417728,-0.28304,-9.6075,-0.0875,1.82875,-7.768001,26.960001,-23.872002,none,8,3.0,155811.0,338664.0,247848.0,323340.0,254504.0
2026-04-14 18:04:35.868790,723212,1609507369511190,4969480577,0.931104,-0.417728,-0.28304,-24.9725,-3.185,2.44125,-7.768001,26.960001,-23.872002,none,8,3.0,155811.0,338664.0,247848.0,323340.0,254504.0
2026-04-14 18:04:35.883473,723213,1609507369525813,4969495492,0.882304,-0.042944,-0.406016,-4.935,1.3825,4.0075,-7.936,26.968,-24.552002,none,8,3.0,155811.0,338664.0,247848.0,323340.0,254504.0
2026-04-14 18:04:35.891499,723214,1609507369534806,4969504213,0.903776,-0.167872,-0.296704,11.41,7.35,-3.7975,-7.064,26.744001,-24.024002,none,8,3.0,155811.0,338664.0,247848.0,323340.0,254504.0
2026-04-14 18:04:35.901396,723215,1609507369543862,4969512946,0.903776,-0.167872,-0.296704,-0.4025,6.4575,-8.225,-7.064,26.744001,-24.024002,none,8,3.0,155811.0,338664.0,247848.0,323340.0,254504.0
2026-04-14 18:04:35.916427,723216,1609507369558365,4969527854,0.812032,-0.392352,-0.472384,-14.5075,2.23125,-5.15375,-6.76,26.800001,-25.024002,none,8,3.0,155811.0,338664.0,247848.0,323340.0,254504.0
2026-04-14 18:04:35.973849,723227,1609507369567643,4969536571,0.812032,-0.392352,-0.472384,-14.28875,-2.52875,-3.2725,-6.76,26.800001,-25.024002,none,8,3.0,151308.0,337330.0,242377.0,322158.0,249701.0
2026-04-14 18:04:35.975999,723228,1609507369582211,4969551548,0.915488,-0.226432,-0.226432,-12.03125,-7.9975,-2.10875,-6.712,26.704,-24.640001,none,8,3.0,151308.0,337330.0,242377.0,322158.0,249701.0
2026-04-14 18:04:35.978760,723229,1609507369591113,4969560272,0.915488,-0.226432,-0.226432,0.79625,-7.595,2.65125,-6.712,26.704,-24.640001,none,8,3.0,151308.0,337330.0,242377.0,322158.0,249701.0
2026-04-14 18:04:35.981407,723230,1609507369600034,4969568982,0.784704,-0.138592,-0.247904,10.3075,-5.1275,-0.21,-6.904,26.832,-24.712002,none,8,3.0,151308.0,337330.0,242377.0,322158.0,249701.0
2026-04-14 18:04:35.983883,723231,1609507369614552,4969584002,0.81008,-0.314272,-0.462624,3.50875,-4.34,-1.65375,-6.904,26.696001,-24.768002,none,8,3.0,151308.0,337330.0,242377.0,322158.0,249701.0
2026-04-14 18:04:35.986406,723232,1609507369623487,4969592744,0.81008,-0.314272,-0.462624,-3.31625,-2.905,2.19625,-7.12,26.696001,-24.768002,none,8,3.0,151308.0,337330.0,242377.0,322158.0,249701.0
2026-04-14 18:04:35.997670,723233,1609507369638135,4969607661,0.86864,-0.163968,-0.454816,-5.10125,-2.1525,2.05625,-6.784,26.984001,-25.048,none,8,3.0,151308.0,337330.0,242377.0,322158.0,249701.0
2026-04-14 18:04:36.005172,723234,1609507369647049,4969616345,0.86864,-0.163968,-0.454816,-0.245,-0.32375,3.9375,-6.784,26.984001,-25.048,none,8,3.0,151308.0,337330.0,242377.0,322158.0,249701.0
2026-04-14 18:04:36.022173,723235,1609507369661565,4969631323,0.81008,-0.173728,-0.404064,0.69125,2.23125,1.8025,-7.608,27.080002,-23.248001,none,8,3.0,151308.0,337330.0,242377.0,322158.0,249701.0
2026-04-14 18:04:36.049905,723247,1609507369670710,4969640309,0.81008,-0.173728,-0.404064,-6.93875,2.66875,0.7,-7.608,27.080002,-23.248001,none,8,3.0,149087.0,335620.0,239766.0,320774.0,247135.0
2026-04-14 18:04:36.052639,723248,1609507369679747,4969649036,0.804224,-0.294752,-0.286944,-11.27,1.35625,2.30125,-7.544,26.712002,-23.816002,none,8,3.0,149087.0,335620.0,239766.0,320774.0,247135.0
2026-04-14 18:04:36.054577,723249,1609507369694492,4969664059,0.804224,-0.294752,-0.21472,-4.22625,-0.58625,4.83,-7.544,26.712002,-23.816002,none,8,3.0,149087.0,335620.0,239766.0,320774.0,247135.0
2026-04-14 18:04:36.061171,723250,1609507369703464,4969672761,0.847168,-0.275232,-0.21472,2.31,-3.80625,5.38125,-7.728,26.976002,-25.128,none,8,3.0,149087.0,335620.0,239766.0,320774.0,247135.0
2026-04-14 18:04:36.077670,723251,1609507369717938,4969687690,0.862784,-0.16592,-0.388448,4.27,-5.425,7.0875,-6.480001,26.984001,-24.616001,none,8,3.0,149087.0,335620.0,239766.0,320774.0,247135.0
2026-04-14 18:04:36.084609,723252,1609507369726869,4969696383,0.862784,-0.16592,-0.388448,6.55375,-3.71,6.25625,-6.480001,26.984001,-24.616001,none,8,3.0,149087.0,335620.0,239766.0,320774.0,247135.0
2026-04-14 18:04:36.092252,723253,1609507369735897,4969705176,0.954528,-0.236192,-0.388448,2.9575,-1.1725,2.07375,-6.272,26.736002,-24.776001,none,8,3.0,149087.0,335620.0,239766.0,320774.0,247135.0
2026-04-14 18:04:36.108530,723254,1609507369750445,4969720111,0.954528,-0.236192,-0.388448,-1.12,-0.105,0.2625,-6.272,26.736002,-24.776001,none,8,3.0,149087.0,335620.0,239766.0,320774.0,247135.0
2026-04-14 18:04:36.117235,723255,1609507369759390,4969728822,0.831552,-0.32208,-0.404064,-2.8525,-0.875,0.51625,-6.480001,26.968,-24.768002,none,8,3.0,149087.0,335620.0,239766.0,320774.0,247135.0
2026-04-14 18:04:36.192222,723266,1609507369773944,4969743793,0.831552,-0.32208,-0.404064,-4.47125,-1.86375,1.91625,-6.480001,26.968,-24.768002,none,8,3.0,145250.0,334146.0,235077.0,319354.0,242717.0
2026-04-14 18:04:36.195193,723267,1609507369782878,4969752514,0.710528,-0.206912,-0.359168,-6.25625,-1.84625,2.93125,-6.552001,26.736002,-24.736002,none,8,3.0,145250.0,334146.0,235077.0,319354.0,242717.0
2026-04-14 18:04:36.197666,723268,1609507369797366,4969767413,0.804224,-0.261568,-0.42944,-3.045,-1.2075,4.43625,-6.216,26.856,-23.712002,none,8,3.0,145250.0,334146.0,235077.0,319354.0,242717.0
2026-04-14 18:04:36.199702,723269,1609507369806289,4969776111,0.804224,-0.261568,-0.42944,-2.9225,-0.6825,3.0625,-6.216,26.856,-23.712002,none,8,3.0,145250.0,334146.0,235077.0,319354.0,242717.0
2026-04-14 18:04:36.202675,723270,1609507369815239,4969784798,0.804224,-0.261568,-0.363072,-5.6175,-2.00375,3.08875,-6.216,26.856,-23.712002,none,8,3.0,145250.0,334146.0,235077.0,319354.0,242717.0
2026-04-14 18:04:36.205176,723271,1609507369829875,4969799736,0.89792,-0.359168,-0.363072,-4.3225,-3.0275,4.095,-6.312,26.576002,-25.088001,none,8,3.0,145250.0,334146.0,235077.0,319354.0,242717.0
2026-04-14 18:04:36.209260,723272,1609507369838902,4969808489,0.856928,-0.152256,-0.187392,-3.2025,-3.08,3.99875,-6.048,26.848001,-24.856,none,8,3.0,145250.0,334146.0,235077.0,319354.0,242717.0
2026-04-14 18:04:36.210933,723273,1609507369853483,4969823538,0.856928,-0.152256,-0.187392,0.55125,-1.5225,3.78,-6.048,26.848001,-24.856,none,8,3.0,145250.0,334146.0,235077.0,319354.0,242717.0
2026-04-14 18:04:36.223368,723274,1609507369862436,4969832251,0.86864,-0.203008,-0.325984,-0.6825,1.14625,0.04375,-6.336,26.680002,-24.544,none,8,3.0,145250.0,334146.0,235077.0,319354.0,242717.0
2026-04-14 18:04:36.251090,723285,1609507369877114,4969847211,0.813984,-0.277184,-0.357216,-8.995,2.6425,-1.7675,-6.960001,27.128002,-26.080002,none,8,3.0,142528.0,332519.0,231908.0,317983.0,239643.0
2026-04-14 18:04:36.253524,723286,1609507369886083,4969855912,0.813984,-0.277184,-0.357216,-13.3875,2.10875,-1.015,-6.960001,27.128002,-26.080002,none,8,3.0,142528.0,332519.0,231908.0,317983.0,239643.0
2026-04-14 18:04:36.256416,723287,1609507369895125,4969864733,0.813984,-0.277184,-0.357216,-12.46875,0.875,0.77875,-6.960001,27.128002,-26.080002,none,8,3.0,142528.0,332519.0,231908.0,317983.0,239643.0
2026-04-14 18:04:36.268701,723288,1609507369909805,4969879634,0.831552,-0.325984,-0.482144,-10.92,-1.70625,3.29,-6.88,26.856,-25.056002,none,8,3.0,142528.0,332519.0,231908.0,317983.0,239643.0
2026-04-14 18:04:36.276182,723289,1609507369918784,4969888354,0.8784,-0.277184,-0.2928,-10.85,-4.235,4.83,-5.824,26.416,-25.256,none,8,3.0,142528.0,332519.0,231908.0,317983.0,239643.0
2026-04-14 18:04:36.292321,723290,1609507369933286,4969903259,0.8784,-0.277184,-0.2928,-6.7725,-4.34875,5.985,-5.824,26.416,-25.256,none,8,3.0,142528.0,332519.0,231908.0,317983.0,239643.0
2026-04-14 18:04:36.303451,723291,1609507369942227,4969911942,0.882304,-0.199104,-0.267424,-2.3275,-1.51375,3.59625,-6.216,26.320002,-25.256,none,8,3.0,142528.0,332519.0,231908.0,317983.0,239643.0
2026-04-14 18:04:36.307142,723292,1609507369951155,4969920599,0.882304,-0.199104,-0.267424,0.27125,1.19875,1.5225,-6.216,26.320002,-25.256,none,8,3.0,142528.0,332519.0,231908.0,317983.0,239643.0
2026-04-14 18:04:36.324477,723293,1609507369965658,4969935503,0.91744,-0.244,-0.300608,-2.24875,2.24875,-0.035,-6.784,26.976002,-23.632002,none,8,3.0,142528.0,332519.0,231908.0,317983.0,239643.0
2026-04-14 18:04:36.353922,723304,1609507369974616,4969944301,0.91744,-0.244,-0.300608,-6.0375,0.9625,0.95375,-6.784,26.976002,-23.632002,none,8,3.0,137704.0,330756.0,226058.0,316427.0,234114.0
2026-04-14 18:04:36.356381,723305,1609507369989189,4969959243,0.76128,-0.286944,-0.456768,-8.365,-0.84,3.0625,-5.984,26.512001,-25.128,none,8,3.0,137704.0,330756.0,226058.0,316427.0,234114.0
2026-04-14 18:04:36.358481,723306,1609507369998139,4969967944,0.833504,-0.306464,-0.210816,-9.275,-2.4325,5.18,-5.64,26.712002,-24.992,none,8,3.0,137704.0,330756.0,226058.0,316427.0,234114.0
2026-04-14 18:04:36.370182,723307,1609507370012735,4969982918,0.833504,-0.306464,-0.210816,-8.54,-3.43,7.3325,-5.64,26.712002,-24.992,none,8,3.0,137704.0,330756.0,226058.0,316427.0,234114.0
2026-04-14 18:04:36.380180,723308,1609507370021656,4969991640,0.84912,-0.261568,-0.247904,-0.79625,-2.0825,10.47375,-5.624,26.672,-25.472002,none,8,3.0,137704.0,330756.0,226058.0,316427.0,234114.0
2026-04-14 18:04:36.388892,723309,1609507370030731,4970000351,0.84912,-0.261568,-0.247904,3.78875,-0.72625,11.0075,-5.624,26.672,-25.472002,none,8,3.0,137704.0,330756.0,226058.0,316427.0,234114.0
2026-04-14 18:04:36.405342,723310,1609507370045257,4970015246,0.817888,-0.197152,-0.173728,6.37,-1.365,12.67875,-5.632,26.36,-25.264002,none,8,3.0,137704.0,330756.0,226058.0,316427.0,234114.0
2026-04-14 18:04:36.411271,723311,1609507370054220,4970023956,0.817888,-0.197152,-0.173728,6.1075,-3.395,14.56875,-5.632,26.36,-25.264002,none,8,3.0,137704.0,330756.0,226058.0,316427.0,234114.0
2026-04-14 18:04:36.455148,723322,1609507370068757,4970038983,0.724192,-0.281088,-0.431392,3.07125,-5.5475,16.0125,-5.264,26.664001,-24.208002,none,8,3.0,135882.0,327965.0,223806.0,313915.0,231956.0
2026-04-14 18:04:36.457618,723323,1609507370077924,4970047798,0.767136,-0.265472,-0.177632,-3.19375,-8.16375,17.5,-6.016,26.720001,-23.552002,none,8,3.0,135882.0,327965.0,223806.0,313915.0,231956.0
2026-04-14 18:04:36.460176,723324,1609507370086889,4970056539,0.767136,-0.265472,-0.177632,-5.50375,-9.77375,20.62375,-6.016,26.720001,-23.552002,none,8,3.0,135882.0,327965.0,223806.0,313915.0,231956.0
2026-04-14 18:04:36.462658,723325,1609507370101424,4970071452,0.700768,-0.247904,-0.23424,0.56,-10.61375,23.5375,-5.616,27.048,-25.336,none,8,3.0,135882.0,327965.0,223806.0,313915.0,231956.0
2026-04-14 18:04:36.468928,723326,1609507370110516,4970080196,0.700768,-0.247904,-0.23424,4.19125,-11.2525,25.8475,-5.616,27.048,-25.336,none,8,3.0,135882.0,327965.0,223806.0,313915.0,231956.0
2026-04-14 18:04:36.482679,723327,1609507370125037,4970095191,0.745664,-0.298656,-0.1464,5.005,-12.775,30.07375,-5.048,27.320002,-22.008001,none,8,3.0,135882.0,327965.0,223806.0,313915.0,231956.0
2026-04-14 18:04:36.510010,723328,1609507370133960,4970103872,0.745664,-0.298656,-0.1464,7.28875,-14.7175,35.93625,-5.048,27.320002,-22.008001,none,8,3.0,135882.0,327965.0,223806.0,313915.0,231956.0
2026-04-14 18:04:36.532495,723329,1609507370148463,4970118758,0.815936,-0.363072,-0.308416,4.66375,-18.375,39.725,-3.648,26.936,-24.840002,none,8,3.0,135882.0,327965.0,223806.0,313915.0,231956.0
2026-04-14 18:04:36.534680,723330,1609507370157381,4970127509,0.815936,-0.363072,-0.199104,0.7,-21.56,40.92375,-3.648,26.936,-24.840002,none,8,3.0,135882.0,327965.0,223806.0,313915.0,231956.0
2026-04-14 18:04:36.537488,723331,1609507370166349,4970136271,0.745664,-0.189344,-0.189344,8.82875,-22.44375,44.19625,-3.296,27.016,-23.208,none,8,3.0,135882.0,327965.0,223806.0,313915.0,231956.0
2026-04-14 18:04:36.596380,723342,1609507370180900,4970151265,0.700768,-0.288896,-0.310368,5.22375,-23.0825,42.79625,-2.36,26.696001,-24.976002,none,8,3.0,137877.0,323080.0,226323.0,309746.0,234308.0
2026-04-14 18:04:36.596495,723343,1609507370189862,4970160105,0.700768,-0.288896,-0.310368,-5.25875,-24.1675,43.26,-2.36,26.696001,-24.976002,none,8,3.0,137877.0,323080.0,226323.0,309746.0,234308.0
2026-04-14 18:04:36.596987,723344,1609507370204415,4970172997,0.646112,-0.376736,-0.42944,-10.745,-25.62,46.41875,-2.176,26.944002,-25.264002,none,8,3.0,137877.0,323080.0,226323.0,309746.0,234308.0
2026-04-14 18:04:36.599545,723345,1609507370213834,4970183759,0.646112,-0.376736,-0.42944,-12.74,-28.63875,48.0025,-2.176,26.944002,-25.264002,none,8,3.0,137877.0,323080.0,226323.0,309746.0,234308.0
2026-04-14 18:04:36.602528,723346,1609507370222746,4970192464,0.753472,-0.357216,-0.396256,-11.4975,-32.2175,50.46125,-1.04,26.584002,-25.704,none,8,3.0,137877.0,323080.0,226323.0,309746.0,234308.0
2026-04-14 18:04:36.605022,723347,1609507370237243,4970207401,0.753472,-0.357216,-0.396256,-11.8825,-35.1575,50.25125,-1.04,26.584002,-25.704,none,8,3.0,137877.0,323080.0,226323.0,309746.0,234308.0
2026-04-14 18:04:36.607554,723348,1609507370246202,4970216125,0.69296,-0.296704,-0.160064,-11.78625,-36.56625,51.5725,-0.568,26.408,-25.504002,none,8,3.0,137877.0,323080.0,226323.0,309746.0,234308.0
2026-04-14 18:04:36.618800,723349,1609507370260830,4970231056,0.642208,-0.365024,-0.247904,-11.445,-37.3975,54.03125,0.384,26.544,-24.816002,none,8,3.0,137877.0,323080.0,226323.0,309746.0,234308.0
2026-04-14 18:04:36.653009,723360,1609507370269785,4970240147,0.642208,-0.365024,-0.247904,-12.075,-39.3225,54.25875,0.384,26.544,-24.816002,none,8,3.0,128363.0,313883.0,215069.0,301171.0,223972.0
2026-04-14 18:04:36.655062,723361,1609507370284372,4970253029,0.700768,-0.404064,-0.443104,-13.1075,-42.805,54.7925,0.496,26.688002,-24.944,none,8,3.0,128363.0,313883.0,215069.0,301171.0,223972.0
2026-04-14 18:04:36.657693,723362,1609507370293604,4970263791,0.700768,-0.404064,-0.443104,-16.3625,-46.97,54.9675,0.496,26.688002,-24.944,none,8,3.0,128363.0,313883.0,215069.0,301171.0,223972.0
2026-04-14 18:04:36.659888,723363,1609507370302562,4970272541,0.72224,-0.304512,-0.394304,-13.125,-49.07875,54.73125,1.128,26.768002,-25.048,none,8,3.0,128363.0,313883.0,215069.0,301171.0,223972.0
2026-04-14 18:04:36.675170,723364,1609507370317280,4970287450,0.72224,-0.304512,-0.394304,-11.235,-50.1025,51.66875,1.128,26.768002,-25.048,none,8,3.0,128363.0,313883.0,215069.0,301171.0,223972.0
2026-04-14 18:04:36.686971,723365,1609507370326463,4970296299,0.601216,-0.374784,-0.304512,-18.375,-50.1725,47.74875,3.16,26.096,-26.216002,none,8,3.0,128363.0,313883.0,215069.0,301171.0,223972.0
2026-04-14 18:04:36.701269,723366,1609507370341216,4970311194,0.530944,-0.46848,-0.558272,-22.44375,-51.98375,48.60625,3.992,25.896002,-26.112001,none,8,3.0,128363.0,313883.0,215069.0,301171.0,223972.0
2026-04-14 18:04:36.708353,723367,1609507370350153,4970319901,0.530944,-0.46848,-0.558272,-22.42625,-55.72,49.8225,3.992,25.896002,-26.112001,none,8,3.0,128363.0,313883.0,215069.0,301171.0,223972.0
2026-04-14 18:04:36.716356,723368,1609507370359214,4970328656,0.530944,-0.51728,-0.521184,-21.84,-61.775,50.295002,3.992,25.896002,-26.112001,none,8,3.0,128363.0,313883.0,215069.0,301171.0,223972.0
2026-04-14 18:04:36.756123,723379,1609507370373885,4970343630,0.687104,-0.51728,-0.521184,-18.48875,-65.23125,54.34625,4.592,25.616001,-25.912,none,8,3.0,104286.0,299939.0,186207.0,288164.0,195537.0
2026-04-14 18:04:36.758493,723380,1609507370382860,4970352360,0.665632,-0.450912,-0.558272,-16.52,-68.565,53.585,5.28,25.448002,-26.36,none,8,3.0,104286.0,299939.0,186207.0,288164.0,195537.0
2026-04-14 18:04:36.761097,723381,1609507370397362,4970367360,0.665632,-0.450912,-0.558272,-8.015,-69.15125,49.035,5.28,25.448002,-26.36,none,8,3.0,104286.0,299939.0,186207.0,288164.0,195537.0
2026-04-14 18:04:36.763612,723382,1609507370406309,4970376056,0.560224,-0.450912,-0.357216,0.04375,-66.535,45.5,6.440001,25.448002,-26.288002,none,8,3.0,104286.0,299939.0,186207.0,288164.0,195537.0
2026-04-14 18:04:36.773605,723383,1609507370415344,4970384794,0.560224,-0.450912,-0.357216,1.89,-67.8825,44.31,6.440001,25.448002,-26.288002,none,8,3.0,104286.0,299939.0,186207.0,288164.0,195537.0
2026-04-14 18:04:36.791368,723384,1609507370429981,4970399673,0.353312,-0.435296,-0.597312,1.46125,-72.3975,43.44375,7.344,25.000002,-25.872002,none,8,3.0,104286.0,299939.0,186207.0,288164.0,195537.0
2026-04-14 18:04:36.795990,723385,1609507370438910,4970408385,0.353312,-0.435296,-0.597312,2.05625,-75.69625,44.7825,7.344,25.000002,-25.872002,none,8,3.0,104286.0,299939.0,186207.0,288164.0,195537.0
2026-04-14 18:04:36.812236,723386,1609507370453497,4970423326,0.661728,-0.538752,-0.474336,-5.8625,-78.33,48.2125,7.936,25.472002,-27.376001,none,8,3.0,104286.0,299939.0,186207.0,288164.0,195537.0
2026-04-14 18:04:36.819807,723387,1609507370462409,4970432032,0.843264,-0.56608,-0.648064,-13.5975,-79.63375,49.2625,9.440001,24.968,-25.808,none,8,3.0,104286.0,299939.0,186207.0,288164.0,195537.0
2026-04-14 18:04:36.878369,723398,1609507370477081,4970447483,0.843264,-0.56608,-0.648064,-10.7975,-74.57625,46.33125,9.440001,24.968,-25.808,none,8,3.0,64919.0,274072.0,135208.0,265925.0,143459.0
2026-04-14 18:04:36.902260,723399,1609507370486117,4970456178,0.671488,-0.610976,-0.579744,-2.47625,-65.205,37.68625,9.504001,24.800001,-25.744001,none,8,3.0,64919.0,274072.0,135208.0,265925.0,143459.0
2026-04-14 18:04:36.907120,723400,1609507370495113,4970464891,0.671488,-0.610976,-0.579744,10.9375,-59.395,35.385,9.504001,24.800001,-25.744001,none,8,3.0,64919.0,274072.0,135208.0,265925.0,143459.0
2026-04-14 18:04:36.909502,723401,1609507370509636,4970479851,0.406016,-0.47824,-0.525088,19.215,-56.665,37.98375,11.048,24.968,-25.336,none,8,3.0,64919.0,274072.0,135208.0,265925.0,143459.0
2026-04-14 18:04:36.912016,723402,1609507370518667,4970488559,0.406016,-0.47824,-0.525088,18.366251,-56.81375,37.607502,11.048,24.968,-25.336,none,8,3.0,64919.0,274072.0,135208.0,265925.0,143459.0
2026-04-14 18:04:36.914527,723403,1609507370533178,4970503442,0.374784,-0.46848,-0.620736,11.6725,-59.3425,37.31,11.920001,24.816002,-23.312,none,8,3.0,64919.0,274072.0,135208.0,265925.0,143459.0
2026-04-14 18:04:36.917036,723404,1609507370542124,4970512158,0.523136,-0.57584,-0.583648,5.46,-59.82375,42.42875,12.8,24.304,-24.928001,none,8,3.0,64919.0,274072.0,135208.0,265925.0,143459.0
2026-04-14 18:04:36.919609,723405,1609507370551047,4970520852,0.523136,-0.57584,-0.583648,-1.75,-60.61125,46.10375,12.8,24.304,-24.928001,none,8,3.0,64919.0,274072.0,135208.0,265925.0,143459.0
2026-04-14 18:04:36.924803,723406,1609507370565643,4970535781,0.413824,-0.628544,-0.698816,-0.83125,-59.80625,46.78625,13.456,24.320002,-24.744001,none,8,3.0,64919.0,274072.0,135208.0,265925.0,143459.0
2026-04-14 18:04:36.954734,723417,1609507370574745,4970544546,0.413824,-0.628544,-0.698816,5.845,-56.455,45.9725,13.456,24.320002,-24.744001,none,8,3.0,48588.0,244530.0,109887.0,242925.0,116533.0
2026-04-14 18:04:36.957330,723418,1609507370589372,4970559679,0.33184,-0.560224,-0.718336,13.667501,-57.39125,45.12375,14.424001,24.304,-24.712002,none,8,3.0,48588.0,244530.0,109887.0,242925.0,116533.0
2026-04-14 18:04:36.959866,723419,1609507370598367,4970568383,0.33184,-0.560224,-0.718336,15.627501,-60.24375,43.65375,14.424001,24.304,-24.712002,none,8,3.0,48588.0,244530.0,109887.0,242925.0,116533.0
2026-04-14 18:04:36.967687,723420,1609507370607397,4970577065,0.480192,-0.61488,-0.657824,14.42875,-61.285,47.32,14.288001,24.104002,-24.232,none,8,3.0,48588.0,244530.0,109887.0,242925.0,116533.0
2026-04-14 18:04:36.982498,723421,1609507370621913,4970591934,0.488,-0.568032,-0.67344,6.4575,-62.18625,50.1375,15.472001,23.512001,-24.312,none,8,3.0,48588.0,244530.0,109887.0,242925.0,116533.0
2026-04-14 18:04:36.988410,723422,1609507370630999,4970600646,0.488,-0.568032,-0.67344,5.34625,-59.447502,53.12125,15.472001,23.512001,-24.312,none,8,3.0,48588.0,244530.0,109887.0,242925.0,116533.0
2026-04-14 18:04:37.003782,723423,1609507370645499,4970615666,0.32208,-0.698816,-0.689056,2.93125,-56.04375,48.8075,16.408,23.44,-23.640001,none,8,3.0,48588.0,244530.0,109887.0,242925.0,116533.0
2026-04-14 18:04:37.015175,723424,1609507370654460,4970624351,0.32208,-0.698816,-0.689056,-0.90125,-57.42625,45.49125,16.408,23.44,-23.640001,none,8,3.0,48588.0,244530.0,109887.0,242925.0,116533.0
2026-04-14 18:04:37.027659,723425,1609507370668970,4970639332,0.353312,-0.706624,-0.769088,-2.23125,-59.31625,46.55875,16.304,23.688002,-23.392,none,8,3.0,48588.0,244530.0,109887.0,242925.0,116533.0
2026-04-14 18:04:37.057687,723436,1609507370677994,4970648161,0.353312,-0.706624,-0.769088,-2.975,-62.37,44.7125,16.304,23.688002,-23.392,none,8,3.0,42310.0,224409.0,97228.0,226835.0,103075.0
2026-04-14 18:04:37.059860,723437,1609507370687023,4970656881,0.45872,-0.616832,-0.696864,-3.89375,-64.8375,48.125,17.08,23.272001,-22.056002,none,8,3.0,42310.0,224409.0,97228.0,226835.0,103075.0
2026-04-14 18:04:37.062511,723438,1609507370701502,4970671775,0.37088,-0.661728,-0.515328,-0.0525,-63.32375,50.86375,17.08,23.272001,-20.800001,none,8,3.0,42310.0,224409.0,97228.0,226835.0,103075.0
2026-04-14 18:04:37.067243,723439,1609507370710468,4970680503,0.37088,-0.661728,-0.515328,1.3825,-61.670002,47.08375,17.888,23.112001,-20.800001,none,8,3.0,42310.0,224409.0,97228.0,226835.0,103075.0
2026-04-14 18:04:37.082534,723440,1609507370724966,4970693340,0.296704,-0.679296,-0.577792,0.63,-61.60875,46.19125,19.352001,22.480001,-21.712002,none,8,3.0,42310.0,224409.0,97228.0,226835.0,103075.0
2026-04-14 18:04:37.093674,723441,1609507370734154,4970704111,0.296704,-0.679296,-0.577792,1.7675,-62.195,44.7125,19.352001,22.480001,-21.712002,none,8,3.0,42310.0,224409.0,97228.0,226835.0,103075.0
2026-04-14 18:04:37.101411,723442,1609507370743234,4970712830,0.183488,-0.749568,-0.929152,-0.97125,-63.035,40.39875,20.024,22.016,-22.68,none,8,3.0,42310.0,224409.0,97228.0,226835.0,103075.0
2026-04-14 18:04:37.116145,723443,1609507370757778,4970727799,0.183488,-0.749568,-0.929152,1.995,-62.88625,40.3375,20.024,22.016,-22.68,none,8,3.0,42310.0,224409.0,97228.0,226835.0,103075.0
2026-04-14 18:04:37.125147,723444,1609507370766775,4970736493,0.363072,-0.755424,-0.626592,7.72625,-63.0175,40.3025,19.960001,22.024,-21.824001,none,8,3.0,42310.0,224409.0,97228.0,226835.0,103075.0
2026-04-14 18:04:37.160990,723455,1609507370781571,4970751570,0.363072,-0.755424,-0.884256,17.03625,-59.263752,46.05125,19.960001,22.024,-21.824001,none,8,3.0,36827.0,204657.0,86321.0,212150.0,90763.0
2026-04-14 18:04:37.163378,723456,1609507370790667,4970760302,0.236192,-0.691008,-0.884256,25.29625,-52.94625,45.701252,21.68,21.936,-20.776001,none,8,3.0,36827.0,204657.0,86321.0,212150.0,90763.0
2026-04-14 18:04:37.170439,723457,1609507370805197,4970775242,0.150304,-0.661728,-0.704672,30.5375,-49.9975,43.8375,22.12,21.664001,-21.248001,none,8,3.0,36827.0,204657.0,86321.0,212150.0,90763.0
2026-04-14 18:04:37.172003,723458,1609507370814160,4970783952,0.150304,-0.661728,-0.704672,31.395,-49.39375,42.805,22.12,21.664001,-21.248001,none,8,3.0,36827.0,204657.0,86321.0,212150.0,90763.0
2026-04-14 18:04:37.181317,723459,1609507370823157,4970792667,0.16592,-0.72224,-0.710528,24.31625,-50.89,39.13,21.928001,21.968,-19.656,none,8,3.0,36827.0,204657.0,86321.0,212150.0,90763.0
2026-04-14 18:04:37.195022,723460,1609507370837666,4970807675,0.16592,-0.72224,-0.710528,18.366251,-51.170002,38.71,21.928001,21.968,-19.656,none,8,3.0,36827.0,204657.0,86321.0,212150.0,90763.0
2026-04-14 18:04:37.230138,723461,1609507370846601,4970816357,0.23424,-0.804224,-0.804224,15.88125,-50.6625,39.05125,23.016,21.832,-20.688002,none,8,3.0,36827.0,204657.0,86321.0,212150.0,90763.0
2026-04-14 18:04:37.232664,723462,1609507370861112,4970831232,0.23424,-0.804224,-0.804224,13.230001,-49.805,37.47625,23.016,21.832,-20.688002,none,8,3.0,36827.0,204657.0,86321.0,212150.0,90763.0
2026-04-14 18:04:37.234754,723463,1609507370870065,4970839933,0.16592,-0.79056,-0.847168,18.66375,-45.0275,38.2025,22.800001,21.584002,-20.128,none,8,3.0,36827.0,204657.0,86321.0,212150.0,90763.0
2026-04-14 18:04:37.312502,723474,1609507370884738,4970854971,0.076128,-0.747616,-0.821792,26.241251,-41.51875,36.60125,24.36,21.160002,-18.592001,none,8,3.0,33776.0,203774.0,80261.0,212085.0,83524.0
2026-04-14 18:04:37.315169,723475,1609507370893684,4970863675,0.076128,-0.747616,-0.821792,34.23875,-40.08375,34.41375,24.36,21.160002,-18.592001,none,8,3.0,33776.0,203774.0,80261.0,212085.0,83524.0
2026-04-14 18:04:37.317675,723476,1609507370902745,4970872524,0.122976,-0.767136,-0.876448,33.74,-40.845,33.50375,24.36,21.160002,-21.704,none,8,3.0,33776.0,203774.0,80261.0,212085.0,83524.0
2026-04-14 18:04:37.319672,723477,1609507370917214,4970887391,0.113216,-0.767136,-0.876448,25.41,-43.23375,35.035,24.44,20.888,-21.704,none,8,3.0,33776.0,203774.0,80261.0,212085.0,83524.0
2026-04-14 18:04:37.322676,723478,1609507370926129,4970896089,0.218624,-0.903776,-0.792512,15.95125,-44.2575,35.2275,25.336,20.44,-18.432001,none,8,3.0,33776.0,203774.0,80261.0,212085.0,83524.0
2026-04-14 18:04:37.325142,723479,1609507370940659,4970909061,0.218624,-0.903776,-0.792512,8.39125,-45.03625,33.06625,25.336,20.44,-18.432001,none,8,3.0,33776.0,203774.0,80261.0,212085.0,83524.0
2026-04-14 18:04:37.327714,723480,1609507370949892,4970919868,0.181536,-0.89792,-0.774944,8.82875,-42.63,34.3175,25.496,20.392,-18.136002,none,8,3.0,33776.0,203774.0,80261.0,212085.0,83524.0
2026-04-14 18:04:37.329684,723481,1609507370958994,4970928654,0.181536,-0.89792,-0.774944,10.43,-40.36375,34.02875,25.496,20.392,-18.136002,none,8,3.0,33776.0,203774.0,80261.0,212085.0,83524.0
2026-04-14 18:04:37.360517,723492,1609507370973693,4970943903,0.083936,-0.806176,-0.817888,15.98625,-37.94,34.02875,25.808,20.224,-17.944,none,8,3.0,32334.0,205450.0,77040.0,214580.0,79955.0
2026-04-14 18:04:37.367072,723493,1609507370982761,4970952980,0.083936,-0.806176,-0.661728,19.29375,-36.58375,31.94625,25.808,20.224,-17.944,none,8,3.0,32334.0,205450.0,77040.0,214580.0,79955.0
2026-04-14 18:04:37.367170,723494,1609507370997267,4970965819,0.06832,-0.749568,-0.665632,13.39625,-37.2225,32.22625,26.448002,19.936,-18.552,none,8,3.0,32334.0,205450.0,77040.0,214580.0,79955.0
2026-04-14 18:04:37.367227,723495,1609507371006645,4970976586,0.115168,-0.894016,-0.677344,0.93625,-38.7975,31.94625,26.632002,19.464,-17.264,none,8,3.0,32334.0,205450.0,77040.0,214580.0,79955.0
2026-04-14 18:04:37.373784,723496,1609507371015689,4970985304,0.115168,-0.894016,-0.677344,-7.245,-38.6925,29.225,26.632002,19.464,-17.264,none,8,3.0,32334.0,205450.0,77040.0,214580.0,79955.0
2026-04-14 18:04:37.390008,723497,1609507371030166,4971000235,-0.005856,-0.876448,-0.817888,-9.66,-37.3275,29.35625,26.232,19.784,-14.840001,none,8,3.0,32334.0,205450.0,77040.0,214580.0,79955.0
2026-04-14 18:04:37.397528,723498,1609507371039156,4971008939,-0.005856,-0.876448,-0.817888,-6.37875,-32.9,28.630001,26.232,19.784,-14.840001,none,8,3.0,32334.0,205450.0,77040.0,214580.0,79955.0
2026-04-14 18:04:37.411407,723499,1609507371053725,4971023894,-0.011712,-0.776896,-0.6344,-2.59,-29.015,27.48375,27.296001,19.248001,-16.808,none,8,3.0,32334.0,205450.0,77040.0,214580.0,79955.0
2026-04-14 18:04:37.420156,723500,1609507371062641,4971032584,-0.011712,-0.776896,-0.6344,-0.02625,-26.22375,27.64125,27.296001,19.248001,-16.808,none,8,3.0,32334.0,205450.0,77040.0,214580.0,79955.0
2026-04-14 18:04:37.429055,723501,1609507371071663,4971041300,-0.027328,-0.806176,-0.7808,-1.39125,-23.84375,25.9,26.824001,18.816,-16.512001,none,8,3.0,32334.0,205450.0,77040.0,214580.0,79955.0
2026-04-14 18:04:37.456438,723512,1609507371086237,4971056268,-0.076128,-0.813984,-0.864736,-4.7075,-23.1875,24.29875,28.056002,18.92,-16.608002,none,8,3.0,31698.0,205564.0,75476.0,214953.0,78236.0
2026-04-14 18:04:37.458442,723513,1609507371095187,4971064948,-0.076128,-0.813984,-0.864736,-6.405,-22.68,23.17,28.056002,18.92,-16.608002,none,8,3.0,31698.0,205564.0,75476.0,214953.0,78236.0
2026-04-14 18:04:37.470120,723514,1609507371109843,4971079831,0.00976,-0.876448,-0.720288,-6.22125,-20.81625,21.1225,28.000002,18.208,-16.688002,none,8,3.0,31698.0,205564.0,75476.0,214953.0,78236.0
2026-04-14 18:04:37.475979,723515,1609507371118806,4971088541,0.00976,-0.876448,-0.720288,-6.755,-19.915,18.97,28.000002,18.208,-16.688002,none,8,3.0,31698.0,205564.0,75476.0,214953.0,78236.0
2026-04-14 18:04:37.491437,723516,1609507371133464,4971103472,-0.027328,-0.886208,-0.91744,-8.58375,-19.92375,17.5175,28.232002,18.376001,-15.056001,none,8,3.0,31698.0,205564.0,75476.0,214953.0,78236.0
2026-04-14 18:04:37.499861,723517,1609507371142415,4971112158,-0.027328,-0.886208,-0.91744,-7.8925,-17.43875,15.198751,28.232002,18.376001,-15.056001,none,8,3.0,31698.0,205564.0,75476.0,214953.0,78236.0
2026-04-14 18:04:37.510198,723518,1609507371151381,4971120839,-0.052704,-0.837408,-0.749568,-9.073751,-14.385,12.32875,27.376001,18.376001,-15.936001,none,8,3.0,31698.0,205564.0,75476.0,214953.0,78236.0
2026-04-14 18:04:37.523888,723519,1609507371165921,4971135805,0.056608,-0.876448,-0.64416,-8.88125,-11.9,9.70375,28.28,17.856,-16.240002,none,8,3.0,31698.0,205564.0,75476.0,214953.0,78236.0
2026-04-14 18:04:37.555070,723530,1609507371175318,4971144945,0.056608,-0.876448,-0.64416,-7.735,-10.01,7.0,28.28,17.856,-16.240002,none,8,3.0,31374.0,206041.0,74574.0,215547.0,77170.0
2026-04-14 18:04:37.557548,723531,1609507371190003,4971159872,0.025376,-0.884256,-0.640256,-4.69,-7.21875,3.3425,27.384,18.384,-15.320001,none,8,3.0,31374.0,206041.0,74574.0,215547.0,77170.0
2026-04-14 18:04:37.559750,723532,1609507371198958,4971168708,0.025376,-0.884256,-0.640256,-0.84,-3.395,-0.8925,27.384,18.384,-15.320001,none,8,3.0,31374.0,206041.0,74574.0,215547.0,77170.0
2026-04-14 18:04:37.566354,723533,1609507371207896,4971177391,-0.003904,-0.940864,-0.886208,4.0075,0.13125,-3.07125,27.400002,18.344002,-14.976001,none,8,3.0,31374.0,206041.0,74574.0,215547.0,77170.0
2026-04-14 18:04:37.584803,723534,1609507371222416,4971192355,-0.003904,-0.940864,-0.886208,6.06375,2.84375,-4.80375,27.400002,18.344002,-14.976001,none,8,3.0,31374.0,206041.0,74574.0,215547.0,77170.0
2026-04-14 18:04:37.614325,723535,1609507371231352,4971201041,-0.08784,-0.874496,-0.895968,8.3125,4.92625,-6.2125,28.632002,17.76,-16.352001,none,8,3.0,31374.0,206041.0,74574.0,215547.0,77170.0
2026-04-14 18:04:37.616153,723536,1609507371245862,4971215967,-0.040992,-0.804224,-0.825696,11.31375,6.15125,-6.3525,27.408,18.624,-15.072001,none,8,3.0,31374.0,206041.0,74574.0,215547.0,77170.0
2026-04-14 18:04:37.618882,723537,1609507371254879,4971224656,-0.040992,-0.804224,-0.825696,12.18875,7.70875,-7.30625,27.408,18.624,-15.072001,none,8,3.0,31374.0,206041.0,74574.0,215547.0,77170.0
2026-04-14 18:04:37.642006,723538,1609507371269370,4971239626,-0.040992,-0.784704,-0.77104,11.15625,8.72375,-8.33,27.432001,18.784,-15.224001,none,8,3.0,31374.0,206041.0,74574.0,215547.0,77170.0
2026-04-14 18:04:37.672162,723549,1609507371278498,4971248332,-0.040992,-0.784704,-0.77104,8.32125,7.76125,-8.70625,27.432001,18.784,-15.224001,none,8,3.0,31043.0,206284.0,73793.0,215986.0,76312.0
2026-04-14 18:04:37.677277,723550,1609507371287427,4971257053,-0.08784,-0.745664,-0.753472,5.13625,7.3325,-9.42375,27.784,18.328001,-16.52,none,8,3.0,31043.0,206284.0,73793.0,215986.0,76312.0
2026-04-14 18:04:37.680103,723551,1609507371302055,4971271962,-0.08784,-0.745664,-0.753472,4.26125,7.28875,-9.24,27.784,18.328001,-16.52,none,8,3.0,31043.0,206284.0,73793.0,215986.0,76312.0
2026-04-14 18:04:37.682487,723552,1609507371311107,4971280658,-0.089792,-0.74176,-0.804224,1.60125,6.57125,-9.77375,27.880001,18.752,-16.264,none,8,3.0,31043.0,206284.0,73793.0,215986.0,76312.0
2026-04-14 18:04:37.690163,723553,1609507371325853,4971295607,-0.0976,-0.759328,-0.681248,-3.17625,5.62625,-10.0275,28.128002,18.416,-16.880001,none,8,3.0,31043.0,206284.0,73793.0,215986.0,76312.0
2026-04-14 18:04:37.692265,723554,1609507371334886,4971304341,-0.0976,-0.759328,-0.681248,-5.99375,4.2875,-9.625,28.128002,18.416,-16.880001,none,8,3.0,31043.0,206284.0,73793.0,215986.0,76312.0
2026-04-14 18:04:37.701431,723555,1609507371343903,4971313053,-0.0976,-0.759328,-0.681248,-3.6225,3.07125,-8.1375,28.128002,18.416,-16.880001,none,8,3.0,31043.0,206284.0,73793.0,215986.0,76312.0
2026-04-14 18:04:37.718656,723556,1609507371358383,4971327925,-0.021472,-0.753472,-0.554368,1.295,3.50875,-6.86,27.920002,18.176,-15.888001,none,8,3.0,31043.0,206284.0,73793.0,215986.0,76312.0
2026-04-14 18:04:37.723764,723557,1609507371367326,4971336623,-0.101504,-0.720288,-0.710528,5.25,4.13875,-5.50375,28.216002,18.816,-18.192001,none,8,3.0,31043.0,206284.0,73793.0,215986.0,76312.0
2026-04-14 18:04:37.763885,723568,1609507371381989,4971351675,-0.101504,-0.720288,-0.710528,3.5875,4.06875,-5.15375,28.216002,18.816,-18.192001,none,8,3.0,30968.0,205753.0,73541.0,215439.0,76075.0
2026-04-14 18:04:37.766380,723569,1609507371390951,4971360392,-0.08784,-0.732,-0.812032,0.28875,3.395,-5.3375,27.04,19.232,-15.168001,none,8,3.0,30968.0,205753.0,73541.0,215439.0,76075.0
2026-04-14 18:04:37.768446,723570,1609507371399891,4971369075,-0.08784,-0.732,-0.812032,-2.7125,2.12625,-4.71625,27.04,19.232,-15.168001,none,8,3.0,30968.0,205753.0,73541.0,215439.0,76075.0
2026-04-14 18:04:37.771409,723571,1609507371414525,4971384046,-0.066368,-0.788608,-0.798368,-6.86875,0.49,-4.2525,27.12,18.864,-15.056001,none,8,3.0,30968.0,205753.0,73541.0,215439.0,76075.0
2026-04-14 18:04:37.780170,723572,1609507371423568,4971392765,-0.066368,-0.788608,-0.798368,-6.81625,-0.875,-3.29875,27.12,18.864,-15.056001,none,8,3.0,30968.0,205753.0,73541.0,215439.0,76075.0
2026-04-14 18:04:37.797634,723573,1609507371438084,4971407654,-0.0976,-0.743712,-0.677344,-3.465,-2.1,-2.72125,28.12,18.984001,-16.112001,none,8,3.0,30968.0,205753.0,73541.0,215439.0,76075.0
2026-04-14 18:04:37.804644,723574,1609507371446995,4971416541,-0.001952,-0.718336,-0.542656,-0.76125,-2.96625,-1.98625,27.056002,19.088001,-16.008001,none,8,3.0,30968.0,205753.0,73541.0,215439.0,76075.0
2026-04-14 18:04:37.822428,723575,1609507371461488,4971431436,-0.001952,-0.718336,-0.542656,0.44625,-4.50625,-2.2575,27.056002,19.088001,-16.008001,none,8,3.0,30968.0,205753.0,73541.0,215439.0,76075.0
2026-04-14 18:04:37.827195,723576,1609507371470491,4971440209,-0.040992,-0.794464,-0.763232,-1.8025,-6.0025,-1.9075,27.992,18.544,-16.328001,none,8,3.0,30968.0,205753.0,73541.0,215439.0,76075.0
2026-04-14 18:04:37.909108,723587,1609507371479688,4971449047,-0.040992,-0.794464,-0.763232,-4.9,-6.27375,-1.855,27.992,18.544,-16.328001,none,8,3.0,30876.0,205670.0,73269.0,215389.0,75764.0
2026-04-14 18:04:37.909759,723588,1609507371494225,4971463954,-0.054656,-0.788608,-0.833504,-4.64625,-7.51625,-1.2775,27.232,19.176,-15.416,none,8,3.0,30876.0,205670.0,73269.0,215389.0,75764.0
2026-04-14 18:04:37.912168,723589,1609507371503183,4971472683,-0.054656,-0.788608,-0.833504,-2.5725,-8.28625,0.16625,27.232,19.176,-15.416,none,8,3.0,30876.0,205670.0,73269.0,215389.0,75764.0
2026-04-14 18:04:37.915840,723590,1609507371517681,4971487601,-0.089792,-0.745664,-0.691008,-1.19,-8.085,0.385,27.272001,19.136002,-14.200001,none,8,3.0,30876.0,205670.0,73269.0,215389.0,75764.0
2026-04-14 18:04:37.918885,723591,1609507371526595,4971496284,-0.089792,-0.76128,-0.603168,0.00875,-8.44375,-0.035,27.272001,19.136002,-14.200001,none,8,3.0,30876.0,205670.0,73269.0,215389.0,75764.0
2026-04-14 18:04:37.920646,723592,1609507371541146,4971511253,-0.031232,-0.76128,-0.603168,-0.58625,-8.225,-0.16625,26.664001,19.392,-13.528001,none,8,3.0,30876.0,205670.0,73269.0,215389.0,75764.0
2026-04-14 18:04:37.921956,723593,1609507371550099,4971519935,-0.056608,-0.782752,-0.743712,-1.05,-7.44625,-0.32375,26.416,19.176,-14.360001,none,8,3.0,30876.0,205670.0,73269.0,215389.0,75764.0
2026-04-14 18:04:37.924866,723594,1609507371559043,4971528745,-0.056608,-0.782752,-0.743712,-2.09125,-6.78125,0.77,26.416,19.176,-14.360001,none,8,3.0,30876.0,205670.0,73269.0,215389.0,75764.0
2026-04-14 18:04:37.932234,723595,1609507371573603,4971543665,0.005856,-0.808128,-0.601216,-1.085,-5.5475,1.30375,27.664001,18.808,-14.776001,none,8,3.0,30876.0,205670.0,73269.0,215389.0,75764.0
2026-04-14 18:04:38.011148,723606,1609507371582721,4971552430,0.005856,-0.808128,-0.601216,1.19875,-4.5675,1.6275,27.664001,18.808,-14.776001,none,8,3.0,30835.0,205017.0,73071.0,214622.0,75600.0
2026-04-14 18:04:38.032355,723607,1609507371597262,4971567360,-0.11712,-0.774944,-0.812032,2.905,-4.71625,2.33625,27.448002,18.608002,-14.656001,none,8,3.0,30835.0,205017.0,73071.0,214622.0,75600.0
2026-04-14 18:04:38.037359,723608,1609507371606194,4971576091,-0.11712,-0.774944,-0.812032,3.00125,-5.0225,1.86375,27.448002,18.608002,-14.656001,none,8,3.0,30835.0,205017.0,73071.0,214622.0,75600.0
2026-04-14 18:04:38.040155,723609,1609507371615256,4971584807,-0.015616,-0.7808,-0.618784,0.7,-5.34625,1.995,27.592001,18.472,-15.928,none,8,3.0,30835.0,205017.0,73071.0,214622.0,75600.0
2026-04-14 18:04:38.042243,723610,1609507371629726,4971599722,-0.033184,-0.812032,-0.774944,-3.465,-6.13375,0.8575,27.384,18.52,-14.872001,none,8,3.0,30835.0,205017.0,73071.0,214622.0,75600.0
2026-04-14 18:04:38.045165,723611,1609507371638655,4971608397,-0.033184,-0.812032,-0.774944,-5.39875,-5.705,0.5075,27.384,18.52,-14.872001,none,8,3.0,30835.0,205017.0,73071.0,214622.0,75600.0
2026-04-14 18:04:38.047292,723612,1609507371653188,4971623432,0.001952,-0.804224,-0.642208,-4.55,-4.9525,0.245,27.392002,18.392,-15.856001,none,8,3.0,30835.0,205017.0,73071.0,214622.0,75600.0
2026-04-14 18:04:38.049671,723613,1609507371662122,4971632160,0.001952,-0.804224,-0.642208,-3.465,-4.55875,0.2975,27.392002,18.392,-15.856001,none,8,3.0,30835.0,205017.0,73071.0,214622.0,75600.0
2026-04-14 18:04:38.077318,723624,1609507371676754,4971647093,-0.091744,-0.77104,-0.716384,-2.63375,-3.24625,0.02625,28.328001,18.376001,-15.832001,none,8,3.0,30845.0,204560.0,72994.0,214157.0,75534.0
2026-04-14 18:04:38.079746,723625,1609507371686069,4971655817,-0.091744,-0.77104,-0.716384,-1.26875,-1.63625,-1.12,28.328001,18.376001,-15.832001,none,8,3.0,30845.0,204560.0,72994.0,214157.0,75534.0
2026-04-14 18:04:38.082669,723626,1609507371695150,4971664613,-0.052704,-0.825696,-0.792512,-1.82,-1.0675,-1.35625,28.560001,18.664001,-17.984001,none,8,3.0,30845.0,204560.0,72994.0,214157.0,75534.0
2026-04-14 18:04:38.085169,723627,1609507371709679,4971679551,-0.054656,-0.753472,-0.554368,-1.40875,-0.86625,-2.09125,28.160002,18.536001,-15.512001,none,8,3.0,30845.0,204560.0,72994.0,214157.0,75534.0
2026-04-14 18:04:38.087700,723628,1609507371718606,4971688248,-0.054656,-0.753472,-0.554368,-0.35875,-0.51625,-2.47625,28.160002,18.536001,-15.512001,none,8,3.0,30845.0,204560.0,72994.0,214157.0,75534.0
2026-04-14 18:04:38.089705,723629,1609507371733144,4971703198,-0.10736,-0.776896,-0.804224,0.37625,-0.06125,-3.05375,28.800001,18.624,-15.480001,none,8,3.0,30845.0,204560.0,72994.0,214157.0,75534.0
2026-04-14 18:04:38.104292,723630,1609507371742176,4971712001,-0.10736,-0.776896,-0.804224,-0.16625,0.77875,-3.22,28.800001,18.624,-15.480001,none,8,3.0,30845.0,204560.0,72994.0,214157.0,75534.0
2026-04-14 18:04:38.119903,723631,1609507371751118,4971720691,-0.093696,-0.774944,-0.788608,1.05,1.07625,-3.64,28.160002,18.456001,-15.696001,none,8,3.0,30845.0,204560.0,72994.0,214157.0,75534.0
2026-04-14 18:04:38.123574,723632,1609507371765705,4971735574,-0.093696,-0.774944,-0.788608,0.5775,0.0,-3.7975,28.160002,18.456001,-15.696001,none,8,3.0,30845.0,204560.0,72994.0,214157.0,75534.0
2026-04-14 18:04:38.131107,723633,1609507371774656,4971744258,-0.02928,-0.7808,-0.544608,-1.855,-1.2775,-3.21125,28.264002,18.344002,-15.6,none,8,3.0,30845.0,204560.0,72994.0,214157.0,75534.0
2026-04-14 18:04:38.159671,723644,1609507371789247,4971759256,-0.085888,-0.76128,-0.628544,-2.23125,-2.4325,-2.835,28.36,18.408,-15.504001,none,8,3.0,30774.0,204912.0,72847.0,214509.0,75349.0
2026-04-14 18:04:38.162296,723645,1609507371798195,4971767962,-0.085888,-0.76128,-0.628544,-1.35625,-3.0275,-2.7825,28.36,18.408,-15.504001,none,8,3.0,30774.0,204912.0,72847.0,214509.0,75349.0
2026-04-14 18:04:38.169776,723646,1609507371812739,4971782893,-0.05856,-0.776896,-0.798368,0.5075,-3.42125,-2.345,28.52,18.776001,-14.608001,none,8,3.0,30774.0,204912.0,72847.0,214509.0,75349.0
2026-04-14 18:04:38.181146,723647,1609507371821725,4971791630,-0.05856,-0.776896,-0.798368,1.21625,-3.2375,-2.19625,28.52,18.776001,-14.608001,none,8,3.0,30774.0,204912.0,72847.0,214509.0,75349.0
2026-04-14 18:04:38.190663,723648,1609507371830701,4971800330,-0.044896,-0.778848,-0.618784,-0.595,-2.6425,-2.07375,28.712002,18.216002,-15.920001,none,8,3.0,30774.0,204912.0,72847.0,214509.0,75349.0
2026-04-14 18:04:38.203429,723649,1609507371845303,4971815205,-0.044896,-0.778848,-0.618784,-2.56375,-2.33625,-2.68625,28.712002,18.216002,-15.920001,none,8,3.0,30774.0,204912.0,72847.0,214509.0,75349.0
2026-04-14 18:04:38.211078,723650,1609507371854293,4971823940,-0.02928,-0.788608,-0.603168,-2.86125,-2.4675,-2.35375,28.04,18.408,-15.616001,none,8,3.0,30774.0,204912.0,72847.0,214509.0,75349.0
2026-04-14 18:04:38.226030,723651,1609507371868781,4971838847,-0.02928,-0.763232,-0.612928,-3.3425,-2.40625,-2.205,28.04,18.408,-15.616001,none,8,3.0,30774.0,204912.0,72847.0,214509.0,75349.0
2026-04-14 18:04:38.259860,723662,1609507371877719,4971847561,-0.06832,-0.763232,-0.612928,-3.24625,-2.1525,-1.7325,28.464,18.672,-15.496,none,8,3.0,30756.0,204394.0,72713.0,213930.0,75228.0
2026-04-14 18:04:38.262316,723663,1609507371887201,4971856364,-0.06832,-0.763232,-0.612928,-2.3975,-1.12,-1.84625,28.464,18.672,-15.496,none,8,3.0,30756.0,204394.0,72713.0,213930.0,75228.0
2026-04-14 18:04:38.264870,723664,1609507371901750,4971871267,-0.001952,-0.772992,-0.57584,-0.2975,0.00875,-1.93375,27.888,18.416,-13.464001,none,8,3.0,30756.0,204394.0,72713.0,213930.0,75228.0
2026-04-14 18:04:38.268576,723665,1609507371910699,4971879951,-0.064416,-0.813984,-0.763232,-0.735,1.4175,-2.24,26.920002,19.032001,-14.216001,none,8,3.0,30756.0,204394.0,72713.0,213930.0,75228.0
2026-04-14 18:04:38.282150,723666,1609507371925349,4971895034,-0.064416,-0.813984,-0.763232,-1.3475,2.05625,-2.59875,26.920002,19.032001,-14.216001,none,8,3.0,30756.0,204394.0,72713.0,213930.0,75228.0
2026-04-14 18:04:38.292110,723667,1609507371934439,4971903733,-0.080032,-0.77104,-0.650016,-0.1225,2.6425,-2.38,27.304,18.736,-15.52,none,8,3.0,30756.0,204394.0,72713.0,213930.0,75228.0
2026-04-14 18:04:38.299718,723668,1609507371943403,4971912488,-0.080032,-0.77104,-0.650016,-0.14,3.01875,-2.8525,27.304,18.736,-15.52,none,8,3.0,30756.0,204394.0,72713.0,213930.0,75228.0
2026-04-14 18:04:38.318538,723669,1609507371958021,4971927354,-0.03904,-0.778848,-0.60512,-0.39375,1.91625,-2.68625,27.44,19.28,-14.592001,none,8,3.0,30756.0,204394.0,72713.0,213930.0,75228.0
2026-04-14 18:04:38.347667,723670,1609507371966967,4971936048,-0.03904,-0.778848,-0.60512,-0.3675,1.2425,-3.42125,27.44,19.28,-14.592001,none,8,3.0,30756.0,204394.0,72713.0,213930.0,75228.0
2026-04-14 18:04:38.420195,723681,1609507371982013,4971951528,-0.01952,-0.808128,-0.616832,-0.2975,0.42875,-3.33375,28.448002,18.640001,-15.968,none,8,3.0,30785.0,204450.0,72715.0,214004.0,75238.0
2026-04-14 18:04:38.422660,723682,1609507371990981,4971960229,-0.066368,-0.80032,-0.776896,0.32375,-0.28,-3.15875,27.592001,19.072,-14.736001,none,8,3.0,30785.0,204450.0,72715.0,214004.0,75238.0
2026-04-14 18:04:38.425117,723683,1609507371999917,4971968915,-0.066368,-0.80032,-0.776896,0.90125,-0.1925,-3.3775,27.592001,19.072,-14.736001,none,8,3.0,30785.0,204450.0,72715.0,214004.0,75238.0
2026-04-14 18:04:38.427621,723684,1609507372014502,4971983919,-0.070272,-0.755424,-0.571936,0.4725,-0.30625,-3.98125,27.480001,18.848001,-14.472001,none,8,3.0,30785.0,204450.0,72715.0,214004.0,75238.0
2026-04-14 18:04:38.429737,723685,1609507372023453,4971992653,-0.070272,-0.755424,-0.571936,-1.26875,-1.5575,-4.7775,27.480001,18.848001,-14.472001,none,8,3.0,30785.0,204450.0,72715.0,214004.0,75238.0
2026-04-14 18:04:38.432678,723686,1609507372038028,4972007542,-0.02928,-0.788608,-0.591456,-2.7825,-2.1175,-4.9875,27.640001,19.056002,-15.744,none,8,3.0,30785.0,204450.0,72715.0,214004.0,75238.0
2026-04-14 18:04:38.434832,723687,1609507372047012,4972016219,-0.02928,-0.788608,-0.591456,-3.29,-2.24,-5.145,27.640001,19.056002,-15.744,none,8,3.0,30785.0,204450.0,72715.0,214004.0,75238.0
2026-04-14 18:04:38.437723,723688,1609507372061527,4972031100,-0.091744,-0.765184,-0.616832,-3.43875,-2.58125,-4.9,27.952002,18.84,-15.760001,none,8,3.0,30785.0,204450.0,72715.0,214004.0,75238.0
2026-04-14 18:04:38.440184,723689,1609507372070507,4972039806,-0.037088,-0.833504,-0.786656,-3.0625,-2.38875,-4.87375,27.952002,18.560001,-16.272001,none,8,3.0,30785.0,204450.0,72715.0,214004.0,75238.0
2026-04-14 18:04:38.469627,723700,1609507372079696,4972048610,-0.037088,-0.833504,-0.786656,-2.2925,-1.3125,-4.99625,28.392002,18.560001,-16.272001,none,8,3.0,30738.0,204342.0,72619.0,213832.0,75112.0
2026-04-14 18:04:38.470262,723701,1609507372094343,4972063626,-0.080032,-0.778848,-0.679296,-2.86125,-0.79625,-5.6175,28.648,18.272001,-15.768001,none,8,3.0,30738.0,204342.0,72619.0,213832.0,75112.0
2026-04-14 18:04:38.472164,723702,1609507372103440,4972072372,-0.080032,-0.778848,-0.679296,-2.10875,0.035,-5.64375,28.648,18.272001,-15.768001,none,8,3.0,30738.0,204342.0,72619.0,213832.0,75112.0
2026-04-14 18:04:38.478808,723703,1609507372118001,4972087283,0.007808,-0.81984,-0.599264,-1.96875,1.12,-6.09,28.648,18.424002,-15.848001,none,8,3.0,30738.0,204342.0,72619.0,213832.0,75112.0
2026-04-14 18:04:38.512515,723704,1609507372127113,4972096052,0.007808,-0.81984,-0.599264,-2.09125,2.2225,-6.18625,28.648,18.424002,-15.848001,none,8,3.0,30738.0,204342.0,72619.0,213832.0,75112.0
2026-04-14 18:04:38.514952,723705,1609507372136139,4972104838,-0.066368,-0.808128,-0.65392,-2.07375,3.99875,-6.8425,27.104002,18.744001,-16.0,none,8,3.0,30738.0,204342.0,72619.0,213832.0,75112.0
2026-04-14 18:04:38.517505,723706,1609507372150977,4972119764,0.01952,-0.870592,-0.593408,-3.07125,4.43625,-8.47875,27.104002,18.92,-14.864,none,8,3.0,30738.0,204342.0,72619.0,213832.0,75112.0
2026-04-14 18:04:38.522508,723707,1609507372160312,4972130532,0.01952,-0.870592,-0.593408,-3.99875,5.3725,-10.325,28.400002,18.92,-14.864,none,8,3.0,30738.0,204342.0,72619.0,213832.0,75112.0
2026-04-14 18:04:38.532327,723708,1609507372174852,4972143378,-0.025376,-0.847168,-0.821792,-4.82125,5.78375,-12.285,28.424002,19.248001,-15.920001,none,8,3.0,30738.0,204342.0,72619.0,213832.0,75112.0
2026-04-14 18:04:38.564191,723719,1609507372184376,4972154667,-0.025376,-0.847168,-0.821792,-5.3025,7.13125,-13.658751,28.424002,19.248001,-15.920001,none,8,3.0,30909.0,203076.0,72793.0,212301.0,75393.0
2026-04-14 18:04:38.564840,723720,1609507372193455,4972163430,0.007808,-0.841312,-0.65392,-5.83625,9.02125,-15.47875,28.000002,18.872002,-14.888001,none,8,3.0,30909.0,203076.0,72793.0,212301.0,75393.0
2026-04-14 18:04:38.567110,723721,1609507372208038,4972178346,0.007808,-0.841312,-0.65392,-5.95,10.7275,-16.77375,28.000002,18.872002,-14.888001,none,8,3.0,30909.0,203076.0,72793.0,212301.0,75393.0
2026-04-14 18:04:38.576037,723722,1609507372217042,4972187200,0.005856,-0.86864,-0.827648,-5.38125,11.89125,-18.8125,27.728,19.608002,-14.912001,none,8,3.0,30909.0,203076.0,72793.0,212301.0,75393.0
2026-04-14 18:04:38.587553,723723,1609507372231528,4972200128,0.05856,-0.894016,-0.659776,-4.1475,13.69375,-19.4075,26.984001,19.816002,-17.08,none,8,3.0,30909.0,203076.0,72793.0,212301.0,75393.0
2026-04-14 18:04:38.599740,723724,1609507372240984,4972210899,0.05856,-0.894016,-0.659776,-2.94,16.94,-21.5075,26.984001,19.816002,-17.08,none,8,3.0,30909.0,203076.0,72793.0,212301.0,75393.0
2026-04-14 18:04:38.608270,723725,1609507372249949,4972219618,0.05856,-0.894016,-0.659776,0.04375,19.845,-23.1875,26.984001,19.816002,-17.08,none,8,3.0,30909.0,203076.0,72793.0,212301.0,75393.0
2026-04-14 18:04:38.623342,723726,1609507372264490,4972234498,-0.001952,-0.84912,-0.880352,3.5175,23.66,-24.21125,27.376001,19.456001,-16.928001,none,8,3.0,30909.0,203076.0,72793.0,212301.0,75393.0
2026-04-14 18:04:38.631415,723727,1609507372273661,4972243266,0.005856,-0.81984,-0.67344,6.58,28.00875,-25.34875,27.128002,20.04,-16.480001,none,8,3.0,30909.0,203076.0,72793.0,212301.0,75393.0
2026-04-14 18:04:38.662248,723738,1609507372288300,4972258241,0.005856,-0.81984,-0.67344,7.8925,30.9225,-27.01125,27.128002,20.04,-16.480001,none,8,3.0,31242.0,201322.0,73299.0,210085.0,76012.0
2026-04-14 18:04:38.663361,723739,1609507372297328,4972266966,0.060512,-0.860832,-0.77104,9.5025,33.39,-28.18375,26.512001,20.264002,-16.576,none,8,3.0,31242.0,201322.0,73299.0,210085.0,76012.0
2026-04-14 18:04:38.665785,723740,1609507372306325,4972275689,0.060512,-0.860832,-0.77104,8.96875,34.29125,-30.1175,26.512001,20.264002,-16.576,none,8,3.0,31242.0,201322.0,73299.0,210085.0,76012.0
2026-04-14 18:04:38.681256,723741,1609507372320806,4972290606,-0.01952,-0.812032,-0.802272,5.7925,35.0,-31.185,26.472002,20.224,-17.168001,none,8,3.0,31242.0,201322.0,73299.0,210085.0,76012.0
2026-04-14 18:04:38.687541,723742,1609507372329695,4972299316,-0.01952,-0.812032,-0.802272,2.09125,34.43125,-32.6375,26.472002,20.224,-17.168001,none,8,3.0,31242.0,201322.0,73299.0,210085.0,76012.0
2026-04-14 18:04:38.716424,723743,1609507372344233,4972314170,-0.017568,-0.796416,-0.759328,0.93625,33.74875,-33.215,25.848001,20.888,-17.312,none,8,3.0,31242.0,201322.0,73299.0,210085.0,76012.0
2026-04-14 18:04:38.718920,723744,1609507372353183,4972322862,0.099552,-0.874496,-0.823744,2.24875,33.43375,-33.90625,25.792002,20.992,-19.296001,none,8,3.0,31242.0,201322.0,73299.0,210085.0,76012.0
2026-04-14 18:04:38.721386,723745,1609507372362125,4972331544,0.099552,-0.874496,-0.823744,1.4175,33.08375,-34.43125,25.792002,20.992,-19.296001,none,8,3.0,31242.0,201322.0,73299.0,210085.0,76012.0
2026-04-14 18:04:38.747691,723746,1609507372376639,4972346428,0.144448,-0.835456,-0.866688,-0.09625,31.89375,-35.77,24.992,21.488,-17.640001,none,8,3.0,31242.0,201322.0,73299.0,210085.0,76012.0
2026-04-14 18:04:38.802598,723757,1609507372385722,4972355210,0.144448,-0.835456,-0.866688,-3.43875,31.473751,-34.72,24.992,21.488,-17.640001,none,8,3.0,32226.0,197726.0,74950.0,205674.0,77867.0
2026-04-14 18:04:38.805174,723758,1609507372400418,4972370246,0.101504,-0.812032,-0.792512,-12.9675,31.4475,-37.5725,24.12,21.736002,-16.944,none,8,3.0,32226.0,197726.0,74950.0,205674.0,77867.0
2026-04-14 18:04:38.807725,723759,1609507372409353,4972378924,0.101504,-0.812032,-0.792512,-20.58875,31.01,-39.06,24.12,21.736002,-16.944,none,8,3.0,32226.0,197726.0,74950.0,205674.0,77867.0
2026-04-14 18:04:38.810192,723760,1609507372423925,4972393828,0.0976,-0.757376,-0.747616,-28.8575,29.68875,-38.7275,23.720001,22.248001,-17.608002,none,8,3.0,32226.0,197726.0,74950.0,205674.0,77867.0
2026-04-14 18:04:38.812183,723761,1609507372432840,4972402540,0.099552,-0.75152,-0.679296,-36.5575,28.51625,-39.576252,23.128,21.568,-19.744001,none,8,3.0,32226.0,197726.0,74950.0,205674.0,77867.0
2026-04-14 18:04:38.814654,723762,1609507372441767,4972411276,0.099552,-0.75152,-0.679296,-43.5925,27.1775,-40.43375,23.128,21.568,-19.744001,none,8,3.0,32226.0,197726.0,74950.0,205674.0,77867.0
2026-04-14 18:04:38.817679,723763,1609507372456346,4972426396,0.206912,-0.827648,-0.714432,-48.125,26.41625,-39.585,23.76,21.872002,-19.152,none,8,3.0,32226.0,197726.0,74950.0,205674.0,77867.0
2026-04-14 18:04:38.822677,723764,1609507372465367,4972435199,0.206912,-0.827648,-0.714432,-49.5425,27.32625,-39.06875,23.76,21.872002,-19.152,none,8,3.0,32226.0,197726.0,74950.0,205674.0,77867.0
2026-04-14 18:04:38.864380,723775,1609507372479873,4972450131,0.203008,-0.804224,-0.759328,-50.12875,27.02875,-39.8825,23.2,21.688002,-19.44,none,8,3.0,33294.0,193599.0,76816.0,201163.0,80059.0
2026-04-14 18:04:38.867306,723776,1609507372488895,4972458944,0.203008,-0.804224,-0.759328,-45.01,29.00625,-37.45,23.2,21.688002,-19.44,none,8,3.0,33294.0,193599.0,76816.0,201163.0,80059.0
2026-04-14 18:04:38.869652,723777,1609507372503453,4972471865,0.232288,-0.765184,-0.884256,-40.6525,33.3725,-37.2225,22.112001,22.736002,-18.104,none,8,3.0,33294.0,193599.0,76816.0,201163.0,80059.0
2026-04-14 18:04:38.871852,723778,1609507372512710,4972482682,0.232288,-0.70272,-0.724192,-39.96125,36.54875,-39.31375,22.112001,22.736002,-18.104,none,8,3.0,33294.0,193599.0,76816.0,201163.0,80059.0
2026-04-14 18:04:38.882175,723779,1609507372521652,4972491367,0.226432,-0.70272,-0.724192,-41.3525,39.27875,-40.3725,20.76,23.072,-18.304,none,8,3.0,33294.0,193599.0,76816.0,201163.0,80059.0
2026-04-14 18:04:38.893794,723780,1609507372536156,4972506314,0.199104,-0.733952,-0.802272,-43.67125,40.985,-42.51625,21.912,22.432001,-21.192001,none,8,3.0,33294.0,193599.0,76816.0,201163.0,80059.0
2026-04-14 18:04:38.903758,723781,1609507372545124,4972515028,0.199104,-0.733952,-0.802272,-45.63125,40.7575,-44.56375,21.912,22.432001,-21.192001,none,8,3.0,33294.0,193599.0,76816.0,201163.0,80059.0
2026-04-14 18:04:38.920184,723782,1609507372559629,4972529915,0.236192,-0.714432,-0.821792,-46.75125,39.69,-44.68625,20.328001,22.672,-20.560001,none,8,3.0,33294.0,193599.0,76816.0,201163.0,80059.0
2026-04-14 18:04:38.927696,723783,1609507372568639,4972538684,0.236192,-0.714432,-0.821792,-44.2575,42.2625,-43.015,20.328001,22.672,-20.560001,none,8,3.0,33294.0,193599.0,76816.0,201163.0,80059.0
2026-04-14 18:04:38.937558,723784,1609507372577728,4972547407,0.294752,-0.72224,-0.778848,-44.96625,43.435,-46.29625,20.424002,22.144001,-22.2,none,8,3.0,33294.0,193599.0,76816.0,201163.0,80059.0
2026-04-14 18:04:38.965033,723795,1609507372592334,4972562375,0.294752,-0.72224,-0.778848,-39.76875,47.55625,-45.185,20.424002,22.144001,-22.2,none,8,3.0,35514.0,205906.0,81137.0,213197.0,84819.0
2026-04-14 18:04:38.967563,723796,1609507372601310,4972571155,0.28304,-0.657824,-0.79056,-33.4425,52.5,-44.70375,19.640001,22.824001,-21.44,none,8,3.0,35514.0,205906.0,81137.0,213197.0,84819.0
2026-04-14 18:04:38.973817,723797,1609507372615886,4972586103,0.376736,-0.65392,-0.671488,-28.848751,56.21,-47.7225,18.632,22.856,-22.272001,none,8,3.0,35514.0,205906.0,81137.0,213197.0,84819.0
2026-04-14 18:04:38.982674,723798,1609507372624888,4972594813,0.376736,-0.65392,-0.671488,-25.85625,59.40375,-49.32375,18.632,22.856,-22.272001,none,8,3.0,35514.0,205906.0,81137.0,213197.0,84819.0
2026-04-14 18:04:38.992276,723799,1609507372633881,4972603509,0.230336,-0.60512,-0.88816,-23.0125,61.4775,-49.28,18.632,22.856,-24.68,none,8,3.0,35514.0,205906.0,81137.0,213197.0,84819.0
2026-04-14 18:04:39.008618,723800,1609507372648396,4972618465,0.230336,-0.60512,-0.88816,-19.1275,63.98875,-49.42875,18.632,23.088001,-24.68,none,8,3.0,35514.0,205906.0,81137.0,213197.0,84819.0
2026-04-14 18:04:39.016165,723801,1609507372657323,4972627162,0.267424,-0.636352,-0.792512,-20.6675,63.81375,-52.395,17.512001,23.152,-24.048,none,8,3.0,35514.0,205906.0,81137.0,213197.0,84819.0
2026-04-14 18:04:39.030257,723802,1609507372671814,4972642111,0.267424,-0.636352,-0.792512,-20.86875,63.32375,-52.71875,17.512001,23.152,-24.048,none,8,3.0,35514.0,205906.0,81137.0,213197.0,84819.0
2026-04-14 18:04:39.135006,723813,1609507372680729,4972651192,0.421632,-0.601216,-0.571936,-20.39625,64.12,-51.765,16.776001,23.28,-23.552002,none,8,3.0,38592.0,228340.0,86921.0,229629.0,91142.0
2026-04-14 18:04:39.159753,723814,1609507372695425,4972664093,0.427488,-0.577792,-0.67344,-18.165,65.87875,-52.255,14.832001,23.960001,-22.328001,none,8,3.0,38592.0,228340.0,86921.0,229629.0,91142.0
2026-04-14 18:04:39.162568,723815,1609507372704744,4972674917,0.427488,-0.577792,-0.67344,-14.805,68.92375,-52.77125,14.832001,23.960001,-22.328001,none,8,3.0,38592.0,228340.0,86921.0,229629.0,91142.0
2026-04-14 18:04:39.164924,723816,1609507372713736,4972683594,0.427488,-0.577792,-0.67344,-8.54875,70.4375,-54.97625,14.832001,23.960001,-22.328001,none,8,3.0,38592.0,228340.0,86921.0,229629.0,91142.0
2026-04-14 18:04:39.167351,723817,1609507372728260,4972698535,0.431392,-0.609024,-0.864736,-6.685,69.78125,-57.3125,13.576,24.304,-22.720001,none,8,3.0,38592.0,228340.0,86921.0,229629.0,91142.0
2026-04-14 18:04:39.170164,723818,1609507372737299,4972707236,0.454816,-0.593408,-0.691008,-6.23875,70.97125,-54.775,12.352,23.728,-24.288002,none,8,3.0,38592.0,228340.0,86921.0,229629.0,91142.0
2026-04-14 18:04:39.172694,723819,1609507372751802,4972722113,0.454816,-0.593408,-0.691008,-12.0925,70.8575,-55.43125,12.352,23.728,-24.288002,none,8,3.0,38592.0,228340.0,86921.0,229629.0,91142.0
2026-04-14 18:04:39.174910,723820,1609507372760721,4972730779,0.542656,-0.532896,-0.626592,-10.64875,71.6275,-54.9675,12.440001,24.064001,-24.728,none,8,3.0,38592.0,228340.0,86921.0,229629.0,91142.0
2026-04-14 18:04:39.177349,723821,1609507372769643,4972739442,0.542656,-0.532896,-0.626592,-6.22125,73.80625,-55.335,12.440001,24.064001,-24.728,none,8,3.0,38592.0,228340.0,86921.0,229629.0,91142.0
2026-04-14 18:04:39.209765,723832,1609507372784594,4972754471,0.445056,-0.495808,-0.720288,-8.715,73.80625,-57.9775,10.976001,24.328001,-24.792002,none,8,3.0,42692.0,255459.0,94562.0,250920.0,99558.0
2026-04-14 18:04:39.210339,723833,1609507372793600,4972763163,0.445056,-0.495808,-0.720288,-17.29,73.4475,-61.32,10.976001,24.328001,-24.792002,none,8,3.0,42692.0,255459.0,94562.0,250920.0,99558.0
2026-04-14 18:04:39.212054,723834,1609507372808107,4972778074,0.4392,-0.589504,-0.837408,-21.315,71.933754,-61.075,10.224001,24.576,-25.336,none,8,3.0,42692.0,255459.0,94562.0,250920.0,99558.0
2026-04-14 18:04:39.214716,723835,1609507372817098,4972786812,0.564128,-0.59536,-0.687104,-22.2775,69.60625,-60.9525,9.8,24.048,-26.28,none,8,3.0,42692.0,255459.0,94562.0,250920.0,99558.0
2026-04-14 18:04:39.218582,723836,1609507372831594,4972801756,0.564128,-0.59536,-0.687104,-16.56375,73.21125,-55.65875,9.8,24.048,-26.28,none,8,3.0,42692.0,255459.0,94562.0,250920.0,99558.0
2026-04-14 18:04:39.219468,723837,1609507372840655,4972810476,0.691008,-0.583648,-0.661728,-11.17375,80.14125,-49.79625,9.296001,24.368002,-26.568,none,8,3.0,42692.0,255459.0,94562.0,250920.0,99558.0
2026-04-14 18:04:39.222479,723838,1609507372849759,4972819246,0.691008,-0.583648,-0.661728,0.39375,85.07625,-54.39875,9.296001,24.368002,-26.568,none,8,3.0,42692.0,255459.0,94562.0,250920.0,99558.0
2026-04-14 18:04:39.224763,723839,1609507372864259,4972834154,0.470432,-0.308416,-0.628544,12.32,86.6425,-62.65875,8.120001,24.920002,-26.656002,none,8,3.0,42692.0,255459.0,94562.0,250920.0,99558.0
2026-04-14 18:04:39.232540,723840,1609507372873268,4972842919,0.470432,-0.308416,-0.628544,13.85125,82.90625,-65.05625,8.120001,24.920002,-26.656002,none,8,3.0,42692.0,255459.0,94562.0,250920.0,99558.0
2026-04-14 18:04:39.267707,723851,1609507372888069,4972858117,0.491904,-0.3416,-0.616832,-11.27,77.67375,-67.9175,6.976,24.672,-25.144001,none,8,3.0,59646.0,286067.0,125148.0,276277.0,134342.0
2026-04-14 18:04:39.270246,723852,1609507372897255,4972866822,0.62464,-0.489952,-0.525088,-29.56625,75.80125,-66.2725,5.64,25.000002,-26.856,none,8,3.0,59646.0,286067.0,125148.0,276277.0,134342.0
2026-04-14 18:04:39.272741,723853,1609507372906307,4972875602,0.62464,-0.489952,-0.525088,-39.34,76.93,-63.2975,5.64,25.000002,-26.856,none,8,3.0,59646.0,286067.0,125148.0,276277.0,134342.0
2026-04-14 18:04:39.277734,723854,1609507372920853,4972890575,0.609024,-0.489952,-0.366976,-37.26625,76.99125,-62.04625,4.52,24.648,-27.192001,none,8,3.0,59646.0,286067.0,125148.0,276277.0,134342.0
2026-04-14 18:04:39.288988,723855,1609507372929921,4972899268,0.609024,-0.489952,-0.366976,-28.245,77.65625,-62.69375,4.52,24.648,-27.192001,none,8,3.0,59646.0,286067.0,125148.0,276277.0,134342.0
2026-04-14 18:04:39.303275,723856,1609507372944407,4972914205,0.6832,-0.46848,-0.534848,-16.49375,80.59625,-64.26,3.224,24.68,-27.36,none,8,3.0,59646.0,286067.0,125148.0,276277.0,134342.0
2026-04-14 18:04:39.314623,723857,1609507372953332,4972922895,0.6832,-0.46848,-0.534848,-6.9475,84.74375,-63.0175,3.224,24.68,-27.36,none,8,3.0,59646.0,286067.0,125148.0,276277.0,134342.0
2026-04-14 18:04:39.318809,723858,1609507372962327,4972931578,0.618784,-0.396256,-0.447008,-8.68,86.26625,-61.355,2.136,24.952002,-27.072,none,8,3.0,59646.0,286067.0,125148.0,276277.0,134342.0
2026-04-14 18:04:39.335060,723859,1609507372976812,4972946511,0.622688,-0.284992,-0.357216,4.7775,85.9775,-58.7475,1.192,25.016,-27.680002,none,8,3.0,59646.0,286067.0,125148.0,276277.0,134342.0
2026-04-14 18:04:39.368203,723870,1609507372986476,4972955277,0.622688,-0.284992,-0.357216,8.4525,84.1225,-61.69625,1.192,25.016,-27.680002,none,8,3.0,113198.0,303885.0,197560.0,291042.0,207181.0
2026-04-14 18:04:39.369955,723871,1609507373001504,4972970303,0.519232,-0.20496,-0.3904,7.93625,79.765,-65.4325,-0.832,25.264002,-26.104002,none,8,3.0,113198.0,303885.0,197560.0,291042.0,207181.0
2026-04-14 18:04:39.371898,723872,1609507373010913,4972981048,0.519232,-0.20496,-0.3904,11.1475,76.78125,-68.55625,-0.832,25.264002,-26.104002,none,8,3.0,113198.0,303885.0,197560.0,291042.0,207181.0
2026-04-14 18:04:39.378239,723873,1609507373019876,4972989804,0.513376,-0.316224,-0.66368,-1.86375,72.24,-73.91125,-1.984,25.056002,-26.160002,none,8,3.0,113198.0,303885.0,197560.0,291042.0,207181.0
2026-04-14 18:04:39.389504,723874,1609507373034375,4973002763,0.513376,-0.316224,-0.66368,-9.31875,66.1675,-70.97125,-1.984,25.056002,-26.160002,none,8,3.0,113198.0,303885.0,197560.0,291042.0,207181.0
2026-04-14 18:04:39.400864,723875,1609507373043576,4973013520,0.609024,-0.366976,-0.42944,-19.95,60.9175,-67.0075,-2.376,24.712002,-28.512001,none,8,3.0,113198.0,303885.0,197560.0,291042.0,207181.0
2026-04-14 18:04:39.424255,723876,1609507373058068,4973026467,0.636352,-0.296704,-0.327936,-18.13,56.7875,-59.38625,-3.2,25.088001,-26.240002,none,8,3.0,113198.0,303885.0,197560.0,291042.0,207181.0
2026-04-14 18:04:39.451226,723877,1609507373067365,4973037235,0.636352,-0.296704,-0.327936,-17.26375,52.29,-55.11625,-3.2,25.088001,-26.240002,none,8,3.0,113198.0,303885.0,197560.0,291042.0,207181.0
2026-04-14 18:04:39.453781,723878,1609507373076489,4973046113,0.636352,-0.13664,-0.316224,7.02625,52.43,-52.263752,-3.2,25.088001,-26.240002,none,8,3.0,113198.0,303885.0,197560.0,291042.0,207181.0
2026-04-14 18:04:39.519072,723889,1609507373091427,4973061192,0.6344,-0.13664,-0.316224,34.5975,55.48375,-52.15,-3.728,25.304,-26.472002,none,8,3.0,135271.0,316984.0,223957.0,303540.0,231877.0
2026-04-14 18:04:39.519457,723890,1609507373100521,4973069935,0.49776,-0.189344,-0.437248,35.175,51.79125,-53.45375,-4.472,25.288002,-26.448002,none,8,3.0,135271.0,316984.0,223957.0,303540.0,231877.0
2026-04-14 18:04:39.520884,723891,1609507373109599,4973078684,0.49776,-0.189344,-0.437248,35.60375,41.3875,-41.7375,-4.472,25.288002,-26.448002,none,8,3.0,135271.0,316984.0,223957.0,303540.0,231877.0
2026-04-14 18:04:39.526497,723892,1609507373124087,4973093626,0.831552,-0.499712,-0.550464,21.28,31.08,-30.31,-4.568,25.320002,-26.512001,none,8,3.0,135271.0,316984.0,223957.0,303540.0,231877.0
2026-04-14 18:04:39.526579,723893,1609507373133015,4973102306,0.831552,-0.499712,-0.550464,12.08375,24.85,-19.78375,-4.568,25.320002,-26.512001,none,8,3.0,135271.0,316984.0,223957.0,303540.0,231877.0
2026-04-14 18:04:39.528240,723894,1609507373147503,4973117281,0.853024,-0.197152,-0.074176,19.94125,19.74,-16.52875,-5.44,25.872002,-25.944002,none,8,3.0,135271.0,316984.0,223957.0,303540.0,231877.0
2026-04-14 18:04:39.531817,723895,1609507373156508,4973126031,0.853024,-0.197152,-0.074176,55.08125,23.30125,-21.8575,-5.44,25.872002,-25.944002,none,8,3.0,135271.0,316984.0,223957.0,303540.0,231877.0
2026-04-14 18:04:39.534359,723896,1609507373171055,4973141005,0.880352,0.191296,0.005856,66.49125,40.76625,-37.1175,-5.768,26.048,-25.192001,none,8,3.0,135271.0,316984.0,223957.0,303540.0,231877.0
2026-04-14 18:04:39.538296,723897,1609507373180177,4973149760,0.64416,-0.16592,-0.1952,51.5725,45.82375,-50.225,-7.000001,26.752,-24.272001,none,8,3.0,135271.0,316984.0,223957.0,303540.0,231877.0
2026-04-14 18:04:39.571195,723908,1609507373189334,4973158660,0.64416,-0.16592,-0.1952,22.3475,36.63625,-43.785,-7.000001,26.752,-24.272001,none,8,3.0,159907.0,331156.0,253560.0,317149.0,259151.0
2026-04-14 18:04:39.573633,723909,1609507373203896,4973173707,0.954528,-0.935008,-0.179584,-5.55625,20.09,-26.705,-7.368001,26.736002,-24.44,none,8,3.0,159907.0,331156.0,253560.0,317149.0,259151.0
2026-04-14 18:04:39.576048,723910,1609507373212847,4973182420,0.954528,-0.935008,-0.179584,-40.705,6.55375,-15.91625,-7.368001,26.736002,-24.44,none,8,3.0,159907.0,331156.0,253560.0,317149.0,259151.0
2026-04-14 18:04:39.586222,723911,1609507373227415,4973197346,0.81984,-0.152256,0.099552,-22.8375,2.59,-0.875,-7.824,26.288002,-23.912,none,8,3.0,159907.0,331156.0,253560.0,317149.0,259151.0
2026-04-14 18:04:39.593542,723912,1609507373236418,4973206062,0.81984,-0.152256,0.099552,43.995,17.82375,0.84875,-7.824,26.288002,-23.912,none,8,3.0,159907.0,331156.0,253560.0,317149.0,259151.0
2026-04-14 18:04:39.603726,723913,1609507373245352,4973214744,0.757376,0.035136,-0.27328,51.38,27.8425,-16.87,-7.264,26.808,-25.008001,none,8,3.0,159907.0,331156.0,253560.0,317149.0,259151.0
2026-04-14 18:04:39.619786,723914,1609507373259874,4973229636,0.833504,-0.386496,-0.277184,25.235,23.03875,-16.59,-6.776001,26.392002,-24.896002,none,8,3.0,159907.0,331156.0,253560.0,317149.0,259151.0
2026-04-14 18:04:39.626065,723915,1609507373268807,4973238352,0.833504,-0.386496,-0.277184,-17.3075,7.805,-9.4325,-6.776001,26.392002,-24.896002,none,8,3.0,159907.0,331156.0,253560.0,317149.0,259151.0
2026-04-14 18:04:39.643403,723916,1609507373283355,4973253268,0.837408,-0.17568,-0.070272,-21.76125,-1.04125,-2.59,-7.512001,26.488,-24.320002,none,8,3.0,159907.0,331156.0,253560.0,317149.0,259151.0
2026-04-14 18:04:39.669884,723927,1609507373292460,4973262046,0.837408,-0.17568,-0.070272,0.88375,0.4725,-7.9275,-7.512001,26.488,-24.320002,none,8,3.0,167974.0,335402.0,262578.0,320972.0,266426.0
2026-04-14 18:04:39.672379,723928,1609507373307185,4973277002,0.732,-0.111264,-0.042944,5.005,4.78625,-13.195,-7.208,26.408,-25.056002,none,8,3.0,167974.0,335402.0,262578.0,320972.0,266426.0
2026-04-14 18:04:39.677367,723929,1609507373316140,4973285712,0.732,-0.111264,-0.042944,-5.32,5.3375,-7.945,-7.208,26.408,-25.056002,none,8,3.0,167974.0,335402.0,262578.0,320972.0,266426.0
2026-04-14 18:04:39.682389,723930,1609507373325081,4973294423,0.886208,-0.542656,-0.447008,-19.2675,0.49875,-4.06875,-7.056,26.616001,-25.416,none,8,3.0,167974.0,335402.0,262578.0,320972.0,266426.0
2026-04-14 18:04:39.702491,723931,1609507373339687,4973309480,0.792512,-0.122976,-0.101504,-29.40875,-9.17,-1.44375,-6.816001,26.392002,-26.984001,none,8,3.0,167974.0,335402.0,262578.0,320972.0,266426.0
2026-04-14 18:04:39.705936,723932,1609507373348821,4973318201,0.792512,-0.122976,-0.101504,-16.1875,-14.34125,1.96,-6.816001,26.392002,-26.984001,none,8,3.0,167974.0,335402.0,262578.0,320972.0,266426.0
2026-04-14 18:04:39.721033,723933,1609507373363394,4973333139,0.767136,0.042944,-0.327936,17.1675,-7.35,-1.37375,-7.168,26.424002,-24.36,none,8,3.0,167974.0,335402.0,262578.0,320972.0,266426.0
2026-04-14 18:04:39.729982,723934,1609507373372325,4973341830,0.767136,0.042944,-0.327936,9.3975,0.7525,-13.95625,-7.168,26.424002,-24.36,none,8,3.0,167974.0,335402.0,262578.0,320972.0,266426.0
2026-04-14 18:04:39.740085,723935,1609507373381324,4973350526,0.895968,-0.417728,-0.548512,-19.8275,1.98625,-10.6925,-7.976,26.256,-24.76,none,8,3.0,167974.0,335402.0,262578.0,320972.0,266426.0
2026-04-14 18:04:39.812172,723946,1609507373396107,4973365760,0.895968,-0.417728,-0.548512,-38.96375,-4.4275,-3.1325,-7.976,26.256,-24.76,none,8,3.0,156819.0,334281.0,249113.0,319774.0,254696.0
2026-04-14 18:04:39.837587,723947,1609507373405094,4973374443,0.784704,-0.353312,-0.208864,-44.23125,-13.685,-2.5725,-7.784,26.544,-24.536001,none,8,3.0,156819.0,334281.0,249113.0,319774.0,254696.0
2026-04-14 18:04:39.862709,723948,1609507373419750,4973389388,0.909632,-0.00976,-0.203008,-5.39875,-13.11625,1.88125,-7.728,26.44,-24.232,none,8,3.0,156819.0,334281.0,249113.0,319774.0,254696.0
2026-04-14 18:04:39.877743,723949,1609507373428689,4973398086,0.909632,-0.00976,-0.203008,25.85625,-4.15625,-7.595,-7.728,26.44,-24.232,none,8,3.0,156819.0,334281.0,249113.0,319774.0,254696.0
2026-04-14 18:04:39.880229,723950,1609507373437746,4973406867,0.909632,-0.00976,-0.203008,13.62375,2.1,-14.28,-7.728,26.44,-24.232,none,8,3.0,156819.0,334281.0,249113.0,319774.0,254696.0
2026-04-14 18:04:39.882739,723951,1609507373452206,4973421764,0.903776,-0.249856,-0.554368,-6.65875,2.31,-4.8825,-7.896,26.240002,-24.424002,none,8,3.0,156819.0,334281.0,249113.0,319774.0,254696.0
2026-04-14 18:04:39.885242,723952,1609507373461144,4973430526,0.915488,-0.407968,-0.472384,-22.6625,-1.8725,0.21,-8.216001,26.160002,-23.368002,none,8,3.0,156819.0,334281.0,249113.0,319774.0,254696.0
2026-04-14 18:04:39.889987,723953,1609507373475643,4973445413,0.915488,-0.407968,-0.472384,-23.31,-4.4275,1.91625,-8.216001,26.160002,-23.368002,none,8,3.0,156819.0,334281.0,249113.0,319774.0,254696.0
2026-04-14 18:04:39.892209,723954,1609507373484588,4973454103,0.853024,-0.144448,-0.325984,-4.1475,-2.21375,2.1,-8.392,26.592001,-23.824001,none,8,3.0,156819.0,334281.0,249113.0,319774.0,254696.0
2026-04-14 18:04:39.919893,723965,1609507373499153,4973468977,0.853024,-0.183488,-0.472384,11.34875,1.925,-4.99625,-8.392,26.592001,-23.824001,none,8,3.0,141883.0,330859.0,230989.0,316624.0,237709.0
2026-04-14 18:04:39.922612,723966,1609507373508107,4973477672,0.739808,-0.183488,-0.472384,11.6375,4.865,-8.70625,-8.64,26.312002,-22.496,none,8,3.0,141883.0,330859.0,230989.0,316624.0,237709.0
2026-04-14 18:04:39.925009,723967,1609507373517043,4973486414,0.739808,-0.183488,-0.472384,6.4575,3.59625,-5.80125,-8.64,26.312002,-22.496,none,8,3.0,141883.0,330859.0,230989.0,316624.0,237709.0
2026-04-14 18:04:39.927592,723968,1609507373531588,4973501317,0.942816,-0.411872,-0.486048,3.745,-0.665,-2.8875,-8.224,26.552002,-24.352001,none,8,3.0,141883.0,330859.0,230989.0,316624.0,237709.0
2026-04-14 18:04:39.929634,723969,1609507373540643,4973510045,0.905728,-0.216672,-0.173728,1.855,-3.7625,0.76125,-7.992001,26.640001,-22.792002,none,8,3.0,141883.0,330859.0,230989.0,316624.0,237709.0
2026-04-14 18:04:39.932681,723970,1609507373555222,4973525050,0.905728,-0.216672,-0.173728,10.14125,-2.52875,5.57375,-7.992001,26.640001,-22.792002,none,8,3.0,141883.0,330859.0,230989.0,316624.0,237709.0
2026-04-14 18:04:39.935196,723971,1609507373564200,4973533751,0.854976,-0.203008,-0.21472,14.0175,3.0975,5.67875,-7.568,26.416,-24.264002,none,8,3.0,141883.0,330859.0,230989.0,316624.0,237709.0
2026-04-14 18:04:39.937668,723972,1609507373578778,4973548641,0.854976,-0.203008,-0.21472,6.195,6.9475,5.355,-7.568,26.416,-24.264002,none,8,3.0,141883.0,330859.0,230989.0,316624.0,237709.0
2026-04-14 18:04:39.969535,723983,1609507373588161,4973557336,0.864736,-0.226432,-0.36112,4.33125,9.835,5.18875,-8.112,26.808,-25.168001,none,8,3.0,138054.0,329617.0,226636.0,315596.0,233947.0
2026-04-14 18:04:39.972201,723984,1609507373597188,4973566075,0.864736,-0.226432,-0.36112,10.43875,10.14125,3.70125,-8.112,26.808,-25.168001,none,8,3.0,138054.0,329617.0,226636.0,315596.0,233947.0
2026-04-14 18:04:39.974744,723985,1609507373611702,4973580989,0.856928,-0.1952,-0.290848,11.24375,6.20375,0.81375,-7.8,26.52,-25.264002,none,8,3.0,138054.0,329617.0,226636.0,315596.0,233947.0
2026-04-14 18:04:39.980212,723986,1609507373620771,4973589687,0.88816,-0.279136,-0.15616,6.57125,2.1175,0.9975,-7.032001,26.416,-25.024002,none,8,3.0,138054.0,329617.0,226636.0,315596.0,233947.0
2026-04-14 18:04:39.994570,723987,1609507373635257,4973604639,0.88816,-0.279136,-0.15616,-1.19875,-0.51625,0.6825,-7.032001,26.416,-25.024002,none,8,3.0,138054.0,329617.0,226636.0,315596.0,233947.0
2026-04-14 18:04:40.001280,723988,1609507373644178,4973613337,0.772992,-0.212768,-0.17568,-6.37875,-0.7175,0.665,-6.848001,26.144001,-25.496,none,8,3.0,138054.0,329617.0,226636.0,315596.0,233947.0
2026-04-14 18:04:40.012162,723989,1609507373653277,4973622028,0.772992,-0.212768,-0.17568,1.575,0.98,1.47,-6.848001,26.144001,-25.496,none,8,3.0,138054.0,329617.0,226636.0,315596.0,233947.0
2026-04-14 18:04:40.025013,723990,1609507373668144,4973637020,0.886208,-0.267424,-0.357216,5.6525,1.35625,0.06125,-6.904,26.584002,-25.192001,none,8,3.0,138054.0,329617.0,226636.0,315596.0,233947.0
2026-04-14 18:04:40.035176,723991,1609507373677080,4973645730,0.886208,-0.267424,-0.357216,4.87375,0.39375,1.365,-6.904,26.584002,-25.192001,none,8,3.0,138054.0,329617.0,226636.0,315596.0,233947.0
2026-04-14 18:04:40.071448,724002,1609507373692223,4973661187,0.837408,-0.271328,-0.271328,0.25375,-2.28375,3.2725,-7.808001,26.472002,-25.184002,none,8,3.0,142807.0,331114.0,232399.0,317176.0,239204.0
2026-04-14 18:04:40.073993,724003,1609507373701225,4973669944,0.847168,-0.28304,-0.324032,-5.285,-4.3575,4.6025,-8.416,26.984001,-23.776001,none,8,3.0,142807.0,331114.0,232399.0,317176.0,239204.0
2026-04-14 18:04:40.078457,724004,1609507373710661,4973680808,0.847168,-0.28304,-0.324032,-5.34625,-2.9925,6.48375,-8.416,26.984001,-23.776001,none,8,3.0,142807.0,331114.0,232399.0,317176.0,239204.0
2026-04-14 18:04:40.082744,724005,1609507373725253,4973693663,0.774944,-0.22448,-0.162016,-8.225,-1.19875,5.0225,-7.568,26.928001,-24.272001,none,8,3.0,142807.0,331114.0,232399.0,317176.0,239204.0
2026-04-14 18:04:40.093356,724006,1609507373734545,4973704425,0.774944,-0.22448,-0.162016,-7.595,-0.41125,6.06375,-7.568,26.928001,-24.272001,none,8,3.0,142807.0,331114.0,232399.0,317176.0,239204.0
2026-04-14 18:04:40.099520,724007,1609507373743607,4973713140,0.923296,-0.269376,-0.208864,-3.9025,-1.1725,6.22125,-6.584,26.528002,-25.112001,none,8,3.0,142807.0,331114.0,232399.0,317176.0,239204.0
2026-04-14 18:04:40.116414,724008,1609507373758092,4973728029,0.923296,-0.269376,-0.208864,-4.0775,-3.94625,6.15125,-6.584,26.528002,-25.112001,none,8,3.0,142807.0,331114.0,232399.0,317176.0,239204.0
2026-04-14 18:04:40.124980,724009,1609507373767033,4973736736,0.91744,-0.257664,-0.113216,-9.24875,-6.71125,6.32625,-6.808,27.000002,-23.968,none,8,3.0,142807.0,331114.0,232399.0,317176.0,239204.0
2026-04-14 18:04:40.141476,724010,1609507373781617,4973751617,0.866688,-0.232288,-0.216672,-9.00375,-6.8775,7.175,-7.344,26.840002,-25.944002,none,8,3.0,142807.0,331114.0,232399.0,317176.0,239204.0
2026-04-14 18:04:40.242210,724021,1609507373790962,4973760399,0.866688,-0.232288,-0.216672,-7.09625,-5.11875,5.17125,-7.344,26.840002,-25.944002,none,8,3.0,140839.0,329728.0,230003.0,315892.0,236798.0
2026-04-14 18:04:40.244730,724022,1609507373800164,4973769193,0.866688,-0.232288,-0.216672,-8.295,-4.19125,4.55875,-7.344,26.840002,-25.944002,none,8,3.0,140839.0,329728.0,230003.0,315892.0,236798.0
2026-04-14 18:04:40.247282,724023,1609507373814799,4973784127,0.724192,-0.251808,-0.398208,-10.78875,-5.01375,5.66125,-6.960001,26.544,-24.392002,none,8,3.0,140839.0,329728.0,230003.0,315892.0,236798.0
2026-04-14 18:04:40.249613,724024,1609507373823835,4973792958,0.776896,-0.325984,-0.345504,-10.07125,-7.28875,7.6475,-6.736001,26.672,-24.28,none,8,3.0,140839.0,329728.0,230003.0,315892.0,236798.0
2026-04-14 18:04:40.252332,724025,1609507373838327,4973807867,0.776896,-0.325984,-0.345504,-5.18,-9.73875,11.2875,-6.736001,26.672,-24.28,none,8,3.0,140839.0,329728.0,230003.0,315892.0,236798.0
2026-04-14 18:04:40.255230,724026,1609507373847243,4973816546,0.88816,-0.386496,-0.310368,-4.08625,-12.9325,15.72375,-6.824,26.6,-23.616001,none,8,3.0,140839.0,329728.0,230003.0,315892.0,236798.0
2026-04-14 18:04:40.257710,724027,1609507373861769,4973831459,0.80032,-0.257664,-0.284992,-7.77875,-16.07375,19.34625,-6.824,26.6,-23.664001,none,8,3.0,140839.0,329728.0,230003.0,315892.0,236798.0
2026-04-14 18:04:40.259690,724028,1609507373870727,4973840198,0.80032,-0.257664,-0.284992,-5.53,-16.75625,22.49625,-7.144001,27.04,-23.664001,none,8,3.0,140839.0,329728.0,230003.0,315892.0,236798.0
2026-04-14 18:04:40.264910,724029,1609507373879664,4973848977,0.80032,-0.257664,-0.284992,3.605,-14.8225,24.465,-7.144001,27.04,-23.664001,none,8,3.0,140839.0,329728.0,230003.0,315892.0,236798.0
2026-04-14 18:04:40.290041,724040,1609507373894292,4973864411,0.733952,-0.122976,-0.284992,5.3375,-12.97625,22.435,-6.728,26.592001,-24.304,none,8,3.0,133328.0,325450.0,220998.0,311907.0,228237.0
2026-04-14 18:04:40.292105,724041,1609507373903501,4973873276,0.730048,-0.218624,-0.208864,-0.14875,-11.43625,22.6625,-5.56,26.752,-26.456001,none,8,3.0,133328.0,325450.0,220998.0,311907.0,228237.0
2026-04-14 18:04:40.295107,724042,1609507373918099,4973888317,0.730048,-0.218624,-0.208864,-5.67875,-13.3875,27.18625,-5.56,26.752,-26.456001,none,8,3.0,133328.0,325450.0,220998.0,311907.0,228237.0
2026-04-14 18:04:40.297596,724043,1609507373927102,4973897045,0.798368,-0.407968,-0.491904,-9.4325,-17.29,30.380001,-5.176,26.328001,-24.568,none,8,3.0,133328.0,325450.0,220998.0,311907.0,228237.0
2026-04-14 18:04:40.300086,724044,1609507373936032,4973905752,0.798368,-0.407968,-0.491904,-14.1225,-22.28625,31.7275,-5.176,26.328001,-24.568,none,8,3.0,133328.0,325450.0,220998.0,311907.0,228237.0
2026-04-14 18:04:40.308461,724045,1609507373950568,4973920601,0.72224,-0.366976,-0.427488,-15.4875,-25.5675,32.66375,-4.568,26.648,-24.768002,none,8,3.0,133328.0,325450.0,220998.0,311907.0,228237.0
2026-04-14 18:04:40.317718,724046,1609507373959675,4973929308,0.72224,-0.366976,-0.427488,-2.7825,-25.45375,35.06125,-4.568,26.648,-24.768002,none,8,3.0,133328.0,325450.0,220998.0,311907.0,228237.0
2026-04-14 18:04:40.332727,724047,1609507373974188,4973944195,0.784704,-0.228384,-0.26352,15.627501,-23.0825,34.97375,-3.24,26.408,-25.240002,none,8,3.0,133328.0,325450.0,220998.0,311907.0,228237.0
2026-04-14 18:04:40.341163,724048,1609507373983158,4973952881,0.691008,-0.259616,-0.435296,18.7775,-20.27375,33.9675,-3.096,26.544,-25.888,none,8,3.0,133328.0,325450.0,220998.0,311907.0,228237.0
2026-04-14 18:04:40.372573,724059,1609507373997717,4973967946,0.691008,-0.259616,-0.435296,14.1925,-19.18875,38.40375,-3.096,26.544,-25.888,none,8,3.0,127359.0,320409.0,214066.0,307343.0,222067.0
2026-04-14 18:04:40.374932,724060,1609507374006677,4973976666,0.698816,-0.31232,-0.366976,7.595,-21.90125,42.62125,-2.128,26.208002,-25.480001,none,8,3.0,127359.0,320409.0,214066.0,307343.0,222067.0
2026-04-14 18:04:40.377611,724061,1609507374015615,4973985377,0.698816,-0.31232,-0.366976,-1.365,-25.366251,41.92125,-2.128,26.208002,-25.480001,none,8,3.0,127359.0,320409.0,214066.0,307343.0,222067.0
2026-04-14 18:04:40.388384,724062,1609507374030182,4974000312,0.704672,-0.306464,-0.329888,-3.1675,-27.72,42.9275,-1.6,26.344002,-24.960001,none,8,3.0,127359.0,320409.0,214066.0,307343.0,222067.0
2026-04-14 18:04:40.396369,724063,1609507374039211,4974009016,0.704672,-0.306464,-0.329888,-5.29375,-30.03875,42.420002,-1.6,26.344002,-24.960001,none,8,3.0,127359.0,320409.0,214066.0,307343.0,222067.0
2026-04-14 18:04:40.427694,724064,1609507374053737,4974023937,0.661728,-0.337696,-0.255712,-4.27,-30.0825,42.42875,-1.12,26.424002,-25.904001,none,8,3.0,127359.0,320409.0,214066.0,307343.0,222067.0
2026-04-14 18:04:40.430178,724065,1609507374062651,4974032627,0.661728,-0.337696,-0.2928,0.035,-29.47875,46.1825,-1.12,26.424002,-25.904001,none,8,3.0,127359.0,320409.0,214066.0,307343.0,222067.0
2026-04-14 18:04:40.432677,724066,1609507374071564,4974041305,0.689056,-0.413824,-0.2928,1.925,-30.6425,49.67375,-0.264,26.576002,-22.888,none,8,3.0,127359.0,320409.0,214066.0,307343.0,222067.0
2026-04-14 18:04:40.446447,724067,1609507374086069,4974056270,0.726144,-0.47824,-0.402112,2.3625,-33.5125,52.22,0.496,26.552002,-25.920002,none,8,3.0,127359.0,320409.0,214066.0,307343.0,222067.0
2026-04-14 18:04:40.473791,724078,1609507374095184,4974065423,0.726144,-0.47824,-0.402112,-4.15625,-38.63125,51.89625,0.496,26.552002,-25.920002,none,8,3.0,111687.0,309766.0,195161.0,297366.0,203866.0
2026-04-14 18:04:40.475992,724079,1609507374109773,4974078298,0.675392,-0.275232,-0.353312,-9.2575,-43.076252,52.9375,0.568,26.568,-24.952002,none,8,3.0,111687.0,309766.0,195161.0,297366.0,203866.0
2026-04-14 18:04:40.478441,724080,1609507374119171,4974089042,0.675392,-0.275232,-0.353312,-4.2525,-45.63125,54.80125,0.568,26.568,-24.952002,none,8,3.0,111687.0,309766.0,195161.0,297366.0,203866.0
2026-04-14 18:04:40.488793,724081,1609507374128175,4974097726,0.669536,-0.36112,-0.365024,-4.89125,-45.6225,50.47,1.128,26.584002,-24.912,none,8,3.0,111687.0,309766.0,195161.0,297366.0,203866.0
2026-04-14 18:04:40.501457,724082,1609507374142726,4974112661,0.669536,-0.36112,-0.365024,-13.8425,-45.14125,47.32,1.128,26.584002,-24.912,none,8,3.0,111687.0,309766.0,195161.0,297366.0,203866.0
2026-04-14 18:04:40.513913,724083,1609507374151729,4974121359,0.577792,-0.501664,-0.427488,-19.45125,-47.6875,49.5425,2.472,26.128002,-24.136002,none,8,3.0,111687.0,309766.0,195161.0,297366.0,203866.0
2026-04-14 18:04:40.525138,724084,1609507374166270,4974136346,0.669536,-0.59536,-0.495808,-18.655,-51.68625,52.10625,3.112,25.888,-26.416,none,8,3.0,111687.0,309766.0,195161.0,297366.0,203866.0
2026-04-14 18:04:40.552211,724085,1609507374175276,4974145041,0.669536,-0.59536,-0.495808,-23.70375,-56.90125,53.6025,3.112,25.888,-26.416,none,8,3.0,111687.0,309766.0,195161.0,297366.0,203866.0
2026-04-14 18:04:40.624830,724096,1609507374189742,4974159948,0.733952,-0.433344,-0.462624,-25.55,-61.4425,54.853752,4.144,25.872002,-25.480001,none,8,3.0,78130.0,287600.0,153453.0,276944.0,161508.0
2026-04-14 18:04:40.627737,724097,1609507374198752,4974168805,0.733952,-0.433344,-0.462624,-12.24125,-60.19125,56.00875,4.144,25.872002,-25.480001,none,8,3.0,78130.0,287600.0,153453.0,276944.0,161508.0
2026-04-14 18:04:40.629787,724098,1609507374207668,4974177534,0.59536,-0.363072,-0.519232,3.66625,-56.2975,51.21375,4.664,26.320002,-25.016,none,8,3.0,78130.0,287600.0,153453.0,276944.0,161508.0
2026-04-14 18:04:40.632671,724099,1609507374222175,4974192421,0.59536,-0.363072,-0.519232,3.815,-55.02875,42.857502,4.664,26.320002,-25.016,none,8,3.0,78130.0,287600.0,153453.0,276944.0,161508.0
2026-04-14 18:04:40.635190,724100,1609507374231116,4974201180,0.503616,-0.503616,-0.599264,-3.0625,-56.84875,41.69375,5.568,25.728,-24.560001,none,8,3.0,78130.0,287600.0,153453.0,276944.0,161508.0
2026-04-14 18:04:40.639927,724101,1609507374245602,4974214009,0.523136,-0.6344,-0.726144,-12.075,-58.73,45.71,5.952,25.816002,-23.232,none,8,3.0,78130.0,287600.0,153453.0,276944.0,161508.0
2026-04-14 18:04:40.640042,724102,1609507374255020,4974224791,0.523136,-0.6344,-0.726144,-17.4125,-62.95625,47.3725,5.952,25.816002,-23.232,none,8,3.0,78130.0,287600.0,153453.0,276944.0,161508.0
2026-04-14 18:04:40.642151,724103,1609507374264104,4974233562,0.523136,-0.6344,-0.425536,-13.335,-67.97,48.20375,5.952,25.816002,-23.232,none,8,3.0,78130.0,287600.0,153453.0,276944.0,161508.0
2026-04-14 18:04:40.650725,724104,1609507374278678,4974248454,0.745664,-0.562176,-0.425536,-6.23875,-69.20375,48.29125,6.864,25.584002,-24.176,none,8,3.0,78130.0,287600.0,153453.0,276944.0,161508.0
2026-04-14 18:04:40.652784,724105,1609507374287655,4974257238,0.648064,-0.488,-0.425536,6.3525,-65.30125,47.0575,8.224,25.032001,-24.768002,none,8,3.0,78130.0,287600.0,153453.0,276944.0,161508.0
2026-04-14 18:04:40.674952,724116,1609507374302400,4974272249,0.648064,-0.488,-0.425536,11.47125,-60.025,42.7525,8.224,25.032001,-24.768002,none,8,3.0,57006.0,266151.0,123522.0,259487.0,131046.0
2026-04-14 18:04:40.677539,724117,1609507374311387,4974281008,0.388448,-0.452864,-0.61488,15.225,-58.87875,40.013752,9.016001,25.320002,-24.792002,none,8,3.0,57006.0,266151.0,123522.0,259487.0,131046.0
2026-04-14 18:04:40.683376,724118,1609507374326179,4974296007,0.5368,-0.628544,-0.640256,17.52625,-61.32,38.68375,9.752001,25.232,-24.320002,none,8,3.0,57006.0,266151.0,123522.0,259487.0,131046.0
2026-04-14 18:04:40.692275,724119,1609507374335496,4974304815,0.5368,-0.628544,-0.640256,10.54375,-64.61,39.03375,9.752001,25.232,-24.320002,none,8,3.0,57006.0,266151.0,123522.0,259487.0,131046.0
2026-04-14 18:04:40.702697,724120,1609507374344499,4974313536,0.5368,-0.628544,-0.755424,-1.47875,-66.3775,43.81125,9.752001,25.232,-24.320002,none,8,3.0,57006.0,266151.0,123522.0,259487.0,131046.0
2026-04-14 18:04:40.718920,724121,1609507374358954,4974328448,0.638304,-0.67344,-0.755424,-0.58625,-63.805,44.625,11.72,24.840002,-25.144001,none,8,3.0,57006.0,266151.0,123522.0,259487.0,131046.0
2026-04-14 18:04:40.730287,724122,1609507374367896,4974337157,0.474336,-0.573888,-0.691008,11.40125,-58.28375,40.7925,11.816001,24.792002,-24.736002,none,8,3.0,57006.0,266151.0,123522.0,259487.0,131046.0
2026-04-14 18:04:40.740867,724123,1609507374382527,4974352093,0.474336,-0.573888,-0.691008,26.15375,-56.525,39.26125,11.816001,24.792002,-24.736002,none,8,3.0,57006.0,266151.0,123522.0,259487.0,131046.0
2026-04-14 18:04:40.777324,724134,1609507374391497,4974360773,0.366976,-0.46848,-0.421632,30.77375,-58.87,38.3075,12.84,24.76,-24.240002,none,8,3.0,49811.0,248468.0,111395.0,245662.0,117434.0
2026-04-14 18:04:40.779690,724135,1609507374401551,4974371556,0.366976,-0.46848,-0.421632,20.9825,-62.0025,34.5275,12.84,24.76,-24.240002,none,8,3.0,49811.0,248468.0,111395.0,245662.0,117434.0
2026-04-14 18:04:40.782715,724136,1609507374416206,4974386509,0.388448,-0.655872,-0.767136,12.0575,-63.315,37.16125,14.000001,24.648,-24.240002,none,8,3.0,49811.0,248468.0,111395.0,245662.0,117434.0
2026-04-14 18:04:40.784734,724137,1609507374425160,4974395204,0.388448,-0.739808,-0.568032,3.815,-66.3075,41.982502,14.000001,24.648,-24.240002,none,8,3.0,49811.0,248468.0,111395.0,245662.0,117434.0
2026-04-14 18:04:40.791562,724138,1609507374434116,4974403917,0.562176,-0.739808,-0.568032,4.92625,-66.89375,42.90125,14.264001,24.432001,-23.800001,none,8,3.0,49811.0,248468.0,111395.0,245662.0,117434.0
2026-04-14 18:04:40.807693,724139,1609507374448587,4974418803,0.486048,-0.657824,-0.573888,13.09,-64.16375,41.2475,15.296001,24.448002,-23.304,none,8,3.0,49811.0,248468.0,111395.0,245662.0,117434.0
2026-04-14 18:04:40.816424,724140,1609507374457480,4974427493,0.486048,-0.657824,-0.573888,23.42375,-61.60875,40.3725,15.296001,24.448002,-23.304,none,8,3.0,49811.0,248468.0,111395.0,245662.0,117434.0
2026-04-14 18:04:40.829749,724141,1609507374472185,4974442423,0.27328,-0.505568,-0.657824,31.45625,-61.10125,39.9525,15.208001,25.232,-21.784,none,8,3.0,49811.0,248468.0,111395.0,245662.0,117434.0
2026-04-14 18:04:40.838216,724142,1609507374481360,4974451289,0.27328,-0.505568,-0.657824,31.36,-62.50125,36.53125,15.208001,25.232,-21.784,none,8,3.0,49811.0,248468.0,111395.0,245662.0,117434.0
2026-04-14 18:04:40.851458,724143,1609507374490303,4974459977,0.218624,-0.564128,-0.667584,24.21125,-64.9075,34.01125,16.704,25.000002,-22.584002,none,8,3.0,49811.0,248468.0,111395.0,245662.0,117434.0
2026-04-14 18:04:40.876128,724154,1609507374504888,4974474972,0.218624,-0.564128,-0.667584,13.055,-66.40375,38.0625,16.704,25.000002,-22.584002,none,8,3.0,43792.0,225903.0,99362.0,226728.0,104547.0
2026-04-14 18:04:40.878582,724155,1609507374513980,4974483726,0.368928,-0.720288,-0.52704,3.80625,-69.16875,40.4775,16.688002,24.608002,-19.36,none,8,3.0,43792.0,225903.0,99362.0,226728.0,104547.0
2026-04-14 18:04:40.886125,724156,1609507374528506,4974498630,0.2928,-0.74176,-0.76128,2.59,-69.3875,41.15125,17.784,24.28,-20.896002,none,8,3.0,43792.0,225903.0,99362.0,226728.0,104547.0
2026-04-14 18:04:40.894910,724157,1609507374537450,4974507318,0.2928,-0.74176,-0.76128,8.61875,-66.8325,39.357502,17.784,24.28,-20.896002,none,8,3.0,43792.0,225903.0,99362.0,226728.0,104547.0
2026-04-14 18:04:40.919796,724158,1609507374552089,4974522213,0.247904,-0.66368,-0.6832,17.0275,-65.975,36.8025,18.072,24.192001,-21.504002,none,8,3.0,43792.0,225903.0,99362.0,226728.0,104547.0
2026-04-14 18:04:40.944798,724159,1609507374561032,4974530910,0.247904,-0.66368,-0.6832,21.9975,-66.5175,34.11625,18.072,24.192001,-21.504002,none,8,3.0,43792.0,225903.0,99362.0,226728.0,104547.0
2026-04-14 18:04:40.954926,724160,1609507374569952,4974539628,0.255712,-0.671488,-0.603168,20.08125,-67.235,34.0725,18.864,24.272001,-19.768002,none,8,3.0,43792.0,225903.0,99362.0,226728.0,104547.0
2026-04-14 18:04:40.957459,724161,1609507374584480,4974554541,0.255712,-0.671488,-0.603168,14.13125,-68.4775,35.93625,18.864,24.272001,-19.768002,none,8,3.0,43792.0,225903.0,99362.0,226728.0,104547.0
2026-04-14 18:04:40.984902,724172,1609507374593778,4974563261,0.33184,-0.769088,-0.8296,11.3225,-67.585,39.33125,19.416,24.072,-20.288,none,8,3.0,37331.0,204107.0,86192.0,211695.0,89797.0
2026-04-14 18:04:40.987360,724173,1609507374608562,4974578257,0.343552,-0.786656,-0.638304,9.345,-64.7325,39.655,20.352001,23.816002,-17.968,none,8,3.0,37331.0,204107.0,86192.0,211695.0,89797.0
2026-04-14 18:04:40.989888,724174,1609507374617522,4974587007,0.343552,-0.786656,-0.638304,8.5925,-62.06375,38.12375,20.352001,23.816002,-17.968,none,8,3.0,37331.0,204107.0,86192.0,211695.0,89797.0
2026-04-14 18:04:40.992314,724175,1609507374626561,4974595701,0.343552,-0.732,-0.853024,11.99625,-59.64,35.84875,20.352001,23.816002,-20.016,none,8,3.0,37331.0,204107.0,86192.0,211695.0,89797.0
2026-04-14 18:04:40.999884,724176,1609507374641094,4974610682,0.179584,-0.732,-0.853024,16.8525,-58.1525,32.99625,19.904001,23.648,-18.928001,none,8,3.0,37331.0,204107.0,86192.0,211695.0,89797.0
2026-04-14 18:04:41.007377,724177,1609507374650086,4974619413,0.210816,-0.733952,-0.755424,13.58875,-58.59875,32.2,21.392,23.184002,-19.064001,none,8,3.0,37331.0,204107.0,86192.0,211695.0,89797.0
2026-04-14 18:04:41.023548,724178,1609507374664627,4974634340,0.210816,-0.733952,-0.755424,9.21375,-57.855,33.04,21.392,23.184002,-19.064001,none,8,3.0,37331.0,204107.0,86192.0,211695.0,89797.0
2026-04-14 18:04:41.031031,724179,1609507374673628,4974643034,0.349408,-0.884256,-0.616832,6.44,-55.95625,33.670002,22.84,22.968,-19.04,none,8,3.0,37331.0,204107.0,86192.0,211695.0,89797.0
2026-04-14 18:04:41.068923,724180,1609507374688130,4974657922,0.22448,-0.862784,-0.890112,9.5025,-53.76875,34.93,23.400002,22.584002,-18.76,none,8,3.0,37331.0,204107.0,86192.0,211695.0,89797.0
2026-04-14 18:04:41.098965,724192,1609507374697739,4974666716,0.22448,-0.862784,-0.890112,16.58125,-49.5075,35.97125,23.400002,22.584002,-18.76,none,8,3.0,33936.0,205137.0,79300.0,213780.0,81888.0
2026-04-14 18:04:41.101402,724193,1609507374706730,4974675511,0.22448,-0.862784,-0.91744,20.02875,-46.01625,33.5125,23.400002,22.584002,-18.76,none,8,3.0,33936.0,205137.0,79300.0,213780.0,81888.0
2026-04-14 18:04:41.105494,724194,1609507374721655,4974690416,0.132736,-0.782752,-0.91744,19.25,-44.47625,30.765,23.648,22.784,-18.848001,none,8,3.0,33936.0,205137.0,79300.0,213780.0,81888.0
2026-04-14 18:04:41.106096,724195,1609507374731021,4974701226,0.085888,-0.739808,-0.720288,15.26875,-43.8725,28.04375,23.392,22.784,-17.096,none,8,3.0,33936.0,205137.0,79300.0,213780.0,81888.0
2026-04-14 18:04:41.108381,724196,1609507374739996,4974709936,0.085888,-0.739808,-0.720288,7.42,-44.02125,28.245,23.392,22.784,-17.096,none,8,3.0,33936.0,205137.0,79300.0,213780.0,81888.0
2026-04-14 18:04:41.113760,724197,1609507374754608,4974724880,0.18544,-0.90768,-0.813984,2.7125,-43.05,29.16375,23.720001,23.032001,-14.320001,none,8,3.0,33936.0,205137.0,79300.0,213780.0,81888.0
2026-04-14 18:04:41.123796,724198,1609507374763564,4974733581,0.18544,-0.90768,-0.813984,5.50375,-40.215,29.015,23.720001,23.032001,-14.320001,none,8,3.0,33936.0,205137.0,79300.0,213780.0,81888.0
2026-04-14 18:04:41.135086,724199,1609507374778151,4974746517,0.072224,-0.786656,-0.694912,14.7175,-36.75875,30.40625,24.912,21.768002,-17.144001,none,8,3.0,33936.0,205137.0,79300.0,213780.0,81888.0
2026-04-14 18:04:41.147568,724200,1609507374787480,4974757304,0.072224,-0.710528,-0.733952,20.46625,-33.78375,29.8025,24.912,21.768002,-17.144001,none,8,3.0,33936.0,205137.0,79300.0,213780.0,81888.0
2026-04-14 18:04:41.175076,724211,1609507374796880,4974766059,-0.01952,-0.710528,-0.733952,21.04375,-32.8475,29.68,25.104002,22.12,-16.568,none,8,3.0,32844.0,205792.0,76933.0,215139.0,79270.0
2026-04-14 18:04:41.177712,724212,1609507374811437,4974780973,0.01952,-0.782752,-0.67344,12.46,-32.655,27.83375,25.704,21.792002,-16.36,none,8,3.0,32844.0,205792.0,76933.0,215139.0,79270.0
2026-04-14 18:04:41.179769,724213,1609507374820381,4974789683,0.01952,-0.782752,-0.67344,4.90875,-33.005,27.055,25.704,21.792002,-16.36,none,8,3.0,32844.0,205792.0,76933.0,215139.0,79270.0
2026-04-14 18:04:41.193952,724214,1609507374834916,4974804648,0.011712,-0.81984,-0.80032,4.38375,-33.04,27.895,25.968,21.656,-14.400001,none,8,3.0,32844.0,205792.0,76933.0,215139.0,79270.0
2026-04-14 18:04:41.209854,724215,1609507374843857,4974813329,0.011712,-0.81984,-0.80032,6.81625,-32.85625,27.4225,25.968,21.656,-14.400001,none,8,3.0,32844.0,205792.0,76933.0,215139.0,79270.0
2026-04-14 18:04:41.210670,724216,1609507374852973,4974822118,0.025376,-0.778848,-0.685152,10.5525,-31.3425,28.34125,25.672,21.44,-15.832001,none,8,3.0,32844.0,205792.0,76933.0,215139.0,79270.0
2026-04-14 18:04:41.225833,724217,1609507374867610,4974837016,0.025376,-0.778848,-0.747616,13.23875,-29.16375,29.12875,25.672,21.44,-15.832001,none,8,3.0,32844.0,205792.0,76933.0,215139.0,79270.0
2026-04-14 18:04:41.233587,724218,1609507374876585,4974845719,0.033184,-0.784704,-0.747616,13.475,-27.6325,29.26,26.680002,20.616001,-16.224,none,8,3.0,32844.0,205792.0,76933.0,215139.0,79270.0
2026-04-14 18:04:41.251275,724219,1609507374891077,4974860613,0.013664,-0.843264,-0.757376,9.72125,-27.3875,28.1225,26.984001,20.824001,-15.448001,none,8,3.0,32844.0,205792.0,76933.0,215139.0,79270.0
2026-04-14 18:04:41.331087,724230,1609507374900161,4974869414,0.013664,-0.843264,-0.757376,3.87625,-27.405,27.23875,26.984001,20.824001,-15.448001,none,8,3.0,32149.0,207523.0,75373.0,217223.0,77527.0
2026-04-14 18:04:41.333942,724231,1609507374914709,4974884319,-0.031232,-0.796416,-0.772992,-2.17,-28.49,27.18625,26.336,20.720001,-14.328001,none,8,3.0,32149.0,207523.0,75373.0,217223.0,77527.0
2026-04-14 18:04:41.336465,724232,1609507374923678,4974893038,-0.031232,-0.796416,-0.772992,-3.40375,-29.54875,27.41375,26.336,20.720001,-14.328001,none,8,3.0,32149.0,207523.0,75373.0,217223.0,77527.0
2026-04-14 18:04:41.338920,724233,1609507374932594,4974901705,-0.021472,-0.83936,-0.823744,-4.9,-29.2775,26.38125,26.480001,20.768002,-14.224001,none,8,3.0,32149.0,207523.0,75373.0,217223.0,77527.0
2026-04-14 18:04:41.341531,724234,1609507374947164,4974916624,-0.021472,-0.83936,-0.823744,-5.62625,-28.18375,26.3025,26.480001,20.768002,-14.224001,none,8,3.0,32149.0,207523.0,75373.0,217223.0,77527.0
2026-04-14 18:04:41.343628,724235,1609507374956076,4974925304,-0.025376,-0.784704,-0.628544,-4.5675,-27.04625,26.075,26.680002,19.880001,-14.968,none,8,3.0,32149.0,207523.0,75373.0,217223.0,77527.0
2026-04-14 18:04:41.346421,724236,1609507374970584,4974940252,-0.033184,-0.864736,-0.720288,-6.18625,-26.897501,25.6725,27.872002,19.880001,-14.792001,none,8,3.0,32149.0,207523.0,75373.0,217223.0,77527.0
2026-04-14 18:04:41.351202,724237,1609507374979533,4974948968,-0.033184,-0.864736,-0.720288,-10.2025,-26.64375,24.955,27.872002,19.880001,-14.792001,none,8,3.0,32149.0,207523.0,75373.0,217223.0,77527.0
2026-04-14 18:04:41.353906,724238,1609507374988469,4974957679,-0.033184,-0.864736,-0.704672,-9.87875,-25.7425,24.255,27.872002,19.880001,-14.792001,none,8,3.0,32149.0,207523.0,75373.0,217223.0,77527.0
2026-04-14 18:04:41.381097,724249,1609507375003125,4974972612,-0.02928,-0.851072,-0.704672,-9.1175,-25.6725,23.2575,28.096,19.68,-12.352,none,8,3.0,31562.0,209243.0,74146.0,219135.0,76159.0
2026-04-14 18:04:41.386928,724250,1609507375012144,4974981475,-0.044896,-0.837408,-0.745664,-9.0125,-24.78,22.44375,28.320002,19.064001,-14.328001,none,8,3.0,31562.0,209243.0,74146.0,219135.0,76159.0
2026-04-14 18:04:41.387328,724251,1609507375026795,4974996448,-0.044896,-0.837408,-0.745664,-8.32125,-23.03,20.85125,28.320002,19.064001,-14.328001,none,8,3.0,31562.0,209243.0,74146.0,219135.0,76159.0
2026-04-14 18:04:41.394773,724252,1609507375035915,4975005288,-0.140544,-0.7808,-0.774944,-6.405,-21.00875,19.425,28.648,18.992,-14.320001,none,8,3.0,31562.0,209243.0,74146.0,219135.0,76159.0
2026-04-14 18:04:41.410036,724253,1609507375050412,4975020216,-0.037088,-0.851072,-0.54656,-6.06375,-19.7225,18.01625,28.800001,18.976002,-14.264001,none,8,3.0,31562.0,209243.0,74146.0,219135.0,76159.0
2026-04-14 18:04:41.417764,724254,1609507375059372,4975028892,-0.037088,-0.851072,-0.54656,-8.32125,-19.897501,16.33625,28.800001,18.976002,-14.264001,none,8,3.0,31562.0,209243.0,74146.0,219135.0,76159.0
2026-04-14 18:04:41.425013,724255,1609507375068413,4975037612,-0.037088,-0.851072,-0.54656,-10.19375,-19.7575,17.5,28.800001,18.976002,-14.264001,none,8,3.0,31562.0,209243.0,74146.0,219135.0,76159.0
2026-04-14 18:04:41.440189,724256,1609507375082900,4975052538,-0.124928,-0.895968,-0.847168,-9.17,-16.72125,13.886251,28.656002,18.800001,-16.392,none,8,3.0,31562.0,209243.0,74146.0,219135.0,76159.0
2026-04-14 18:04:41.451252,724257,1609507375091855,4975061226,-0.07808,-0.83936,-0.796416,-5.92375,-15.505,11.85625,28.368002,18.968,-12.984,none,8,3.0,31562.0,209243.0,74146.0,219135.0,76159.0
2026-04-14 18:04:41.480807,724268,1609507375106564,4975076332,-0.07808,-0.83936,-0.796416,-5.005,-14.79625,10.36875,28.368002,18.968,-12.984,none,8,3.0,31308.0,209505.0,73399.0,219633.0,75327.0
2026-04-14 18:04:41.485221,724269,1609507375115503,4975085142,-0.115168,-0.845216,-0.827648,-7.7875,-13.895,8.636251,28.376001,18.648,-12.76,none,8,3.0,31308.0,209505.0,73399.0,219633.0,75327.0
2026-04-14 18:04:41.486048,724270,1609507375124521,4975093919,-0.115168,-0.845216,-0.827648,-11.4975,-12.53875,6.15125,28.376001,18.648,-12.76,none,8,3.0,31308.0,209505.0,73399.0,219633.0,75327.0
2026-04-14 18:04:41.497578,724271,1609507375139050,4975108832,-0.152256,-0.85888,-0.833504,-13.658751,-11.24375,4.55,28.128002,18.312,-13.112,none,8,3.0,31308.0,209505.0,73399.0,219633.0,75327.0
2026-04-14 18:04:41.505134,724272,1609507375148059,4975117536,-0.152256,-0.85888,-0.833504,-14.25375,-8.9425,3.77125,28.128002,18.312,-13.112,none,8,3.0,31308.0,209505.0,73399.0,219633.0,75327.0
2026-04-14 18:04:41.521556,724273,1609507375162581,4975132469,-0.12688,-0.894016,-0.876448,-11.6375,-5.64375,2.5375,29.408,18.184,-13.72,none,8,3.0,31308.0,209505.0,73399.0,219633.0,75327.0
2026-04-14 18:04:41.530204,724274,1609507375171556,4975141155,-0.089792,-0.808128,-0.616832,-8.435,-3.33375,1.44375,28.408,18.528002,-12.136001,none,8,3.0,31308.0,209505.0,73399.0,219633.0,75327.0
2026-04-14 18:04:41.545183,724275,1609507375186145,4975156176,-0.089792,-0.808128,-0.616832,-4.62875,-0.67375,0.63,28.408,18.528002,-12.136001,none,8,3.0,31308.0,209505.0,73399.0,219633.0,75327.0
2026-04-14 18:04:41.582916,724286,1609507375195120,4975165287,-0.152256,-0.808128,-0.704672,-2.00375,1.6975,-0.70875,28.888,18.152,-13.376,none,8,3.0,31222.0,208483.0,73036.0,218547.0,75012.0
2026-04-14 18:04:41.584522,724287,1609507375204238,4975174002,-0.152256,-0.808128,-0.704672,-1.575,4.4975,-1.6625,28.888,18.152,-13.376,none,8,3.0,31222.0,208483.0,73036.0,218547.0,75012.0
2026-04-14 18:04:41.590077,724288,1609507375218795,4975188953,-0.130784,-0.776896,-0.636352,-0.0875,6.22125,-2.17875,29.320002,18.008001,-14.144001,none,8,3.0,31222.0,208483.0,73036.0,218547.0,75012.0
2026-04-14 18:04:41.592099,724289,1609507375227812,4975197645,-0.130784,-0.776896,-0.636352,0.14875,9.14375,-3.29875,29.320002,18.008001,-14.144001,none,8,3.0,31222.0,208483.0,73036.0,218547.0,75012.0
2026-04-14 18:04:41.602174,724290,1609507375242321,4975212595,-0.177632,-0.782752,-0.788608,0.7875,10.1325,-3.77125,29.2,18.088001,-13.912001,none,8,3.0,31222.0,208483.0,73036.0,218547.0,75012.0
2026-04-14 18:04:41.608363,724291,1609507375251248,4975221307,-0.044896,-0.827648,-0.62464,0.9275,9.625,-4.4625,29.080002,18.152,-15.944001,none,8,3.0,31222.0,208483.0,73036.0,218547.0,75012.0
2026-04-14 18:04:41.617630,724292,1609507375260167,4975229985,-0.044896,-0.827648,-0.62464,2.05625,9.03,-4.50625,29.080002,18.152,-15.944001,none,8,3.0,31222.0,208483.0,73036.0,218547.0,75012.0
2026-04-14 18:04:41.653665,724293,1609507375274730,4975244930,-0.064416,-0.753472,-0.646112,5.36375,9.8,-4.80375,29.312002,18.552,-14.064001,none,8,3.0,31222.0,208483.0,73036.0,218547.0,75012.0
2026-04-14 18:04:41.675884,724294,1609507375283667,4975253605,-0.064416,-0.753472,-0.646112,6.475,11.15625,-5.03125,29.312002,18.552,-14.064001,none,8,3.0,31222.0,208483.0,73036.0,218547.0,75012.0
2026-04-14 18:04:41.736204,724305,1609507375298663,4975268709,-0.144448,-0.735904,-0.616832,3.5525,11.20875,-5.67875,27.912,18.856,-13.488001,none,8,3.0,31243.0,207411.0,72962.0,217461.0,74957.0
2026-04-14 18:04:41.738949,724306,1609507375307881,4975277447,-0.144448,-0.735904,-0.616832,1.05875,10.50875,-6.44,27.912,18.856,-13.488001,none,8,3.0,31243.0,207411.0,72962.0,217461.0,74957.0
2026-04-14 18:04:41.741526,724307,1609507375316931,4975286302,-0.08784,-0.767136,-0.677344,0.27125,9.10875,-6.76375,28.088001,18.648,-14.360001,none,8,3.0,31243.0,207411.0,72962.0,217461.0,74957.0
2026-04-14 18:04:41.743900,724308,1609507375331591,4975301251,-0.072224,-0.755424,-0.552416,-0.88375,7.315,-6.97375,28.088001,18.640001,-12.264001,none,8,3.0,31243.0,207411.0,72962.0,217461.0,74957.0
2026-04-14 18:04:41.746379,724309,1609507375340544,4975309936,-0.072224,-0.755424,-0.552416,-3.38625,5.425,-7.65625,28.016,18.640001,-12.264001,none,8,3.0,31243.0,207411.0,72962.0,217461.0,74957.0
2026-04-14 18:04:41.748994,724310,1609507375355022,4975324906,-0.140544,-0.769088,-0.739808,-5.31125,3.21125,-7.55125,28.448002,18.320002,-14.344001,none,8,3.0,31243.0,207411.0,72962.0,217461.0,74957.0
2026-04-14 18:04:41.751442,724311,1609507375363980,4975333628,-0.140544,-0.769088,-0.739808,-5.18,1.91625,-7.84875,28.448002,18.320002,-14.344001,none,8,3.0,31243.0,207411.0,72962.0,217461.0,74957.0
2026-04-14 18:04:41.753980,724312,1609507375378498,4975348585,-0.01952,-0.782752,-0.607072,-4.15625,1.2775,-7.90125,28.848001,18.76,-14.336,none,8,3.0,31243.0,207411.0,72962.0,217461.0,74957.0
2026-04-14 18:04:41.756321,724313,1609507375387450,4975357320,-0.01952,-0.782752,-0.607072,-3.08875,0.37625,-7.16625,28.848001,18.76,-14.336,none,8,3.0,31243.0,207411.0,72962.0,217461.0,74957.0
2026-04-14 18:04:41.787418,724324,1609507375396388,4975366526,-0.15616,-0.769088,-0.776896,-3.6575,0.2975,-7.245,28.888,18.552,-14.68,none,8,3.0,31209.0,207097.0,72869.0,217126.0,74865.0
2026-04-14 18:04:41.789100,724325,1609507375410975,4975379466,-0.15616,-0.769088,-0.776896,-2.14375,0.49875,-7.30625,28.888,18.552,-14.68,none,8,3.0,31209.0,207097.0,72869.0,217126.0,74865.0
2026-04-14 18:04:41.790852,724326,1609507375420329,4975390289,-0.119072,-0.739808,-0.708576,-2.45875,-0.7525,-6.30875,28.872002,18.304,-12.832001,none,8,3.0,31209.0,207097.0,72869.0,217126.0,74865.0
2026-04-14 18:04:41.793961,724327,1609507375434960,4975405182,-0.074176,-0.778848,-0.603168,-6.825,-1.26,-5.95,28.792002,18.544,-14.808001,none,8,3.0,31209.0,207097.0,72869.0,217126.0,74865.0
2026-04-14 18:04:41.802723,724328,1609507375444024,4975413871,-0.074176,-0.778848,-0.603168,-9.09125,-2.12625,-5.73125,28.792002,18.544,-14.808001,none,8,3.0,31209.0,207097.0,72869.0,217126.0,74865.0
2026-04-14 18:04:41.810237,724329,1609507375452994,4975422625,-0.046848,-0.80032,-0.581696,-8.2075,-1.74125,-4.7075,28.28,18.888,-11.88,none,8,3.0,31209.0,207097.0,72869.0,217126.0,74865.0
2026-04-14 18:04:41.826233,724330,1609507375467500,4975437528,-0.046848,-0.80032,-0.581696,-5.95875,-0.46375,-4.3225,28.28,18.888,-11.88,none,8,3.0,31209.0,207097.0,72869.0,217126.0,74865.0
2026-04-14 18:04:41.835264,724331,1609507375476530,4975446233,-0.07808,-0.798368,-0.757376,-3.05375,0.4725,-4.305,28.600002,18.688002,-13.72,none,8,3.0,31209.0,207097.0,72869.0,217126.0,74865.0
2026-04-14 18:04:41.850262,724332,1609507375491062,4975461160,-0.07808,-0.798368,-0.757376,-0.56,1.42625,-3.94625,28.600002,18.688002,-13.72,none,8,3.0,31209.0,207097.0,72869.0,217126.0,74865.0
2026-04-14 18:04:41.881295,724343,1609507375500493,4975469940,-0.1464,-0.759328,-0.788608,-0.385,2.61625,-3.89375,28.760002,18.944,-14.584001,none,8,3.0,31231.0,206192.0,72844.0,216111.0,74882.0
2026-04-14 18:04:41.886309,724344,1609507375509533,4975478825,-0.1464,-0.759328,-0.788608,-2.7125,2.33625,-3.64,28.760002,18.944,-14.584001,none,8,3.0,31231.0,206192.0,72844.0,216111.0,74882.0
2026-04-14 18:04:41.888773,724345,1609507375524143,4975493812,-0.119072,-0.745664,-0.671488,-5.705,1.61,-4.01625,27.744001,18.752,-13.776001,none,8,3.0,31231.0,206192.0,72844.0,216111.0,74882.0
2026-04-14 18:04:41.890984,724346,1609507375533083,4975502556,-0.03904,-0.763232,-0.564128,-6.6675,1.82875,-4.15625,28.192001,18.992,-13.440001,none,8,3.0,31231.0,206192.0,72844.0,216111.0,74882.0
2026-04-14 18:04:41.905234,724347,1609507375547707,4975517499,-0.03904,-0.763232,-0.564128,-5.4425,2.37125,-4.865,28.192001,18.992,-13.440001,none,8,3.0,31231.0,206192.0,72844.0,216111.0,74882.0
2026-04-14 18:04:41.913965,724348,1609507375556807,4975526189,-0.0488,-0.79056,-0.739808,-4.27,1.54,-4.61125,28.480001,18.624,-14.536,none,8,3.0,31231.0,206192.0,72844.0,216111.0,74882.0
2026-04-14 18:04:41.923932,724349,1609507375565774,4975534885,-0.0488,-0.79056,-0.739808,-4.40125,0.63875,-5.075,28.480001,18.624,-14.536,none,8,3.0,31231.0,206192.0,72844.0,216111.0,74882.0
2026-04-14 18:04:41.942368,724350,1609507375580324,4975549765,-0.023424,-0.796416,-0.650016,-4.9175,0.55125,-4.9175,28.048002,19.152,-14.672001,none,8,3.0,31231.0,206192.0,72844.0,216111.0,74882.0
2026-04-14 18:04:41.949549,724351,1609507375589266,4975558485,-0.023424,-0.796416,-0.650016,-2.87875,0.93625,-3.99875,28.048002,19.152,-14.672001,none,8,3.0,31231.0,206192.0,72844.0,216111.0,74882.0
2026-04-14 18:04:41.981367,724362,1609507375603944,4975573922,-0.052704,-0.79056,-0.776896,-1.28625,1.58375,-3.2025,28.784002,18.6,-14.656001,none,8,3.0,31255.0,205823.0,72853.0,215675.0,74889.0
2026-04-14 18:04:41.983874,724363,1609507375612984,4975582636,-0.052704,-0.827648,-0.841312,-2.59875,1.61875,-2.975,28.784002,18.6,-14.656001,none,8,3.0,31255.0,205823.0,72853.0,215675.0,74889.0
2026-04-14 18:04:41.986364,724364,1609507375627504,4975597558,-0.074176,-0.827648,-0.841312,-3.14125,1.505,-2.9925,26.912,19.312,-15.696001,none,8,3.0,31255.0,205823.0,72853.0,215675.0,74889.0
2026-04-14 18:04:41.996433,724365,1609507375636538,4975606283,-0.040992,-0.757376,-0.589504,-0.72625,1.295,-3.38625,27.880001,18.84,-13.736001,none,8,3.0,31255.0,205823.0,72853.0,215675.0,74889.0
2026-04-14 18:04:42.022700,724366,1609507375645604,4975615014,-0.040992,-0.757376,-0.589504,1.84625,2.00375,-2.8525,27.880001,18.84,-13.736001,none,8,3.0,31255.0,205823.0,72853.0,215675.0,74889.0
2026-04-14 18:04:42.024796,724367,1609507375660247,4975629916,-0.0488,-0.772992,-0.591456,-0.035,3.28125,-2.91375,28.832,18.696001,-16.504002,none,8,3.0,31255.0,205823.0,72853.0,215675.0,74889.0
2026-04-14 18:04:42.027618,724368,1609507375669179,4975638630,-0.0488,-0.772992,-0.591456,-2.35375,4.5325,-2.8525,28.832,18.696001,-16.504002,none,8,3.0,31255.0,205823.0,72853.0,215675.0,74889.0
2026-04-14 18:04:42.053824,724369,1609507375683695,4975653519,-0.13664,-0.763232,-0.812032,-2.7125,4.935,-2.8,28.792002,19.168001,-14.256001,none,8,3.0,31255.0,205823.0,72853.0,215675.0,74889.0
2026-04-14 18:04:42.056079,724370,1609507375692648,4975662221,-0.13664,-0.763232,-0.812032,-2.51125,4.13,-2.72125,28.792002,19.168001,-14.256001,none,8,3.0,31255.0,205823.0,72853.0,215675.0,74889.0
2026-04-14 18:04:42.088408,724381,1609507375701890,4975670972,-0.07808,-0.747616,-0.603168,-3.85,3.0625,-2.93125,28.008001,19.12,-13.960001,none,8,3.0,31263.0,205387.0,72840.0,215228.0,74911.0
2026-04-14 18:04:42.091552,724382,1609507375716580,4975686127,-0.021472,-0.79056,-0.60512,-4.10375,2.0825,-3.14125,27.632002,19.024,-14.856001,none,8,3.0,31263.0,205387.0,72840.0,215228.0,74911.0
2026-04-14 18:04:42.093620,724383,1609507375725592,4975694845,-0.021472,-0.79056,-0.60512,-3.15,1.3475,-3.15875,27.632002,19.024,-14.856001,none,8,3.0,31263.0,205387.0,72840.0,215228.0,74911.0
2026-04-14 18:04:42.103972,724384,1609507375740101,4975709881,-0.109312,-0.782752,-0.823744,-2.065,1.085,-2.70375,28.384,18.952002,-15.072001,none,8,3.0,31263.0,205387.0,72840.0,215228.0,74911.0
2026-04-14 18:04:42.106444,724385,1609507375749177,4975718653,-0.109312,-0.782752,-0.823744,-1.21625,2.05625,-3.21125,28.384,18.952002,-15.072001,none,8,3.0,31263.0,205387.0,72840.0,215228.0,74911.0
2026-04-14 18:04:42.122719,724386,1609507375763664,4975733555,-0.091744,-0.778848,-0.825696,-1.05875,2.82625,-3.1675,28.696001,18.800001,-14.816001,none,8,3.0,31263.0,205387.0,72840.0,215228.0,74911.0
2026-04-14 18:04:42.131461,724387,1609507375772574,4975742271,-0.091744,-0.778848,-0.825696,-1.82,3.115,-3.4825,28.696001,18.800001,-14.816001,none,8,3.0,31263.0,205387.0,72840.0,215228.0,74911.0
2026-04-14 18:04:42.140999,724388,1609507375781568,4975750998,-0.080032,-0.733952,-0.5856,-2.0475,2.8875,-3.955,28.008001,19.624,-13.52,none,8,3.0,31263.0,205387.0,72840.0,215228.0,74911.0
2026-04-14 18:04:42.153790,724389,1609507375796134,4975765948,-0.099552,-0.774944,-0.778848,-1.93375,2.72125,-3.7275,27.952002,18.888,-15.128,none,8,3.0,31263.0,205387.0,72840.0,215228.0,74911.0
2026-04-14 18:04:42.181444,724400,1609507375805230,4975774944,-0.099552,-0.774944,-0.778848,-2.415,2.835,-3.52625,27.952002,18.888,-15.128,none,8,3.0,31282.0,204942.0,72833.0,214736.0,74874.0
2026-04-14 18:04:42.184013,724401,1609507375819789,4975789895,-0.105408,-0.784704,-0.804224,-3.07125,3.045,-3.92875,28.600002,18.992,-14.904,none,8,3.0,31282.0,204942.0,72833.0,214736.0,74874.0
2026-04-14 18:04:42.186511,724402,1609507375828802,4975798726,-0.105408,-0.784704,-0.804224,-2.19625,3.29875,-3.4475,28.600002,18.992,-14.904,none,8,3.0,31282.0,204942.0,72833.0,214736.0,74874.0
2026-04-14 18:04:42.196416,724403,1609507375837837,4975807421,-0.124928,-0.77104,-0.767136,-0.63875,4.4625,-2.6075,29.000002,19.008001,-15.192,none,8,3.0,31282.0,204942.0,72833.0,214736.0,74874.0
2026-04-14 18:04:42.211166,724404,1609507375852367,4975822392,-0.124928,-0.77104,-0.767136,0.25375,5.11,-3.03625,29.000002,19.008001,-15.192,none,8,3.0,31282.0,204942.0,72833.0,214736.0,74874.0
2026-04-14 18:04:42.219887,724405,1609507375861305,4975831087,-0.015616,-0.782752,-0.597312,0.315,5.20625,-2.54625,28.784002,18.960001,-13.856001,none,8,3.0,31282.0,204942.0,72833.0,214736.0,74874.0
2026-04-14 18:04:42.235237,724406,1609507375875838,4975846026,-0.031232,-0.808128,-0.749568,-0.9275,5.06625,-2.59,28.296001,19.264002,-13.6,none,8,3.0,31282.0,204942.0,72833.0,214736.0,74874.0
2026-04-14 18:04:42.243597,724407,1609507375884781,4975854703,-0.031232,-0.808128,-0.749568,-2.44125,4.5675,-3.29,28.296001,19.264002,-13.6,none,8,3.0,31282.0,204942.0,72833.0,214736.0,74874.0
2026-04-14 18:04:42.256134,724408,1609507375899286,4975867654,-0.109312,-0.755424,-0.720288,-4.05125,3.4825,-3.4825,27.776001,19.240002,-15.024001,none,8,3.0,31282.0,204942.0,72833.0,214736.0,74874.0
2026-04-14 18:04:42.288426,724419,1609507375908492,4975878518,-0.109312,-0.755424,-0.720288,-4.4275,2.9575,-3.50875,27.776001,19.240002,-15.024001,none,8,3.0,31303.0,204533.0,72811.0,214241.0,74893.0
2026-04-14 18:04:42.291280,724420,1609507375917469,4975887238,-0.089792,-0.76128,-0.650016,-5.075,3.00125,-3.33375,27.680002,18.952002,-14.280001,none,8,3.0,31303.0,204533.0,72811.0,214241.0,74893.0
2026-04-14 18:04:42.293764,724421,1609507375932141,4975902182,-0.089792,-0.76128,-0.650016,-5.775,3.61375,-2.9925,27.680002,18.952002,-14.280001,none,8,3.0,31303.0,204533.0,72811.0,214241.0,74893.0
2026-04-14 18:04:42.311221,724422,1609507375941303,4975910940,-0.011712,-0.788608,-0.607072,-5.25875,4.445,-2.73875,27.2,19.256,-14.376,none,8,3.0,31303.0,204533.0,72811.0,214241.0,74893.0
2026-04-14 18:04:42.313683,724423,1609507375955799,4975925860,-0.12688,-0.763232,-0.812032,-3.52625,5.6,-2.695,28.264002,18.928001,-15.696001,none,8,3.0,31303.0,204533.0,72811.0,214241.0,74893.0
2026-04-14 18:04:42.347346,724424,1609507375964811,4975934547,-0.12688,-0.763232,-0.812032,-2.8525,5.845,-2.8875,28.264002,18.928001,-15.696001,none,8,3.0,31303.0,204533.0,72811.0,214241.0,74893.0
2026-04-14 18:04:42.349870,724425,1609507375973772,4975943257,-0.12688,-0.763232,-0.812032,-3.2725,4.97,-3.84125,28.264002,18.928001,-15.696001,none,8,3.0,31303.0,204533.0,72811.0,214241.0,74893.0
2026-04-14 18:04:42.352391,724426,1609507375988350,4975958154,-0.035136,-0.798368,-0.821792,-3.59625,4.62,-4.03375,28.448002,19.056002,-15.736001,none,8,3.0,31303.0,204533.0,72811.0,214241.0,74893.0
2026-04-14 18:04:42.354887,724427,1609507375997312,4975966866,-0.083936,-0.794464,-0.817888,-2.8525,5.22375,-4.55,28.528002,18.744001,-15.152,none,8,3.0,31303.0,204533.0,72811.0,214241.0,74893.0
2026-04-14 18:04:42.433794,724438,1609507376011915,4975982236,-0.083936,-0.794464,-0.817888,-2.555,5.83625,-4.96125,28.528002,18.744001,-15.152,none,8,3.0,31383.0,203713.0,72924.0,213271.0,75056.0
2026-04-14 18:04:42.436292,724439,1609507376020861,4975990959,-0.007808,-0.792512,-0.57584,-1.70625,7.175,-5.2325,26.496002,19.240002,-14.432001,none,8,3.0,31383.0,203713.0,72924.0,213271.0,75056.0
2026-04-14 18:04:42.438822,724440,1609507376035342,4976003815,-0.007808,-0.792512,-0.735904,-1.4875,8.53125,-6.265,26.496002,19.240002,-14.432001,none,8,3.0,31383.0,203713.0,72924.0,213271.0,75056.0
2026-04-14 18:04:42.441242,724441,1609507376044615,4976014574,-0.11712,-0.763232,-0.735904,-0.14,8.61,-6.2825,27.192001,19.336,-14.016001,none,8,3.0,31383.0,203713.0,72924.0,213271.0,75056.0
2026-04-14 18:04:42.443359,724442,1609507376053534,4976023270,-0.11712,-0.763232,-0.735904,-0.665,7.27125,-6.6325,27.192001,19.336,-14.016001,none,8,3.0,31383.0,203713.0,72924.0,213271.0,75056.0
2026-04-14 18:04:42.445869,724443,1609507376068019,4976038159,-0.0976,-0.765184,-0.813984,-2.205,6.30875,-6.72875,27.544,19.336,-14.440001,none,8,3.0,31383.0,203713.0,72924.0,213271.0,75056.0
2026-04-14 18:04:42.448400,724444,1609507376077115,4976046875,-0.005856,-0.813984,-0.612928,-5.10125,5.705,-7.98875,27.160002,19.176,-14.472001,none,8,3.0,31383.0,203713.0,72924.0,213271.0,75056.0
2026-04-14 18:04:42.450915,724445,1609507376091651,4976061820,-0.005856,-0.813984,-0.612928,-5.76625,5.3025,-8.16375,27.160002,19.176,-14.472001,none,8,3.0,31383.0,203713.0,72924.0,213271.0,75056.0
2026-04-14 18:04:42.482687,724456,1609507376100727,4976070571,-0.064416,-0.813984,-0.851072,-3.49125,6.58875,-8.47,27.2,19.048,-15.536001,none,8,3.0,31538.0,202601.0,73138.0,211858.0,75350.0
2026-04-14 18:04:42.484726,724457,1609507376109832,4976079371,-0.064416,-0.813984,-0.851072,-2.45,7.72625,-9.47625,27.2,19.048,-15.536001,none,8,3.0,31538.0,202601.0,73138.0,211858.0,75350.0
2026-04-14 18:04:42.487709,724458,1609507376124428,4976094281,0.025376,-0.808128,-0.630496,-3.22,7.7525,-10.08,27.128002,19.496,-14.584001,none,8,3.0,31538.0,202601.0,73138.0,211858.0,75350.0
2026-04-14 18:04:42.492269,724459,1609507376133367,4976102991,0.025376,-0.808128,-0.630496,-6.39625,7.49,-11.38375,27.128002,19.496,-14.584001,none,8,3.0,31538.0,202601.0,73138.0,211858.0,75350.0
2026-04-14 18:04:42.508929,724460,1609507376147908,4976117932,0.040992,-0.835456,-0.706624,-8.575,7.91875,-12.3375,26.952002,19.656,-14.400001,none,8,3.0,31538.0,202601.0,73138.0,211858.0,75350.0
2026-04-14 18:04:42.516216,724461,1609507376156838,4976126633,0.015616,-0.854976,-0.823744,-9.5375,8.19,-14.1575,26.952002,19.424002,-14.952001,none,8,3.0,31538.0,202601.0,73138.0,211858.0,75350.0
2026-04-14 18:04:42.533089,724462,1609507376165763,4976135318,0.015616,-0.854976,-0.823744,-8.1375,8.82875,-14.91875,27.448002,19.424002,-14.952001,none,8,3.0,31538.0,202601.0,73138.0,211858.0,75350.0
2026-04-14 18:04:42.538813,724463,1609507376180280,4976150225,0.027328,-0.772992,-0.62464,-5.99375,9.94,-15.12875,27.696001,19.160002,-16.224,none,8,3.0,31538.0,202601.0,73138.0,211858.0,75350.0
2026-04-14 18:04:42.546288,724464,1609507376189220,4976159003,0.027328,-0.772992,-0.62464,-6.83375,11.1475,-16.51125,27.696001,19.160002,-16.224,none,8,3.0,31538.0,202601.0,73138.0,211858.0,75350.0
2026-04-14 18:04:42.583535,724475,1609507376203791,4976174001,0.011712,-0.7808,-0.597312,-8.58375,12.67,-18.69,27.44,19.824001,-16.352001,none,8,3.0,31743.0,201127.0,73396.0,210118.0,75677.0
2026-04-14 18:04:42.586462,724476,1609507376212771,4976182767,0.011712,-0.7808,-0.597312,-9.1,14.21875,-19.69625,27.44,19.824001,-16.352001,none,8,3.0,31743.0,201127.0,73396.0,210118.0,75677.0
2026-04-14 18:04:42.588935,724477,1609507376227392,4976197753,0.050752,-0.831552,-0.628544,-6.9125,16.17,-21.04375,27.000002,19.792002,-16.592001,none,8,3.0,31743.0,201127.0,73396.0,210118.0,75677.0
2026-04-14 18:04:42.595219,724478,1609507376236390,4976206463,0.050752,-0.831552,-0.628544,-4.10375,18.06,-22.12875,27.000002,19.792002,-16.592001,none,8,3.0,31743.0,201127.0,73396.0,210118.0,75677.0
2026-04-14 18:04:42.603544,724479,1609507376245349,4976215172,-0.003904,-0.806176,-0.860832,0.84,19.678751,-22.4525,26.960001,19.904001,-17.720001,none,8,3.0,31743.0,201127.0,73396.0,210118.0,75677.0
2026-04-14 18:04:42.618796,724480,1609507376259850,4976230177,0.076128,-0.825696,-0.726144,3.49125,21.5425,-23.1175,26.416,20.736,-15.752001,none,8,3.0,31743.0,201127.0,73396.0,210118.0,75677.0
2026-04-14 18:04:42.627555,724481,1609507376268792,4976238878,0.076128,-0.825696,-0.726144,4.27875,23.35375,-24.50875,26.416,20.736,-15.752001,none,8,3.0,31743.0,201127.0,73396.0,210118.0,75677.0
2026-04-14 18:04:42.640083,724482,1609507376283396,4976251951,0.001952,-0.782752,-0.876448,3.22875,23.975,-25.8825,25.664001,20.616001,-16.52,none,8,3.0,31743.0,201127.0,73396.0,210118.0,75677.0
2026-04-14 18:04:42.651503,724483,1609507376292869,4976262710,0.001952,-0.782752,-0.876448,0.72625,23.68625,-26.67,25.664001,20.616001,-16.52,none,8,3.0,31743.0,201127.0,73396.0,210118.0,75677.0
2026-04-14 18:04:42.684015,724494,1609507376301842,4976271463,-0.007808,-0.778848,-0.786656,-3.15875,24.9025,-27.95625,26.208002,21.000002,-17.352001,none,8,3.0,32090.0,199546.0,73986.0,208161.0,76331.0
2026-04-14 18:04:42.686518,724495,1609507376316536,4976286415,-0.007808,-0.778848,-0.786656,-7.49,24.955,-30.17,26.208002,21.000002,-17.352001,none,8,3.0,32090.0,199546.0,73986.0,208161.0,76331.0
2026-04-14 18:04:42.689032,724496,1609507376325477,4976295124,0.074176,-0.847168,-0.841312,-8.9425,25.62,-30.275,24.904001,21.128,-15.624001,none,8,3.0,32090.0,199546.0,73986.0,208161.0,76331.0
2026-04-14 18:04:42.699799,724497,1609507376340108,4976310076,0.095648,-0.8296,-0.841312,-8.7675,25.62875,-31.4125,24.44,21.704,-15.616001,none,8,3.0,32090.0,199546.0,73986.0,208161.0,76331.0
2026-04-14 18:04:42.707085,724498,1609507376349050,4976318792,0.095648,-0.8296,-0.841312,-5.34625,26.95,-31.52625,24.44,21.704,-15.616001,none,8,3.0,32090.0,199546.0,73986.0,208161.0,76331.0
2026-04-14 18:04:42.718239,724499,1609507376358135,4976327496,0.101504,-0.769088,-0.642208,-3.52625,28.91,-32.43625,26.488,21.632002,-17.672,none,8,3.0,32090.0,199546.0,73986.0,208161.0,76331.0
2026-04-14 18:04:42.730045,724500,1609507376372655,4976342428,0.101504,-0.769088,-0.642208,-4.3575,28.76125,-34.16,25.216002,21.632002,-17.672,none,8,3.0,32090.0,199546.0,73986.0,208161.0,76331.0
2026-04-14 18:04:42.758515,724501,1609507376381724,4976351158,0.089792,-0.733952,-0.651968,-8.93375,27.60625,-34.545002,24.032001,21.664001,-17.960001,none,8,3.0,32090.0,199546.0,73986.0,208161.0,76331.0
2026-04-14 18:04:42.761440,724502,1609507376396204,4976366046,0.089792,-0.733952,-0.651968,-15.015,27.2125,-35.30625,24.032001,21.664001,-17.960001,none,8,3.0,32090.0,199546.0,73986.0,208161.0,76331.0
2026-04-14 18:04:42.811189,724513,1609507376405532,4976374934,0.08784,-0.769088,-0.827648,-20.3175,27.2475,-35.8925,23.896002,22.28,-17.392,none,8,3.0,32630.0,196412.0,74901.0,204677.0,77401.0
2026-04-14 18:04:42.813906,724514,1609507376420082,4976389889,0.113216,-0.763232,-0.788608,-23.09125,27.098751,-35.76125,23.04,22.448002,-17.496,none,8,3.0,32630.0,196412.0,74901.0,204677.0,77401.0
2026-04-14 18:04:42.816405,724515,1609507376429063,4976398641,0.113216,-0.763232,-0.788608,-25.05125,27.1425,-35.35875,23.04,22.448002,-17.496,none,8,3.0,32630.0,196412.0,74901.0,204677.0,77401.0
2026-04-14 18:04:42.818837,724516,1609507376438028,4976407358,0.113216,-0.763232,-0.665632,-26.241251,28.6825,-35.857502,23.04,22.448002,-17.496,none,8,3.0,32630.0,196412.0,74901.0,204677.0,77401.0
2026-04-14 18:04:42.821122,724517,1609507376452687,4976422478,0.171776,-0.772992,-0.665632,-28.0,28.7,-37.10875,23.000002,22.36,-17.784,none,8,3.0,32630.0,196412.0,74901.0,204677.0,77401.0
2026-04-14 18:04:42.823942,724518,1609507376461787,4976431283,0.245952,-0.7808,-0.77104,-28.647501,27.9125,-36.5225,22.136002,22.552002,-18.288,none,8,3.0,32630.0,196412.0,74901.0,204677.0,77401.0
2026-04-14 18:04:42.833472,724519,1609507376476363,4976446192,0.245952,-0.7808,-0.77104,-30.2575,28.32375,-35.638752,22.136002,22.552002,-18.288,none,8,3.0,32630.0,196412.0,74901.0,204677.0,77401.0
2026-04-14 18:04:42.843958,724520,1609507376485316,4976454896,0.212768,-0.776896,-0.874496,-33.25,29.54875,-36.1725,22.104002,22.400002,-22.240002,none,8,3.0,32630.0,196412.0,74901.0,204677.0,77401.0
2026-04-14 18:04:42.853642,724521,1609507376494254,4976463583,0.212768,-0.776896,-0.874496,-35.13125,31.29875,-37.03875,22.104002,22.400002,-22.240002,none,8,3.0,32630.0,196412.0,74901.0,204677.0,77401.0
2026-04-14 18:04:42.884753,724532,1609507376508911,4976478901,0.318176,-0.798368,-0.698816,-34.97375,35.76125,-36.925,22.504002,22.488,-20.2,none,8,3.0,33570.0,191494.0,76475.0,199395.0,79209.0
2026-04-14 18:04:42.887165,724533,1609507376517864,4976487637,0.318176,-0.798368,-0.698816,-33.013752,39.73375,-39.33125,22.504002,22.488,-20.2,none,8,3.0,33570.0,191494.0,76475.0,199395.0,79209.0
2026-04-14 18:04:42.895406,724534,1609507376532407,4976502550,0.199104,-0.743712,-0.827648,-28.8225,43.23375,-39.69,21.312,23.048,-21.320002,none,8,3.0,33570.0,191494.0,76475.0,199395.0,79209.0
2026-04-14 18:04:42.900076,724535,1609507376541396,4976511313,0.197152,-0.706624,-0.88816,-24.605,46.5675,-39.48,21.352001,22.920002,-20.312,none,8,3.0,33570.0,191494.0,76475.0,199395.0,79209.0
2026-04-14 18:04:42.913843,724536,1609507376555942,4976526277,0.197152,-0.706624,-0.88816,-23.16125,48.4225,-41.0725,21.352001,22.920002,-20.312,none,8,3.0,33570.0,191494.0,76475.0,199395.0,79209.0
2026-04-14 18:04:42.925947,724537,1609507376564908,4976535002,0.31232,-0.700768,-0.66368,-21.65625,49.86625,-40.013752,20.688002,22.816002,-21.544,none,8,3.0,33570.0,191494.0,76475.0,199395.0,79209.0
2026-04-14 18:04:42.932724,724538,1609507376573886,4976543723,0.31232,-0.700768,-0.66368,-27.265,50.04125,-41.53625,20.688002,22.816002,-21.544,none,8,3.0,33570.0,191494.0,76475.0,199395.0,79209.0
2026-04-14 18:04:42.947749,724539,1609507376588383,4976558640,0.314272,-0.737856,-0.8784,-30.345,51.03,-42.95375,19.528002,23.080002,-21.968,none,8,3.0,33570.0,191494.0,76475.0,199395.0,79209.0
2026-04-14 18:04:42.955261,724540,1609507376597320,4976567460,0.314272,-0.737856,-0.8784,-27.81625,54.18,-44.625,19.528002,23.080002,-21.968,none,8,3.0,33570.0,191494.0,76475.0,199395.0,79209.0
2026-04-14 18:04:43.010156,724551,1609507376611987,4976580419,0.27328,-0.650016,-0.85888,-22.86375,55.58875,-44.09125,19.824001,23.136002,-22.672,none,8,3.0,36207.0,204897.0,81590.0,212530.0,84807.0
2026-04-14 18:04:43.012676,724552,1609507376621365,4976591242,0.23424,-0.646112,-0.911584,-20.39625,56.72625,-43.96,18.048,23.496,-20.648,none,8,3.0,36207.0,204897.0,81590.0,212530.0,84807.0
2026-04-14 18:04:43.014689,724553,1609507376630310,4976599914,0.23424,-0.646112,-0.911584,-20.335001,57.732502,-47.3025,18.048,23.496,-20.648,none,8,3.0,36207.0,204897.0,81590.0,212530.0,84807.0
2026-04-14 18:04:43.017710,724554,1609507376644961,4976614932,0.35136,-0.655872,-0.646112,-24.08875,56.14,-49.76125,17.160002,23.840002,-22.064001,none,8,3.0,36207.0,204897.0,81590.0,212530.0,84807.0
2026-04-14 18:04:43.020239,724555,1609507376653971,4976623645,0.35136,-0.655872,-0.646112,-25.9175,54.36375,-49.18375,17.160002,23.840002,-22.064001,none,8,3.0,36207.0,204897.0,81590.0,212530.0,84807.0
2026-04-14 18:04:43.027714,724556,1609507376668523,4976638583,0.327936,-0.609024,-0.6832,-25.5325,55.615,-47.13625,16.616001,23.776001,-23.552002,none,8,3.0,36207.0,204897.0,81590.0,212530.0,84807.0
2026-04-14 18:04:43.034968,724557,1609507376677528,4976647321,0.327936,-0.609024,-0.6832,-24.955,56.0875,-48.78125,16.616001,23.776001,-23.552002,none,8,3.0,36207.0,204897.0,81590.0,212530.0,84807.0
2026-04-14 18:04:43.043992,724558,1609507376686471,4976656042,0.355264,-0.64416,-0.817888,-21.81375,57.0325,-50.3825,16.112001,23.536001,-24.016,none,8,3.0,36207.0,204897.0,81590.0,212530.0,84807.0
2026-04-14 18:04:43.060221,724559,1609507376700968,4976670925,0.388448,-0.538752,-0.691008,-21.5775,57.19,-51.31,15.896001,23.944,-24.432001,none,8,3.0,36207.0,204897.0,81590.0,212530.0,84807.0
2026-04-14 18:04:43.090096,724570,1609507376710099,4976680121,0.388448,-0.538752,-0.691008,-18.76,59.2725,-50.015,15.896001,23.944,-24.432001,none,8,3.0,39861.0,236349.0,88431.0,236122.0,92439.0
2026-04-14 18:04:43.092173,724571,1609507376724674,4976693053,0.435296,-0.568032,-0.74176,-17.2025,62.1775,-51.205,15.272,24.112001,-24.704,none,8,3.0,39861.0,236349.0,88431.0,236122.0,92439.0
2026-04-14 18:04:43.095108,724572,1609507376733989,4976703818,0.435296,-0.568032,-0.74176,-16.835001,63.4725,-53.725,15.272,24.112001,-24.704,none,8,3.0,39861.0,236349.0,88431.0,236122.0,92439.0
2026-04-14 18:04:43.132653,724573,1609507376748586,4976718739,0.454816,-0.609024,-0.677344,-20.16875,62.6325,-55.685,14.112,24.136002,-25.064001,none,8,3.0,39861.0,236349.0,88431.0,236122.0,92439.0
2026-04-14 18:04:43.134954,724574,1609507376757506,4976727407,0.454816,-0.609024,-0.677344,-23.03875,62.36125,-54.48625,14.112,24.136002,-25.064001,none,8,3.0,39861.0,236349.0,88431.0,236122.0,92439.0
2026-04-14 18:04:43.137712,724575,1609507376766427,4976736100,0.51728,-0.630496,-0.75152,-20.43125,62.825,-52.22875,13.088,24.336,-25.232,none,8,3.0,39861.0,236349.0,88431.0,236122.0,92439.0
2026-04-14 18:04:43.162711,724576,1609507376780927,4976751012,0.587552,-0.51728,-0.687104,-17.47375,63.5425,-52.56125,12.408001,24.432001,-26.464,none,8,3.0,39861.0,236349.0,88431.0,236122.0,92439.0
2026-04-14 18:04:43.167603,724577,1609507376789899,4976759724,0.587552,-0.51728,-0.687104,-8.56625,66.77125,-49.4725,12.408001,24.432001,-26.464,none,8,3.0,39861.0,236349.0,88431.0,236122.0,92439.0
2026-04-14 18:04:43.207490,724588,1609507376804418,4976774568,0.462624,-0.482144,-0.737856,-5.73125,70.11375,-50.77625,11.608001,24.616001,-26.072,none,8,3.0,47424.0,273565.0,102222.0,266723.0,108238.0
2026-04-14 18:04:43.219013,724589,1609507376813537,4976783307,0.462624,-0.482144,-0.737856,-8.155,72.2925,-54.36375,11.608001,24.616001,-26.072,none,8,3.0,47424.0,273565.0,102222.0,266723.0,108238.0
2026-04-14 18:04:43.219100,724590,1609507376822582,4976792054,0.456768,-0.540704,-0.788608,-12.38125,72.75625,-55.18625,10.136001,24.800001,-25.344002,none,8,3.0,47424.0,273565.0,102222.0,266723.0,108238.0
2026-04-14 18:04:43.219157,724591,1609507376837144,4976806954,0.456768,-0.540704,-0.788608,-11.87375,72.1,-55.72,10.136001,24.800001,-25.344002,none,8,3.0,47424.0,273565.0,102222.0,266723.0,108238.0
2026-04-14 18:04:43.219208,724592,1609507376846089,4976815636,0.577792,-0.513376,-0.56608,-8.715,71.0675,-54.4425,8.856,25.456001,-25.176,none,8,3.0,47424.0,273565.0,102222.0,266723.0,108238.0
2026-04-14 18:04:43.219755,724593,1609507376860595,4976830510,0.577792,-0.513376,-0.534848,-10.49125,70.34125,-54.32,8.856,25.456001,-25.176,none,8,3.0,47424.0,273565.0,102222.0,266723.0,108238.0
2026-04-14 18:04:43.227115,724594,1609507376869549,4976839258,0.609024,-0.421632,-0.5368,-10.59625,71.28625,-50.1725,7.712,24.792002,-24.704,none,8,3.0,47424.0,273565.0,102222.0,266723.0,108238.0
2026-04-14 18:04:43.243751,724595,1609507376884194,4976854162,0.671488,-0.464576,-0.560224,-16.2575,70.945,-50.6275,7.752,24.904001,-26.840002,none,8,3.0,47424.0,273565.0,102222.0,266723.0,108238.0
2026-04-14 18:04:43.252660,724596,1609507376893136,4976862887,0.671488,-0.464576,-0.560224,-17.38625,74.06875,-53.15625,7.752,24.904001,-26.840002,none,8,3.0,47424.0,273565.0,102222.0,266723.0,108238.0
2026-04-14 18:04:43.261088,724597,1609507376902083,4976871572,0.589504,-0.392352,-0.601216,-10.49125,76.69375,-50.4175,5.824,25.28,-26.240002,none,8,3.0,47424.0,273565.0,102222.0,266723.0,108238.0
2026-04-14 18:04:43.287477,724608,1609507376916643,4976886669,0.589504,-0.392352,-0.601216,-5.99375,78.65375,-53.6025,5.824,25.28,-26.240002,none,8,3.0,97970.0,304638.0,178652.0,292939.0,188582.0
2026-04-14 18:04:43.289587,724609,1609507376925606,4976895408,0.630496,-0.384544,-0.47824,-2.59,80.115,-56.4025,4.736,25.648,-24.880001,none,8,3.0,97970.0,304638.0,178652.0,292939.0,188582.0
2026-04-14 18:04:43.298399,724610,1609507376940397,4976910590,0.630496,-0.384544,-0.47824,-11.1125,78.54875,-56.70875,4.736,25.648,-24.880001,none,8,3.0,97970.0,304638.0,178652.0,292939.0,188582.0
2026-04-14 18:04:43.308453,724611,1609507376949341,4976919293,0.655872,-0.445056,-0.612928,-23.2575,77.5075,-55.15125,3.176,25.768002,-28.104002,none,8,3.0,97970.0,304638.0,178652.0,292939.0,188582.0
2026-04-14 18:04:43.316375,724612,1609507376958265,4976927964,0.655872,-0.445056,-0.612928,-23.7125,75.81,-52.43,3.176,25.768002,-28.104002,none,8,3.0,97970.0,304638.0,178652.0,292939.0,188582.0
2026-04-14 18:04:43.331442,724613,1609507376972867,4976942937,0.724192,-0.372832,-0.3904,-24.6575,75.705,-51.77375,2.936,25.248001,-27.688002,none,8,3.0,97970.0,304638.0,178652.0,292939.0,188582.0
2026-04-14 18:04:43.340203,724614,1609507376981827,4976951648,0.552416,-0.415776,-0.626592,-20.755,76.86875,-52.0275,2.936,25.248001,-29.736002,none,8,3.0,97970.0,304638.0,178652.0,292939.0,188582.0
2026-04-14 18:04:43.355132,724615,1609507376996336,4976966568,0.55632,-0.415776,-0.626592,-18.305,77.32375,-58.98375,2.344,24.976002,-29.352001,none,8,3.0,97970.0,304638.0,178652.0,292939.0,188582.0
2026-04-14 18:04:43.388886,724626,1609507377005430,4976975314,0.505568,-0.35136,-0.306464,-14.11375,75.20625,-62.30875,1.032,25.264002,-27.168001,none,8,3.0,156827.0,316906.0,249753.0,303986.0,256517.0
2026-04-14 18:04:43.391422,724627,1609507377020035,4976990260,0.505568,-0.35136,-0.306464,-7.105,71.95125,-58.02125,1.032,25.264002,-27.168001,none,8,3.0,156827.0,316906.0,249753.0,303986.0,256517.0
2026-04-14 18:04:43.393974,724628,1609507377028928,4976999061,0.495808,-0.308416,-0.62464,-2.135,68.83625,-54.8625,-0.064,25.216002,-26.568,none,8,3.0,156827.0,316906.0,249753.0,303986.0,256517.0
2026-04-14 18:04:43.396350,724629,1609507377037864,4977007755,0.495808,-0.308416,-0.62464,-0.84,63.9275,-57.645,-0.064,25.216002,-26.568,none,8,3.0,156827.0,316906.0,249753.0,303986.0,256517.0
2026-04-14 18:04:43.410220,724630,1609507377052368,4977022664,0.61488,-0.388448,-0.591456,-0.9975,58.905,-57.697502,-1.552,25.44,-26.552002,none,8,3.0,156827.0,316906.0,249753.0,303986.0,256517.0
2026-04-14 18:04:43.420223,724631,1609507377061351,4977031374,0.61488,-0.388448,-0.591456,-2.77375,52.87625,-52.22,-1.552,25.44,-26.552002,none,8,3.0,156827.0,316906.0,249753.0,303986.0,256517.0
2026-04-14 18:04:43.432719,724632,1609507377075854,4977044216,0.724192,-0.316224,-0.296704,2.8525,49.58625,-52.36,-1.68,24.984001,-25.016,none,8,3.0,156827.0,316906.0,249753.0,303986.0,256517.0
2026-04-14 18:04:43.443929,724633,1609507377085169,4977054968,0.65392,-0.128832,-0.42944,14.28875,48.3175,-53.7075,-2.36,25.352001,-27.192001,none,8,3.0,156827.0,316906.0,249753.0,303986.0,256517.0
2026-04-14 18:04:43.457160,724634,1609507377094116,4977063628,0.65392,-0.128832,-0.42944,27.76375,47.95,-55.08125,-2.36,25.352001,-27.192001,none,8,3.0,156827.0,316906.0,249753.0,303986.0,256517.0
2026-04-14 18:04:43.536134,724645,1609507377108686,4977078562,0.69296,-0.232288,-0.597312,19.31125,42.48125,-58.63375,-4.064,25.816002,-24.960001,none,8,3.0,155798.0,318234.0,248254.0,304578.0,254990.0
2026-04-14 18:04:43.542565,724646,1609507377117647,4977087368,0.69296,-0.232288,-0.597312,2.87,34.3525,-57.30375,-4.064,25.816002,-24.960001,none,8,3.0,155798.0,318234.0,248254.0,304578.0,254990.0
2026-04-14 18:04:43.542914,724647,1609507377132089,4977102265,0.694912,-0.181536,-0.35136,-8.365,30.47625,-54.5825,-5.336,25.912,-24.864,none,8,3.0,155798.0,318234.0,248254.0,304578.0,254990.0
2026-04-14 18:04:43.543228,724648,1609507377141180,4977110987,0.694912,-0.181536,-0.35136,0.28,34.08125,-53.29625,-5.336,25.912,-24.864,none,8,3.0,155798.0,318234.0,248254.0,304578.0,254990.0
2026-04-14 18:04:43.545984,724649,1609507377155686,4977125860,0.730048,-0.261568,-0.251808,2.45,37.10875,-53.2175,-6.144,26.04,-25.104002,none,8,3.0,155798.0,318234.0,248254.0,304578.0,254990.0
2026-04-14 18:04:43.550753,724650,1609507377164662,4977134590,0.616832,-0.316224,-0.415776,10.47375,33.46875,-48.86875,-6.768,25.896002,-25.44,none,8,3.0,155798.0,318234.0,248254.0,304578.0,254990.0
2026-04-14 18:04:43.550851,724651,1609507377173825,4977143310,0.616832,-0.316224,-0.415776,17.08,32.83875,-42.09625,-6.768,25.896002,-25.44,none,8,3.0,155798.0,318234.0,248254.0,304578.0,254990.0
2026-04-14 18:04:43.553783,724652,1609507377188403,4977158232,0.774944,-0.435296,-0.472384,14.945,29.84625,-30.345,-5.928001,26.088001,-25.256,none,8,3.0,155798.0,318234.0,248254.0,304578.0,254990.0
2026-04-14 18:04:43.566741,724653,1609507377197353,4977166921,0.774944,-0.435296,-0.472384,15.37375,24.71875,-22.995,-5.928001,26.088001,-25.256,none,8,3.0,155798.0,318234.0,248254.0,304578.0,254990.0
2026-04-14 18:04:43.589869,724664,1609507377212024,4977181915,0.745664,0.037088,-0.095648,20.51,20.06375,-17.115,-6.376,26.176,-25.000002,none,8,3.0,177901.0,326905.0,275083.0,312949.0,277906.0
2026-04-14 18:04:43.592308,724665,1609507377221089,4977190711,0.745664,0.037088,-0.095648,30.765,25.92625,-16.625,-6.376,26.176,-25.000002,none,8,3.0,177901.0,326905.0,275083.0,312949.0,277906.0
2026-04-14 18:04:43.594894,724666,1609507377230145,4977199453,0.700768,-0.076128,-0.12688,13.448751,30.0825,-26.565,-6.864,26.264002,-23.36,none,8,3.0,177901.0,326905.0,275083.0,312949.0,277906.0
2026-04-14 18:04:43.627414,724667,1609507377244816,4977214404,0.685152,-0.55632,-0.244,-5.81875,28.8575,-22.6625,-6.896,26.160002,-23.336,none,8,3.0,177901.0,326905.0,275083.0,312949.0,277906.0
2026-04-14 18:04:43.632853,724668,1609507377253929,4977223118,0.685152,-0.55632,-0.244,-21.0,21.32375,-11.99625,-6.896,26.160002,-23.336,none,8,3.0,177901.0,326905.0,275083.0,312949.0,277906.0
2026-04-14 18:04:43.633303,724669,1609507377268416,4977238006,0.75152,-0.230336,-0.25376,-21.88375,17.38625,-2.6775,-7.264,26.688002,-24.880001,none,8,3.0,177901.0,326905.0,275083.0,312949.0,277906.0
2026-04-14 18:04:43.635707,724670,1609507377277327,4977246725,0.75152,-0.230336,-0.25376,11.06875,14.06125,-0.84,-7.264,26.688002,-24.880001,none,8,3.0,177901.0,326905.0,275083.0,312949.0,277906.0
2026-04-14 18:04:43.649526,724671,1609507377291839,4977261811,0.772992,0.111264,-0.286944,34.06375,15.505,-6.3875,-7.36,26.584002,-24.76,none,8,3.0,177901.0,326905.0,275083.0,312949.0,277906.0
2026-04-14 18:04:43.661190,724672,1609507377300805,4977270533,0.772992,0.111264,-0.286944,22.75,19.425,-11.41875,-7.36,26.584002,-24.76,none,8,3.0,177901.0,326905.0,275083.0,312949.0,277906.0
2026-04-14 18:04:43.691166,724683,1609507377309753,4977279267,0.763232,-0.476288,-0.480192,-4.03375,14.28875,-7.4025,-6.336,26.128002,-25.736002,none,8,3.0,185875.0,338067.0,285001.0,324006.0,285043.0
2026-04-14 18:04:43.693655,724684,1609507377324329,4977294212,0.94672,-0.37088,-0.02928,-22.303751,1.365,4.41,-6.336,26.496002,-25.016,none,8,3.0,185875.0,338067.0,285001.0,324006.0,285043.0
2026-04-14 18:04:43.696149,724685,1609507377333316,4977302915,0.94672,-0.37088,-0.02928,-13.405,-4.34,10.63125,-6.12,26.496002,-25.016,none,8,3.0,185875.0,338067.0,285001.0,324006.0,285043.0
2026-04-14 18:04:43.707421,724686,1609507377347879,4977317868,0.812032,0.023424,-0.158112,26.85375,-2.17,10.5175,-6.352,26.376001,-25.832,none,8,3.0,185875.0,338067.0,285001.0,324006.0,285043.0
2026-04-14 18:04:43.716200,724687,1609507377356966,4977326582,0.812032,0.023424,-0.158112,30.70375,1.3475,2.94,-6.352,26.376001,-25.832,none,8,3.0,185875.0,338067.0,285001.0,324006.0,285043.0
2026-04-14 18:04:43.722408,724688,1609507377366011,4977335321,0.817888,-0.232288,-0.244,0.2275,3.38625,2.4325,-6.16,26.320002,-25.128,none,8,3.0,185875.0,338067.0,285001.0,324006.0,285043.0
2026-04-14 18:04:43.738520,724689,1609507377380489,4977350279,0.817888,-0.232288,-0.244,-11.4975,2.40625,3.6225,-6.16,26.320002,-25.128,none,8,3.0,185875.0,338067.0,285001.0,324006.0,285043.0
2026-04-14 18:04:43.747347,724690,1609507377389412,4977358964,0.856928,-0.366976,-0.398208,-9.84375,-2.2575,3.4825,-6.576,26.256,-25.808,none,8,3.0,185875.0,338067.0,285001.0,324006.0,285043.0
2026-04-14 18:04:43.762405,724691,1609507377403924,4977373809,0.856928,-0.366976,-0.398208,-2.09125,-7.97125,4.50625,-6.576,26.256,-25.808,none,8,3.0,185875.0,338067.0,285001.0,324006.0,285043.0
2026-04-14 18:04:43.792315,724702,1609507377413025,4977382637,0.81008,-0.037088,-0.249856,9.56375,-8.1375,2.625,-6.264,26.560001,-25.576002,none,8,3.0,185382.0,337323.0,284130.0,323468.0,283429.0
2026-04-14 18:04:43.795242,724703,1609507377427608,4977397657,0.778848,-0.269376,-0.316224,5.0575,-4.80375,-0.8225,-7.136,26.728,-24.696001,none,8,3.0,185382.0,337323.0,284130.0,323468.0,283429.0
2026-04-14 18:04:43.797773,724704,1609507377436576,4977406361,0.778848,-0.269376,-0.316224,-10.54375,-1.995,-1.2775,-7.136,26.728,-24.696001,none,8,3.0,185382.0,337323.0,284130.0,323468.0,283429.0
2026-04-14 18:04:43.803980,724705,1609507377445573,4977415077,0.899872,-0.36112,-0.218624,-17.36,-1.47,1.65375,-6.056,26.552002,-25.728,none,8,3.0,185382.0,337323.0,284130.0,323468.0,283429.0
2026-04-14 18:04:43.820263,724706,1609507377460054,4977429961,0.899872,-0.36112,-0.218624,-12.27625,-3.5,3.0275,-6.056,26.552002,-25.728,none,8,3.0,185382.0,337323.0,284130.0,323468.0,283429.0
2026-04-14 18:04:43.829518,724707,1609507377468997,4977438700,0.958432,-0.072224,-0.269376,7.035,-1.9425,2.2225,-6.352,26.424002,-25.704,none,8,3.0,185382.0,337323.0,284130.0,323468.0,283429.0
2026-04-14 18:04:43.861469,724708,1609507377483580,4977453616,0.958432,-0.072224,-0.269376,10.15,1.84625,-4.6725,-6.352,26.424002,-25.704,none,8,3.0,185382.0,337323.0,284130.0,323468.0,283429.0
2026-04-14 18:04:43.863634,724709,1609507377492497,4977462331,0.870592,-0.281088,-0.249856,-6.64125,4.4275,-7.16625,-6.288,26.400002,-24.848001,none,8,3.0,185382.0,337323.0,284130.0,323468.0,283429.0
2026-04-14 18:04:43.866467,724710,1609507377507135,4977477184,0.75152,-0.37088,-0.464576,-16.00375,4.795,-6.0025,-7.6,26.896002,-22.896002,none,8,3.0,185382.0,337323.0,284130.0,323468.0,283429.0
2026-04-14 18:04:43.961114,724721,1609507377516204,4977486012,0.75152,-0.37088,-0.464576,-13.43125,4.87375,-2.70375,-7.6,26.896002,-22.896002,none,8,3.0,173219.0,338263.0,269139.0,324113.0,271284.0
2026-04-14 18:04:43.963942,724722,1609507377525173,4977494766,0.75152,-0.277184,-0.228384,-8.61,2.6075,0.98,-7.6,26.896002,-22.896002,none,8,3.0,173219.0,338263.0,269139.0,324113.0,271284.0
2026-04-14 18:04:43.966446,724723,1609507377539598,4977509690,0.827648,-0.277184,-0.228384,-4.06,-0.455,4.0425,-7.536,26.944002,-24.184002,none,8,3.0,173219.0,338263.0,269139.0,324113.0,271284.0
2026-04-14 18:04:43.968933,724724,1609507377548503,4977518536,0.778848,-0.167872,-0.3416,2.8525,-1.77625,6.37875,-7.920001,26.752,-24.816002,none,8,3.0,173219.0,338263.0,269139.0,324113.0,271284.0
2026-04-14 18:04:43.973497,724725,1609507377563005,4977531379,0.778848,-0.167872,-0.3416,6.88625,0.245,5.13625,-7.920001,26.752,-24.816002,none,8,3.0,173219.0,338263.0,269139.0,324113.0,271284.0
2026-04-14 18:04:43.975972,724726,1609507377572232,4977542371,0.837408,-0.245952,-0.1952,3.28125,2.345,4.12125,-6.744,26.552002,-24.552002,none,8,3.0,173219.0,338263.0,269139.0,324113.0,271284.0
2026-04-14 18:04:43.978945,724727,1609507377581170,4977551067,0.837408,-0.245952,-0.1952,1.0325,3.7975,5.85375,-6.744,26.552002,-24.552002,none,8,3.0,173219.0,338263.0,269139.0,324113.0,271284.0
2026-04-14 18:04:43.981485,724728,1609507377595854,4977565965,0.909632,-0.343552,-0.316224,-0.42,3.45625,7.5075,-6.984,26.472002,-24.792002,none,8,3.0,173219.0,338263.0,269139.0,324113.0,271284.0
2026-04-14 18:04:43.983955,724729,1609507377604935,4977574730,0.909632,-0.343552,-0.316224,-1.0675,1.365,7.53375,-6.984,26.472002,-24.792002,none,8,3.0,173219.0,338263.0,269139.0,324113.0,271284.0
2026-04-14 18:04:44.011040,724740,1609507377619513,4977589674,0.919392,-0.197152,-0.216672,4.41,0.7525,7.7875,-6.472,26.704,-24.216002,none,8,3.0,158541.0,334004.0,251384.0,319923.0,255894.0
2026-04-14 18:04:44.016125,724741,1609507377628453,4977598370,0.866688,-0.25376,-0.179584,5.36375,1.63625,6.41375,-7.128,26.304,-25.840002,none,8,3.0,158541.0,334004.0,251384.0,319923.0,255894.0
2026-04-14 18:04:44.016233,724742,1609507377637495,4977607137,0.866688,-0.25376,-0.179584,-1.42625,1.79375,6.58,-7.128,26.304,-25.840002,none,8,3.0,158541.0,334004.0,251384.0,319923.0,255894.0
2026-04-14 18:04:44.019229,724743,1609507377652020,4977622098,0.753472,-0.316224,-0.324032,-4.725,1.49625,8.91625,-5.744,26.248001,-25.776001,none,8,3.0,158541.0,334004.0,251384.0,319923.0,255894.0
2026-04-14 18:04:44.021212,724744,1609507377660942,4977630826,0.753472,-0.316224,-0.324032,-3.395,-0.88375,11.4275,-5.744,26.248001,-25.776001,none,8,3.0,158541.0,334004.0,251384.0,319923.0,255894.0
2026-04-14 18:04:44.033771,724745,1609507377675463,4977645733,0.909632,-0.284992,-0.271328,2.86125,-3.1325,13.335,-5.488,26.536001,-25.568,none,8,3.0,158541.0,334004.0,251384.0,319923.0,255894.0
2026-04-14 18:04:44.042098,724746,1609507377684487,4977654436,0.909632,-0.284992,-0.271328,6.46625,-4.20875,11.78625,-5.488,26.536001,-25.568,none,8,3.0,158541.0,334004.0,251384.0,319923.0,255894.0
2026-04-14 18:04:44.056470,724747,1609507377698976,4977667325,0.821792,-0.142496,-0.316224,6.265,-4.2,10.745,-5.352,26.512001,-23.912,none,8,3.0,158541.0,334004.0,251384.0,319923.0,255894.0
2026-04-14 18:04:44.067731,724748,1609507377708145,4977678111,0.837408,-0.240096,-0.18544,2.66875,-2.63375,9.31875,-5.384,26.36,-25.28,none,8,3.0,158541.0,334004.0,251384.0,319923.0,255894.0
2026-04-14 18:04:44.097734,724759,1609507377717313,4977686822,0.837408,-0.240096,-0.18544,-4.6025,-1.855,8.645,-5.384,26.36,-25.28,none,8,3.0,153422.0,333712.0,245482.0,319809.0,250676.0
2026-04-14 18:04:44.103029,724760,1609507377731901,4977701766,0.827648,-0.38064,-0.366976,-8.2775,-2.0475,10.80625,-6.744,27.160002,-24.824001,none,8,3.0,153422.0,333712.0,245482.0,319809.0,250676.0
2026-04-14 18:04:44.103372,724761,1609507377740929,4977710544,0.827648,-0.38064,-0.366976,-9.16125,-3.675,13.5975,-6.744,27.160002,-24.824001,none,8,3.0,153422.0,333712.0,245482.0,319809.0,250676.0
2026-04-14 18:04:44.113406,724762,1609507377755457,4977725448,0.71248,-0.2928,-0.378688,-10.43,-6.9825,16.94875,-5.92,26.656002,-25.000002,none,8,3.0,153422.0,333712.0,245482.0,319809.0,250676.0
2026-04-14 18:04:44.122564,724763,1609507377764414,4977734143,0.71248,-0.2928,-0.378688,-2.82625,-8.8025,21.7,-5.92,26.656002,-25.000002,none,8,3.0,153422.0,333712.0,245482.0,319809.0,250676.0
2026-04-14 18:04:44.132629,724764,1609507377773479,4977742840,0.685152,-0.267424,-0.203008,-0.00875,-9.905,23.205,-4.304,26.352001,-25.6,none,8,3.0,153422.0,333712.0,245482.0,319809.0,250676.0
2026-04-14 18:04:44.148948,724765,1609507377788000,4977757730,0.743712,-0.347456,-0.15616,-1.0675,-10.61375,26.11875,-4.392,26.792002,-26.160002,none,8,3.0,153422.0,333712.0,245482.0,319809.0,250676.0
2026-04-14 18:04:44.155246,724766,1609507377796968,4977766584,0.743712,-0.347456,-0.15616,0.665,-11.165,30.6075,-4.392,26.792002,-26.160002,none,8,3.0,153422.0,333712.0,245482.0,319809.0,250676.0
2026-04-14 18:04:44.199666,724777,1609507377811580,4977781959,0.706624,-0.31232,-0.232288,2.31875,-13.1425,33.845,-4.224,26.768002,-25.880001,none,8,3.0,149213.0,334403.0,240605.0,320599.0,246284.0
2026-04-14 18:04:44.204049,724778,1609507377820627,4977790698,0.706624,-0.31232,-0.232288,6.67625,-15.04125,38.45625,-4.224,26.768002,-25.880001,none,8,3.0,149213.0,334403.0,240605.0,320599.0,246284.0
2026-04-14 18:04:44.227103,724779,1609507377835161,4977803607,0.657824,-0.259616,-0.423584,7.25375,-16.94,40.13625,-3.72,26.872002,-25.760002,none,8,3.0,149213.0,334403.0,240605.0,320599.0,246284.0
2026-04-14 18:04:44.253133,724780,1609507377844434,4977814382,0.657824,-0.259616,-0.423584,5.6525,-19.59125,40.20625,-3.72,26.872002,-25.760002,none,8,3.0,149213.0,334403.0,240605.0,320599.0,246284.0
2026-04-14 18:04:44.277749,724781,1609507377853521,4977823085,0.76128,-0.320128,-0.37088,3.94625,-21.875,41.58,-2.712,26.648,-26.136002,none,8,3.0,149213.0,334403.0,240605.0,320599.0,246284.0
2026-04-14 18:04:44.280240,724782,1609507377868016,4977837944,0.685152,-0.366976,-0.1952,-4.375,-24.12375,43.645,-2.0,26.52,-24.288002,none,8,3.0,149213.0,334403.0,240605.0,320599.0,246284.0
2026-04-14 18:04:44.292240,724783,1609507377877135,4977846650,0.685152,-0.366976,-0.1952,-16.00375,-28.805,45.63125,-2.0,26.52,-24.288002,none,8,3.0,149213.0,334403.0,240605.0,320599.0,246284.0
2026-04-14 18:04:44.294692,724784,1609507377891644,4977861541,0.825696,-0.382592,-0.148352,-13.3175,-31.98125,51.89625,-0.936,26.648,-25.984001,none,8,3.0,149213.0,334403.0,240605.0,320599.0,246284.0
2026-04-14 18:04:44.299345,724785,1609507377900553,4977870274,0.825696,-0.382592,-0.148352,-5.74,-31.465,52.465,-0.936,26.648,-25.984001,none,8,3.0,149213.0,334403.0,240605.0,320599.0,246284.0
2026-04-14 18:04:44.299620,724786,1609507377909448,4977878961,0.76128,-0.37088,-0.310368,0.53375,-29.82,49.56875,-0.496,26.472002,-26.328001,none,8,3.0,149213.0,334403.0,240605.0,320599.0,246284.0
2026-04-14 18:04:44.327537,724797,1609507377924146,4977893861,0.76128,-0.37088,-0.310368,6.55375,-29.21625,47.64375,-0.496,26.472002,-26.328001,none,8,3.0,133796.0,323448.0,221913.0,310087.0,229025.0
2026-04-14 18:04:44.330058,724798,1609507377933107,4977902551,0.67344,-0.460672,-0.583648,8.88125,-31.045,47.57375,0.44,26.384,-25.896002,none,8,3.0,133796.0,323448.0,221913.0,310087.0,229025.0
2026-04-14 18:04:44.332567,724799,1609507377947793,4977917598,0.67344,-0.460672,-0.240096,3.9725,-35.14,51.47625,0.44,26.384,-25.896002,none,8,3.0,133796.0,323448.0,221913.0,310087.0,229025.0
2026-04-14 18:04:44.335084,724800,1609507377956869,4977926323,0.767136,-0.3416,-0.236192,-5.355,-41.41375,55.41375,1.208,26.752,-25.208002,none,8,3.0,133796.0,323448.0,221913.0,310087.0,229025.0
2026-04-14 18:04:44.337465,724801,1609507377965835,4977935080,0.767136,-0.3416,-0.236192,0.28,-44.9575,56.6825,1.208,26.752,-25.208002,none,8,3.0,133796.0,323448.0,221913.0,310087.0,229025.0
2026-04-14 18:04:44.340178,724802,1609507377980555,4977950210,0.753472,-0.335744,-0.4392,-0.07,-44.10875,51.17875,1.872,26.392002,-25.088001,none,8,3.0,133796.0,323448.0,221913.0,310087.0,229025.0
2026-04-14 18:04:44.347663,724803,1609507377989490,4977958920,0.687104,-0.505568,-0.353312,-2.1875,-43.26,45.4125,1.88,26.768002,-24.728,none,8,3.0,133796.0,323448.0,221913.0,310087.0,229025.0
2026-04-14 18:04:44.362662,724804,1609507378004095,4977973880,0.687104,-0.505568,-0.353312,-6.4225,-45.535,44.45875,1.88,26.768002,-24.728,none,8,3.0,133796.0,323448.0,221913.0,310087.0,229025.0
2026-04-14 18:04:44.396344,724815,1609507378013731,4977983117,0.6344,-0.562176,-0.558272,-11.865,-48.95625,46.9875,2.84,26.024002,-26.272001,none,8,3.0,96760.0,302316.0,177095.0,290090.0,185412.0
2026-04-14 18:04:44.398824,724816,1609507378022794,4977991874,0.6344,-0.562176,-0.558272,0.0525,-50.54,49.98,2.84,26.024002,-26.272001,none,8,3.0,96760.0,302316.0,177095.0,290090.0,185412.0
2026-04-14 18:04:44.401218,724817,1609507378037394,4978006848,0.610976,-0.44896,-0.509472,14.0875,-51.2575,48.88625,4.208,26.672,-25.952002,none,8,3.0,96760.0,302316.0,177095.0,290090.0,185412.0
2026-04-14 18:04:44.403820,724818,1609507378046591,4978015556,0.610976,-0.44896,-0.509472,20.51875,-52.701252,47.73125,4.208,26.672,-25.952002,none,8,3.0,96760.0,302316.0,177095.0,290090.0,185412.0
2026-04-14 18:04:44.418808,724819,1609507378061113,4978030494,0.64416,-0.464576,-0.62464,27.7025,-53.36625,48.30875,5.208,26.544,-24.968,none,8,3.0,96760.0,302316.0,177095.0,290090.0,185412.0
2026-04-14 18:04:44.427707,724820,1609507378070039,4978039173,0.677344,-0.528992,-0.521184,19.897501,-54.215,45.77125,5.856,26.592001,-21.488,none,8,3.0,96760.0,302316.0,177095.0,290090.0,185412.0
2026-04-14 18:04:44.436423,724821,1609507378079045,4978047918,0.677344,-0.528992,-0.521184,10.4125,-55.18625,44.0475,5.856,26.592001,-21.488,none,8,3.0,96760.0,302316.0,177095.0,290090.0,185412.0
2026-04-14 18:04:44.452733,724822,1609507378093540,4978062824,0.511424,-0.460672,-0.425536,11.40125,-55.36125,44.28375,5.832,26.576002,-25.544,none,8,3.0,96760.0,302316.0,177095.0,290090.0,185412.0
2026-04-14 18:04:44.460213,724823,1609507378102496,4978071561,0.511424,-0.460672,-0.425536,14.07875,-57.076252,42.0875,5.832,26.576002,-25.544,none,8,3.0,96760.0,302316.0,177095.0,290090.0,185412.0
2026-04-14 18:04:44.503006,724834,1609507378117303,4978086651,0.474336,-0.44896,-0.435296,17.77125,-59.2725,39.06875,6.176,26.800001,-24.28,none,8,3.0,67913.0,281402.0,139832.0,271905.0,147672.0
2026-04-14 18:04:44.505102,724835,1609507378126286,4978095443,0.474336,-0.44896,-0.435296,16.51125,-61.145,38.7275,6.176,26.800001,-24.28,none,8,3.0,67913.0,281402.0,139832.0,271905.0,147672.0
2026-04-14 18:04:44.507146,724836,1609507378140810,4978110325,0.626592,-0.591456,-0.50752,12.355001,-60.8125,41.5975,7.304,27.080002,-23.632002,none,8,3.0,67913.0,281402.0,139832.0,271905.0,147672.0
2026-04-14 18:04:44.509573,724837,1609507378149692,4978118992,0.52704,-0.610976,-0.609024,6.9825,-61.27625,42.84,7.304,26.904001,-23.696001,none,8,3.0,67913.0,281402.0,139832.0,271905.0,147672.0
2026-04-14 18:04:44.515135,724838,1609507378158686,4978127754,0.52704,-0.610976,-0.609024,8.96,-59.29,42.2625,8.576,26.904001,-23.696001,none,8,3.0,67913.0,281402.0,139832.0,271905.0,147672.0
2026-04-14 18:04:44.532721,724839,1609507378173194,4978142756,0.431392,-0.577792,-0.714432,19.13625,-57.56625,41.4225,9.952001,26.464,-24.032001,none,8,3.0,67913.0,281402.0,139832.0,271905.0,147672.0
2026-04-14 18:04:44.540222,724840,1609507378182113,4978151459,0.431392,-0.577792,-0.714432,30.66875,-57.3825,41.30875,9.952001,26.464,-24.032001,none,8,3.0,67913.0,281402.0,139832.0,271905.0,147672.0
2026-04-14 18:04:44.555215,724841,1609507378196596,4978166353,0.484096,-0.55632,-0.579744,34.55375,-60.64625,40.95875,10.280001,26.808,-23.912,none,8,3.0,67913.0,281402.0,139832.0,271905.0,147672.0
2026-04-14 18:04:44.563985,724842,1609507378205556,4978175076,0.484096,-0.55632,-0.579744,22.81125,-63.44625,41.8425,10.280001,26.808,-23.912,none,8,3.0,67913.0,281402.0,139832.0,271905.0,147672.0
2026-04-14 18:04:44.661133,724853,1609507378220244,4978190430,0.708576,-0.640256,-0.569984,9.87,-63.166252,47.53,11.888001,26.408,-23.584002,none,8,3.0,55520.0,261985.0,121458.0,256315.0,128469.0
2026-04-14 18:04:44.665177,724854,1609507378229360,4978199147,0.708576,-0.640256,-0.569984,5.55625,-57.4875,48.895,11.888001,26.408,-23.584002,none,8,3.0,55520.0,261985.0,121458.0,256315.0,128469.0
2026-04-14 18:04:44.667114,724855,1609507378238358,4978207830,0.677344,-0.718336,-0.52704,15.35625,-51.19625,45.7275,11.272,27.096,-20.816002,none,8,3.0,55520.0,261985.0,121458.0,256315.0,128469.0
2026-04-14 18:04:44.669716,724856,1609507378252834,4978222736,0.464576,-0.64416,-0.667584,27.93,-46.69,42.67375,12.344001,27.000002,-20.800001,none,8,3.0,55520.0,261985.0,121458.0,256315.0,128469.0
2026-04-14 18:04:44.672001,724857,1609507378261751,4978231463,0.464576,-0.64416,-0.667584,33.80125,-46.9175,43.1025,12.344001,27.000002,-20.800001,none,8,3.0,55520.0,261985.0,121458.0,256315.0,128469.0
2026-04-14 18:04:44.674750,724858,1609507378276264,4978246384,0.425536,-0.665632,-0.648064,28.37625,-50.25125,40.67875,12.52,27.008001,-20.632002,none,8,3.0,55520.0,261985.0,121458.0,256315.0,128469.0
2026-04-14 18:04:44.676898,724859,1609507378285287,4978255086,0.425536,-0.665632,-0.648064,15.5925,-52.3775,37.555,12.52,27.008001,-20.632002,none,8,3.0,55520.0,261985.0,121458.0,256315.0,128469.0
2026-04-14 18:04:44.679501,724860,1609507378294302,4978263821,0.515328,-0.669536,-0.558272,9.89625,-52.45625,42.4375,12.672001,26.616001,-21.408,none,8,3.0,55520.0,261985.0,121458.0,256315.0,128469.0
2026-04-14 18:04:44.680907,724861,1609507378308916,4978278834,0.515328,-0.669536,-0.558272,11.515,-52.08875,46.7075,12.672001,26.616001,-21.408,none,8,3.0,55520.0,261985.0,121458.0,256315.0,128469.0
2026-04-14 18:04:44.711194,724872,1609507378318067,4978287579,0.620736,-0.74176,-0.562176,14.0525,-49.44625,44.59875,14.480001,26.52,-21.128,none,8,3.0,51409.0,252483.0,114089.0,249149.0,120336.0
2026-04-14 18:04:44.713961,724873,1609507378332588,4978302532,0.491904,-0.75152,-0.46848,18.15625,-45.87625,44.275,15.080001,26.504002,-20.584002,none,8,3.0,51409.0,252483.0,114089.0,249149.0,120336.0
2026-04-14 18:04:44.716494,724874,1609507378341544,4978311437,0.491904,-0.75152,-0.46848,20.22125,-45.43875,42.385,15.080001,26.504002,-20.584002,none,8,3.0,51409.0,252483.0,114089.0,249149.0,120336.0
2026-04-14 18:04:44.718960,724875,1609507378350570,4978320176,0.491904,-0.689056,-0.650016,21.2625,-49.53375,37.4675,15.080001,26.504002,-20.584002,none,8,3.0,51409.0,252483.0,114089.0,249149.0,120336.0
2026-04-14 18:04:44.723966,724876,1609507378365107,4978335169,0.325984,-0.700768,-0.650016,18.3225,-53.2875,35.30625,15.816001,26.016,-20.336,none,8,3.0,51409.0,252483.0,114089.0,249149.0,120336.0
2026-04-14 18:04:44.733616,724877,1609507378374069,4978343850,0.450912,-0.72224,-0.601216,8.645,-56.46375,38.15,16.544,26.048,-20.712002,none,8,3.0,51409.0,252483.0,114089.0,249149.0,120336.0
2026-04-14 18:04:44.746548,724878,1609507378388637,4978358815,0.450912,-0.72224,-0.601216,3.50875,-57.11125,40.43375,16.544,26.048,-20.712002,none,8,3.0,51409.0,252483.0,114089.0,249149.0,120336.0
2026-04-14 18:04:44.759390,724879,1609507378397727,4978367512,0.415776,-0.755424,-0.62464,4.90875,-55.3875,38.4125,17.496,25.656002,-20.712002,none,8,3.0,51409.0,252483.0,114089.0,249149.0,120336.0
2026-04-14 18:04:44.772564,724880,1609507378412221,4978382435,0.23424,-0.689056,-0.55632,7.69125,-56.09625,35.90125,18.624,25.624,-19.424002,none,8,3.0,51409.0,252483.0,114089.0,249149.0,120336.0
2026-04-14 18:04:44.802661,724891,1609507378421165,4978391175,0.23424,-0.689056,-0.55632,12.74,-58.1175,34.16875,18.624,25.624,-19.424002,none,8,3.0,46580.0,236406.0,104775.0,235683.0,110175.0
2026-04-14 18:04:44.805202,724892,1609507378430265,4978399924,0.23424,-0.689056,-0.55632,7.93625,-60.62875,32.1825,18.624,25.624,-19.424002,none,8,3.0,46580.0,236406.0,104775.0,235683.0,110175.0
2026-04-14 18:04:44.807831,724893,1609507378444779,4978414925,0.304512,-0.714432,-0.544608,-4.96125,-63.77875,33.7225,18.304,25.920002,-18.36,none,8,3.0,46580.0,236406.0,104775.0,235683.0,110175.0
2026-04-14 18:04:44.812752,724894,1609507378453745,4978423621,0.47824,-0.882304,-0.51728,-9.82625,-63.51625,36.82,18.392,25.576002,-17.744001,none,8,3.0,46580.0,236406.0,104775.0,235683.0,110175.0
2026-04-14 18:04:44.826250,724895,1609507378468313,4978438605,0.47824,-0.882304,-0.51728,-15.12,-62.46625,31.78875,18.392,25.576002,-17.744001,none,8,3.0,46580.0,236406.0,104775.0,235683.0,110175.0
2026-04-14 18:04:44.836556,724896,1609507378477305,4978447287,0.392352,-0.831552,-0.513376,-5.06625,-58.51125,32.22625,19.424002,25.048,-19.656,none,8,3.0,46580.0,236406.0,104775.0,235683.0,110175.0
2026-04-14 18:04:44.848945,724897,1609507378491819,4978460206,0.25376,-0.718336,-0.636352,6.41375,-54.20625,32.85625,19.424002,25.048,-16.976002,none,8,3.0,46580.0,236406.0,104775.0,235683.0,110175.0
2026-04-14 18:04:44.861625,724898,1609507378501132,4978471022,0.25376,-0.718336,-0.636352,18.06,-52.2375,32.1825,20.912,24.576,-16.976002,none,8,3.0,46580.0,236406.0,104775.0,235683.0,110175.0
2026-04-14 18:04:44.867521,724899,1609507378510105,4978479697,0.25376,-0.718336,-0.636352,21.56875,-52.2025,29.8375,20.912,24.576,-16.976002,none,8,3.0,46580.0,236406.0,104775.0,235683.0,110175.0
2026-04-14 18:04:44.940065,724910,1609507378524691,4978494780,0.220576,-0.735904,-0.661728,12.78375,-53.47125,26.915,21.568,24.552002,-19.752,none,8,3.0,41353.0,215546.0,94038.0,220006.0,98202.0
2026-04-14 18:04:44.940377,724911,1609507378533655,4978503461,0.242048,-0.83936,-0.739808,-4.80375,-55.92125,26.57375,21.088001,24.344002,-17.688002,none,8,3.0,41353.0,215546.0,94038.0,220006.0,98202.0
2026-04-14 18:04:44.961177,724912,1609507378548247,4978518366,0.242048,-0.83936,-0.739808,-18.59375,-56.5425,27.0025,21.088001,24.344002,-17.688002,none,8,3.0,41353.0,215546.0,94038.0,220006.0,98202.0
2026-04-14 18:04:44.986107,724913,1609507378557196,4978527073,0.32208,-0.8784,-0.554368,-21.315,-54.495,26.87125,21.208,24.016,-17.144001,none,8,3.0,41353.0,215546.0,94038.0,220006.0,98202.0
2026-04-14 18:04:44.988525,724914,1609507378566299,4978535907,0.32208,-0.8784,-0.554368,-13.825,-50.88125,25.27,21.208,24.016,-17.144001,none,8,3.0,41353.0,215546.0,94038.0,220006.0,98202.0
2026-04-14 18:04:44.991106,724915,1609507378580891,4978550877,0.21472,-0.825696,-0.802272,-0.91875,-45.43,25.54125,21.728,24.128,-16.944,none,8,3.0,41353.0,215546.0,94038.0,220006.0,98202.0
2026-04-14 18:04:44.993613,724916,1609507378589877,4978559598,0.21472,-0.825696,-0.802272,9.70375,-41.5975,23.91375,21.728,24.128,-16.944,none,8,3.0,41353.0,215546.0,94038.0,220006.0,98202.0
2026-04-14 18:04:44.996169,724917,1609507378604372,4978574592,0.083936,-0.772992,-0.718336,14.98875,-39.94375,20.48375,22.192001,24.136002,-16.704,none,8,3.0,41353.0,215546.0,94038.0,220006.0,98202.0
2026-04-14 18:04:44.998683,724918,1609507378613375,4978583284,0.076128,-0.755424,-0.720288,12.11875,-39.62875,21.58625,22.52,24.056002,-15.984001,none,8,3.0,41353.0,215546.0,94038.0,220006.0,98202.0
2026-04-14 18:04:45.031168,724929,1609507378622321,4978591980,0.076128,-0.755424,-0.720288,7.9275,-40.46875,21.53375,22.52,24.056002,-15.984001,none,8,3.0,37328.0,204378.0,85936.0,212226.0,89110.0
2026-04-14 18:04:45.033664,724930,1609507378636813,4978606911,0.132736,-0.786656,-0.743712,3.71,-39.94375,20.86,22.560001,24.080002,-15.280001,none,8,3.0,37328.0,204378.0,85936.0,212226.0,89110.0
2026-04-14 18:04:45.036069,724931,1609507378645782,4978615651,0.132736,-0.786656,-0.743712,2.91375,-39.38375,21.91,22.560001,24.080002,-15.280001,none,8,3.0,37328.0,204378.0,85936.0,212226.0,89110.0
2026-04-14 18:04:45.038669,724932,1609507378660330,4978630576,0.115168,-0.813984,-0.747616,1.75875,-38.701252,22.11125,22.488,23.808,-14.672001,none,8,3.0,37328.0,204378.0,85936.0,212226.0,89110.0
2026-04-14 18:04:45.041154,724933,1609507378669298,4978639269,0.115168,-0.813984,-0.747616,2.6775,-38.0275,20.9825,22.488,23.808,-14.672001,none,8,3.0,37328.0,204378.0,85936.0,212226.0,89110.0
2026-04-14 18:04:45.043700,724934,1609507378683830,4978652202,0.046848,-0.804224,-0.716384,5.78375,-36.49625,22.6625,22.624,23.952002,-15.504001,none,8,3.0,37328.0,204378.0,85936.0,212226.0,89110.0
2026-04-14 18:04:45.052783,724935,1609507378693025,4978662993,0.062464,-0.808128,-0.774944,11.12125,-34.57125,25.57625,22.624,23.952002,-15.504001,none,8,3.0,37328.0,204378.0,85936.0,212226.0,89110.0
2026-04-14 18:04:45.062181,724936,1609507378701942,4978671701,0.072224,-0.808128,-0.774944,15.25125,-34.545002,25.96125,23.960001,23.448002,-14.68,none,8,3.0,37328.0,204378.0,85936.0,212226.0,89110.0
2026-04-14 18:04:45.097372,724947,1609507378716644,4978686931,0.06832,-0.769088,-0.558272,14.88375,-35.95375,26.6175,25.072,22.528002,-15.880001,none,8,3.0,34590.0,205590.0,80311.0,214315.0,82749.0
2026-04-14 18:04:45.099912,724948,1609507378725714,4978695671,0.06832,-0.769088,-0.558272,12.08375,-37.12625,25.795,25.072,22.528002,-15.880001,none,8,3.0,34590.0,205590.0,80311.0,214315.0,82749.0
2026-04-14 18:04:45.102398,724949,1609507378740335,4978710678,0.06832,-0.747616,-0.564128,8.89,-37.485,25.5675,25.240002,22.44,-14.408001,none,8,3.0,34590.0,205590.0,80311.0,214315.0,82749.0
2026-04-14 18:04:45.109916,724950,1609507378749281,4978719418,0.06832,-0.747616,-0.564128,6.2125,-39.27,26.25,25.240002,22.44,-14.408001,none,8,3.0,34590.0,205590.0,80311.0,214315.0,82749.0
2026-04-14 18:04:45.117233,724951,1609507378758316,4978728117,0.13664,-0.784704,-0.540704,2.695,-40.74875,28.0175,24.688002,22.632002,-14.208001,none,8,3.0,34590.0,205590.0,80311.0,214315.0,82749.0
2026-04-14 18:04:45.131252,724952,1609507378772806,4978743030,0.13664,-0.784704,-0.540704,-2.30125,-45.24625,28.4725,24.688002,22.632002,-14.208001,none,8,3.0,34590.0,205590.0,80311.0,214315.0,82749.0
2026-04-14 18:04:45.141226,724953,1609507378781900,4978751740,-0.05856,-0.880352,-0.784704,-2.2925,-40.915,27.44875,25.12,21.896002,-14.888001,none,8,3.0,34590.0,205590.0,80311.0,214315.0,82749.0
2026-04-14 18:04:45.153416,724954,1609507378796448,4978766714,0.052704,-0.88816,-0.8296,-3.3075,-39.55875,24.85875,26.376001,21.76,-14.512001,none,8,3.0,34590.0,205590.0,80311.0,214315.0,82749.0
2026-04-14 18:04:45.163811,724955,1609507378805347,4978775441,0.052704,-0.88816,-0.8296,-5.495,-39.8825,29.1725,26.376001,21.76,-14.512001,none,8,3.0,34590.0,205590.0,80311.0,214315.0,82749.0
2026-04-14 18:04:45.197760,724966,1609507378820603,4978790363,-0.027328,-0.804224,-0.677344,-6.3,-38.07125,30.7825,26.928001,21.480001,-14.704,none,8,3.0,33522.0,205672.0,77958.0,214842.0,80076.0
2026-04-14 18:04:45.200255,724967,1609507378829640,4978799136,-0.027328,-0.804224,-0.677344,-7.9275,-36.33875,28.9975,26.928001,21.480001,-14.704,none,8,3.0,33522.0,205672.0,77958.0,214842.0,80076.0
2026-04-14 18:04:45.202806,724968,1609507378838609,4978807837,-0.05856,-0.782752,-0.757376,-12.355001,-37.1175,27.8075,25.744001,21.696001,-12.000001,none,8,3.0,33522.0,205672.0,77958.0,214842.0,80076.0
2026-04-14 18:04:45.215341,724969,1609507378853160,4978822725,-0.05856,-0.782752,-0.757376,-20.51,-38.920002,27.20375,25.744001,21.696001,-12.000001,none,8,3.0,33522.0,205672.0,77958.0,214842.0,80076.0
2026-04-14 18:04:45.219043,724970,1609507378862103,4978831455,0.081984,-0.981856,-0.716384,-28.42,-39.305,26.022501,26.544,21.104,-13.992001,none,8,3.0,33522.0,205672.0,77958.0,214842.0,80076.0
2026-04-14 18:04:45.235242,724971,1609507378876655,4978846363,0.099552,-0.962336,-0.739808,-31.692501,-39.96125,24.2025,27.44,20.248001,-14.000001,none,8,3.0,33522.0,205672.0,77958.0,214842.0,80076.0
2026-04-14 18:04:45.250309,724972,1609507378885584,4978855040,0.099552,-0.962336,-0.739808,-25.795,-35.86625,24.64875,27.44,20.248001,-14.000001,none,8,3.0,33522.0,205672.0,77958.0,214842.0,80076.0
2026-04-14 18:04:45.250949,724973,1609507378894507,4978863789,-0.050752,-0.823744,-0.759328,-21.83125,-30.3275,22.295,27.44,20.632002,-14.776001,none,8,3.0,33522.0,205672.0,77958.0,214842.0,80076.0
2026-04-14 18:04:45.267660,724974,1609507378908994,4978878759,-0.050752,-0.823744,-0.759328,-21.42,-27.0025,21.27125,27.176,20.632002,-14.776001,none,8,3.0,33522.0,205672.0,77958.0,214842.0,80076.0
2026-04-14 18:04:45.298624,724985,1609507378918297,4978887976,-0.091744,-0.788608,-0.667584,-22.49625,-24.6925,19.678751,28.056002,19.992,-13.752001,none,8,3.0,33325.0,203407.0,77249.0,212455.0,79441.0
2026-04-14 18:04:45.301261,724986,1609507378932981,4978902946,-0.091744,-0.788608,-0.667584,-23.0825,-22.93375,17.0625,28.056002,19.992,-13.752001,none,8,3.0,33325.0,203407.0,77249.0,212455.0,79441.0
2026-04-14 18:04:45.304020,724987,1609507378942124,4978911657,-0.074176,-0.794464,-0.64416,-22.6975,-21.46375,13.37,28.12,19.896002,-10.480001,none,8,3.0,33325.0,203407.0,77249.0,212455.0,79441.0
2026-04-14 18:04:45.329039,724988,1609507378951102,4978920345,-0.074176,-0.794464,-0.64416,-20.50125,-20.265,11.06,28.12,19.896002,-10.480001,none,8,3.0,33325.0,203407.0,77249.0,212455.0,79441.0
2026-04-14 18:04:45.353996,724989,1609507378965592,4978935222,-0.124928,-0.806176,-0.84912,-17.84125,-18.9875,8.68,27.36,20.008001,-13.384001,none,8,3.0,33325.0,203407.0,77249.0,212455.0,79441.0
2026-04-14 18:04:45.356491,724990,1609507378974531,4978943919,-0.124928,-0.806176,-0.626592,-17.2375,-17.491251,5.985,27.36,20.008001,-13.384001,none,8,3.0,33325.0,203407.0,77249.0,212455.0,79441.0
2026-04-14 18:04:45.376227,724991,1609507378989096,4978958815,-0.060512,-0.808128,-0.626592,-15.0325,-16.59,3.05375,27.472002,20.136002,-13.512001,none,8,3.0,33325.0,203407.0,77249.0,212455.0,79441.0
2026-04-14 18:04:45.378825,724992,1609507378998052,4978967508,-0.06832,-0.796416,-0.778848,-11.36625,-15.12,1.89875,27.424002,19.736,-12.664001,none,8,3.0,33325.0,203407.0,77249.0,212455.0,79441.0
2026-04-14 18:04:45.381578,724993,1609507379012555,4978982396,-0.06832,-0.796416,-0.778848,-8.0675,-12.985,-0.35,27.424002,19.736,-12.664001,none,8,3.0,33325.0,203407.0,77249.0,212455.0,79441.0
2026-04-14 18:04:45.408523,725004,1609507379021650,4978991140,-0.046848,-0.815936,-0.700768,-5.425,-11.515,-3.29875,27.384,19.816002,-11.856001,none,8,3.0,33069.0,203581.0,76720.0,212896.0,78819.0
2026-04-14 18:04:45.411385,725005,1609507379030634,4978999863,-0.046848,-0.815936,-0.700768,-2.40625,-10.2375,-5.20625,27.384,19.816002,-11.856001,none,8,3.0,33069.0,203581.0,76720.0,212896.0,78819.0
2026-04-14 18:04:45.414026,725006,1609507379045144,4979014803,-0.101504,-0.749568,-0.6344,2.52,-8.1725,-6.57125,26.776001,20.072,-11.376,none,8,3.0,33069.0,203581.0,76720.0,212896.0,78819.0
2026-04-14 18:04:45.418999,725007,1609507379054195,4979023496,-0.101504,-0.749568,-0.6344,6.99125,-6.51,-8.785,26.776001,20.072,-11.376,none,8,3.0,33069.0,203581.0,76720.0,212896.0,78819.0
2026-04-14 18:04:45.427699,725008,1609507379068736,4979038465,-0.105408,-0.765184,-0.622688,8.58375,-5.74,-11.585,26.864002,20.592001,-11.584001,none,8,3.0,33069.0,203581.0,76720.0,212896.0,78819.0
2026-04-14 18:04:45.436130,725009,1609507379077847,4979047144,-0.119072,-0.827648,-0.792512,9.511251,-5.08375,-14.42,27.096,20.336,-11.952001,none,8,3.0,33069.0,203581.0,76720.0,212896.0,78819.0
2026-04-14 18:04:45.445191,725010,1609507379086782,4979055889,-0.119072,-0.827648,-0.792512,9.66875,-4.54125,-14.91875,27.096,20.336,-11.952001,none,8,3.0,33069.0,203581.0,76720.0,212896.0,78819.0
2026-04-14 18:04:45.459825,725011,1609507379101390,4979070843,-0.080032,-0.804224,-0.776896,9.485,-3.80625,-13.74625,28.752,19.688002,-13.136001,none,8,3.0,33069.0,203581.0,76720.0,212896.0,78819.0
2026-04-14 18:04:45.467733,725012,1609507379110341,4979079619,-0.080032,-0.804224,-0.776896,9.86125,-3.6225,-14.83125,28.752,19.688002,-13.136001,none,8,3.0,33069.0,203581.0,76720.0,212896.0,78819.0
2026-04-14 18:04:45.500255,725023,1609507379124871,4979094699,-0.109312,-0.792512,-0.854976,10.47375,-1.1375,-15.89875,28.224,20.264002,-12.480001,none,8,3.0,32598.0,205444.0,75768.0,214895.0,77678.0
2026-04-14 18:04:45.502405,725024,1609507379133792,4979103471,-0.109312,-0.792512,-0.854976,10.36875,1.365,-17.19375,28.224,20.264002,-12.480001,none,8,3.0,32598.0,205444.0,75768.0,214895.0,77678.0
2026-04-14 18:04:45.506658,725025,1609507379148491,4979118521,-0.02928,-0.81984,-0.67344,8.72375,2.44125,-17.0625,27.744001,21.008001,-11.744,none,8,3.0,32598.0,205444.0,75768.0,214895.0,77678.0
2026-04-14 18:04:45.515263,725026,1609507379157456,4979127211,-0.124928,-0.769088,-0.804224,7.18375,3.64,-16.7125,27.400002,20.752,-14.224001,none,8,3.0,32598.0,205444.0,75768.0,214895.0,77678.0
2026-04-14 18:04:45.552689,725027,1609507379166382,4979135926,-0.124928,-0.769088,-0.804224,5.22375,3.56125,-15.7675,27.400002,20.752,-14.224001,none,8,3.0,32598.0,205444.0,75768.0,214895.0,77678.0
2026-04-14 18:04:45.555196,725028,1609507379180924,4979150828,-0.013664,-0.786656,-0.626592,2.205,3.7625,-14.971251,27.000002,20.872002,-12.168,none,8,3.0,32598.0,205444.0,75768.0,214895.0,77678.0
2026-04-14 18:04:45.557868,725029,1609507379189844,4979159515,-0.013664,-0.786656,-0.626592,-0.56875,4.54125,-14.74375,27.000002,20.872002,-12.168,none,8,3.0,32598.0,205444.0,75768.0,214895.0,77678.0
2026-04-14 18:04:45.562430,725030,1609507379204375,4979174460,-0.093696,-0.732,-0.607072,-1.53125,4.76,-14.06125,26.744001,21.344002,-11.992001,none,8,3.0,32598.0,205444.0,75768.0,214895.0,77678.0
2026-04-14 18:04:45.572752,725031,1609507379213350,4979183153,-0.093696,-0.732,-0.607072,-3.38625,4.29625,-13.09,26.744001,21.344002,-11.992001,none,8,3.0,32598.0,205444.0,75768.0,214895.0,77678.0
2026-04-14 18:04:45.599603,725042,1609507379222734,4979191930,-0.052704,-0.759328,-0.77104,-4.7425,4.17375,-11.4625,27.720001,21.168001,-12.136001,none,8,3.0,32615.0,203358.0,75564.0,212654.0,77553.0
2026-04-14 18:04:45.602058,725043,1609507379237262,4979206875,-0.132736,-0.700768,-0.767136,-5.39875,5.3375,-10.99875,25.936,21.784,-11.280001,none,8,3.0,32615.0,203358.0,75564.0,212654.0,77553.0
2026-04-14 18:04:45.605211,725044,1609507379246178,4979215560,-0.132736,-0.700768,-0.767136,-5.95,5.46875,-10.6925,25.936,21.784,-11.280001,none,8,3.0,32615.0,203358.0,75564.0,212654.0,77553.0
2026-04-14 18:04:45.620321,725045,1609507379260844,4979230482,-0.046848,-0.772992,-0.726144,-8.14625,4.83875,-8.995,27.36,21.112001,-13.512001,none,8,3.0,32615.0,203358.0,75564.0,212654.0,77553.0
2026-04-14 18:04:45.628257,725046,1609507379269864,4979239208,-0.046848,-0.772992,-0.726144,-12.53875,3.8325,-8.085,27.36,21.112001,-13.512001,none,8,3.0,32615.0,203358.0,75564.0,212654.0,77553.0
2026-04-14 18:04:45.638975,725047,1609507379278838,4979247929,-0.02928,-0.730048,-0.558272,-11.36625,3.33375,-6.405,27.760002,20.808,-12.624001,none,8,3.0,32615.0,203358.0,75564.0,212654.0,77553.0
2026-04-14 18:04:45.651592,725048,1609507379293349,4979262833,-0.02928,-0.730048,-0.558272,-6.405,2.66,-5.1975,27.760002,20.808,-12.624001,none,8,3.0,32615.0,203358.0,75564.0,212654.0,77553.0
2026-04-14 18:04:45.658558,725049,1609507379302304,4979271465,-0.054656,-0.714432,-0.60512,-4.71625,1.54,-3.85,27.776001,21.136002,-13.336,none,8,3.0,32615.0,203358.0,75564.0,212654.0,77553.0
2026-04-14 18:04:45.698164,725050,1609507379316801,4979286389,-0.054656,-0.792512,-0.772992,-7.1575,0.25375,-2.87875,27.776001,21.136002,-13.336,none,8,3.0,32615.0,203358.0,75564.0,212654.0,77553.0
2026-04-14 18:04:45.747539,725061,1609507379325811,4979295138,-0.00976,-0.79056,-0.772992,-8.75875,0.28875,-2.8875,27.6,21.144001,-13.552001,none,8,3.0,32751.0,201799.0,75660.0,210977.0,77763.0
2026-04-14 18:04:45.750218,725062,1609507379340330,4979310146,-0.056608,-0.700768,-0.573888,-8.645,0.51625,-2.42375,26.920002,21.376001,-13.320001,none,8,3.0,32751.0,201799.0,75660.0,210977.0,77763.0
2026-04-14 18:04:45.752737,725063,1609507379349499,4979318853,-0.056608,-0.700768,-0.573888,-8.14625,0.39375,-1.42625,26.920002,21.376001,-13.320001,none,8,3.0,32751.0,201799.0,75660.0,210977.0,77763.0
2026-04-14 18:04:45.755295,725064,1609507379358425,4979327527,-0.0976,-0.753472,-0.854976,-9.66875,0.315,-1.155,26.696001,20.880001,-14.888001,none,8,3.0,32751.0,201799.0,75660.0,210977.0,77763.0
2026-04-14 18:04:45.757879,725065,1609507379373091,4979342470,-0.0976,-0.753472,-0.854976,-9.5375,0.37625,-1.19,26.696001,20.880001,-14.888001,none,8,3.0,32751.0,201799.0,75660.0,210977.0,77763.0
2026-04-14 18:04:45.760233,725066,1609507379382204,4979351178,-0.011712,-0.77104,-0.667584,-8.65375,-0.175,-1.085,27.680002,20.960001,-13.6,none,8,3.0,32751.0,201799.0,75660.0,210977.0,77763.0
2026-04-14 18:04:45.762728,725067,1609507379396737,4979366095,-0.011712,-0.77104,-0.667584,-7.7,-1.4175,-0.91,27.680002,20.960001,-13.6,none,8,3.0,32751.0,201799.0,75660.0,210977.0,77763.0
2026-04-14 18:04:45.765257,725068,1609507379405706,4979374854,-0.066368,-0.739808,-0.65392,-6.6675,-1.4525,-0.58625,27.920002,21.048,-13.208,none,8,3.0,32751.0,201799.0,75660.0,210977.0,77763.0
2026-04-14 18:04:45.771040,725069,1609507379414641,4979383602,-0.066368,-0.739808,-0.65392,-6.16,-0.805,-1.1725,27.920002,21.048,-13.208,none,8,3.0,32751.0,201799.0,75660.0,210977.0,77763.0
2026-04-14 18:04:45.803544,725080,1609507379429385,4979399021,-0.001952,-0.765184,-0.730048,-4.865,0.14,-0.5075,27.000002,21.544,-12.320001,none,8,3.0,32802.0,201094.0,75703.0,210273.0,77862.0
2026-04-14 18:04:45.804691,725081,1609507379438364,4979407758,-0.10736,-0.753472,-0.817888,-4.6375,0.93625,-1.00625,27.632002,21.152,-12.880001,none,8,3.0,32802.0,201094.0,75703.0,210273.0,77862.0
2026-04-14 18:04:45.812759,725082,1609507379452969,4979422656,-0.10736,-0.753472,-0.817888,-4.89125,1.9075,-1.435,27.632002,21.152,-12.880001,none,8,3.0,32802.0,201094.0,75703.0,210273.0,77862.0
2026-04-14 18:04:45.818913,725083,1609507379461901,4979431418,-0.111264,-0.724192,-0.72224,-3.63125,1.89875,-1.2425,27.856,20.896002,-13.688001,none,8,3.0,32802.0,201094.0,75703.0,210273.0,77862.0
2026-04-14 18:04:45.833416,725084,1609507379476408,4979446318,-0.111264,-0.724192,-0.72224,-2.94,1.44375,-1.46125,27.856,20.896002,-13.688001,none,8,3.0,32802.0,201094.0,75703.0,210273.0,77862.0
2026-04-14 18:04:45.847579,725085,1609507379485346,4979455017,-0.105408,-0.726144,-0.76128,-3.9375,-0.3325,-1.6625,27.616001,20.936,-13.400001,none,8,3.0,32802.0,201094.0,75703.0,210273.0,77862.0
2026-04-14 18:04:45.853944,725086,1609507379494300,4979463701,-0.105408,-0.726144,-0.76128,-6.1775,-1.58375,-1.19,27.616001,20.936,-13.400001,none,8,3.0,32802.0,201094.0,75703.0,210273.0,77862.0
2026-04-14 18:04:45.866015,725087,1609507379508808,4979478689,-0.037088,-0.7808,-0.698816,-7.42,-1.6275,-1.82875,27.752,20.944,-12.656,none,8,3.0,32802.0,201094.0,75703.0,210273.0,77862.0
2026-04-14 18:04:45.876239,725088,1609507379517749,4979487388,-0.037088,-0.7808,-0.698816,-7.175,-2.03,-3.49125,27.752,20.944,-12.656,none,8,3.0,32802.0,201094.0,75703.0,210273.0,77862.0
2026-04-14 18:04:45.903502,725099,1609507379532433,4979502445,0.0488,-0.8296,-0.753472,-3.57875,-2.35375,-3.01875,27.816002,20.888,-12.608001,none,8,3.0,32902.0,200749.0,75813.0,209830.0,78048.0
2026-04-14 18:04:45.908356,725100,1609507379541378,4979511205,-0.06832,-0.794464,-0.854976,-0.2275,-2.16125,-4.43625,27.28,21.12,-13.752001,none,8,3.0,32902.0,200749.0,75813.0,209830.0,78048.0
2026-04-14 18:04:45.914916,725101,1609507379555906,4979526166,-0.06832,-0.794464,-0.854976,1.67125,-2.09125,-5.0575,27.28,21.12,-13.752001,none,8,3.0,32902.0,200749.0,75813.0,209830.0,78048.0
2026-04-14 18:04:45.923466,725102,1609507379564847,4979534872,-0.02928,-0.743712,-0.728096,2.9925,-1.89,-5.2325,27.832,20.84,-13.512001,none,8,3.0,32902.0,200749.0,75813.0,209830.0,78048.0
2026-04-14 18:04:45.933635,725103,1609507379573958,4979543668,-0.02928,-0.743712,-0.728096,3.9725,-2.31875,-5.95,27.832,20.84,-13.512001,none,8,3.0,32902.0,200749.0,75813.0,209830.0,78048.0
2026-04-14 18:04:45.946221,725104,1609507379588457,4979558647,0.02928,-0.796416,-0.708576,2.79125,-2.0125,-6.965,27.792002,21.008001,-12.952001,none,8,3.0,32902.0,200749.0,75813.0,209830.0,78048.0
2026-04-14 18:04:45.956337,725105,1609507379597399,4979567332,0.02928,-0.796416,-0.708576,0.55125,-2.23125,-8.11125,27.792002,21.008001,-12.952001,none,8,3.0,32902.0,200749.0,75813.0,209830.0,78048.0
2026-04-14 18:04:45.972443,725106,1609507379612029,4979582239,0.040992,-0.802272,-0.704672,1.63625,-1.9075,-7.9275,28.04,21.024,-13.456,none,8,3.0,32902.0,200749.0,75813.0,209830.0,78048.0
2026-04-14 18:04:46.003420,725117,1609507379620984,4979590983,-0.033184,-0.767136,-0.76128,3.71,-0.6125,-7.63,27.2,21.376001,-14.928,none,8,3.0,33012.0,199812.0,75979.0,208728.0,78278.0
2026-04-14 18:04:46.006100,725118,1609507379630652,4979599793,-0.033184,-0.767136,-0.76128,3.78875,0.56,-7.84875,27.2,21.376001,-14.928,none,8,3.0,33012.0,199812.0,75979.0,208728.0,78278.0
2026-04-14 18:04:46.008334,725119,1609507379645177,4979614801,-0.001952,-0.79056,-0.646112,2.2225,0.77,-7.16625,27.840002,21.592001,-13.232,none,8,3.0,33012.0,199812.0,75979.0,208728.0,78278.0
2026-04-14 18:04:46.012146,725120,1609507379654220,4979623532,-0.001952,-0.79056,-0.646112,2.45,1.46125,-6.825,27.840002,21.592001,-13.232,none,8,3.0,33012.0,199812.0,75979.0,208728.0,78278.0
2026-04-14 18:04:46.027376,725121,1609507379668698,4979638419,-0.001952,-0.769088,-0.81984,4.73375,3.22,-5.775,27.952002,21.232,-13.472001,none,8,3.0,33012.0,199812.0,75979.0,208728.0,78278.0
2026-04-14 18:04:46.034952,725122,1609507379677635,4979647128,-0.001952,-0.769088,-0.81984,7.14,4.165,-4.68125,27.952002,21.232,-13.472001,none,8,3.0,33012.0,199812.0,75979.0,208728.0,78278.0
2026-04-14 18:04:46.077463,725123,1609507379686552,4979655799,-0.052704,-0.778848,-0.84912,6.825,4.94375,-4.62,27.744001,21.000002,-12.784,none,8,3.0,33012.0,199812.0,75979.0,208728.0,78278.0
2026-04-14 18:04:46.083306,725124,1609507379701012,4979670649,0.02928,-0.753472,-0.599264,5.39875,5.4425,-4.3925,26.584002,21.688002,-14.784,none,8,3.0,33012.0,199812.0,75979.0,208728.0,78278.0
2026-04-14 18:04:46.083715,725125,1609507379710078,4979679377,0.02928,-0.753472,-0.599264,6.8075,6.60625,-4.4625,26.584002,21.688002,-14.784,none,8,3.0,33012.0,199812.0,75979.0,208728.0,78278.0
2026-04-14 18:04:46.128410,725137,1609507379725290,4979694763,-0.111264,-0.689056,-0.747616,7.76125,7.315,-4.62,26.896002,21.160002,-13.240001,none,8,3.0,33073.0,199252.0,76086.0,208235.0,78399.0
2026-04-14 18:04:46.131496,725138,1609507379734506,4979703475,-0.111264,-0.689056,-0.747616,6.67625,7.7175,-4.43625,26.896002,21.160002,-13.240001,none,8,3.0,33073.0,199252.0,76086.0,208235.0,78399.0
2026-04-14 18:04:46.133916,725139,1609507379743485,4979712205,-0.0488,-0.765184,-0.782752,3.7625,7.00875,-4.375,26.984001,21.448002,-13.432001,none,8,3.0,33073.0,199252.0,76086.0,208235.0,78399.0
2026-04-14 18:04:46.136436,725140,1609507379758365,4979727180,-0.0488,-0.765184,-0.782752,0.86625,6.965,-3.885,26.984001,21.448002,-13.432001,none,8,3.0,33073.0,199252.0,76086.0,208235.0,78399.0
2026-04-14 18:04:46.138966,725141,1609507379767742,4979737994,0.01952,-0.759328,-0.675392,0.77,7.0875,-2.275,26.872002,21.832,-10.936001,none,8,3.0,33073.0,199252.0,76086.0,208235.0,78399.0
2026-04-14 18:04:46.141577,725142,1609507379782287,4979750906,0.03904,-0.772992,-0.560224,1.0675,6.99125,-1.1375,26.584002,21.376001,-11.72,none,8,3.0,33073.0,199252.0,76086.0,208235.0,78399.0
2026-04-14 18:04:46.151233,725143,1609507379791602,4979761660,0.03904,-0.772992,-0.560224,0.88375,6.72,-0.735,26.584002,21.376001,-11.72,none,8,3.0,33073.0,199252.0,76086.0,208235.0,78399.0
2026-04-14 18:04:46.157815,725144,1609507379800780,4979770352,-0.064416,-0.77104,-0.767136,1.9425,5.915,0.245,26.048,21.6,-13.136001,none,8,3.0,33073.0,199252.0,76086.0,208235.0,78399.0
2026-04-14 18:04:46.188403,725145,1609507379815369,4979785247,-0.064416,-0.77104,-0.767136,0.7875,4.865,0.595,26.048,21.6,-13.136001,none,8,3.0,33073.0,199252.0,76086.0,208235.0,78399.0
2026-04-14 18:04:46.216497,725156,1609507379824853,4979793955,-0.052704,-0.788608,-0.772992,-0.0875,4.795,1.5925,26.544,21.176,-13.400001,none,8,3.0,33077.0,199828.0,76113.0,208786.0,78436.0
2026-04-14 18:04:46.219047,725157,1609507379834074,4979802746,-0.052704,-0.788608,-0.772992,-0.0875,4.24375,2.5025,26.544,21.176,-13.400001,none,8,3.0,33077.0,199828.0,76113.0,208786.0,78436.0
2026-04-14 18:04:46.221518,725158,1609507379848939,4979817753,-0.037088,-0.804224,-0.739808,-0.27125,3.5175,3.94625,26.248001,21.376001,-12.400001,none,8,3.0,33077.0,199828.0,76113.0,208786.0,78436.0
2026-04-14 18:04:46.224001,725159,1609507379858329,4979828567,-0.037088,-0.804224,-0.739808,-0.90125,3.28125,4.9525,26.248001,21.376001,-12.400001,none,8,3.0,33077.0,199828.0,76113.0,208786.0,78436.0
2026-04-14 18:04:46.231581,725160,1609507379872958,4979841441,0.03904,-0.812032,-0.534848,-1.68875,3.3775,5.41625,27.016,21.624,-12.280001,none,8,3.0,33077.0,199828.0,76113.0,208786.0,78436.0
2026-04-14 18:04:46.240334,725161,1609507379882401,4979852236,0.03904,-0.841312,-0.671488,-1.95125,2.94,5.88875,26.616001,21.160002,-12.352,none,8,3.0,33077.0,199828.0,76113.0,208786.0,78436.0
2026-04-14 18:04:46.248990,725162,1609507379891418,4979860943,0.03904,-0.841312,-0.671488,-0.30625,3.4825,5.5475,26.616001,21.160002,-12.352,none,8,3.0,33077.0,199828.0,76113.0,208786.0,78436.0
2026-04-14 18:04:46.265272,725163,1609507379905907,4979875878,0.01952,-0.856928,-0.755424,1.54875,3.68375,5.5125,27.52,20.800001,-13.264001,none,8,3.0,33077.0,199828.0,76113.0,208786.0,78436.0
2026-04-14 18:04:46.274836,725164,1609507379915051,4979884602,0.01952,-0.856928,-0.755424,4.0775,4.5675,6.23,27.52,20.800001,-13.264001,none,8,3.0,33077.0,199828.0,76113.0,208786.0,78436.0
2026-04-14 18:04:46.303635,725175,1609507379929720,4979898093,0.031232,-0.813984,-0.581696,5.92375,5.76625,6.2825,27.176,20.976002,-13.6,none,8,3.0,32988.0,200331.0,75939.0,209291.0,78226.0
2026-04-14 18:04:46.306238,725176,1609507379938931,4979908880,0.031232,-0.813984,-0.581696,7.53375,7.41125,5.705,27.176,20.976002,-13.6,none,8,3.0,32988.0,200331.0,75939.0,209291.0,78226.0
2026-04-14 18:04:46.308506,725177,1609507379947880,4979917601,0.011712,-0.813984,-0.65392,7.23625,8.3825,5.67,27.616001,21.032001,-13.048,none,8,3.0,32988.0,200331.0,75939.0,209291.0,78226.0
2026-04-14 18:04:46.321161,725178,1609507379962416,4979932522,-0.037088,-0.759328,-0.6344,5.73125,9.135,5.25,27.480001,20.856,-13.136001,none,8,3.0,32988.0,200331.0,75939.0,209291.0,78226.0
2026-04-14 18:04:46.331264,725179,1609507379971387,4979941209,-0.037088,-0.759328,-0.6344,4.64625,9.89625,5.13625,27.480001,20.856,-13.136001,none,8,3.0,32988.0,200331.0,75939.0,209291.0,78226.0
2026-04-14 18:04:46.343499,725180,1609507379985995,4979956174,-0.076128,-0.786656,-0.651968,2.28375,10.07125,5.57375,27.704,20.928001,-13.456,none,8,3.0,32988.0,200331.0,75939.0,209291.0,78226.0
2026-04-14 18:04:46.353709,725181,1609507379994917,4979964872,-0.076128,-0.786656,-0.651968,-0.56875,10.29875,5.1975,27.704,20.928001,-13.456,none,8,3.0,32988.0,200331.0,75939.0,209291.0,78226.0
2026-04-14 18:04:46.362410,725182,1609507380003836,4979973560,0.027328,-0.815936,-0.650016,0.62125,10.823751,5.48625,27.928001,20.712002,-13.584001,none,8,3.0,32988.0,200331.0,75939.0,209291.0,78226.0
2026-04-14 18:04:46.378527,725183,1609507380018313,4979988479,0.027328,-0.815936,-0.650016,3.61375,12.01375,5.32,27.928001,20.712002,-13.584001,none,8,3.0,32988.0,200331.0,75939.0,209291.0,78226.0
2026-04-14 18:04:46.431245,725194,1609507380027436,4979997406,-0.007808,-0.782752,-0.530944,3.7975,12.95,4.7075,27.376001,20.28,-13.632001,none,8,3.0,33109.0,199692.0,76114.0,208640.0,78444.0
2026-04-14 18:04:46.456239,725195,1609507380042206,4980012355,-0.050752,-0.786656,-0.583648,2.7475,13.011251,4.48,27.680002,20.512001,-15.216001,none,8,3.0,33109.0,199692.0,76114.0,208640.0,78444.0
2026-04-14 18:04:46.470551,725196,1609507380051327,4980021194,-0.050752,-0.786656,-0.583648,1.63625,12.565,4.375,27.680002,20.512001,-15.216001,none,8,3.0,33109.0,199692.0,76114.0,208640.0,78444.0
2026-04-14 18:04:46.471098,725197,1609507380060260,4980029875,-0.050752,-0.786656,-0.583648,2.4325,12.95875,3.8325,27.680002,20.512001,-15.216001,none,8,3.0,33109.0,199692.0,76114.0,208640.0,78444.0
2026-04-14 18:04:46.477406,725198,1609507380074867,4980044825,0.035136,-0.798368,-0.501664,1.89,13.22125,3.68375,27.576002,20.528002,-12.288,none,8,3.0,33109.0,199692.0,76114.0,208640.0,78444.0
2026-04-14 18:04:46.478329,725199,1609507380083967,4980053549,-0.07808,-0.813984,-0.739808,0.4375,12.39,3.0625,27.792002,20.592001,-13.032001,none,8,3.0,33109.0,199692.0,76114.0,208640.0,78444.0
2026-04-14 18:04:46.481207,725200,1609507380098429,4980068441,-0.07808,-0.813984,-0.739808,0.2275,11.5325,2.415,27.792002,20.592001,-13.032001,none,8,3.0,33109.0,199692.0,76114.0,208640.0,78444.0
2026-04-14 18:04:46.483534,725201,1609507380107396,4980077121,-0.015616,-0.825696,-0.681248,1.82875,10.4825,2.19625,27.064001,20.712002,-12.672001,none,8,3.0,33109.0,199692.0,76114.0,208640.0,78444.0
2026-04-14 18:04:46.485930,725202,1609507380121908,4980092049,-0.015616,-0.825696,-0.640256,4.8125,9.98375,2.65125,27.064001,20.712002,-12.672001,none,8,3.0,33109.0,199692.0,76114.0,208640.0,78444.0
2026-04-14 18:04:46.513614,725213,1609507380130923,4980100854,-0.091744,-0.784704,-0.640256,5.3725,9.3625,2.79125,26.768002,20.592001,-13.296001,none,8,3.0,32989.0,200896.0,75910.0,210032.0,78206.0
2026-04-14 18:04:46.516558,725214,1609507380139899,4980109654,-0.091744,-0.784704,-0.640256,5.38125,8.49625,3.4825,26.768002,20.592001,-13.296001,none,8,3.0,32989.0,200896.0,75910.0,210032.0,78206.0
2026-04-14 18:04:46.518984,725215,1609507380154550,4980124559,0.03904,-0.841312,-0.564128,5.60875,8.02375,4.05125,26.912,20.784,-12.960001,none,8,3.0,32989.0,200896.0,75910.0,210032.0,78206.0
2026-04-14 18:04:46.521533,725216,1609507380163505,4980133287,-0.06832,-0.798368,-0.651968,5.39875,7.735,3.7975,27.024002,20.576,-12.112,none,8,3.0,32989.0,200896.0,75910.0,210032.0,78206.0
2026-04-14 18:04:46.537790,725217,1609507380178005,4980148224,-0.06832,-0.798368,-0.651968,5.55625,7.30625,3.675,27.024002,20.576,-12.112,none,8,3.0,32989.0,200896.0,75910.0,210032.0,78206.0
2026-04-14 18:04:46.546241,725218,1609507380186949,4980156906,-0.03904,-0.843264,-0.739808,4.90875,7.035,3.2725,27.208002,20.776001,-13.088,none,8,3.0,32989.0,200896.0,75910.0,210032.0,78206.0
2026-04-14 18:04:46.556552,725219,1609507380196078,4980165590,-0.03904,-0.843264,-0.739808,1.95125,6.60625,2.03,27.208002,20.776001,-13.088,none,8,3.0,32989.0,200896.0,75910.0,210032.0,78206.0
2026-04-14 18:04:46.569846,725220,1609507380210580,4980180537,-0.037088,-0.808128,-0.530944,0.97125,5.83625,1.58375,26.952002,20.528002,-13.960001,none,8,3.0,32989.0,200896.0,75910.0,210032.0,78206.0
2026-04-14 18:04:46.583841,725221,1609507380219503,4980189236,-0.037088,-0.808128,-0.530944,-0.2625,5.88,1.25125,26.952002,20.528002,-13.960001,none,8,3.0,32989.0,200896.0,75910.0,210032.0,78206.0
2026-04-14 18:04:46.611236,725232,1609507380234302,4980204374,-0.08784,-0.772992,-0.659776,-0.07,5.48625,1.68875,27.736002,20.264002,-14.008,none,8,3.0,32905.0,201183.0,75779.0,210322.0,78042.0
2026-04-14 18:04:46.613967,725233,1609507380243326,4980213118,-0.080032,-0.804224,-0.638304,-1.56625,5.20625,1.51375,27.736002,20.408,-11.704,none,8,3.0,32905.0,201183.0,75779.0,210322.0,78042.0
2026-04-14 18:04:46.616557,725234,1609507380257862,4980228188,-0.080032,-0.804224,-0.638304,-3.99,5.0575,0.70875,27.088001,20.408,-11.704,none,8,3.0,32905.0,201183.0,75779.0,210322.0,78042.0
2026-04-14 18:04:46.626061,725235,1609507380267139,4980236885,-0.07808,-0.81984,-0.694912,-4.3925,4.69875,0.70875,26.872002,20.104,-12.952001,none,8,3.0,32905.0,201183.0,75779.0,210322.0,78042.0
2026-04-14 18:04:46.634019,725236,1609507380276137,4980245598,-0.07808,-0.81984,-0.694912,-3.00125,4.8475,0.665,26.872002,20.104,-12.952001,none,8,3.0,32905.0,201183.0,75779.0,210322.0,78042.0
2026-04-14 18:04:46.649097,725237,1609507380290653,4980260519,-0.072224,-0.831552,-0.745664,-2.02125,4.34,0.30625,27.04,20.312,-14.120001,none,8,3.0,32905.0,201183.0,75779.0,210322.0,78042.0
2026-04-14 18:04:46.657924,725238,1609507380299633,4980269203,-0.072224,-0.831552,-0.745664,-2.17,3.9375,-0.56875,27.04,20.312,-14.120001,none,8,3.0,32905.0,201183.0,75779.0,210322.0,78042.0
2026-04-14 18:04:46.673903,725239,1609507380314155,4980284175,-0.011712,-0.833504,-0.54656,-1.365,4.05125,-0.735,26.808,20.640001,-14.200001,none,8,3.0,32905.0,201183.0,75779.0,210322.0,78042.0
2026-04-14 18:04:46.681481,725240,1609507380323141,4980292942,-0.011712,-0.833504,-0.515328,1.05875,4.47125,-0.7175,26.808,20.640001,-14.200001,none,8,3.0,32905.0,201183.0,75779.0,210322.0,78042.0
2026-04-14 18:04:46.711838,725251,1609507380332192,4980301682,-0.021472,-0.792512,-0.515328,2.3975,4.83,-1.23375,27.568,20.048,-16.072,none,8,3.0,32935.0,201013.0,75779.0,210125.0,78057.0
2026-04-14 18:04:46.713475,725252,1609507380346830,4980316658,-0.001952,-0.823744,-0.60512,1.72375,5.10125,-2.275,27.736002,19.968,-13.944,none,8,3.0,32935.0,201013.0,75779.0,210125.0,78057.0
2026-04-14 18:04:46.716178,725253,1609507380355920,4980325421,-0.001952,-0.823744,-0.60512,0.32375,4.82125,-3.0625,27.736002,19.968,-13.944,none,8,3.0,32935.0,201013.0,75779.0,210125.0,78057.0
2026-04-14 18:04:46.728987,725254,1609507380370433,4980340337,-0.111264,-0.794464,-0.691008,-0.25375,5.0575,-4.15625,27.576002,20.328001,-14.184001,none,8,3.0,32935.0,201013.0,75779.0,210125.0,78057.0
2026-04-14 18:04:46.739010,725255,1609507380379402,4980349048,-0.111264,-0.794464,-0.691008,-0.2275,4.305,-5.075,27.576002,20.328001,-14.184001,none,8,3.0,32935.0,201013.0,75779.0,210125.0,78057.0
2026-04-14 18:04:46.746568,725256,1609507380388322,4980357753,-0.013664,-0.854976,-0.6344,-0.1925,3.8675,-6.0025,27.032001,20.544,-12.880001,none,8,3.0,32935.0,201013.0,75779.0,210125.0,78057.0
2026-04-14 18:04:46.761676,725257,1609507380402891,4980372856,-0.013664,-0.854976,-0.6344,0.76125,3.325,-6.6675,27.032001,20.544,-12.880001,none,8,3.0,32935.0,201013.0,75779.0,210125.0,78057.0
2026-04-14 18:04:46.770191,725258,1609507380411827,4980381583,-0.023424,-0.853024,-0.659776,2.70375,3.185,-7.00875,27.480001,20.28,-13.448001,none,8,3.0,32935.0,201013.0,75779.0,210125.0,78057.0
2026-04-14 18:04:46.874608,725269,1609507380426391,4980396702,-0.070272,-0.817888,-0.769088,4.9875,2.77375,-6.895,27.576002,20.560001,-14.088,none,8,3.0,32885.0,201601.0,75701.0,210793.0,77925.0
2026-04-14 18:04:46.877734,725270,1609507380435388,4980405460,-0.070272,-0.817888,-0.769088,4.9875,2.38875,-7.02625,27.576002,20.560001,-14.088,none,8,3.0,32885.0,201601.0,75701.0,210793.0,77925.0
2026-04-14 18:04:46.880227,725271,1609507380449866,4980418292,0.031232,-0.856928,-0.50752,2.26625,1.67125,-8.12,26.624,20.648,-13.096001,none,8,3.0,32885.0,201601.0,75701.0,210793.0,77925.0
2026-04-14 18:04:46.882724,725272,1609507380459074,4980429060,0.031232,-0.856928,-0.50752,1.39125,1.05,-8.30375,26.624,20.648,-13.096001,none,8,3.0,32885.0,201601.0,75701.0,210793.0,77925.0
2026-04-14 18:04:46.885119,725273,1609507380468175,4980437742,0.03904,-0.84912,-0.538752,3.0625,1.225,-8.84625,26.560001,20.896002,-12.752001,none,8,3.0,32885.0,201601.0,75701.0,210793.0,77925.0
2026-04-14 18:04:46.887724,725274,1609507380482718,4980452715,0.03904,-0.84912,-0.538752,4.06,1.70625,-8.4,26.560001,20.896002,-12.752001,none,8,3.0,32885.0,201601.0,75701.0,210793.0,77925.0
2026-04-14 18:04:46.889839,725275,1609507380491692,4980461399,-0.001952,-0.83936,-0.6832,3.57,1.75875,-8.12875,26.704,20.792002,-15.352001,none,8,3.0,32885.0,201601.0,75701.0,210793.0,77925.0
2026-04-14 18:04:46.892321,725276,1609507380506436,4980476291,0.00976,-0.835456,-0.675392,0.805,1.28625,-8.3825,26.816002,20.704,-14.424001,none,8,3.0,32885.0,201601.0,75701.0,210793.0,77925.0
2026-04-14 18:04:46.897721,725277,1609507380515576,4980485029,0.00976,-0.835456,-0.675392,-1.49625,0.945,-8.26875,26.816002,20.704,-14.424001,none,8,3.0,32885.0,201601.0,75701.0,210793.0,77925.0
2026-04-14 18:04:46.900225,725278,1609507380524626,4980493728,0.00976,-0.851072,-0.691008,-2.45,0.735,-7.5775,26.816002,20.704,-14.424001,none,8,3.0,32885.0,201601.0,75701.0,210793.0,77925.0
2026-04-14 18:04:46.927505,725289,1609507380539186,4980508713,0.003904,-0.845216,-0.691008,-3.07125,0.98875,-7.32375,27.544,20.632002,-14.168,none,8,3.0,32909.0,201035.0,75738.0,210123.0,77987.0
2026-04-14 18:04:46.930226,725290,1609507380548162,4980517446,0.025376,-0.812032,-0.503616,-2.8525,0.83125,-7.35875,27.376001,20.640001,-14.120001,none,8,3.0,32909.0,201035.0,75738.0,210123.0,77987.0
2026-04-14 18:04:46.932736,725291,1609507380562737,4980532403,0.025376,-0.812032,-0.503616,-1.12875,0.175,-6.88625,27.376001,20.640001,-14.120001,none,8,3.0,32909.0,201035.0,75738.0,210123.0,77987.0
2026-04-14 18:04:46.935258,725292,1609507380571666,4980541100,-0.060512,-0.747616,-0.554368,-0.67375,-0.6825,-6.58,27.240002,20.52,-13.832001,none,8,3.0,32909.0,201035.0,75738.0,210123.0,77987.0
2026-04-14 18:04:46.943536,725293,1609507380586261,4980556074,0.056608,-0.874496,-0.630496,-2.6425,-1.995,-6.58,27.376001,21.048,-13.216001,none,8,3.0,32909.0,201035.0,75738.0,210123.0,77987.0
2026-04-14 18:04:46.952065,725294,1609507380595215,4980564760,0.056608,-0.874496,-0.630496,-5.88,-2.7475,-6.55375,27.376001,21.048,-13.216001,none,8,3.0,32909.0,201035.0,75738.0,210123.0,77987.0
2026-04-14 18:04:46.962593,725295,1609507380604231,4980573508,0.056608,-0.874496,-0.630496,-6.4575,-3.56125,-6.44,27.376001,21.048,-13.216001,none,8,3.0,32909.0,201035.0,75738.0,210123.0,77987.0
2026-04-14 18:04:46.977611,725296,1609507380618874,4980588392,-0.023424,-0.843264,-0.743712,-2.905,-3.115,-5.78375,26.896002,21.072,-13.384001,none,8,3.0,32909.0,201035.0,75738.0,210123.0,77987.0
2026-04-14 18:04:47.011454,725307,1609507380628409,4980597116,-0.081984,-0.794464,-0.677344,-1.40875,-2.2575,-5.18,27.472002,20.856,-13.856001,none,8,3.0,32873.0,201257.0,75656.0,210371.0,77879.0
2026-04-14 18:04:47.014012,725308,1609507380637770,4980607964,-0.081984,-0.794464,-0.677344,-2.03,-2.2575,-4.6375,27.472002,20.856,-13.856001,none,8,3.0,32873.0,201257.0,75656.0,210371.0,77879.0
2026-04-14 18:04:47.016084,725309,1609507380652306,4980620848,0.035136,-0.8296,-0.632448,-2.9925,-2.2925,-4.80375,26.416,20.864,-12.936001,none,8,3.0,32873.0,201257.0,75656.0,210371.0,77879.0
2026-04-14 18:04:47.021558,725310,1609507380661739,4980631663,0.035136,-0.8296,-0.632448,-3.535,-2.21375,-4.7425,26.416,20.864,-12.936001,none,8,3.0,32873.0,201257.0,75656.0,210371.0,77879.0
2026-04-14 18:04:47.036133,725311,1609507380676248,4980646526,-0.027328,-0.81008,-0.581696,-4.59375,-2.10875,-4.76,26.112001,21.128,-13.056001,none,8,3.0,32873.0,201257.0,75656.0,210371.0,77879.0
2026-04-14 18:04:47.042956,725312,1609507380685183,4980655282,-0.027328,-0.81008,-0.581696,-5.60875,-2.35375,-5.6175,26.112001,21.128,-13.056001,none,8,3.0,32873.0,201257.0,75656.0,210371.0,77879.0
2026-04-14 18:04:47.052752,725313,1609507380694158,4980664018,0.027328,-0.837408,-0.509472,-4.935,-2.065,-5.2675,26.12,21.312,-15.528001,none,8,3.0,32873.0,201257.0,75656.0,210371.0,77879.0
2026-04-14 18:04:47.068895,725314,1609507380708675,4980678915,-0.0488,-0.7808,-0.60512,-3.42125,-0.90125,-5.0575,27.232,20.632002,-13.912001,none,8,3.0,32873.0,201257.0,75656.0,210371.0,77879.0
2026-04-14 18:04:47.075992,725315,1609507380717612,4980687744,-0.0488,-0.7808,-0.60512,-2.61625,0.41125,-4.97875,27.232,20.632002,-13.912001,none,8,3.0,32873.0,201257.0,75656.0,210371.0,77879.0
2026-04-14 18:04:47.116540,725326,1609507380732236,4980700697,-0.03904,-0.806176,-0.679296,-3.85875,1.18125,-4.71625,27.152,21.096,-14.128,none,8,3.0,32925.0,200748.0,75692.0,209835.0,77951.0
2026-04-14 18:04:47.118977,725327,1609507380741635,4980711496,-0.03904,-0.806176,-0.679296,-5.66125,1.295,-4.89125,27.152,21.096,-14.128,none,8,3.0,32925.0,200748.0,75692.0,209835.0,77951.0
2026-04-14 18:04:47.121518,725328,1609507380750583,4980720236,-0.050752,-0.81008,-0.67344,-6.48375,1.42625,-5.11,26.912,20.904001,-14.392001,none,8,3.0,32925.0,200748.0,75692.0,209835.0,77951.0
2026-04-14 18:04:47.123977,725329,1609507380765110,4980735137,-0.050752,-0.81008,-0.67344,-7.1925,1.4875,-5.59125,26.912,20.904001,-14.392001,none,8,3.0,32925.0,200748.0,75692.0,209835.0,77951.0
2026-04-14 18:04:47.130993,725330,1609507380774197,4980743927,0.01952,-0.845216,-0.607072,-6.53625,1.855,-5.915,27.176,21.160002,-14.040001,none,8,3.0,32925.0,200748.0,75692.0,209835.0,77951.0
2026-04-14 18:04:47.167654,725331,1609507380788684,4980758808,-0.05856,-0.804224,-0.685152,-6.50125,2.2575,-6.51,26.152,21.016,-14.024001,none,8,3.0,32925.0,200748.0,75692.0,209835.0,77951.0
2026-04-14 18:04:47.187282,725332,1609507380797615,4980767497,-0.05856,-0.804224,-0.685152,-4.38375,2.72125,-6.04625,26.152,21.016,-14.024001,none,8,3.0,32925.0,200748.0,75692.0,209835.0,77951.0
2026-04-14 18:04:47.189558,725333,1609507380812128,4980782359,-0.025376,-0.786656,-0.632448,-3.2375,3.89375,-6.39625,26.032001,21.424002,-13.088,none,8,3.0,32925.0,200748.0,75692.0,209835.0,77951.0
2026-04-14 18:04:47.192353,725334,1609507380821070,4980791091,-0.025376,-0.786656,-0.632448,-5.01375,4.48,-6.405,26.032001,21.424002,-13.088,none,8,3.0,32925.0,200748.0,75692.0,209835.0,77951.0
2026-04-14 18:04:47.222169,725345,1609507380830444,4980799863,0.013664,-0.870592,-0.753472,-8.085,4.62875,-7.2975,26.064001,21.352001,-13.576,none,8,3.0,32955.0,200796.0,75719.0,209841.0,77974.0
2026-04-14 18:04:47.224654,725346,1609507380845216,4980814902,0.013664,-0.870592,-0.753472,-7.88375,4.69,-7.525,26.064001,21.352001,-13.576,none,8,3.0,32955.0,200796.0,75719.0,209841.0,77974.0
2026-04-14 18:04:47.230541,725347,1609507380854197,4980823599,-0.001952,-0.827648,-0.765184,-6.3875,4.865,-8.05875,25.752,21.6,-12.84,none,8,3.0,32955.0,200796.0,75719.0,209841.0,77974.0
2026-04-14 18:04:47.230631,725348,1609507380868736,4980838508,-0.050752,-0.80032,-0.726144,-5.76625,5.6175,-8.44375,26.104002,21.744001,-13.152,none,8,3.0,32955.0,200796.0,75719.0,209841.0,77974.0
2026-04-14 18:04:47.236380,725349,1609507380877941,4980847365,-0.050752,-0.80032,-0.726144,-7.175,5.80125,-9.2225,26.104002,21.744001,-13.152,none,8,3.0,32955.0,200796.0,75719.0,209841.0,77974.0
2026-04-14 18:04:47.243422,725350,1609507380886873,4980856097,-0.050752,-0.80032,-0.778848,-7.90125,5.95875,-9.65125,26.104002,21.744001,-13.152,none,8,3.0,32955.0,200796.0,75719.0,209841.0,77974.0
2026-04-14 18:04:47.259760,725351,1609507380901356,4980871096,-0.021472,-0.841312,-0.778848,-7.20125,6.405,-10.36875,25.664001,21.232,-15.176001,none,8,3.0,32955.0,200796.0,75719.0,209841.0,77974.0
2026-04-14 18:04:47.270204,725352,1609507380910281,4980879785,0.003904,-0.833504,-0.774944,-5.075,6.81625,-10.3425,26.936,21.064001,-14.840001,none,8,3.0,32955.0,200796.0,75719.0,209841.0,77974.0
2026-04-14 18:04:47.282270,725353,1609507380924810,4980894751,0.003904,-0.833504,-0.774944,-4.06,7.63875,-9.8175,26.936,21.064001,-14.840001,none,8,3.0,32955.0,200796.0,75719.0,209841.0,77974.0
2026-04-14 18:04:47.310233,725364,1609507380933928,4980903772,0.064416,-0.843264,-0.62464,-4.78625,8.25125,-9.47625,26.400002,21.496,-14.976001,none,8,3.0,32901.0,201023.0,75655.0,210055.0,77889.0
2026-04-14 18:04:47.315377,725365,1609507380942946,4980912531,0.064416,-0.843264,-0.62464,-4.445,8.39125,-10.22,26.400002,21.496,-14.976001,none,8,3.0,32901.0,201023.0,75655.0,210055.0,77889.0
2026-04-14 18:04:47.315735,725366,1609507380957645,4980927520,0.093696,-0.851072,-0.579744,-5.2675,8.6625,-10.386251,26.904001,21.344002,-14.864,none,8,3.0,32901.0,201023.0,75655.0,210055.0,77889.0
2026-04-14 18:04:47.324854,725367,1609507380966607,4980936243,0.093696,-0.851072,-0.579744,-7.0875,8.56625,-11.40125,26.904001,21.344002,-14.864,none,8,3.0,32901.0,201023.0,75655.0,210055.0,77889.0
2026-04-14 18:04:47.341660,725368,1609507380981141,4980951156,0.05856,-0.845216,-0.548512,-8.1375,9.7475,-11.36625,26.672,21.648,-15.952001,none,8,3.0,32901.0,201023.0,75655.0,210055.0,77889.0
2026-04-14 18:04:47.348391,725369,1609507380990046,4980959848,0.05856,-0.825696,-0.696864,-5.495,11.3925,-11.34,25.912,21.424002,-15.120001,none,8,3.0,32901.0,201023.0,75655.0,210055.0,77889.0
2026-04-14 18:04:47.364732,725370,1609507381004740,4980974752,0.05856,-0.825696,-0.696864,-3.6575,12.62625,-11.34,25.912,21.424002,-15.120001,none,8,3.0,32901.0,201023.0,75655.0,210055.0,77889.0
2026-04-14 18:04:47.371474,725371,1609507381013681,4980983459,0.066368,-0.792512,-0.542656,-4.5675,12.76625,-11.725,26.288002,21.384,-15.176001,none,8,3.0,32901.0,201023.0,75655.0,210055.0,77889.0
2026-04-14 18:04:47.380232,725372,1609507381022637,4980992172,0.066368,-0.792512,-0.542656,-6.86,11.97875,-12.87125,26.288002,21.384,-15.176001,none,8,3.0,32901.0,201023.0,75655.0,210055.0,77889.0
2026-04-14 18:04:47.409736,725383,1609507381037224,4981007225,-0.007808,-0.786656,-0.74176,-7.74375,11.50625,-13.2825,26.36,21.496,-15.736001,none,8,3.0,33176.0,199896.0,76063.0,208759.0,78389.0
2026-04-14 18:04:47.414410,725384,1609507381046165,4981015977,-0.007808,-0.786656,-0.74176,-9.8175,10.61375,-13.755,26.36,21.496,-15.736001,none,8,3.0,33176.0,199896.0,76063.0,208759.0,78389.0
2026-04-14 18:04:47.418817,725385,1609507381060728,4981031026,0.042944,-0.765184,-0.50752,-10.9375,9.70375,-13.9125,25.864,21.84,-14.736001,none,8,3.0,33176.0,199896.0,76063.0,208759.0,78389.0
2026-04-14 18:04:47.427581,725386,1609507381069687,4981039736,0.023424,-0.786656,-0.72224,-10.5875,9.730001,-13.60625,25.168001,22.056002,-16.44,none,8,3.0,33176.0,199896.0,76063.0,208759.0,78389.0
2026-04-14 18:04:47.441427,725387,1609507381084195,4981052571,0.023424,-0.786656,-0.72224,-9.948751,8.98625,-13.79,25.168001,22.056002,-16.44,none,8,3.0,33176.0,199896.0,76063.0,208759.0,78389.0
2026-04-14 18:04:47.466554,725388,1609507381093410,4981063357,-0.021472,-0.755424,-0.620736,-9.485,7.8575,-13.20375,25.424002,22.384,-15.872001,none,8,3.0,33176.0,199896.0,76063.0,208759.0,78389.0
2026-04-14 18:04:47.476615,725389,1609507381102327,4981072051,-0.021472,-0.755424,-0.620736,-10.29875,6.9475,-13.230001,25.424002,22.384,-15.872001,none,8,3.0,33176.0,199896.0,76063.0,208759.0,78389.0
2026-04-14 18:04:47.479015,725390,1609507381116823,4981087039,0.085888,-0.769088,-0.523136,-9.72125,5.01375,-12.88,26.032001,21.76,-16.0,none,8,3.0,33176.0,199896.0,76063.0,208759.0,78389.0
2026-04-14 18:04:47.485341,725391,1609507381125818,4981095731,0.085888,-0.769088,-0.523136,-11.66375,2.94875,-12.4775,26.032001,21.76,-16.0,none,8,3.0,33176.0,199896.0,76063.0,208759.0,78389.0
2026-04-14 18:04:47.587285,725402,1609507381140403,4981109076,0.064416,-0.83936,-0.706624,-14.971251,1.51375,-12.85375,25.824001,21.880001,-15.880001,none,8,3.0,33208.0,199898.0,76137.0,208805.0,78479.0
2026-04-14 18:04:47.595729,725403,1609507381149695,4981119981,0.031232,-0.796416,-0.735904,-14.0,1.26,-12.74875,25.560001,21.856,-13.552001,none,8,3.0,33208.0,199898.0,76137.0,208805.0,78479.0
2026-04-14 18:04:47.597630,725404,1609507381158808,4981128714,0.031232,-0.796416,-0.735904,-10.33375,1.77625,-11.7075,25.560001,21.856,-13.552001,none,8,3.0,33208.0,199898.0,76137.0,208805.0,78479.0
2026-04-14 18:04:47.602220,725405,1609507381173292,4981143609,0.076128,-0.796416,-0.554368,-8.8025,1.8025,-11.13,24.304,22.36,-14.240001,none,8,3.0,33208.0,199898.0,76137.0,208805.0,78479.0
2026-04-14 18:04:47.605176,725406,1609507381182234,4981152390,0.076128,-0.796416,-0.554368,-12.64375,0.875,-10.91125,24.304,22.36,-14.240001,none,8,3.0,33208.0,199898.0,76137.0,208805.0,78479.0
2026-04-14 18:04:47.607719,725407,1609507381196730,4981165263,0.062464,-0.831552,-0.62464,-15.8025,0.42875,-10.61375,24.016,22.152,-15.472001,none,8,3.0,33208.0,199898.0,76137.0,208805.0,78479.0
2026-04-14 18:04:47.610228,725408,1609507381206112,4981176028,0.062464,-0.831552,-0.62464,-12.573751,1.26875,-9.765,24.016,22.152,-15.472001,none,8,3.0,33208.0,199898.0,76137.0,208805.0,78479.0
2026-04-14 18:04:47.612211,725409,1609507381215058,4981184718,0.023424,-0.749568,-0.669536,-8.575,1.93375,-8.58375,24.752,22.872002,-15.400001,none,8,3.0,33208.0,199898.0,76137.0,208805.0,78479.0
2026-04-14 18:04:47.642390,725420,1609507381229657,4981199617,0.0488,-0.774944,-0.60512,-8.4875,1.9775,-8.4875,24.752,22.104002,-15.960001,none,8,3.0,33147.0,199932.0,76007.0,208776.0,78339.0
2026-04-14 18:04:47.655179,725421,1609507381238649,4981208277,0.0488,-0.774944,-0.60512,-11.55,1.60125,-9.09125,24.720001,22.104002,-15.960001,none,8,3.0,33147.0,199932.0,76007.0,208776.0,78339.0
2026-04-14 18:04:47.655513,725422,1609507381253176,4981223185,0.142496,-0.841312,-0.548512,-13.30875,2.59,-8.8725,24.408,22.560001,-15.952001,none,8,3.0,33147.0,199932.0,76007.0,208776.0,78339.0
2026-04-14 18:04:47.655693,725423,1609507381262110,4981231931,0.142496,-0.841312,-0.548512,-11.85625,2.82625,-9.625,24.408,22.560001,-15.952001,none,8,3.0,33147.0,199932.0,76007.0,208776.0,78339.0
2026-04-14 18:04:47.655853,725424,1609507381276709,4981246834,0.050752,-0.77104,-0.786656,-6.22125,3.63125,-8.56625,24.512001,22.616001,-17.072,none,8,3.0,33147.0,199932.0,76007.0,208776.0,78339.0
2026-04-14 18:04:47.656004,725425,1609507381285724,4981255593,0.050752,-0.77104,-0.786656,-6.0375,4.31375,-9.065,24.512001,22.616001,-17.072,none,8,3.0,33147.0,199932.0,76007.0,208776.0,78339.0
2026-04-14 18:04:47.657409,725426,1609507381294661,4981264284,0.158112,-0.802272,-0.573888,-9.37125,4.305,-10.28125,25.160002,22.272001,-16.512001,none,8,3.0,33147.0,199932.0,76007.0,208776.0,78339.0
2026-04-14 18:04:47.667406,725427,1609507381309327,4981279186,0.158112,-0.802272,-0.573888,-11.31375,4.52375,-10.68375,25.160002,22.272001,-16.512001,none,8,3.0,33147.0,199932.0,76007.0,208776.0,78339.0
2026-04-14 18:04:47.674776,725428,1609507381318421,4981287863,0.109312,-0.786656,-0.732,-10.0275,5.73125,-10.57875,25.384,21.936,-16.704,none,8,3.0,33147.0,199932.0,76007.0,208776.0,78339.0
2026-04-14 18:04:47.712097,725439,1609507381333453,4981302819,0.085888,-0.691008,-0.597312,-7.60375,5.705,-10.77125,25.416,22.784,-15.896001,none,8,3.0,33466.0,197660.0,76505.0,206237.0,78947.0
2026-04-14 18:04:47.714817,725440,1609507381342448,4981311732,0.085888,-0.691008,-0.597312,-7.55125,3.94625,-10.17625,25.416,22.784,-15.896001,none,8,3.0,33466.0,197660.0,76505.0,206237.0,78947.0
2026-04-14 18:04:47.717392,725441,1609507381351388,4981320520,0.130784,-0.745664,-0.609024,-10.03625,1.155,-10.3775,25.064001,22.496,-16.576,none,8,3.0,33466.0,197660.0,76505.0,206237.0,78947.0
2026-04-14 18:04:47.724730,725442,1609507381365936,4981335412,0.130784,-0.745664,-0.609024,-12.99375,-2.45,-10.7975,25.064001,22.496,-16.576,none,8,3.0,33466.0,197660.0,76505.0,206237.0,78947.0
2026-04-14 18:04:47.731163,725443,1609507381374907,4981344145,0.189344,-0.772992,-0.62464,-12.81875,-4.375,-10.6225,25.248001,22.584002,-17.208,none,8,3.0,33466.0,197660.0,76505.0,206237.0,78947.0
2026-04-14 18:04:47.748728,725444,1609507381389544,4981359089,0.189344,-0.772992,-0.62464,-10.01875,-5.18875,-10.78,25.248001,22.584002,-17.208,none,8,3.0,33466.0,197660.0,76505.0,206237.0,78947.0
2026-04-14 18:04:47.756283,725445,1609507381398484,4981367783,0.130784,-0.716384,-0.630496,-7.20125,-7.11375,-10.80625,25.28,22.448002,-16.896,none,8,3.0,33466.0,197660.0,76505.0,206237.0,78947.0
2026-04-14 18:04:47.764874,725446,1609507381407394,4981376521,0.130784,-0.716384,-0.630496,-8.91625,-9.75625,-11.165,25.28,22.448002,-16.896,none,8,3.0,33466.0,197660.0,76505.0,206237.0,78947.0
2026-04-14 18:04:47.778746,725447,1609507381421989,4981391446,0.206912,-0.76128,-0.622688,-10.22,-10.91125,-10.386251,25.112001,22.264002,-17.176,none,8,3.0,33466.0,197660.0,76505.0,206237.0,78947.0
2026-04-14 18:04:47.814948,725458,1609507381430941,4981400313,0.189344,-0.776896,-0.70272,-14.735,-12.66125,-10.535,25.112001,22.352001,-15.088,none,8,3.0,33771.0,195524.0,76982.0,203853.0,79439.0
2026-04-14 18:04:47.817438,725459,1609507381445484,4981415244,0.189344,-0.776896,-0.70272,-15.14625,-14.0175,-9.5725,25.080002,22.352001,-15.088,none,8,3.0,33771.0,195524.0,76982.0,203853.0,79439.0
2026-04-14 18:04:47.819962,725460,1609507381454433,4981423934,0.091744,-0.67344,-0.630496,-13.09875,-14.07875,-8.295,24.256,23.024,-16.112001,none,8,3.0,33771.0,195524.0,76982.0,203853.0,79439.0
2026-04-14 18:04:47.826184,725461,1609507381468944,4981438864,0.091744,-0.67344,-0.630496,-12.34625,-14.735,-8.1375,24.256,23.024,-16.112001,none,8,3.0,33771.0,195524.0,76982.0,203853.0,79439.0
2026-04-14 18:04:47.837432,725462,1609507381477991,4981447564,0.095648,-0.706624,-0.776896,-13.877501,-15.4875,-8.2775,24.672,22.112001,-15.248001,none,8,3.0,33771.0,195524.0,76982.0,203853.0,79439.0
2026-04-14 18:04:47.844799,725463,1609507381486971,4981456308,0.095648,-0.706624,-0.776896,-15.1025,-15.365,-8.51375,24.672,22.112001,-15.248001,none,8,3.0,33771.0,195524.0,76982.0,203853.0,79439.0
2026-04-14 18:04:47.859838,725464,1609507381501467,4981471217,0.080032,-0.718336,-0.812032,-16.975,-15.32125,-7.98875,25.216002,22.408,-16.824001,none,8,3.0,33771.0,195524.0,76982.0,203853.0,79439.0
2026-04-14 18:04:47.867715,725465,1609507381510467,4981479930,0.080032,-0.718336,-0.812032,-16.77375,-15.2425,-6.74625,25.216002,22.408,-16.824001,none,8,3.0,33771.0,195524.0,76982.0,203853.0,79439.0
2026-04-14 18:04:47.903542,725466,1609507381524941,4981494874,0.072224,-0.718336,-0.794464,-16.5375,-16.19625,-6.1425,25.304,22.424002,-16.576,none,8,3.0,33771.0,195524.0,76982.0,203853.0,79439.0
2026-04-14 18:04:47.954853,725477,1609507381534398,4981503546,0.052704,-0.657824,-0.733952,-12.50375,-15.846251,-5.36375,24.216002,22.784,-14.824,none,8,3.0,34002.0,193306.0,77389.0,201793.0,79894.0
2026-04-14 18:04:47.957441,725478,1609507381543462,4981512266,0.052704,-0.657824,-0.733952,-10.08875,-16.0825,-5.8275,24.216002,22.784,-14.824,none,8,3.0,34002.0,193306.0,77389.0,201793.0,79894.0
2026-04-14 18:04:47.959926,725479,1609507381557946,4981527195,0.07808,-0.747616,-0.825696,-9.58125,-16.1175,-6.5975,23.76,23.176,-15.464001,none,8,3.0,34002.0,193306.0,77389.0,201793.0,79894.0
2026-04-14 18:04:47.962440,725480,1609507381566920,4981535865,0.07808,-0.747616,-0.825696,-10.465,-15.8375,-7.14,23.76,23.176,-15.464001,none,8,3.0,34002.0,193306.0,77389.0,201793.0,79894.0
2026-04-14 18:04:47.964874,725481,1609507381581481,4981550838,0.142496,-0.757376,-0.714432,-8.5225,-14.3325,-6.50125,23.448002,23.024,-16.168001,none,8,3.0,34002.0,193306.0,77389.0,201793.0,79894.0
2026-04-14 18:04:47.968777,725482,1609507381590466,4981559577,0.142496,-0.757376,-0.714432,-3.78,-12.67875,-6.15125,23.448002,23.024,-16.168001,none,8,3.0,34002.0,193306.0,77389.0,201793.0,79894.0
2026-04-14 18:04:47.969686,725483,1609507381604985,4981574516,0.050752,-0.730048,-0.890112,1.19875,-9.72125,-6.95625,24.616001,22.872002,-14.544001,none,8,3.0,34002.0,193306.0,77389.0,201793.0,79894.0
2026-04-14 18:04:47.972267,725484,1609507381613925,4981583272,0.017568,-0.71248,-0.880352,3.54375,-7.6825,-7.7525,24.712002,23.04,-15.840001,none,8,3.0,34002.0,193306.0,77389.0,201793.0,79894.0
2026-04-14 18:04:47.979863,725485,1609507381622821,4981591978,0.017568,-0.71248,-0.880352,4.17375,-7.28875,-7.2625,24.712002,23.04,-15.840001,none,8,3.0,34002.0,193306.0,77389.0,201793.0,79894.0
2026-04-14 18:04:48.013649,725496,1609507381637549,4981606973,0.040992,-0.691008,-0.730048,5.4775,-6.88625,-7.6125,25.720001,22.336,-16.744001,none,8,3.0,33547.0,194993.0,76636.0,203770.0,79053.0
2026-04-14 18:04:48.016193,725497,1609507381646520,4981615735,0.040992,-0.691008,-0.730048,4.55,-6.34375,-8.32125,25.720001,22.336,-16.744001,none,8,3.0,33547.0,194993.0,76636.0,203770.0,79053.0
2026-04-14 18:04:48.018692,725498,1609507381661071,4981630765,0.064416,-0.74176,-0.792512,3.3075,-4.47125,-7.84875,24.448002,22.888,-15.576001,none,8,3.0,33547.0,194993.0,76636.0,203770.0,79053.0
2026-04-14 18:04:48.028663,725499,1609507381670067,4981639511,0.064416,-0.74176,-0.792512,4.3225,-3.59625,-7.1225,24.448002,22.888,-15.576001,none,8,3.0,33547.0,194993.0,76636.0,203770.0,79053.0
2026-04-14 18:04:48.036239,725500,1609507381678989,4981648194,0.0976,-0.710528,-0.806176,6.3175,-2.14375,-6.195,25.096,22.664001,-16.992,none,8,3.0,33547.0,194993.0,76636.0,203770.0,79053.0
2026-04-14 18:04:48.052505,725501,1609507381693496,4981663236,0.134688,-0.700768,-0.700768,8.18125,-0.6475,-5.81875,25.400002,22.288,-15.440001,none,8,3.0,33547.0,194993.0,76636.0,203770.0,79053.0
2026-04-14 18:04:48.062470,725502,1609507381702447,4981671934,0.134688,-0.700768,-0.700768,6.34375,0.2625,-6.74625,25.400002,22.288,-15.440001,none,8,3.0,33547.0,194993.0,76636.0,203770.0,79053.0
2026-04-14 18:04:48.076173,725503,1609507381716969,4981686906,0.12688,-0.772992,-0.769088,2.3275,1.82,-6.88625,25.352001,22.744001,-15.760001,none,8,3.0,33547.0,194993.0,76636.0,203770.0,79053.0
2026-04-14 18:04:48.108534,725504,1609507381725915,4981695583,0.12688,-0.772992,-0.769088,-1.2425,2.58125,-7.14,25.352001,22.744001,-15.760001,none,8,3.0,33547.0,194993.0,76636.0,203770.0,79053.0
2026-04-14 18:04:48.136262,725515,1609507381740660,4981710532,0.021472,-0.677344,-0.870592,-0.18375,3.12375,-5.71375,24.032001,23.392,-14.832001,none,8,3.0,33363.0,195488.0,76320.0,204233.0,78689.0
2026-04-14 18:04:48.138694,725516,1609507381749677,4981719299,0.021472,-0.677344,-0.870592,1.47875,3.3075,-4.9875,24.032001,23.392,-14.832001,none,8,3.0,33363.0,195488.0,76320.0,204233.0,78689.0
2026-04-14 18:04:48.141567,725517,1609507381758709,4981728009,0.031232,-0.659776,-0.808128,-1.3125,3.0275,-4.7425,23.464,23.648,-15.760001,none,8,3.0,33363.0,195488.0,76320.0,204233.0,78689.0
2026-04-14 18:04:48.144005,725518,1609507381773282,4981742974,0.083936,-0.708576,-0.84912,-7.5775,2.45,-5.11875,23.464,23.248001,-16.456001,none,8,3.0,33363.0,195488.0,76320.0,204233.0,78689.0
2026-04-14 18:04:48.146578,725519,1609507381782228,4981751666,0.083936,-0.708576,-0.84912,-9.89625,3.35125,-4.5675,23.728,23.248001,-16.456001,none,8,3.0,33363.0,195488.0,76320.0,204233.0,78689.0
2026-04-14 18:04:48.157370,725520,1609507381796762,4981766638,0.052704,-0.689056,-0.825696,-11.24375,4.7075,-5.45125,24.608002,23.096,-15.712001,none,8,3.0,33363.0,195488.0,76320.0,204233.0,78689.0
2026-04-14 18:04:48.163615,725521,1609507381805689,4981775325,0.052704,-0.689056,-0.825696,-9.77375,3.98125,-4.43625,24.608002,23.096,-15.712001,none,8,3.0,33363.0,195488.0,76320.0,204233.0,78689.0
2026-04-14 18:04:48.174866,725522,1609507381814642,4981784032,0.113216,-0.618784,-0.589504,-9.56375,2.1875,-3.66625,24.52,23.000002,-14.296001,none,8,3.0,33363.0,195488.0,76320.0,204233.0,78689.0
2026-04-14 18:04:48.185918,725523,1609507381829186,4981798987,0.113216,-0.618784,-0.589504,-9.7475,1.46125,-3.31625,24.52,23.000002,-14.296001,none,8,3.0,33363.0,195488.0,76320.0,204233.0,78689.0
2026-04-14 18:04:48.215374,725534,1609507381838263,4981807760,0.095648,-0.698816,-0.88816,-12.04875,0.91,-3.3775,25.216002,22.616001,-17.08,none,8,3.0,33751.0,193362.0,76925.0,202057.0,79362.0
2026-04-14 18:04:48.217256,725535,1609507381852865,4981822703,0.095648,-0.698816,-0.88816,-15.68,-0.97125,-3.92,25.216002,22.616001,-17.08,none,8,3.0,33751.0,193362.0,76925.0,202057.0,79362.0
2026-04-14 18:04:48.219825,725536,1609507381861808,4981831425,0.16592,-0.724192,-0.640256,-17.19375,-1.96875,-2.9575,24.584002,22.984001,-16.704,none,8,3.0,33751.0,193362.0,76925.0,202057.0,79362.0
2026-04-14 18:04:48.236447,725537,1609507381876328,4981846336,0.052704,-0.650016,-0.847168,-13.055,-0.74375,-0.79625,25.608002,22.800001,-17.312,none,8,3.0,33751.0,193362.0,76925.0,202057.0,79362.0
2026-04-14 18:04:48.243610,725538,1609507381885245,4981855017,0.052704,-0.650016,-0.847168,-6.5975,-0.70875,-1.63625,25.608002,22.800001,-17.312,none,8,3.0,33751.0,193362.0,76925.0,202057.0,79362.0
2026-04-14 18:04:48.268856,725539,1609507381894208,4981863775,0.150304,-0.677344,-0.687104,-3.12375,-2.12625,-1.04125,25.112001,22.320002,-17.480001,none,8,3.0,33751.0,193362.0,76925.0,202057.0,79362.0
2026-04-14 18:04:48.293575,725540,1609507381908702,4981878731,0.150304,-0.677344,-0.687104,-5.1975,-3.63125,-2.19625,25.112001,22.320002,-17.480001,none,8,3.0,33751.0,193362.0,76925.0,202057.0,79362.0
2026-04-14 18:04:48.301287,725541,1609507381917680,4981887417,0.132736,-0.677344,-0.618784,-7.48125,-5.31125,-2.94875,25.288002,22.696001,-17.224,none,8,3.0,33751.0,193362.0,76925.0,202057.0,79362.0
2026-04-14 18:04:48.304055,725542,1609507381932229,4981902286,0.132736,-0.677344,-0.618784,-5.9675,-7.56875,-2.84375,25.288002,22.696001,-17.224,none,8,3.0,33751.0,193362.0,76925.0,202057.0,79362.0
2026-04-14 18:04:48.331291,725553,1609507381941322,4981911153,0.099552,-0.646112,-0.646112,-2.45,-10.21125,-2.84375,25.528002,22.728,-16.896,none,8,3.0,33750.0,193337.0,76946.0,202088.0,79369.0
2026-04-14 18:04:48.334053,725554,1609507381955867,4981924303,0.162016,-0.698816,-0.694912,-1.84625,-11.97875,-2.86125,25.408,22.536001,-17.048,none,8,3.0,33750.0,193337.0,76946.0,202088.0,79369.0
2026-04-14 18:04:48.336599,725555,1609507381965208,4981935077,0.162016,-0.698816,-0.694912,-2.9575,-13.86875,-2.73875,25.408,22.536001,-17.048,none,8,3.0,33750.0,193337.0,76946.0,202088.0,79369.0
2026-04-14 18:04:48.339045,725556,1609507381974150,4981943810,0.162016,-0.757376,-0.6832,-5.22375,-16.5375,-3.64,25.408,22.536001,-17.048,none,8,3.0,33750.0,193337.0,76946.0,202088.0,79369.0
2026-04-14 18:04:48.347281,725557,1609507381988731,4981958727,0.177632,-0.757376,-0.6832,-5.90625,-17.19375,-3.7275,25.568,22.536001,-18.936,none,8,3.0,33750.0,193337.0,76946.0,202088.0,79369.0
2026-04-14 18:04:48.356647,725558,1609507381997662,4981967475,0.066368,-0.69296,-0.843264,-2.1,-16.68625,-3.78,25.488,22.912,-15.976001,none,8,3.0,33750.0,193337.0,76946.0,202088.0,79369.0
2026-04-14 18:04:48.372285,725559,1609507382012179,4981982366,0.066368,-0.69296,-0.843264,1.53125,-16.72125,-4.31375,25.488,22.912,-15.976001,none,8,3.0,33750.0,193337.0,76946.0,202088.0,79369.0
2026-04-14 18:04:48.380215,725560,1609507382021123,4981991060,0.074176,-0.675392,-0.714432,2.19625,-15.9425,-4.865,25.096,22.848001,-15.928,none,8,3.0,33750.0,193337.0,76946.0,202088.0,79369.0
2026-04-14 18:04:48.390243,725561,1609507382030171,4981999750,0.074176,-0.675392,-0.714432,-0.91,-14.971251,-6.22125,25.096,22.848001,-15.928,none,8,3.0,33750.0,193337.0,76946.0,202088.0,79369.0
2026-04-14 18:04:48.417751,725572,1609507382044830,4982014862,0.050752,-0.671488,-0.812032,-3.15,-14.4725,-6.22125,24.920002,23.144001,-16.464,none,8,3.0,33389.0,194825.0,76355.0,203665.0,78736.0
2026-04-14 18:04:48.420118,725573,1609507382053799,4982023630,0.050752,-0.671488,-0.812032,-3.80625,-14.4025,-6.65875,24.920002,23.144001,-16.464,none,8,3.0,33389.0,194825.0,76355.0,203665.0,78736.0
2026-04-14 18:04:48.427565,725574,1609507382068559,4982038541,0.128832,-0.743712,-0.84912,-5.50375,-13.58,-7.0,25.416,22.584002,-15.448001,none,8,3.0,33389.0,194825.0,76355.0,203665.0,78736.0
2026-04-14 18:04:48.437870,725575,1609507382077660,4982047293,0.080032,-0.72224,-0.911584,-6.93,-12.74,-7.39375,25.672,22.720001,-16.448,none,8,3.0,33389.0,194825.0,76355.0,203665.0,78736.0
2026-04-14 18:04:48.448565,725576,1609507382086652,4982056024,0.080032,-0.72224,-0.911584,-6.23,-11.36625,-6.895,25.672,22.720001,-16.448,none,8,3.0,33389.0,194825.0,76355.0,203665.0,78736.0
2026-04-14 18:04:48.461443,725577,1609507382101168,4982070926,0.109312,-0.657824,-0.704672,-3.78875,-10.1325,-6.99125,25.696001,22.536001,-16.688002,none,8,3.0,33389.0,194825.0,76355.0,203665.0,78736.0
2026-04-14 18:04:48.471526,725578,1609507382110223,4982079616,0.109312,-0.657824,-0.704672,-3.01875,-8.925,-7.14875,25.696001,22.536001,-16.688002,none,8,3.0,33389.0,194825.0,76355.0,203665.0,78736.0
2026-04-14 18:04:48.482782,725579,1609507382124750,4982094544,0.06832,-0.700768,-0.884256,-5.0225,-8.0325,-7.16625,25.672,22.68,-16.512001,none,8,3.0,33389.0,194825.0,76355.0,203665.0,78736.0
2026-04-14 18:04:48.492434,725580,1609507382133699,4982103247,0.06832,-0.700768,-0.884256,-7.58625,-8.0675,-6.01125,25.672,22.68,-16.512001,none,8,3.0,33389.0,194825.0,76355.0,203665.0,78736.0
2026-04-14 18:04:48.520265,725591,1609507382148321,4982118297,0.148352,-0.706624,-0.739808,-4.31375,-6.15125,-5.4425,25.704,22.640001,-16.6,none,8,3.0,33537.0,194276.0,76550.0,203001.0,78971.0
2026-04-14 18:04:48.522759,725592,1609507382157259,4982126983,0.062464,-0.610976,-0.70272,1.19875,-5.11,-4.94375,25.864,23.2,-17.976002,none,8,3.0,33537.0,194276.0,76550.0,203001.0,78971.0
2026-04-14 18:04:48.524906,725593,1609507382166187,4982135708,0.062464,-0.610976,-0.70272,3.185,-5.31125,-4.2,25.864,23.2,-17.976002,none,8,3.0,33537.0,194276.0,76550.0,203001.0,78971.0
2026-04-14 18:04:48.540548,725594,1609507382180707,4982150636,0.163968,-0.708576,-0.685152,0.98875,-5.775,-3.8325,25.800001,22.952002,-16.248001,none,8,3.0,33537.0,194276.0,76550.0,203001.0,78971.0
2026-04-14 18:04:48.548849,725595,1609507382189682,4982159333,0.163968,-0.708576,-0.685152,-1.96,-6.15125,-2.0825,25.800001,22.952002,-16.248001,none,8,3.0,33537.0,194276.0,76550.0,203001.0,78971.0
2026-04-14 18:04:48.565091,725596,1609507382204194,4982174219,0.070272,-0.708576,-0.876448,-1.785,-5.04875,-0.76125,25.584002,22.720001,-15.744,none,8,3.0,33537.0,194276.0,76550.0,203001.0,78971.0
2026-04-14 18:04:48.571570,725597,1609507382213265,4982183074,0.070272,-0.708576,-0.876448,3.045,-3.3775,-0.34125,25.584002,22.720001,-15.744,none,8,3.0,33537.0,194276.0,76550.0,203001.0,78971.0
2026-04-14 18:04:48.580454,725598,1609507382222292,4982191782,0.122976,-0.685152,-0.854976,6.7725,-2.56375,0.90125,24.744001,23.328001,-15.672001,none,8,3.0,33537.0,194276.0,76550.0,203001.0,78971.0
2026-04-14 18:04:48.667685,725609,1609507382237152,4982206774,0.083936,-0.667584,-0.696864,5.635,-1.46125,0.84,25.192001,22.720001,-18.024,none,8,3.0,33499.0,194233.0,76491.0,202981.0,78896.0
2026-04-14 18:04:48.670173,725610,1609507382246156,4982215585,0.083936,-0.667584,-0.696864,2.1875,-0.60375,0.69125,25.192001,22.720001,-18.024,none,8,3.0,33499.0,194233.0,76491.0,202981.0,78896.0
2026-04-14 18:04:48.672496,725611,1609507382260750,4982230508,0.101504,-0.685152,-0.66368,-0.41125,0.105,1.1025,25.152,23.160002,-15.040001,none,8,3.0,33499.0,194233.0,76491.0,202981.0,78896.0
2026-04-14 18:04:48.674982,725612,1609507382269713,4982239208,0.101504,-0.685152,-0.66368,-1.23375,0.9275,1.33875,25.152,23.160002,-15.040001,none,8,3.0,33499.0,194233.0,76491.0,202981.0,78896.0
2026-04-14 18:04:48.677370,725613,1609507382284228,4982254071,0.054656,-0.704672,-0.890112,-2.0125,1.25125,2.51125,25.000002,23.216002,-14.288001,none,8,3.0,33499.0,194233.0,76491.0,202981.0,78896.0
2026-04-14 18:04:48.682771,725614,1609507382293207,4982262788,0.054656,-0.704672,-0.890112,-2.65125,0.97125,3.535,25.000002,23.216002,-14.288001,none,8,3.0,33499.0,194233.0,76491.0,202981.0,78896.0
2026-04-14 18:04:48.684906,725615,1609507382302148,4982271521,0.13664,-0.71248,-0.648064,-3.12375,0.77875,4.025,24.256,23.368002,-13.672001,none,8,3.0,33499.0,194233.0,76491.0,202981.0,78896.0
2026-04-14 18:04:48.687740,725616,1609507382316677,4982286404,0.095648,-0.687104,-0.65392,-4.165,0.14,4.48875,24.256,23.368002,-13.728001,none,8,3.0,33499.0,194233.0,76491.0,202981.0,78896.0
2026-04-14 18:04:48.690213,725617,1609507382325606,4982295098,0.095648,-0.687104,-0.65392,-4.3925,0.84,5.1625,24.088001,23.048,-13.728001,none,8,3.0,33499.0,194233.0,76491.0,202981.0,78896.0
2026-04-14 18:04:48.720953,725628,1609507382340478,4982310076,0.042944,-0.685152,-0.737856,-4.69,1.0325,5.355,24.344002,22.728,-14.944,none,8,3.0,33571.0,194221.0,76610.0,202937.0,79032.0
2026-04-14 18:04:48.745079,725629,1609507382349545,4982318882,0.042944,-0.685152,-0.737856,-5.25875,1.61,5.565,24.344002,22.728,-14.944,none,8,3.0,33571.0,194221.0,76610.0,202937.0,79032.0
2026-04-14 18:04:48.755213,725630,1609507382358565,4982327607,0.103456,-0.757376,-0.853024,-6.475,1.7325,5.55625,25.048,22.6,-17.096,none,8,3.0,33571.0,194221.0,76610.0,202937.0,79032.0
2026-04-14 18:04:48.757714,725631,1609507382373091,4982342459,0.103456,-0.757376,-0.853024,-8.05,1.855,6.01125,25.048,22.6,-17.096,none,8,3.0,33571.0,194221.0,76610.0,202937.0,79032.0
2026-04-14 18:04:48.759882,725632,1609507382382151,4982351137,0.124928,-0.753472,-0.70272,-7.595,3.6575,6.41375,24.720001,22.664001,-15.216001,none,8,3.0,33571.0,194221.0,76610.0,202937.0,79032.0
2026-04-14 18:04:48.762422,725633,1609507382396665,4982366051,0.124928,-0.753472,-0.81984,-4.095,5.08375,6.81625,24.720001,22.664001,-15.216001,none,8,3.0,33571.0,194221.0,76610.0,202937.0,79032.0
2026-04-14 18:04:48.764850,725634,1609507382405591,4982374804,-0.007808,-0.687104,-0.81984,-1.7325,5.87125,6.83375,25.168001,22.848001,-14.872001,none,8,3.0,33571.0,194221.0,76610.0,202937.0,79032.0
2026-04-14 18:04:48.772649,725635,1609507382414778,4982383515,-0.007808,-0.687104,-0.81984,-0.665,6.3175,6.2125,25.168001,22.848001,-14.872001,none,8,3.0,33571.0,194221.0,76610.0,202937.0,79032.0
2026-04-14 18:04:48.786553,725636,1609507382429857,4982398513,0.052704,-0.70272,-0.679296,-1.42625,6.37875,5.43375,25.760002,22.696001,-16.264,none,8,3.0,33571.0,194221.0,76610.0,202937.0,79032.0
2026-04-14 18:04:48.818841,725647,1609507382439579,4982409335,0.070272,-0.714432,-0.747616,-0.00875,6.97375,6.01125,26.104002,22.112001,-16.248001,none,8,3.0,33667.0,193785.0,76767.0,202387.0,79224.0
2026-04-14 18:04:48.822430,725648,1609507382448630,4982418087,0.070272,-0.714432,-0.747616,1.77625,8.365,5.01375,26.104002,22.112001,-16.248001,none,8,3.0,33667.0,193785.0,76767.0,202387.0,79224.0
2026-04-14 18:04:48.824546,725649,1609507382463151,4982433021,0.001952,-0.728096,-0.854976,1.47,9.56375,4.48,25.288002,22.568,-15.64,none,8,3.0,33667.0,193785.0,76767.0,202387.0,79224.0
2026-04-14 18:04:48.829624,725650,1609507382472259,4982441877,0.001952,-0.728096,-0.854976,0.84875,10.45625,3.92875,25.288002,22.568,-15.64,none,8,3.0,33667.0,193785.0,76767.0,202387.0,79224.0
2026-04-14 18:04:48.846286,725651,1609507382486764,4982456798,0.01952,-0.743712,-0.866688,1.085,11.73375,4.01625,25.880001,21.864,-15.896001,none,8,3.0,33667.0,193785.0,76767.0,202387.0,79224.0
2026-04-14 18:04:48.855197,725652,1609507382495682,4982465462,0.01952,-0.743712,-0.866688,3.08875,11.96125,3.54375,25.880001,21.864,-15.896001,none,8,3.0,33667.0,193785.0,76767.0,202387.0,79224.0
2026-04-14 18:04:48.867730,725653,1609507382510302,4982480375,0.007808,-0.687104,-0.860832,5.55625,11.27875,4.12125,25.384,22.696001,-15.688001,none,8,3.0,33667.0,193785.0,76767.0,202387.0,79224.0
2026-04-14 18:04:48.877735,725654,1609507382519322,4982489130,0.122976,-0.724192,-0.632448,6.65,10.80625,4.7425,26.032001,22.248001,-14.960001,none,8,3.0,33667.0,193785.0,76767.0,202387.0,79224.0
2026-04-14 18:04:48.886581,725655,1609507382528266,4982497807,0.122976,-0.724192,-0.632448,2.7825,10.40375,3.745,26.032001,22.248001,-14.960001,none,8,3.0,33667.0,193785.0,76767.0,202387.0,79224.0
2026-04-14 18:04:48.922597,725666,1609507382542956,4982512813,0.0976,-0.724192,-0.62464,-0.6125,10.98125,4.06,25.872002,22.12,-16.584002,none,8,3.0,33686.0,194051.0,76809.0,202709.0,79230.0
2026-04-14 18:04:48.924609,725667,1609507382551999,4982521663,0.0976,-0.724192,-0.62464,0.5425,11.83875,4.6375,25.872002,22.12,-16.584002,none,8,3.0,33686.0,194051.0,76809.0,202709.0,79230.0
2026-04-14 18:04:48.927658,725668,1609507382566562,4982536632,-0.007808,-0.687104,-0.728096,2.7825,11.83,4.69,25.536001,22.008001,-16.832,none,8,3.0,33686.0,194051.0,76809.0,202709.0,79230.0
2026-04-14 18:04:48.933916,725669,1609507382575533,4982545341,-0.007808,-0.687104,-0.728096,2.05625,11.3925,5.635,25.536001,22.008001,-16.832,none,8,3.0,33686.0,194051.0,76809.0,202709.0,79230.0
2026-04-14 18:04:48.941443,725670,1609507382584583,4982554056,0.017568,-0.71248,-0.8296,-0.3675,10.31625,5.8975,25.6,22.504002,-15.848001,none,8,3.0,33686.0,194051.0,76809.0,202709.0,79230.0
2026-04-14 18:04:48.958159,725671,1609507382599097,4982568978,0.122976,-0.767136,-0.7808,-2.7125,9.14375,6.195,26.000002,22.04,-17.608002,none,8,3.0,33686.0,194051.0,76809.0,202709.0,79230.0
2026-04-14 18:04:48.967735,725672,1609507382608027,4982577664,0.122976,-0.767136,-0.7808,-4.97875,8.12875,6.7025,26.000002,22.04,-17.608002,none,8,3.0,33686.0,194051.0,76809.0,202709.0,79230.0
2026-04-14 18:04:49.010083,725673,1609507382622532,4982592782,0.025376,-0.728096,-0.841312,-5.53,7.21,7.8575,24.992,21.856,-16.704,none,8,3.0,33686.0,194051.0,76809.0,202709.0,79230.0
2026-04-14 18:04:49.012594,725674,1609507382631477,4982601488,0.025376,-0.728096,-0.841312,-5.11,7.035,8.65375,24.992,21.856,-16.704,none,8,3.0,33686.0,194051.0,76809.0,202709.0,79230.0
2026-04-14 18:04:49.059905,725685,1609507382646128,4982616467,0.005856,-0.6832,-0.691008,-4.235,6.57125,9.28375,24.6,22.000002,-16.096,none,8,3.0,33730.0,194078.0,76896.0,202725.0,79340.0
2026-04-14 18:04:49.062372,725686,1609507382655087,4982625172,0.005856,-0.6832,-0.691008,-4.36625,5.635,10.386251,24.6,22.000002,-16.096,none,8,3.0,33730.0,194078.0,76896.0,202725.0,79340.0
2026-04-14 18:04:49.064938,725687,1609507382664126,4982633868,0.062464,-0.743712,-0.794464,-4.36625,3.96375,10.78,25.168001,21.936,-15.512001,none,8,3.0,33730.0,194078.0,76896.0,202725.0,79340.0
2026-04-14 18:04:49.067434,725688,1609507382678681,4982648756,0.062464,-0.681248,-0.716384,-4.55875,2.135,11.55875,25.168001,21.936,-15.512001,none,8,3.0,33730.0,194078.0,76896.0,202725.0,79340.0
2026-04-14 18:04:49.069875,725689,1609507382687692,4982657552,-0.005856,-0.681248,-0.716384,-2.9575,0.93625,11.9875,25.064001,22.128,-13.824,none,8,3.0,33730.0,194078.0,76896.0,202725.0,79340.0
2026-04-14 18:04:49.072442,725690,1609507382702292,4982672493,-0.0488,-0.700768,-0.856928,-3.08875,-0.0525,11.795,24.720001,22.088001,-14.984001,none,8,3.0,33730.0,194078.0,76896.0,202725.0,79340.0
2026-04-14 18:04:49.074849,725691,1609507382711276,4982681278,-0.0488,-0.700768,-0.856928,-4.06875,-1.39125,12.075,24.720001,22.088001,-14.984001,none,8,3.0,33730.0,194078.0,76896.0,202725.0,79340.0
2026-04-14 18:04:49.078603,725692,1609507382720236,4982689986,0.021472,-0.714432,-0.618784,-3.955,-2.44125,12.215,24.896002,21.168001,-17.112001,none,8,3.0,33730.0,194078.0,76896.0,202725.0,79340.0
2026-04-14 18:04:49.096358,725693,1609507382734770,4982704951,0.021472,-0.714432,-0.618784,-3.43875,-4.3925,12.53875,24.896002,21.168001,-17.112001,none,8,3.0,33730.0,194078.0,76896.0,202725.0,79340.0
2026-04-14 18:04:49.128551,725704,1609507382743972,4982713798,0.005856,-0.728096,-0.69296,-3.21125,-5.25875,12.136251,26.04,21.384,-17.424002,none,8,3.0,33524.0,194913.0,76535.0,203690.0,78954.0
2026-04-14 18:04:49.131136,725705,1609507382758489,4982728739,0.005856,-0.728096,-0.69296,-2.98375,-6.58875,10.80625,26.04,21.384,-17.424002,none,8,3.0,33524.0,194913.0,76535.0,203690.0,78954.0
2026-04-14 18:04:49.133614,725706,1609507382767429,4982737444,0.06832,-0.726144,-0.718336,-1.81125,-6.7375,10.64875,26.760002,20.976002,-15.152,none,8,3.0,33524.0,194913.0,76535.0,203690.0,78954.0
2026-04-14 18:04:49.139663,725707,1609507382782063,4982752444,0.044896,-0.753472,-0.817888,-1.785,-6.18625,9.03875,26.832,21.560001,-16.16,none,8,3.0,33524.0,194913.0,76535.0,203690.0,78954.0
2026-04-14 18:04:49.149852,725708,1609507382791090,4982761138,0.044896,-0.753472,-0.817888,-4.795,-6.27375,7.35875,26.832,21.560001,-16.16,none,8,3.0,33524.0,194913.0,76535.0,203690.0,78954.0
2026-04-14 18:04:49.158564,725709,1609507382800184,4982769847,0.052704,-0.784704,-0.628544,-8.0325,-6.15125,6.78125,26.048,20.960001,-16.008001,none,8,3.0,33524.0,194913.0,76535.0,203690.0,78954.0
2026-04-14 18:04:49.172452,725710,1609507382814714,4982784804,0.052704,-0.784704,-0.628544,-8.89875,-5.04,5.88,26.048,20.960001,-16.008001,none,8,3.0,33524.0,194913.0,76535.0,203690.0,78954.0
2026-04-14 18:04:49.182476,725711,1609507382823730,4982793526,-0.037088,-0.759328,-0.880352,-4.445,-4.26125,5.565,26.376001,20.816002,-17.024,none,8,3.0,33524.0,194913.0,76535.0,203690.0,78954.0
2026-04-14 18:04:49.223672,725722,1609507382838235,4982808466,-0.037088,-0.759328,-0.880352,0.7875,-3.21125,5.24125,26.376001,20.816002,-17.024,none,8,3.0,33499.0,195125.0,76507.0,203868.0,78907.0
2026-04-14 18:04:49.226083,725723,1609507382847250,4982817191,0.0,-0.72224,-0.689056,2.70375,-3.01875,4.45375,26.464,20.480001,-17.072,none,8,3.0,33499.0,195125.0,76507.0,203868.0,78907.0
2026-04-14 18:04:49.228688,725724,1609507382856351,4982825995,0.0,-0.72224,-0.689056,1.58375,-2.2575,3.70125,26.464,20.480001,-17.072,none,8,3.0,33499.0,195125.0,76507.0,203868.0,78907.0
2026-04-14 18:04:49.231196,725725,1609507382870879,4982840925,0.03904,-0.792512,-0.767136,0.385,-0.74375,2.40625,25.936,21.072,-15.096001,none,8,3.0,33499.0,195125.0,76507.0,203868.0,78907.0
2026-04-14 18:04:49.238657,725726,1609507382879820,4982849605,0.03904,-0.792512,-0.64416,1.81125,-0.74375,1.715,25.936,21.072,-15.096001,none,8,3.0,33499.0,195125.0,76507.0,203868.0,78907.0
2026-04-14 18:04:49.254017,725727,1609507382894365,4982864578,0.052704,-0.76128,-0.64416,3.15875,0.6125,1.68,25.152,21.272001,-14.088,none,8,3.0,33499.0,195125.0,76507.0,203868.0,78907.0
2026-04-14 18:04:49.261555,725728,1609507382903290,4982873277,-0.0488,-0.700768,-0.681248,4.31375,2.8175,0.7,25.920002,20.824001,-16.648,none,8,3.0,33499.0,195125.0,76507.0,203868.0,78907.0
2026-04-14 18:04:49.276619,725729,1609507382917806,4982886166,-0.0488,-0.700768,-0.681248,5.64375,4.15625,0.07875,25.920002,20.824001,-16.648,none,8,3.0,33499.0,195125.0,76507.0,203868.0,78907.0
2026-04-14 18:04:49.287329,725730,1609507382927074,4982896929,-0.07808,-0.730048,-0.862784,6.02875,5.0225,-1.085,26.848001,21.032001,-16.880001,none,8,3.0,33499.0,195125.0,76507.0,203868.0,78907.0
2026-04-14 18:04:49.294136,725731,1609507382936036,4982905669,-0.07808,-0.730048,-0.862784,4.36625,5.1275,-2.00375,26.848001,21.032001,-16.880001,none,8,3.0,33499.0,195125.0,76507.0,203868.0,78907.0
2026-04-14 18:04:49.331096,725742,1609507382950674,4982921073,-0.050752,-0.745664,-0.796416,2.96625,5.3025,-1.2425,26.448002,20.76,-16.84,none,8,3.0,33365.0,195977.0,76243.0,204834.0,78598.0
2026-04-14 18:04:49.334045,725743,1609507382959655,4982929771,-0.050752,-0.745664,-0.796416,3.115,6.1425,-1.70625,26.448002,20.76,-16.84,none,8,3.0,33365.0,195977.0,76243.0,204834.0,78598.0
2026-04-14 18:04:49.336388,725744,1609507382974228,4982942664,-0.025376,-0.737856,-0.833504,4.71625,6.37875,-1.9425,25.744001,21.304,-16.216002,none,8,3.0,33365.0,195977.0,76243.0,204834.0,78598.0
2026-04-14 18:04:49.341580,725745,1609507382983529,4982953466,-0.013664,-0.687104,-0.679296,5.915,6.65,-2.14375,25.544,20.776001,-15.904,none,8,3.0,33365.0,195977.0,76243.0,204834.0,78598.0
2026-04-14 18:04:49.361613,725746,1609507382992482,4982962170,-0.013664,-0.687104,-0.679296,4.94375,6.46625,-3.24625,25.544,20.776001,-15.904,none,8,3.0,33365.0,195977.0,76243.0,204834.0,78598.0
2026-04-14 18:04:49.388217,725747,1609507383007057,4982977050,0.001952,-0.749568,-0.860832,1.95125,5.43375,-3.56125,25.560001,20.992,-16.768002,none,8,3.0,33365.0,195977.0,76243.0,204834.0,78598.0
2026-04-14 18:04:49.411563,725748,1609507383016093,4982985896,0.001952,-0.749568,-0.860832,1.46125,5.46,-3.52625,25.560001,20.992,-16.768002,none,8,3.0,33365.0,195977.0,76243.0,204834.0,78598.0
2026-04-14 18:04:49.436420,725749,1609507383030573,4983000824,0.015616,-0.76128,-0.853024,2.56375,4.655,-3.43875,26.536001,20.424002,-16.640001,none,8,3.0,33365.0,195977.0,76243.0,204834.0,78598.0
2026-04-14 18:04:49.479824,725760,1609507383039498,4983009470,0.015616,-0.76128,-0.853024,1.37375,4.06,-2.4675,26.536001,20.424002,-16.640001,none,8,3.0,33232.0,196581.0,76040.0,205512.0,78346.0
2026-04-14 18:04:49.481600,725761,1609507383054051,4983024384,0.017568,-0.72224,-0.620736,0.56875,3.84125,-2.31,26.408,20.76,-15.392001,none,8,3.0,33232.0,196581.0,76040.0,205512.0,78346.0
2026-04-14 18:04:49.483293,725762,1609507383063076,4983033083,0.031232,-0.733952,-0.794464,0.34125,2.905,-2.1875,26.384,20.424002,-16.400002,none,8,3.0,33232.0,196581.0,76040.0,205512.0,78346.0
2026-04-14 18:04:49.486398,725763,1609507383072047,4983041888,0.031232,-0.733952,-0.794464,-0.34125,1.67125,-1.53125,26.384,20.424002,-16.400002,none,8,3.0,33232.0,196581.0,76040.0,205512.0,78346.0
2026-04-14 18:04:49.488861,725764,1609507383086758,4983056807,0.021472,-0.708576,-0.6344,-2.38,-0.21875,-1.75,26.816002,20.808,-17.056002,none,8,3.0,33232.0,196581.0,76040.0,205512.0,78346.0
2026-04-14 18:04:49.491356,725765,1609507383095713,4983065504,0.021472,-0.708576,-0.6344,-5.43375,-1.96,-1.6275,26.816002,20.808,-17.056002,none,8,3.0,33232.0,196581.0,76040.0,205512.0,78346.0
2026-04-14 18:04:49.493860,725766,1609507383110206,4983080503,0.066368,-0.747616,-0.745664,-6.37875,-3.1325,-1.63625,26.312002,20.792002,-17.008001,none,8,3.0,33232.0,196581.0,76040.0,205512.0,78346.0
2026-04-14 18:04:49.496412,725767,1609507383119136,4983089236,0.066368,-0.747616,-0.745664,-6.2475,-4.3925,-1.2775,26.312002,20.792002,-17.008001,none,8,3.0,33232.0,196581.0,76040.0,205512.0,78346.0
2026-04-14 18:04:49.498862,725768,1609507383128084,4983097927,-0.01952,-0.724192,-0.671488,-6.50125,-4.69,-0.98,26.480001,20.456001,-16.688002,none,8,3.0,33232.0,196581.0,76040.0,205512.0,78346.0
2026-04-14 18:04:49.526434,725779,1609507383143109,4983112923,-0.03904,-0.710528,-0.757376,-5.285,-3.85,-0.44625,26.696001,20.504002,-17.768002,none,8,3.0,33098.0,197052.0,75845.0,206025.0,78112.0
2026-04-14 18:04:49.529027,725780,1609507383152128,4983121680,-0.03904,-0.710528,-0.757376,-3.535,-3.89375,0.1575,26.696001,20.504002,-17.768002,none,8,3.0,33098.0,197052.0,75845.0,206025.0,78112.0
2026-04-14 18:04:49.533975,725781,1609507383166834,4983136646,-0.042944,-0.718336,-0.788608,-3.28125,-4.4975,0.37625,26.416,21.312,-16.04,none,8,3.0,33098.0,197052.0,75845.0,206025.0,78112.0
2026-04-14 18:04:49.536567,725782,1609507383175956,4983145392,-0.042944,-0.718336,-0.788608,-4.85625,-4.38375,0.72625,26.416,21.312,-16.04,none,8,3.0,33098.0,197052.0,75845.0,206025.0,78112.0
2026-04-14 18:04:49.542348,725783,1609507383184979,4983154087,0.00976,-0.732,-0.655872,-5.71375,-3.29875,0.95375,25.944002,20.992,-15.816001,none,8,3.0,33098.0,197052.0,75845.0,206025.0,78112.0
2026-04-14 18:04:49.557758,725784,1609507383199451,4983168995,0.00976,-0.732,-0.655872,-4.45375,-2.6425,1.81125,25.944002,20.992,-15.816001,none,8,3.0,33098.0,197052.0,75845.0,206025.0,78112.0
2026-04-14 18:04:49.568467,725785,1609507383208387,4983177717,-0.0488,-0.704672,-0.821792,-2.24875,-3.10625,3.0975,26.192001,20.28,-16.936,none,8,3.0,33098.0,197052.0,75845.0,206025.0,78112.0
2026-04-14 18:04:49.580086,725786,1609507383222932,4983192668,-0.040992,-0.730048,-0.774944,-2.44125,-3.185,3.6575,26.544,20.592001,-14.848001,none,8,3.0,33098.0,197052.0,75845.0,206025.0,78112.0
2026-04-14 18:04:49.591449,725787,1609507383231923,4983201374,-0.040992,-0.730048,-0.774944,-4.31375,-3.4475,4.2525,26.544,20.592001,-14.848001,none,8,3.0,33098.0,197052.0,75845.0,206025.0,78112.0
2026-04-14 18:04:49.626108,725798,1609507383246572,4983216553,-0.033184,-0.710528,-0.659776,-4.29625,-2.5375,4.54125,26.52,20.296001,-16.2,none,8,3.0,33115.0,197099.0,75843.0,206103.0,78128.0
2026-04-14 18:04:49.628597,725799,1609507383255574,4983225364,-0.033184,-0.710528,-0.659776,-2.9575,-1.0675,4.38375,26.52,20.296001,-16.2,none,8,3.0,33115.0,197099.0,75843.0,206103.0,78128.0
2026-04-14 18:04:49.631223,725800,1609507383264568,4983234074,0.001952,-0.71248,-0.776896,-0.4725,-0.67375,4.47125,25.36,20.216002,-14.784,none,8,3.0,33115.0,197099.0,75843.0,206103.0,78128.0
2026-04-14 18:04:49.640209,725801,1609507383279083,4983249009,0.001952,-0.71248,-0.776896,-0.7525,-1.67125,5.0575,25.36,20.216002,-14.784,none,8,3.0,33115.0,197099.0,75843.0,206103.0,78128.0
2026-04-14 18:04:49.646537,725802,1609507383288085,4983257715,0.037088,-0.749568,-0.706624,-3.52625,-2.47625,4.57625,25.976002,19.976002,-16.776001,none,8,3.0,33115.0,197099.0,75843.0,206103.0,78128.0
2026-04-14 18:04:49.660298,725803,1609507383302579,4983272705,0.037088,-0.749568,-0.6344,-3.8675,-2.4325,4.2175,25.976002,19.976002,-16.776001,none,8,3.0,33115.0,197099.0,75843.0,206103.0,78128.0
2026-04-14 18:04:49.670471,725804,1609507383311511,4983281396,0.042944,-0.733952,-0.6344,-2.0825,-1.86375,3.68375,27.152,19.888,-17.216002,none,8,3.0,33115.0,197099.0,75843.0,206103.0,78128.0
2026-04-14 18:04:49.680067,725805,1609507383320453,4983290146,0.042944,-0.733952,-0.6344,-0.79625,-1.54,3.45625,27.152,19.888,-17.216002,none,8,3.0,33115.0,197099.0,75843.0,206103.0,78128.0
2026-04-14 18:04:49.693899,725806,1609507383335019,4983305073,0.015616,-0.732,-0.64416,0.0,-1.1375,3.03625,26.960001,19.824001,-16.424002,none,8,3.0,33115.0,197099.0,75843.0,206103.0,78128.0
2026-04-14 18:04:49.773134,725817,1609507383344649,4983313864,0.060512,-0.778848,-0.774944,0.51625,-0.7,2.1525,26.064001,20.344002,-15.128,none,8,3.0,33006.0,197890.0,75682.0,206938.0,77910.0
2026-04-14 18:04:49.780268,725818,1609507383359263,4983328855,0.060512,-0.778848,-0.774944,0.06125,0.21875,1.155,26.064001,20.344002,-15.128,none,8,3.0,33006.0,197890.0,75682.0,206938.0,77910.0
2026-04-14 18:04:49.789294,725819,1609507383368185,4983337573,0.0976,-0.792512,-0.724192,-0.88375,1.18125,0.65625,26.336,20.144001,-15.760001,none,8,3.0,33006.0,197890.0,75682.0,206938.0,77910.0
2026-04-14 18:04:49.789575,725820,1609507383377105,4983346262,0.0976,-0.792512,-0.724192,-1.225,1.96875,-0.1925,26.336,20.144001,-15.760001,none,8,3.0,33006.0,197890.0,75682.0,206938.0,77910.0
2026-04-14 18:04:49.789760,725821,1609507383391606,4983361295,-0.013664,-0.74176,-0.694912,-1.67125,3.80625,-0.72625,25.800001,20.12,-16.768002,none,8,3.0,33006.0,197890.0,75682.0,206938.0,77910.0
2026-04-14 18:04:49.790885,725822,1609507383400474,4983369987,-0.013664,-0.74176,-0.694912,-1.1725,4.80375,-1.3475,25.800001,20.12,-16.768002,none,8,3.0,33006.0,197890.0,75682.0,206938.0,77910.0
2026-04-14 18:04:49.790963,725823,1609507383414991,4983384992,0.0488,-0.786656,-0.77104,-1.00625,4.8125,-1.855,26.584002,19.856,-16.856,none,8,3.0,33006.0,197890.0,75682.0,206938.0,77910.0
2026-04-14 18:04:49.791018,725824,1609507383423966,4983393741,0.0,-0.739808,-0.769088,-0.49,4.76875,-1.96,28.632002,19.968,-17.104,none,8,3.0,33006.0,197890.0,75682.0,206938.0,77910.0
2026-04-14 18:04:49.797378,725825,1609507383438499,4983408608,0.0,-0.739808,-0.769088,-0.77,4.73375,-3.045,26.752,19.968,-17.104,none,8,3.0,33006.0,197890.0,75682.0,206938.0,77910.0
2026-04-14 18:04:49.824984,725836,1609507383447734,4983417682,0.027328,-0.757376,-0.6832,-1.89875,5.04,-3.17625,26.648,20.432001,-15.720001,none,8,3.0,33086.0,197763.0,75790.0,206730.0,78034.0
2026-04-14 18:04:49.827717,725837,1609507383456834,4983426428,0.027328,-0.757376,-0.6832,-4.1475,6.09875,-4.1475,26.648,20.432001,-15.720001,none,8,3.0,33086.0,197763.0,75790.0,206730.0,78034.0
2026-04-14 18:04:49.829822,725838,1609507383471365,4983441326,0.037088,-0.743712,-0.626592,-3.8675,7.83125,-4.69875,25.168001,20.712002,-14.920001,none,8,3.0,33086.0,197763.0,75790.0,206730.0,78034.0
2026-04-14 18:04:49.841579,725839,1609507383480322,4983450130,0.037088,-0.743712,-0.626592,-2.415,8.47875,-4.8825,25.168001,20.712002,-14.920001,none,8,3.0,33086.0,197763.0,75790.0,206730.0,78034.0
2026-04-14 18:04:49.856247,725840,1609507383494840,4983465043,-0.03904,-0.698816,-0.70272,-1.82875,8.715,-5.27625,26.712002,20.304,-16.800001,none,8,3.0,33086.0,197763.0,75790.0,206730.0,78034.0
2026-04-14 18:04:49.870777,725841,1609507383503860,4983473739,-0.03904,-0.698816,-0.603168,-2.72125,7.49875,-5.18875,26.712002,20.304,-16.800001,none,8,3.0,33086.0,197763.0,75790.0,206730.0,78034.0
2026-04-14 18:04:49.872424,725842,1609507383512790,4983482420,0.07808,-0.753472,-0.603168,-6.23,5.7575,-5.6175,26.728,20.248001,-19.504002,none,8,3.0,33086.0,197763.0,75790.0,206730.0,78034.0
2026-04-14 18:04:49.886388,725843,1609507383527363,4983497355,0.015616,-0.757376,-0.767136,-6.04625,5.32875,-4.48875,26.904001,20.416,-16.92,none,8,3.0,33086.0,197763.0,75790.0,206730.0,78034.0
2026-04-14 18:04:49.893551,725844,1609507383536314,4983506072,0.015616,-0.757376,-0.767136,-6.36125,5.6875,-5.0575,26.904001,20.416,-16.92,none,8,3.0,33086.0,197763.0,75790.0,206730.0,78034.0
2026-04-14 18:04:49.923470,725855,1609507383550881,4983520987,0.095648,-0.76128,-0.679296,-5.46875,6.86875,-4.47125,26.28,20.488,-15.832001,none,8,3.0,33400.0,196103.0,76267.0,204818.0,78625.0
2026-04-14 18:04:49.926559,725856,1609507383559824,4983529984,0.095648,-0.76128,-0.679296,-3.9025,7.63875,-4.3575,26.28,20.488,-15.832001,none,8,3.0,33400.0,196103.0,76267.0,204818.0,78625.0
2026-04-14 18:04:49.932806,725857,1609507383574491,4983542904,-0.0488,-0.677344,-0.778848,-2.6425,7.35875,-4.34,25.736002,20.624,-16.320002,none,8,3.0,33400.0,196103.0,76267.0,204818.0,78625.0
2026-04-14 18:04:49.946085,725858,1609507383583850,4983553725,-0.0488,-0.677344,-0.778848,-2.2225,6.0375,-4.40125,25.736002,20.624,-16.320002,none,8,3.0,33400.0,196103.0,76267.0,204818.0,78625.0
2026-04-14 18:04:49.953087,725859,1609507383592787,4983562395,-0.035136,-0.691008,-0.837408,-4.06,3.4125,-4.62,26.456001,20.080002,-17.512001,none,8,3.0,33400.0,196103.0,76267.0,204818.0,78625.0
2026-04-14 18:04:49.968220,725860,1609507383607430,4983577314,-0.015616,-0.696864,-0.681248,-7.14875,2.05625,-4.515,26.672,20.128,-17.408,none,8,3.0,33400.0,196103.0,76267.0,204818.0,78625.0
2026-04-14 18:04:49.974830,725861,1609507383616529,4983586031,-0.015616,-0.696864,-0.681248,-9.40625,0.455,-5.81,26.672,20.128,-17.408,none,8,3.0,33400.0,196103.0,76267.0,204818.0,78625.0
2026-04-14 18:04:49.991403,725862,1609507383630983,4983600933,0.066368,-0.700768,-0.609024,-9.40625,-1.39125,-5.3025,26.472002,20.248001,-17.584002,none,8,3.0,33400.0,196103.0,76267.0,204818.0,78625.0
2026-04-14 18:04:49.998840,725863,1609507383639903,4983609610,0.066368,-0.700768,-0.609024,-8.88125,-1.365,-4.725,26.472002,20.248001,-17.584002,none,8,3.0,33400.0,196103.0,76267.0,204818.0,78625.0
2026-04-14 18:04:50.058402,725874,1609507383649025,4983618397,0.05856,-0.75152,-0.75152,-8.67125,-1.42625,-5.355,26.416,20.312,-17.344002,none,8,3.0,33628.0,194337.0,76632.0,203000.0,79036.0
2026-04-14 18:04:50.061471,725875,1609507383663539,4983633320,0.05856,-0.75152,-0.75152,-9.80875,-3.21125,-5.4425,26.416,20.312,-17.344002,none,8,3.0,33628.0,194337.0,76632.0,203000.0,79036.0
2026-04-14 18:04:50.063883,725876,1609507383672479,4983642009,-0.015616,-0.698816,-0.74176,-9.03,-3.36,-4.15625,24.832,20.792002,-15.664001,none,8,3.0,33628.0,194337.0,76632.0,203000.0,79036.0
2026-04-14 18:04:50.066413,725877,1609507383687011,4983656971,-0.027328,-0.70272,-0.856928,-7.035,-2.28375,-4.33125,24.864,20.472,-15.744,none,8,3.0,33628.0,194337.0,76632.0,203000.0,79036.0
2026-04-14 18:04:50.068969,725878,1609507383695968,4983665664,-0.027328,-0.70272,-0.856928,-5.57375,-1.5925,-4.48,24.864,20.472,-15.744,none,8,3.0,33628.0,194337.0,76632.0,203000.0,79036.0
2026-04-14 18:04:50.074930,725879,1609507383710612,4983680592,-0.06832,-0.671488,-0.804224,-4.71625,-0.35875,-4.41875,25.336,20.744001,-16.272001,none,8,3.0,33628.0,194337.0,76632.0,203000.0,79036.0
2026-04-14 18:04:50.078552,725880,1609507383719708,4983689274,-0.06832,-0.671488,-0.804224,-4.13,0.11375,-4.55875,25.336,20.744001,-16.272001,none,8,3.0,33628.0,194337.0,76632.0,203000.0,79036.0
2026-04-14 18:04:50.106509,725881,1609507383728850,4983698024,0.0488,-0.70272,-0.651968,-3.38625,-0.53375,-3.91125,26.560001,20.072,-16.800001,none,8,3.0,33628.0,194337.0,76632.0,203000.0,79036.0
2026-04-14 18:04:50.175880,725892,1609507383743351,4983713120,0.0488,-0.70272,-0.651968,-2.9225,-1.42625,-3.675,26.560001,20.072,-16.800001,none,8,3.0,33730.0,193682.0,76828.0,202356.0,79251.0
2026-04-14 18:04:50.178857,725893,1609507383752269,4983721823,0.052704,-0.698816,-0.6344,-2.59875,-1.60125,-3.43,25.640001,20.448002,-16.640001,none,8,3.0,33730.0,193682.0,76828.0,202356.0,79251.0
2026-04-14 18:04:50.181420,725894,1609507383766794,4983736874,-0.00976,-0.724192,-0.831552,-1.70625,-2.21375,-2.80875,25.408,20.728,-18.088001,none,8,3.0,33730.0,193682.0,76828.0,202356.0,79251.0
2026-04-14 18:04:50.183902,725895,1609507383775740,4983745567,-0.00976,-0.724192,-0.831552,-1.365,-2.835,-2.82625,25.408,20.728,-18.088001,none,8,3.0,33730.0,193682.0,76828.0,202356.0,79251.0
2026-04-14 18:04:50.186538,725896,1609507383784810,4983754243,-0.00976,-0.724192,-0.831552,-0.37625,-3.00125,-1.89,25.408,20.728,-18.088001,none,8,3.0,33730.0,193682.0,76828.0,202356.0,79251.0
2026-04-14 18:04:50.188451,725897,1609507383799328,4983769173,0.056608,-0.689056,-0.61488,0.9275,-2.96625,-2.7475,26.016,20.176,-17.608002,none,8,3.0,33730.0,193682.0,76828.0,202356.0,79251.0
2026-04-14 18:04:50.191542,725898,1609507383808350,4983777894,0.089792,-0.726144,-0.706624,1.49625,-3.6925,-2.73875,26.472002,20.248001,-17.576,none,8,3.0,33730.0,193682.0,76828.0,202356.0,79251.0
2026-04-14 18:04:50.196524,725899,1609507383822895,4983792845,0.089792,-0.726144,-0.706624,-0.1925,-3.98125,-3.24625,26.472002,20.248001,-17.576,none,8,3.0,33730.0,193682.0,76828.0,202356.0,79251.0
2026-04-14 18:04:50.199001,725900,1609507383831838,4983801567,0.015616,-0.706624,-0.646112,-1.855,-4.34875,-3.59625,26.728,20.016,-17.808,none,8,3.0,33730.0,193682.0,76828.0,202356.0,79251.0
2026-04-14 18:04:50.232727,725911,1609507383846458,4983816602,0.031232,-0.700768,-0.64416,-0.4375,-5.36375,-2.40625,26.728,20.016,-17.808,none,8,3.0,33556.0,194444.0,76522.0,203178.0,78919.0
2026-04-14 18:04:50.238643,725912,1609507383855526,4983825375,0.03904,-0.700768,-0.64416,2.17,-6.195,-1.70625,26.680002,19.952002,-17.344002,none,8,3.0,33556.0,194444.0,76522.0,203178.0,78919.0
2026-04-14 18:04:50.239057,725913,1609507383864584,4983834124,0.03904,-0.700768,-0.64416,1.58375,-6.965,-1.365,26.680002,19.952002,-17.344002,none,8,3.0,33556.0,194444.0,76522.0,203178.0,78919.0
2026-04-14 18:04:50.239665,725914,1609507383879134,4983849094,0.044896,-0.753472,-0.880352,0.385,-8.54,-0.875,25.04,20.896002,-14.984001,none,8,3.0,33556.0,194444.0,76522.0,203178.0,78919.0
2026-04-14 18:04:50.246522,725915,1609507383888180,4983857806,0.052704,-0.763232,-0.86864,-0.86625,-8.5925,-1.28625,25.376001,20.576,-19.04,none,8,3.0,33556.0,194444.0,76522.0,203178.0,78919.0
2026-04-14 18:04:50.261399,725916,1609507383902659,4983872708,0.052704,-0.763232,-0.86864,-1.26,-7.8925,-0.84,25.376001,20.576,-19.04,none,8,3.0,33556.0,194444.0,76522.0,203178.0,78919.0
2026-04-14 18:04:50.270095,725917,1609507383911636,4983881452,0.08784,-0.757376,-0.74176,-0.455,-7.0175,-0.90125,26.712002,20.160002,-17.368,none,8,3.0,33556.0,194444.0,76522.0,203178.0,78919.0
2026-04-14 18:04:50.278867,725918,1609507383920598,4983890182,0.08784,-0.757376,-0.74176,-2.35375,-6.86875,-2.19625,26.712002,20.160002,-17.368,none,8,3.0,33556.0,194444.0,76522.0,203178.0,78919.0
2026-04-14 18:04:50.294005,725919,1609507383935112,4983905089,0.05856,-0.76128,-0.821792,-3.84125,-6.74625,-1.82,26.760002,20.344002,-16.448,none,8,3.0,33556.0,194444.0,76522.0,203178.0,78919.0
2026-04-14 18:04:50.332519,725930,1609507383944066,4983914219,0.05856,-0.76128,-0.821792,-3.01875,-6.51,-2.21375,26.760002,20.344002,-16.448,none,8,3.0,33588.0,194101.0,76557.0,202786.0,78976.0
2026-04-14 18:04:50.333355,725931,1609507383958684,4983927175,0.015616,-0.710528,-0.786656,-2.7125,-6.685,-2.45875,26.624,20.504002,-17.08,none,8,3.0,33588.0,194101.0,76557.0,202786.0,78976.0
2026-04-14 18:04:50.335885,725932,1609507383968015,4983937925,-0.066368,-0.70272,-0.755424,-2.89625,-6.97375,-2.905,25.808,20.504002,-13.480001,none,8,3.0,33588.0,194101.0,76557.0,202786.0,78976.0
2026-04-14 18:04:50.338509,725933,1609507383977042,4983946637,-0.066368,-0.70272,-0.755424,-4.90875,-7.11375,-3.70125,25.808,20.504002,-13.480001,none,8,3.0,33588.0,194101.0,76557.0,202786.0,78976.0
2026-04-14 18:04:50.351134,725934,1609507383991567,4983961567,-0.05856,-0.714432,-0.83936,-5.1975,-6.79875,-3.99,26.080002,20.592001,-15.744,none,8,3.0,33588.0,194101.0,76557.0,202786.0,78976.0
2026-04-14 18:04:50.358463,725935,1609507384000688,4983970288,-0.05856,-0.714432,-0.83936,-4.45375,-6.3525,-4.1125,26.080002,20.592001,-15.744,none,8,3.0,33588.0,194101.0,76557.0,202786.0,78976.0
2026-04-14 18:04:50.374855,725936,1609507384015398,4983985217,-0.074176,-0.687104,-0.874496,-2.35375,-5.7575,-3.87625,25.656002,20.768002,-15.296001,none,8,3.0,33588.0,194101.0,76557.0,202786.0,78976.0
2026-04-14 18:04:50.387881,725937,1609507384024343,4983993933,-0.074176,-0.687104,-0.874496,-2.94875,-5.20625,-4.655,25.656002,20.768002,-15.296001,none,8,3.0,33588.0,194101.0,76557.0,202786.0,78976.0
2026-04-14 18:04:50.398683,725938,1609507384038939,4984008861,0.025376,-0.79056,-0.882304,-5.66125,-5.6,-4.61125,26.984001,20.52,-15.68,none,8,3.0,33588.0,194101.0,76557.0,202786.0,78976.0
2026-04-14 18:04:50.432843,725949,1609507384048427,4984017854,0.06832,-0.772992,-0.798368,-5.2675,-3.75375,-3.1325,24.968,20.960001,-14.864,none,8,3.0,33554.0,194069.0,76507.0,202678.0,78914.0
2026-04-14 18:04:50.432958,725950,1609507384057463,4984026594,0.06832,-0.772992,-0.798368,-1.46125,0.18375,-4.01625,24.968,20.960001,-14.864,none,8,3.0,33554.0,194069.0,76507.0,202678.0,78914.0
2026-04-14 18:04:50.438508,725951,1609507384072109,4984041697,-0.007808,-0.694912,-0.66368,2.49375,2.89625,-4.41,26.848001,20.584002,-17.128,none,8,3.0,33554.0,194069.0,76507.0,202678.0,78914.0
2026-04-14 18:04:50.448003,725952,1609507384081058,4984050389,-0.007808,-0.694912,-0.66368,3.2025,5.22375,-4.2875,26.848001,20.584002,-17.128,none,8,3.0,33554.0,194069.0,76507.0,202678.0,78914.0
2026-04-14 18:04:50.449330,725953,1609507384090094,4984059162,0.02928,-0.77104,-0.782752,2.72125,6.7725,-4.73375,26.888,20.224,-17.184,none,8,3.0,33554.0,194069.0,76507.0,202678.0,78914.0
2026-04-14 18:04:50.479835,725954,1609507384104594,4984074072,0.02928,-0.77104,-0.782752,3.17625,7.9275,-4.445,26.888,20.224,-17.184,none,8,3.0,33554.0,194069.0,76507.0,202678.0,78914.0
2026-04-14 18:04:50.482395,725955,1609507384113507,4984082763,0.017568,-0.708576,-0.62464,5.13625,7.81375,-4.27,26.616001,20.112001,-16.912,none,8,3.0,33554.0,194069.0,76507.0,202678.0,78914.0
2026-04-14 18:04:50.507457,725956,1609507384128092,4984097743,0.017568,-0.749568,-0.733952,6.5625,8.74125,-4.5325,26.616001,20.112001,-16.912,none,8,3.0,33554.0,194069.0,76507.0,202678.0,78914.0
2026-04-14 18:04:50.512418,725957,1609507384137010,4984106450,0.074176,-0.749568,-0.733952,6.0025,9.09125,-5.8625,26.488,20.880001,-16.896,none,8,3.0,33554.0,194069.0,76507.0,202678.0,78914.0
2026-04-14 18:04:50.542219,725968,1609507384151739,4984121634,0.060512,-0.72224,-0.659776,5.92375,9.695,-6.08125,25.856,20.832,-15.840001,none,8,3.0,33523.0,194217.0,76453.0,202908.0,78838.0
2026-04-14 18:04:50.544660,725969,1609507384160898,4984130391,0.060512,-0.72224,-0.659776,5.565,10.80625,-7.07,25.856,20.832,-15.840001,none,8,3.0,33523.0,194217.0,76453.0,202908.0,78838.0
2026-04-14 18:04:50.547243,725970,1609507384170231,4984139108,-0.001952,-0.710528,-0.794464,5.38125,10.63125,-7.21875,25.504002,20.984001,-16.376001,none,8,3.0,33523.0,194217.0,76453.0,202908.0,78838.0
2026-04-14 18:04:50.549714,725971,1609507384184834,4984154148,-0.001952,-0.710528,-0.794464,3.045,10.33375,-7.245,25.504002,20.984001,-16.376001,none,8,3.0,33523.0,194217.0,76453.0,202908.0,78838.0
2026-04-14 18:04:50.552140,725972,1609507384193773,4984162901,0.027328,-0.757376,-0.8296,0.0175,9.91375,-6.9825,25.456001,20.92,-16.032001,none,8,3.0,33523.0,194217.0,76453.0,202908.0,78838.0
2026-04-14 18:04:50.564807,725973,1609507384208415,4984177856,0.027328,-0.757376,-0.847168,-2.44125,8.68,-6.86875,25.456001,20.92,-16.032001,none,8,3.0,33523.0,194217.0,76453.0,202908.0,78838.0
2026-04-14 18:04:50.576224,725974,1609507384217347,4984186661,0.054656,-0.757376,-0.847168,-2.66,8.89875,-5.92375,26.344002,20.912,-16.632,none,8,3.0,33523.0,194217.0,76453.0,202908.0,78838.0
2026-04-14 18:04:50.583699,725975,1609507384226472,4984195351,0.054656,-0.757376,-0.847168,-2.47625,8.82,-6.51,26.344002,20.912,-16.632,none,8,3.0,33523.0,194217.0,76453.0,202908.0,78838.0
2026-04-14 18:04:50.598700,725976,1609507384241068,4984210255,-0.023424,-0.694912,-0.802272,-2.44125,9.24,-6.08125,25.656002,20.976002,-15.920001,none,8,3.0,33523.0,194217.0,76453.0,202908.0,78838.0
2026-04-14 18:04:50.630155,725987,1609507384250815,4984220999,0.052704,-0.733952,-0.812032,-1.74125,8.6975,-5.31125,25.920002,20.616001,-17.112001,none,8,3.0,33610.0,193670.0,76614.0,202331.0,79022.0
2026-04-14 18:04:50.632648,725988,1609507384265377,4984233898,0.052704,-0.733952,-0.812032,-3.185,8.2425,-4.725,25.920002,20.616001,-17.112001,none,8,3.0,33610.0,193670.0,76614.0,202331.0,79022.0
2026-04-14 18:04:50.634676,725989,1609507384274739,4984244713,-0.003904,-0.696864,-0.798368,-3.9025,7.79625,-4.305,24.52,20.864,-16.584002,none,8,3.0,33610.0,193670.0,76614.0,202331.0,79022.0
2026-04-14 18:04:50.667760,725990,1609507384283687,4984253406,-0.003904,-0.696864,-0.798368,-2.66,6.58875,-3.045,24.52,20.864,-16.584002,none,8,3.0,33610.0,193670.0,76614.0,202331.0,79022.0
2026-04-14 18:04:50.670233,725991,1609507384298181,4984268316,0.10736,-0.757376,-0.696864,-1.82875,4.68125,-2.14375,26.064001,20.504002,-17.52,none,8,3.0,33610.0,193670.0,76614.0,202331.0,79022.0
2026-04-14 18:04:50.672765,725992,1609507384307107,4984277000,0.10736,-0.757376,-0.696864,-4.3225,3.45625,-1.61,26.064001,20.504002,-17.52,none,8,3.0,33610.0,193670.0,76614.0,202331.0,79022.0
2026-04-14 18:04:50.685272,725993,1609507384321619,4984291895,0.140544,-0.769088,-0.642208,-4.3575,3.91125,-1.09375,25.096,21.264002,-17.304,none,8,3.0,33610.0,193670.0,76614.0,202331.0,79022.0
2026-04-14 18:04:50.689033,725994,1609507384330721,4984300619,0.091744,-0.728096,-0.75152,-1.33875,4.2525,-0.90125,26.272001,20.496,-18.2,none,8,3.0,33610.0,193670.0,76614.0,202331.0,79022.0
2026-04-14 18:04:50.697760,725995,1609507384340273,4984309361,0.091744,-0.728096,-0.75152,2.73,4.55875,-0.9975,26.272001,20.496,-18.2,none,8,3.0,33610.0,193670.0,76614.0,202331.0,79022.0
2026-04-14 18:04:50.730156,726006,1609507384355151,4984324312,0.044896,-0.696864,-0.6344,3.9025,4.43625,-0.7175,25.912,20.880001,-17.6,none,8,3.0,33782.0,192880.0,76894.0,201471.0,79363.0
2026-04-14 18:04:50.735214,726007,1609507384364135,4984333056,0.044896,-0.696864,-0.6344,0.84,4.17375,-0.21,25.912,20.880001,-17.6,none,8,3.0,33782.0,192880.0,76894.0,201471.0,79363.0
2026-04-14 18:04:50.737690,726008,1609507384373151,4984341772,0.070272,-0.720288,-0.56608,0.09625,3.87625,-0.27125,26.064001,20.720001,-17.296001,none,8,3.0,33782.0,192880.0,76894.0,201471.0,79363.0
2026-04-14 18:04:50.747793,726009,1609507384387936,4984356701,0.070272,-0.720288,-0.56608,1.74125,2.47625,0.805,26.064001,20.720001,-17.296001,none,8,3.0,33782.0,192880.0,76894.0,201471.0,79363.0
2026-04-14 18:04:50.755281,726010,1609507384397338,4984367592,0.05856,-0.733952,-0.786656,2.94,2.17,2.07375,25.864,20.328001,-17.392,none,8,3.0,33782.0,192880.0,76894.0,201471.0,79363.0
2026-04-14 18:04:50.770282,726011,1609507384411854,4984380425,0.02928,-0.71248,-0.65392,4.025,1.88125,2.45875,25.976002,20.92,-16.608002,none,8,3.0,33782.0,192880.0,76894.0,201471.0,79363.0
2026-04-14 18:04:50.781217,726012,1609507384421253,4984391194,0.02928,-0.71248,-0.65392,2.42375,0.175,2.94,25.976002,20.92,-16.608002,none,8,3.0,33782.0,192880.0,76894.0,201471.0,79363.0
2026-04-14 18:04:50.791591,726013,1609507384430394,4984399875,0.091744,-0.757376,-0.6832,0.3325,-1.02375,3.3775,25.976002,21.112001,-15.488001,none,8,3.0,33782.0,192880.0,76894.0,201471.0,79363.0
2026-04-14 18:04:50.802218,726014,1609507384444930,4984414865,0.083936,-0.757376,-0.6832,0.00875,-2.1875,3.1675,24.840002,21.112001,-15.488001,none,8,3.0,33782.0,192880.0,76894.0,201471.0,79363.0
2026-04-14 18:04:50.874744,726025,1609507384454009,4984423616,0.02928,-0.739808,-0.76128,-0.0525,-2.87875,2.8175,25.952002,20.6,-17.728,none,8,3.0,33913.0,192607.0,77139.0,201111.0,79640.0
2026-04-14 18:04:50.877183,726026,1609507384468559,4984438541,0.02928,-0.739808,-0.76128,-2.23125,-2.94875,2.31,25.952002,20.6,-17.728,none,8,3.0,33913.0,192607.0,77139.0,201111.0,79640.0
2026-04-14 18:04:50.880247,726027,1609507384477522,4984447258,0.08784,-0.774944,-0.755424,-4.445,-3.78875,2.0825,26.344002,20.656,-17.36,none,8,3.0,33913.0,192607.0,77139.0,201111.0,79640.0
2026-04-14 18:04:50.882777,726028,1609507384486464,4984455956,0.08784,-0.774944,-0.755424,-4.64625,-4.9875,2.21375,26.344002,20.656,-17.36,none,8,3.0,33913.0,192607.0,77139.0,201111.0,79640.0
2026-04-14 18:04:50.885209,726029,1609507384500973,4984470847,0.042944,-0.732,-0.691008,-5.66125,-5.92375,2.0825,26.560001,20.608002,-17.432001,none,8,3.0,33913.0,192607.0,77139.0,201111.0,79640.0
2026-04-14 18:04:50.887753,726030,1609507384509913,4984479536,0.042944,-0.732,-0.691008,-7.09625,-6.6325,1.86375,26.560001,20.608002,-17.432001,none,8,3.0,33913.0,192607.0,77139.0,201111.0,79640.0
2026-04-14 18:04:50.893680,726031,1609507384524444,4984494519,0.0488,-0.808128,-0.876448,-9.03,-7.035,1.0325,26.344002,20.608002,-15.336,none,8,3.0,33913.0,192607.0,77139.0,201111.0,79640.0
2026-04-14 18:04:50.902049,726032,1609507384533372,4984503346,0.085888,-0.798368,-0.812032,-8.2775,-5.7925,1.26875,25.736002,20.384,-16.304,none,8,3.0,33913.0,192607.0,77139.0,201111.0,79640.0
2026-04-14 18:04:50.933533,726044,1609507384548042,4984518275,0.085888,-0.798368,-0.812032,-5.36375,-3.50875,-0.09625,25.736002,20.384,-16.304,none,8,3.0,33953.0,192309.0,77196.0,200754.0,79690.0
2026-04-14 18:04:50.936220,726045,1609507384557181,4984527018,0.076128,-0.739808,-0.739808,-1.82,-2.0125,-0.4025,26.12,19.944,-17.336,none,8,3.0,33953.0,192309.0,77196.0,200754.0,79690.0
2026-04-14 18:04:50.938679,726046,1609507384566176,4984535788,0.076128,-0.739808,-0.739808,-1.75,-1.89,-0.665,26.12,19.944,-17.336,none,8,3.0,33953.0,192309.0,77196.0,200754.0,79690.0
2026-04-14 18:04:50.941291,726047,1609507384580876,4984550732,0.07808,-0.765184,-0.679296,-3.78,-0.98,-1.37375,26.384,20.472,-17.36,none,8,3.0,33953.0,192309.0,77196.0,200754.0,79690.0
2026-04-14 18:04:50.948944,726048,1609507384590033,4984559477,0.07808,-0.765184,-0.679296,-2.3975,-0.11375,-2.17875,26.384,20.472,-17.36,none,8,3.0,33953.0,192309.0,77196.0,200754.0,79690.0
2026-04-14 18:04:50.962431,726049,1609507384604624,4984574458,0.01952,-0.732,-0.7808,2.66875,0.20125,-1.81125,26.408,20.304,-16.480001,none,8,3.0,33953.0,192309.0,77196.0,200754.0,79690.0
2026-04-14 18:04:50.971275,726050,1609507384613572,4984583162,-0.033184,-0.661728,-0.706624,6.23,0.63,-1.86375,25.264002,20.896002,-15.264001,none,8,3.0,33953.0,192309.0,77196.0,200754.0,79690.0
2026-04-14 18:04:50.983722,726051,1609507384622540,4984591851,-0.033184,-0.661728,-0.706624,7.315,0.5075,-2.59,25.264002,20.896002,-15.264001,none,8,3.0,33953.0,192309.0,77196.0,200754.0,79690.0
2026-04-14 18:04:50.995980,726052,1609507384637030,4984606784,0.066368,-0.776896,-0.632448,3.57875,-0.44625,-3.745,26.584002,20.232,-17.376001,none,8,3.0,33953.0,192309.0,77196.0,200754.0,79690.0
2026-04-14 18:04:51.003591,726053,1609507384645943,4984615469,0.066368,-0.776896,-0.632448,2.2225,0.2625,-3.605,26.584002,20.232,-17.376001,none,8,3.0,33953.0,192309.0,77196.0,200754.0,79690.0
2026-04-14 18:04:51.032461,726064,1609507384660625,4984630709,0.162016,-0.884256,-0.650016,3.4475,2.0475,-4.73375,26.536001,20.52,-17.504002,none,8,3.0,33994.0,193087.0,77225.0,201368.0,79777.0
2026-04-14 18:04:51.034892,726065,1609507384669572,4984639442,0.162016,-0.884256,-0.650016,7.84875,4.12125,-5.71375,26.536001,20.52,-17.504002,none,8,3.0,33994.0,193087.0,77225.0,201368.0,79777.0
2026-04-14 18:04:51.039962,726066,1609507384684116,4984652488,0.152256,-0.880352,-0.794464,10.99,7.62125,-5.9675,25.760002,21.000002,-16.744001,none,8,3.0,33994.0,193087.0,77225.0,201368.0,79777.0
2026-04-14 18:04:51.052517,726067,1609507384693317,4984663244,0.076128,-0.905728,-0.98576,5.2325,10.0275,-11.20875,26.6,20.312,-17.488,none,8,3.0,33994.0,193087.0,77225.0,201368.0,79777.0
2026-04-14 18:04:51.061270,726068,1609507384702371,4984671991,0.076128,-0.905728,-0.98576,-0.97125,9.24875,-13.895,26.6,20.312,-17.488,none,8,3.0,33994.0,193087.0,77225.0,201368.0,79777.0
2026-04-14 18:04:51.077548,726069,1609507384716912,4984686967,0.206912,-1.069696,-0.8296,-6.04625,7.97125,-18.375,26.016,21.272001,-16.536001,none,8,3.0,33994.0,193087.0,77225.0,201368.0,79777.0
2026-04-14 18:04:51.084940,726070,1609507384725857,4984695669,0.206912,-1.069696,-0.8296,-11.97875,8.44375,-25.3225,26.016,21.272001,-16.536001,none,8,3.0,33994.0,193087.0,77225.0,201368.0,79777.0
2026-04-14 18:04:51.099903,726071,1609507384740473,4984710567,0.363072,-1.040416,-0.880352,-6.6675,13.69375,-26.90625,25.088001,21.800001,-16.800001,none,8,3.0,33994.0,193087.0,77225.0,201368.0,79777.0
2026-04-14 18:04:51.134983,726082,1609507384749607,4984719371,0.363072,-1.040416,-0.880352,-0.315,22.960001,-32.45375,25.088001,21.800001,-16.800001,none,8,3.0,35152.0,195562.0,79302.0,203358.0,82074.0
2026-04-14 18:04:51.137377,726083,1609507384759029,4984728185,0.191296,-1.022848,-1.130208,2.625,31.4475,-40.635,25.248001,21.328001,-18.088001,none,8,3.0,35152.0,195562.0,79302.0,203358.0,82074.0
2026-04-14 18:04:51.139992,726084,1609507384773727,4984743113,0.17568,-0.989664,-1.036512,4.235,38.91125,-47.8625,24.648,22.216002,-18.312,none,8,3.0,35152.0,195562.0,79302.0,203358.0,82074.0
2026-04-14 18:04:51.142296,726085,1609507384782694,4984751806,0.17568,-0.989664,-1.036512,6.99125,47.41625,-54.06625,24.648,22.216002,-18.312,none,8,3.0,35152.0,195562.0,79302.0,203358.0,82074.0
2026-04-14 18:04:51.154969,726086,1609507384797201,4984766752,0.251808,-0.899872,-0.804224,10.43875,55.30875,-60.48875,24.000002,22.52,-18.384,none,8,3.0,35152.0,195562.0,79302.0,203358.0,82074.0
2026-04-14 18:04:51.164968,726087,1609507384806114,4984775443,0.251808,-0.899872,-0.804224,18.54125,63.315,-65.72125,24.000002,22.52,-18.384,none,8,3.0,35152.0,195562.0,79302.0,203358.0,82074.0
2026-04-14 18:04:51.172380,726088,1609507384815102,4984784130,0.179584,-0.882304,-0.950624,26.20625,71.1725,-71.89,22.896002,23.536001,-18.904001,none,8,3.0,35152.0,195562.0,79302.0,203358.0,82074.0
2026-04-14 18:04:51.208477,726089,1609507384829600,4984799037,0.179584,-0.882304,-0.950624,29.86375,77.1225,-78.00625,22.896002,23.536001,-18.904001,none,8,3.0,35152.0,195562.0,79302.0,203358.0,82074.0
2026-04-14 18:04:51.234027,726090,1609507384838563,4984807767,0.218624,-0.892064,-0.732,33.7225,83.2475,-81.13,21.424002,23.976002,-18.784,none,8,3.0,35152.0,195562.0,79302.0,203358.0,82074.0
2026-04-14 18:04:51.268568,726101,1609507384853220,4984822682,0.232288,-0.93696,-0.823744,38.61375,89.62625,-83.92125,19.376001,25.008001,-17.84,none,8,3.0,36690.0,211773.0,82265.0,218204.0,85206.0
2026-04-14 18:04:51.271432,726102,1609507384862192,4984831361,0.232288,-0.93696,-0.823744,45.29875,94.61375,-85.6275,19.648,25.008001,-17.84,none,8,3.0,36690.0,211773.0,82265.0,218204.0,85206.0
2026-04-14 18:04:51.275563,726103,1609507384871129,4984840102,0.232288,-0.93696,-0.823744,52.94625,99.77625,-86.695,19.648,25.008001,-17.84,none,8,3.0,36690.0,211773.0,82265.0,218204.0,85206.0
2026-04-14 18:04:51.275756,726104,1609507384885746,4984855036,0.325984,-0.931104,-0.872544,60.025,104.39625,-88.20875,18.76,26.232,-20.584002,none,8,3.0,36690.0,211773.0,82265.0,218204.0,85206.0
2026-04-14 18:04:51.278362,726105,1609507384894785,4984863876,0.427488,-0.784704,-0.749568,57.5225,107.17,-91.49875,17.320002,26.840002,-19.768002,none,8,3.0,36690.0,211773.0,82265.0,218204.0,85206.0
2026-04-14 18:04:51.281427,726106,1609507384909459,4984878840,0.427488,-0.784704,-0.749568,51.09125,109.6375,-94.03625,17.320002,26.840002,-19.768002,none,8,3.0,36690.0,211773.0,82265.0,218204.0,85206.0
2026-04-14 18:04:51.308661,726107,1609507384918587,4984887652,0.515328,-0.817888,-0.607072,41.88625,113.365,-97.60625,15.968,27.664001,-18.776001,none,8,3.0,36690.0,211773.0,82265.0,218204.0,85206.0
2026-04-14 18:04:51.311922,726108,1609507384933154,4984902664,0.515328,-0.864736,-0.743712,34.06375,118.90375,-102.89125,15.968,27.664001,-18.776001,none,8,3.0,36690.0,211773.0,82265.0,218204.0,85206.0
2026-04-14 18:04:51.313689,726109,1609507384942187,4984911358,0.450912,-0.860832,-0.743712,30.8525,128.02126,-103.67,14.488001,27.768002,-20.328001,none,8,3.0,36690.0,211773.0,82265.0,218204.0,85206.0
2026-04-14 18:04:51.346541,726120,1609507384951640,4984920056,0.450912,-0.860832,-0.743712,26.01375,134.75,-104.95625,14.488001,27.768002,-20.328001,none,8,3.0,38889.0,226536.0,86532.0,227856.0,89860.0
2026-04-14 18:04:51.348541,726121,1609507384966540,4984935043,0.49776,-0.821792,-0.81008,21.035,137.9875,-105.35,13.432001,28.720001,-22.344002,none,8,3.0,38889.0,226536.0,86532.0,227856.0,89860.0
2026-04-14 18:04:51.351277,726122,1609507384976008,4984945807,0.50752,-0.636352,-0.685152,15.93375,141.155,-105.5775,11.704,28.944002,-20.912,none,8,3.0,38889.0,226536.0,86532.0,227856.0,89860.0
2026-04-14 18:04:51.354019,726123,1609507384984984,4984954597,0.50752,-0.636352,-0.685152,7.91875,143.6225,-108.12375,11.704,28.944002,-20.912,none,8,3.0,38889.0,226536.0,86532.0,227856.0,89860.0
2026-04-14 18:04:51.357958,726124,1609507384999520,4984969536,0.515328,-0.577792,-0.735904,0.4025,146.81625,-109.655,9.688001,29.224,-21.208,none,8,3.0,38889.0,226536.0,86532.0,227856.0,89860.0
2026-04-14 18:04:51.367617,726125,1609507385008494,4984978214,0.515328,-0.577792,-0.735904,-13.74625,149.45876,-112.2625,9.688001,29.224,-21.208,none,8,3.0,38889.0,226536.0,86532.0,227856.0,89860.0
2026-04-14 18:04:51.382762,726126,1609507385023153,4984993064,0.64416,-0.710528,-0.558272,-26.43375,152.50375,-113.505,6.920001,29.784002,-21.696001,none,8,3.0,38889.0,226536.0,86532.0,227856.0,89860.0
2026-04-14 18:04:51.390241,726127,1609507385032336,4985001763,0.64416,-0.710528,-0.558272,-30.135,159.775,-111.37875,6.920001,29.784002,-21.696001,none,8,3.0,38889.0,226536.0,86532.0,227856.0,89860.0
2026-04-14 18:04:51.400266,726128,1609507385041326,4985010461,0.52704,-0.597312,-0.521184,-22.42625,164.7975,-107.86125,5.472,29.808,-19.688002,none,8,3.0,38889.0,226536.0,86532.0,227856.0,89860.0
2026-04-14 18:04:51.436508,726139,1609507385056046,4985025398,0.484096,-0.368928,-0.294752,-6.86,167.22125,-107.00375,3.696,29.704,-21.68,none,8,3.0,79975.0,290709.0,159142.0,280378.0,170194.0
2026-04-14 18:04:51.439027,726140,1609507385065025,4985034212,0.484096,-0.368928,-0.294752,6.0725,166.38126,-106.32125,3.696,29.704,-21.68,none,8,3.0,79975.0,290709.0,159142.0,280378.0,170194.0
2026-04-14 18:04:51.441383,726141,1609507385079746,4985049174,0.36112,-0.203008,-0.386496,0.11375,163.07375,-108.395004,1.256,29.560001,-22.128,none,8,3.0,79975.0,290709.0,159142.0,280378.0,170194.0
2026-04-14 18:04:51.446564,726142,1609507385088704,4985057864,0.36112,-0.203008,-0.386496,-9.89625,163.30125,-107.5725,1.256,29.560001,-22.128,none,8,3.0,79975.0,290709.0,159142.0,280378.0,170194.0
2026-04-14 18:04:51.466606,726143,1609507385097638,4985066548,0.3904,-0.296704,-0.187392,-31.9025,161.6825,-109.20875,-0.728,29.792002,-21.816002,none,8,3.0,79975.0,290709.0,159142.0,280378.0,170194.0
2026-04-14 18:04:51.473453,726144,1609507385112180,4985081651,0.3904,-0.296704,-0.187392,-50.47875,159.3375,-107.79125,-0.728,29.792002,-21.816002,none,8,3.0,79975.0,290709.0,159142.0,280378.0,170194.0
2026-04-14 18:04:51.479789,726145,1609507385121104,4985090349,0.277184,-0.376736,-0.284992,-44.205,158.2175,-96.3025,-3.552,29.608002,-22.776001,none,8,3.0,79975.0,290709.0,159142.0,280378.0,170194.0
2026-04-14 18:04:51.495222,726146,1609507385135618,4985105233,0.355264,-0.484096,-0.28304,-38.91125,154.1225,-84.51625,-4.28,28.872002,-23.496,none,8,3.0,79975.0,290709.0,159142.0,280378.0,170194.0
2026-04-14 18:04:51.506538,726147,1609507385144552,4985113942,0.355264,-0.484096,-0.28304,-40.0925,153.53625,-74.40125,-4.28,28.872002,-23.496,none,8,3.0,79975.0,290709.0,159142.0,280378.0,170194.0
2026-04-14 18:04:51.536548,726158,1609507385159064,4985129430,0.368928,-0.1952,0.191296,-43.35625,152.06625,-69.97375,-6.76,29.432001,-22.016,none,8,3.0,187833.0,323803.0,284946.0,309998.0,287088.0
2026-04-14 18:04:51.539028,726159,1609507385168062,4985138167,0.368928,-0.1952,0.191296,-33.29375,149.12625,-64.75875,-6.76,29.432001,-22.016,none,8,3.0,187833.0,323803.0,284946.0,309998.0,287088.0
2026-04-14 18:04:51.541640,726160,1609507385177001,4985146885,0.210816,0.083936,0.0,-7.06125,144.55875,-50.18125,-7.784,28.992,-22.152,none,8,3.0,187833.0,323803.0,284946.0,309998.0,287088.0
2026-04-14 18:04:51.547770,726161,1609507385191544,4985159929,0.210816,0.083936,0.0,-17.710001,134.32124,-51.065,-7.784,28.992,-22.152,none,8,3.0,187833.0,323803.0,284946.0,309998.0,287088.0
2026-04-14 18:04:51.576084,726162,1609507385200923,4985170753,0.037088,-0.193248,-0.070272,-40.15375,119.4375,-49.88375,-8.392,28.160002,-23.192001,none,8,3.0,187833.0,323803.0,284946.0,309998.0,287088.0
2026-04-14 18:04:51.601527,726163,1609507385215454,4985185692,0.267424,-0.599264,-0.298656,-47.9325,101.26375,-33.83625,-8.392,28.208002,-22.272001,none,8,3.0,187833.0,323803.0,284946.0,309998.0,287088.0
2026-04-14 18:04:51.603994,726164,1609507385224390,4985194424,0.267424,-0.599264,-0.298656,-39.4625,82.6875,-10.47375,-9.976001,28.208002,-22.272001,none,8,3.0,187833.0,323803.0,284946.0,309998.0,287088.0
2026-04-14 18:04:51.616515,726165,1609507385238892,4985207279,0.245952,-0.60512,-0.197152,-36.3125,68.565,6.4925,-9.752001,28.176,-22.344002,none,8,3.0,187833.0,323803.0,284946.0,309998.0,287088.0
2026-04-14 18:04:51.619024,726166,1609507385248084,4985218021,0.245952,-0.60512,-0.197152,-43.75875,56.6475,20.79,-9.752001,28.176,-22.344002,none,8,3.0,187833.0,323803.0,284946.0,309998.0,287088.0
2026-04-14 18:04:51.650556,726177,1609507385257193,4985226750,0.324032,0.111264,0.236192,-25.7775,43.4875,37.0475,-9.208,28.264002,-22.12,none,8,3.0,191017.0,326106.0,289743.0,312002.0,290402.0
2026-04-14 18:04:51.652408,726178,1609507385271732,4985241839,0.324032,0.111264,0.236192,-9.975,33.285,47.43375,-9.208,28.264002,-22.12,none,8,3.0,191017.0,326106.0,289743.0,312002.0,290402.0
2026-04-14 18:04:51.653789,726179,1609507385280686,4985250573,0.601216,-0.247904,0.023424,-4.59375,26.678751,57.56625,-8.792001,28.304,-22.400002,none,8,3.0,191017.0,326106.0,289743.0,312002.0,290402.0
2026-04-14 18:04:51.657085,726180,1609507385295204,4985265503,0.601216,-0.247904,-0.50752,-23.09125,26.6525,61.32875,-8.792001,28.304,-22.400002,none,8,3.0,191017.0,326106.0,289743.0,312002.0,290402.0
2026-04-14 18:04:51.664592,726181,1609507385304234,4985274198,0.772992,-1.077504,-0.511424,-69.39625,26.10125,69.545,-8.016001,27.952002,-23.312,none,8,3.0,191017.0,326106.0,289743.0,312002.0,290402.0
2026-04-14 18:04:51.672637,726182,1609507385313282,4985282904,0.772992,-1.077504,-0.511424,-72.70375,15.61875,80.73625,-8.016001,27.952002,-23.312,none,8,3.0,191017.0,326106.0,289743.0,312002.0,290402.0
2026-04-14 18:04:51.684825,726183,1609507385327775,4985297807,1.022848,-0.035136,-0.060512,-4.17375,13.3875,73.80625,-6.896,27.624,-23.856,none,8,3.0,191017.0,326106.0,289743.0,312002.0,290402.0
2026-04-14 18:04:51.695255,726184,1609507385336741,4985306562,0.892064,-0.08784,-0.091744,20.685,21.84,48.405,-6.912,27.728,-25.696001,none,8,3.0,191017.0,326106.0,289743.0,312002.0,290402.0
2026-04-14 18:04:51.710232,726185,1609507385351261,4985321485,0.892064,-0.08784,-0.091744,-10.605001,27.2125,32.445,-6.912,27.728,-25.696001,none,8,3.0,191017.0,326106.0,289743.0,312002.0,290402.0
2026-04-14 18:04:51.745241,726196,1609507385360304,4985330263,0.655872,-0.650016,-0.257664,-54.8975,35.4375,28.2625,-6.712,27.304,-23.816002,none,8,3.0,188639.0,334697.0,287760.0,320326.0,287470.0
2026-04-14 18:04:51.745341,726197,1609507385369273,4985339005,0.655872,-0.650016,-0.257664,-67.3575,39.92625,29.1725,-6.712,27.304,-23.816002,none,8,3.0,188639.0,334697.0,287760.0,320326.0,287470.0
2026-04-14 18:04:51.746156,726198,1609507385383776,4985353906,0.560224,-0.71248,-0.0976,-44.23125,40.53,28.9625,-7.912,28.000002,-22.128,none,8,3.0,188639.0,334697.0,287760.0,320326.0,287470.0
2026-04-14 18:04:51.749823,726199,1609507385392872,4985362630,0.560224,-0.71248,-0.0976,-16.68625,38.50875,31.82375,-7.912,28.000002,-22.128,none,8,3.0,188639.0,334697.0,287760.0,320326.0,287470.0
2026-04-14 18:04:51.767391,726200,1609507385407311,4985377513,0.49776,-0.661728,-0.28304,1.30375,36.04125,36.26875,-6.736001,27.608002,-24.408,none,8,3.0,188639.0,334697.0,287760.0,320326.0,287470.0
2026-04-14 18:04:51.774752,726201,1609507385416228,4985386191,0.49776,-0.661728,-0.013664,12.52125,34.08125,36.015,-6.736001,27.608002,-24.408,none,8,3.0,188639.0,334697.0,287760.0,320326.0,287470.0
2026-04-14 18:04:51.791322,726202,1609507385430809,4985401066,0.411872,-0.482144,-0.013664,31.84125,34.06375,36.225,-7.736001,28.632002,-23.824001,none,8,3.0,188639.0,334697.0,287760.0,320326.0,287470.0
2026-04-14 18:04:51.797461,726203,1609507385439763,4985409773,0.304512,-0.279136,-0.033184,63.98,33.73125,36.53125,-6.552001,28.728,-23.104002,none,8,3.0,188639.0,334697.0,287760.0,320326.0,287470.0
2026-04-14 18:04:51.808644,726204,1609507385448782,4985418468,0.304512,-0.279136,-0.033184,82.6875,35.14875,32.375,-6.552001,28.728,-23.104002,none,8,3.0,188639.0,334697.0,287760.0,320326.0,287470.0
2026-04-14 18:04:51.836186,726215,1609507385463560,4985433422,0.238144,-0.320128,-0.021472,78.277504,35.58625,32.43625,-6.376,29.624,-21.424002,none,8,3.0,167836.0,344542.0,264010.0,329573.0,267899.0
2026-04-14 18:04:51.838585,726216,1609507385472525,4985442256,0.238144,-0.320128,-0.021472,70.6125,34.83375,33.64375,-6.376,29.624,-21.424002,none,8,3.0,167836.0,344542.0,264010.0,329573.0,267899.0
2026-04-14 18:04:51.844991,726217,1609507385487213,4985457196,0.290848,-0.36112,0.066368,75.495,34.23875,33.38125,-6.36,30.496002,-20.664001,none,8,3.0,167836.0,344542.0,264010.0,329573.0,267899.0
2026-04-14 18:04:51.854991,726218,1609507385496147,4985465912,0.290848,-0.36112,0.066368,83.51,32.935,33.11,-6.36,30.496002,-20.664001,none,8,3.0,167836.0,344542.0,264010.0,329573.0,267899.0
2026-04-14 18:04:51.863742,726219,1609507385505250,4985474796,0.2928,-0.374784,0.150304,82.69625,32.27,35.7875,-6.536,31.152002,-21.584002,none,8,3.0,167836.0,344542.0,264010.0,329573.0,267899.0
2026-04-14 18:04:51.878739,726220,1609507385519742,4985489690,0.318176,-0.423584,-0.040992,75.6,31.325,39.0775,-5.336,31.12,-20.240002,none,8,3.0,167836.0,344542.0,264010.0,329573.0,267899.0
2026-04-14 18:04:51.887553,726221,1609507385528678,4985498381,0.318176,-0.423584,-0.040992,68.8275,27.58,38.0275,-5.336,31.12,-20.240002,none,8,3.0,167836.0,344542.0,264010.0,329573.0,267899.0
2026-04-14 18:04:51.901125,726222,1609507385543233,4985513213,0.35136,-0.25376,0.308416,79.89625,21.32375,38.08875,-5.136,31.720001,-19.432001,none,8,3.0,167836.0,344542.0,264010.0,329573.0,267899.0
2026-04-14 18:04:51.911259,726223,1609507385552193,4985521934,0.35136,-0.25376,0.308416,95.655,13.83375,34.23,-5.136,31.720001,-19.432001,none,8,3.0,167836.0,344542.0,264010.0,329573.0,267899.0
2026-04-14 18:04:52.015930,726234,1609507385566770,4985537064,0.345504,-0.244,0.503616,102.71625,10.43875,28.53375,-4.912,32.432003,-17.240002,none,8,3.0,165481.0,350590.0,262461.0,336092.0,267071.0
2026-04-14 18:04:52.019745,726235,1609507385575724,4985545771,0.345504,-0.244,0.503616,96.60875,11.4625,27.93,-4.912,32.432003,-17.240002,none,8,3.0,165481.0,350590.0,262461.0,336092.0,267071.0
2026-04-14 18:04:52.029354,726236,1609507385584666,4985554473,0.427488,-0.329888,0.347456,89.48625,14.02625,26.27625,-6.12,33.392002,-15.160001,none,8,3.0,165481.0,350590.0,262461.0,336092.0,267071.0
2026-04-14 18:04:52.033926,726237,1609507385599165,4985569381,0.44896,-0.257664,0.456768,95.0425,13.64125,19.88875,-6.512,34.048,-16.936,none,8,3.0,165481.0,350590.0,262461.0,336092.0,267071.0
2026-04-14 18:04:52.034579,726238,1609507385608080,4985578059,0.44896,-0.257664,0.456768,95.13,8.35625,8.19,-6.512,34.048,-16.936,none,8,3.0,165481.0,350590.0,262461.0,336092.0,267071.0
2026-04-14 18:04:52.035316,726239,1609507385622724,4985593064,0.49776,-0.314272,0.569984,82.15375,-0.81375,-1.6275,-5.728,33.992,-14.976001,none,8,3.0,165481.0,350590.0,262461.0,336092.0,267071.0
2026-04-14 18:04:52.035458,726240,1609507385631666,4985601751,0.49776,-0.314272,0.569984,65.4675,-9.09125,-3.77125,-5.728,33.992,-14.976001,none,8,3.0,165481.0,350590.0,262461.0,336092.0,267071.0
2026-04-14 18:04:52.035552,726241,1609507385646193,4985614609,0.60512,-0.503616,0.413824,54.88,-15.4875,-0.385,-5.2,34.448,-13.76,none,8,3.0,165481.0,350590.0,262461.0,336092.0,267071.0
2026-04-14 18:04:52.064011,726252,1609507385655591,4985625930,0.60512,-0.503616,0.413824,57.041252,-19.8275,3.36,-5.2,34.448,-13.76,none,8,3.0,116680.0,339443.0,203718.0,327460.0,210510.0
2026-04-14 18:04:52.066511,726253,1609507385664701,4985634647,0.519232,-0.316224,0.384544,79.1,-16.63375,-6.405,-5.288,34.624,-12.944,none,8,3.0,116680.0,339443.0,203718.0,327460.0,210510.0
2026-04-14 18:04:52.068536,726254,1609507385679228,4985649601,0.542656,-0.300608,0.599264,101.71,-13.32625,-26.2675,-5.992,34.920002,-14.304001,none,8,3.0,116680.0,339443.0,203718.0,327460.0,210510.0
2026-04-14 18:04:52.071678,726255,1609507385688231,4985658296,0.542656,-0.300608,0.599264,111.055,-13.7725,-39.62875,-5.992,34.920002,-14.304001,none,8,3.0,116680.0,339443.0,203718.0,327460.0,210510.0
2026-04-14 18:04:52.074056,726256,1609507385702774,4985671184,0.71248,-0.679296,0.579744,95.06875,-13.37875,-48.1425,-6.456,34.744003,-12.744,none,8,3.0,116680.0,339443.0,203718.0,327460.0,210510.0
2026-04-14 18:04:52.075987,726257,1609507385712193,4985681989,0.71248,-0.679296,0.579744,60.576252,-10.64,-43.5925,-6.456,34.744003,-12.744,none,8,3.0,116680.0,339443.0,203718.0,327460.0,210510.0
2026-04-14 18:04:52.081530,726258,1609507385721274,4985690679,0.919392,-0.44896,0.308416,45.08875,-6.11625,-33.18,-5.992,34.600002,-11.68,none,8,3.0,116680.0,339443.0,203718.0,327460.0,210510.0
2026-04-14 18:04:52.094023,726259,1609507385735958,4985705606,0.919392,-0.44896,0.308416,61.145,4.1825,-43.12875,-5.992,34.600002,-11.68,none,8,3.0,116680.0,339443.0,203718.0,327460.0,210510.0
2026-04-14 18:04:52.102806,726260,1609507385744926,4985714320,0.905728,-0.099552,0.519232,86.0825,16.21375,-64.8375,-6.896,34.760002,-10.160001,none,8,3.0,116680.0,339443.0,203718.0,327460.0,210510.0
2026-04-14 18:04:52.137643,726271,1609507385759733,4985729265,0.989664,-0.700768,0.591456,93.93125,25.655,-85.02375,-9.416,35.04,-7.696001,none,8,3.0,81233.0,320088.0,160619.0,315278.0,166916.0
2026-04-14 18:04:52.140125,726272,1609507385768776,4985738093,0.989664,-0.700768,0.591456,88.996254,36.05875,-94.29875,-9.416,35.04,-7.696001,none,8,3.0,81233.0,320088.0,160619.0,315278.0,166916.0
2026-04-14 18:04:52.142215,726273,1609507385777767,4985746855,0.989664,-0.700768,0.591456,77.8575,45.31625,-83.90375,-9.416,35.04,-7.696001,none,8,3.0,81233.0,320088.0,160619.0,315278.0,166916.0
2026-04-14 18:04:52.151176,726274,1609507385792289,4985761768,1.069696,-0.81984,0.5856,65.3275,53.13,-68.53875,-10.872001,35.480003,-7.168,none,8,3.0,81233.0,320088.0,160619.0,315278.0,166916.0
2026-04-14 18:04:52.158540,726275,1609507385801310,4985770486,1.067744,-0.228384,0.456768,74.34875,60.87375,-68.31125,-10.664001,34.592003,-7.624001,none,8,3.0,81233.0,320088.0,160619.0,315278.0,166916.0
2026-04-14 18:04:52.174020,726276,1609507385815819,4985785374,1.067744,-0.228384,0.456768,105.04375,70.0875,-85.8025,-10.664001,34.592003,-7.624001,none,8,3.0,81233.0,320088.0,160619.0,315278.0,166916.0
2026-04-14 18:04:52.183554,726277,1609507385824756,4985794071,1.098976,-0.304512,0.642208,118.39625,79.152504,-97.83375,-11.704,34.04,-6.176,none,8,3.0,81233.0,320088.0,160619.0,315278.0,166916.0
2026-04-14 18:04:52.192275,726278,1609507385833692,4985802784,1.098976,-0.304512,0.642208,112.07,85.1375,-96.52125,-11.704,34.04,-6.176,none,8,3.0,81233.0,320088.0,160619.0,315278.0,166916.0
2026-04-14 18:04:52.204794,726279,1609507385848204,4985817687,1.048224,-0.49776,0.88816,104.58,87.42125,-87.80625,-12.784,33.744003,-4.064,none,8,3.0,81233.0,320088.0,160619.0,315278.0,166916.0
2026-04-14 18:04:52.239000,726290,1609507385857687,4985826441,1.048224,-0.49776,0.88816,99.26875,88.57625,-84.595,-12.784,33.744003,-4.064,none,8,3.0,127672.0,368716.0,217899.0,355150.0,224882.0
2026-04-14 18:04:52.241554,726291,1609507385872728,4985841586,1.048224,-0.199104,0.798368,93.40625,95.27,-82.01375,-14.432001,33.72,-3.0,none,8,3.0,127672.0,368716.0,217899.0,355150.0,224882.0
2026-04-14 18:04:52.243667,726292,1609507385882367,4985852384,0.997472,-0.095648,0.765184,86.555,102.655,-81.41,-15.752001,32.936,-1.0,none,8,3.0,127672.0,368716.0,217899.0,355150.0,224882.0
2026-04-14 18:04:52.250232,726293,1609507385891312,4985861139,0.997472,-0.095648,0.765184,85.4875,106.33875,-83.7375,-15.752001,32.936,-1.0,none,8,3.0,127672.0,368716.0,217899.0,355150.0,224882.0
2026-04-14 18:04:52.271589,726294,1609507385905875,4985876146,0.880352,-0.17568,0.938912,87.6575,105.42,-85.3475,-15.504001,32.248,-0.6,none,8,3.0,127672.0,368716.0,217899.0,355150.0,224882.0
2026-04-14 18:04:52.274053,726295,1609507385914811,4985884873,0.880352,-0.17568,0.938912,86.4325,105.6125,-85.12,-15.504001,32.248,-0.6,none,8,3.0,127672.0,368716.0,217899.0,355150.0,224882.0
2026-04-14 18:04:52.286562,726296,1609507385929284,4985897711,0.763232,-0.085888,0.812032,86.05625,107.49375,-81.64625,-17.192001,32.112003,1.952,none,8,3.0,127672.0,368716.0,217899.0,355150.0,224882.0
2026-04-14 18:04:52.312632,726297,1609507385938511,4985908493,0.763232,-0.085888,0.812032,86.61625,109.80375,-77.98875,-17.192001,32.112003,1.952,none,8,3.0,127672.0,368716.0,217899.0,355150.0,224882.0
2026-04-14 18:04:52.315118,726298,1609507385947603,4985917177,0.84912,0.066368,0.856928,84.83125,110.24125,-75.871254,-16.912,31.536001,4.792,none,8,3.0,127672.0,368716.0,217899.0,355150.0,224882.0
2026-04-14 18:04:52.362685,726309,1609507385962236,4985932455,0.691008,0.101504,1.013088,75.34625,108.14125,-73.4125,-17.480001,30.448002,3.56,none,8,3.0,140556.0,370344.0,231703.0,355574.0,236962.0
2026-04-14 18:04:52.365271,726310,1609507385971217,4985941145,0.691008,0.101504,1.013088,63.67375,105.53375,-69.90375,-17.480001,30.448002,3.56,none,8,3.0,140556.0,370344.0,231703.0,355574.0,236962.0
2026-04-14 18:04:52.367778,726311,1609507385985895,4985956050,0.648064,0.02928,0.876448,58.30125,104.2125,-66.5525,-18.088001,30.088001,4.464,none,8,3.0,140556.0,370344.0,231703.0,355574.0,236962.0
2026-04-14 18:04:52.370277,726312,1609507385995154,4985964817,0.648064,0.02928,0.876448,59.08,102.33125,-63.84875,-18.088001,30.088001,4.464,none,8,3.0,140556.0,370344.0,231703.0,355574.0,236962.0
2026-04-14 18:04:52.372254,726313,1609507386004203,4985973566,0.528992,0.216672,0.794464,60.45375,98.1575,-61.8625,-18.088001,29.296001,5.792,none,8,3.0,140556.0,370344.0,231703.0,355574.0,236962.0
2026-04-14 18:04:52.380274,726314,1609507386018753,4985988680,0.528992,0.216672,0.794464,57.3825,91.98,-61.36375,-18.088001,29.296001,5.792,none,8,3.0,140556.0,370344.0,231703.0,355574.0,236962.0
2026-04-14 18:04:52.387838,726315,1609507386027791,4985997407,0.513376,0.21472,0.94672,46.41,85.54875,-60.576252,-18.152,29.008001,5.904,none,8,3.0,140556.0,370344.0,231703.0,355574.0,236962.0
2026-04-14 18:04:52.401391,726316,1609507386042268,4986012290,0.462624,0.138592,0.774944,32.865,82.27625,-58.72125,-18.592001,28.320002,5.776001,none,8,3.0,140556.0,370344.0,231703.0,355574.0,236962.0
2026-04-14 18:04:52.408490,726317,1609507386051236,4986021030,0.462624,0.138592,0.774944,22.44375,81.08625,-58.2225,-18.592001,28.320002,5.776001,none,8,3.0,140556.0,370344.0,231703.0,355574.0,236962.0
2026-04-14 18:04:52.439043,726328,1609507386060851,4986030321,0.509472,0.11712,0.796416,17.185,81.6725,-57.8725,-18.592001,28.320002,7.536,none,8,3.0,111372.0,359297.0,196523.0,345846.0,202863.0
2026-04-14 18:04:52.441508,726329,1609507386075567,4986045269,0.499712,0.11712,0.796416,16.94,83.3,-58.353752,-19.080002,27.680002,7.536,none,8,3.0,111372.0,359297.0,196523.0,345846.0,202863.0
2026-04-14 18:04:52.444024,726330,1609507386084553,4986053990,0.460672,0.158112,0.90768,18.54125,84.25375,-59.71875,-20.288,28.056002,8.192,none,8,3.0,111372.0,359297.0,196523.0,345846.0,202863.0
2026-04-14 18:04:52.456550,726331,1609507386099051,4986068954,0.460672,0.158112,0.90768,18.71625,85.6975,-60.90875,-20.288,28.056002,8.192,none,8,3.0,111372.0,359297.0,196523.0,345846.0,202863.0
2026-04-14 18:04:52.466557,726332,1609507386108093,4986077642,0.489952,0.11712,0.99552,18.08625,87.33375,-60.94375,-18.936,27.000002,8.712001,none,8,3.0,111372.0,359297.0,196523.0,345846.0,202863.0
2026-04-14 18:04:52.479016,726333,1609507386117134,4986086328,0.489952,0.11712,0.99552,20.3175,89.3025,-58.0125,-18.936,27.000002,8.712001,none,8,3.0,111372.0,359297.0,196523.0,345846.0,202863.0
2026-04-14 18:04:52.489826,726334,1609507386131648,4986101215,0.421632,0.171776,0.977952,23.72125,91.5075,-53.66375,-19.224,26.776001,10.144,none,8,3.0,111372.0,359297.0,196523.0,345846.0,202863.0
2026-04-14 18:04:52.498722,726335,1609507386140623,4986109993,0.421632,0.171776,0.977952,27.57125,92.7325,-52.64875,-19.224,26.776001,10.144,none,8,3.0,111372.0,359297.0,196523.0,345846.0,202863.0
2026-04-14 18:04:52.513866,726336,1609507386155130,4986124975,0.324032,0.240096,0.935008,28.88375,93.96625,-54.38125,-19.800001,26.44,10.112,none,8,3.0,111372.0,359297.0,196523.0,345846.0,202863.0
2026-04-14 18:04:52.541608,726347,1609507386164162,4986133763,0.318176,0.189344,0.739808,28.06125,94.82375,-56.2275,-20.312,25.896002,11.688001,none,8,3.0,102379.0,353132.0,185618.0,340522.0,192476.0
2026-04-14 18:04:52.544013,726348,1609507386173145,4986142455,0.318176,0.189344,0.739808,24.36,95.41,-58.03875,-20.312,25.896002,11.688001,none,8,3.0,102379.0,353132.0,185618.0,340522.0,192476.0
2026-04-14 18:04:52.546441,726349,1609507386187686,4986157448,0.259616,0.177632,0.79056,22.3825,95.31375,-60.2,-18.800001,24.76,11.984,none,8,3.0,102379.0,353132.0,185618.0,340522.0,192476.0
2026-04-14 18:04:52.553587,726350,1609507386196742,4986166181,0.259616,0.177632,0.79056,24.9025,97.0025,-61.39,-18.800001,24.76,11.984,none,8,3.0,102379.0,353132.0,185618.0,340522.0,192476.0
2026-04-14 18:04:52.590189,726351,1609507386211231,4986181067,0.25376,0.163968,0.747616,29.4875,99.56625,-62.510002,-19.024,24.368002,13.288001,none,8,3.0,102379.0,353132.0,185618.0,340522.0,192476.0
2026-04-14 18:04:52.592323,726352,1609507386220175,4986189786,0.25376,0.163968,0.747616,34.92125,101.955,-63.90125,-19.024,24.368002,13.288001,none,8,3.0,102379.0,353132.0,185618.0,340522.0,192476.0
2026-04-14 18:04:52.594741,726353,1609507386234688,4986204731,0.11712,0.286944,0.81984,39.357502,102.34875,-66.9725,-20.048,23.608002,16.064001,none,8,3.0,102379.0,353132.0,185618.0,340522.0,192476.0
2026-04-14 18:04:52.601409,726354,1609507386243680,4986213456,0.201056,0.277184,0.845216,43.82875,103.41625,-70.88375,-19.928001,23.336,16.008001,none,8,3.0,102379.0,353132.0,185618.0,340522.0,192476.0
2026-04-14 18:04:52.612184,726355,1609507386252638,4986222142,0.201056,0.277184,0.845216,42.857502,106.085,-74.515,-19.928001,23.336,16.008001,none,8,3.0,102379.0,353132.0,185618.0,340522.0,192476.0
2026-04-14 18:04:52.641599,726366,1609507386267825,4986237598,0.05856,0.298656,0.726144,40.6875,107.23125,-76.265,-19.864,22.288,15.888001,none,8,3.0,113310.0,348345.0,199607.0,335541.0,207417.0
2026-04-14 18:04:52.643616,726367,1609507386276808,4986246315,0.05856,0.298656,0.726144,42.6475,106.89875,-76.7725,-19.864,22.288,15.888001,none,8,3.0,113310.0,348345.0,199607.0,335541.0,207417.0
2026-04-14 18:04:52.649022,726368,1609507386291289,4986261266,0.02928,0.366976,0.812032,45.50875,105.86625,-77.6825,-19.472,21.44,17.960001,none,8,3.0,113310.0,348345.0,199607.0,335541.0,207417.0
2026-04-14 18:04:52.683878,726369,1609507386300247,4986269977,0.02928,0.366976,0.812032,45.35125,106.75,-79.89625,-19.472,21.44,17.960001,none,8,3.0,113310.0,348345.0,199607.0,335541.0,207417.0
2026-04-14 18:04:52.686408,726370,1609507386309145,4986278694,-0.050752,0.374784,0.856928,42.49875,106.26,-81.34875,-18.184,19.960001,15.736001,none,8,3.0,113310.0,348345.0,199607.0,335541.0,207417.0
2026-04-14 18:04:52.688884,726371,1609507386323680,4986293577,-0.015616,0.318176,0.80032,44.05625,106.63625,-84.07,-17.864,19.016,18.536001,none,8,3.0,113310.0,348345.0,199607.0,335541.0,207417.0
2026-04-14 18:04:52.714303,726372,1609507386332603,4986302281,-0.015616,0.318176,0.80032,49.8925,106.86375,-85.63625,-17.864,19.016,18.536001,none,8,3.0,113310.0,348345.0,199607.0,335541.0,207417.0
2026-04-14 18:04:52.739044,726373,1609507386347238,4986317191,0.015616,0.36112,0.853024,58.94,106.225,-85.5575,-19.056002,18.68,21.752,none,8,3.0,113310.0,348345.0,199607.0,335541.0,207417.0
2026-04-14 18:04:52.741981,726374,1609507386356327,4986325889,0.015616,0.36112,0.853024,65.59875,104.0725,-85.365,-19.056002,18.68,21.752,none,8,3.0,113310.0,348345.0,199607.0,335541.0,207417.0
2026-04-14 18:04:52.774756,726385,1609507386370878,4986340827,-0.089792,0.472384,0.747616,66.2375,101.9375,-83.685,-19.048,17.216002,21.640001,none,8,3.0,128721.0,345083.0,217260.0,331336.0,224847.0
2026-04-14 18:04:52.777134,726386,1609507386379801,4986349509,-0.089792,0.472384,0.747616,60.1125,99.91625,-83.37,-19.048,17.216002,21.640001,none,8,3.0,128721.0,345083.0,217260.0,331336.0,224847.0
2026-04-14 18:04:52.779261,726387,1609507386388881,4986358260,-0.044896,0.435296,0.895968,54.5475,99.11125,-85.365,-17.776001,15.944001,22.552002,none,8,3.0,128721.0,345083.0,217260.0,331336.0,224847.0
2026-04-14 18:04:52.782334,726388,1609507386403462,4986373236,-0.138592,0.46848,0.938912,53.2525,100.63375,-86.2225,-16.92,14.936001,22.208,none,8,3.0,128721.0,345083.0,217260.0,331336.0,224847.0
2026-04-14 18:04:52.784503,726389,1609507386412417,4986381967,-0.138592,0.46848,0.938912,58.42375,101.246254,-86.0125,-16.92,14.936001,22.208,none,8,3.0,128721.0,345083.0,217260.0,331336.0,224847.0
2026-04-14 18:04:52.785955,726390,1609507386426988,4986396927,-0.210816,0.560224,0.860832,63.48125,99.0325,-84.98,-16.696001,13.608001,24.28,none,8,3.0,128721.0,345083.0,217260.0,331336.0,224847.0
2026-04-14 18:04:52.793932,726391,1609507386435931,4986405644,-0.210816,0.560224,0.860832,60.4625,96.8275,-82.25,-16.696001,13.608001,24.28,none,8,3.0,128721.0,345083.0,217260.0,331336.0,224847.0
2026-04-14 18:04:52.803918,726392,1609507386444906,4986414351,-0.244,0.552416,0.952576,52.605,95.62,-79.205,-16.376001,13.032001,22.832,none,8,3.0,128721.0,345083.0,217260.0,331336.0,224847.0
2026-04-14 18:04:52.841645,726403,1609507386459868,4986429261,-0.244,0.552416,0.952576,50.04125,94.22875,-77.58625,-16.376001,13.032001,22.832,none,8,3.0,122976.0,331618.0,209651.0,317816.0,217483.0
2026-04-14 18:04:52.844028,726404,1609507386469006,4986438039,-0.353312,0.52704,0.732,54.232502,92.44375,-78.11125,-15.000001,11.56,24.552002,none,8,3.0,122976.0,331618.0,209651.0,317816.0,217483.0
2026-04-14 18:04:52.846450,726405,1609507386483649,4986453105,-0.300608,0.626592,0.923296,57.4,92.295,-78.61,-15.000001,11.56,23.240002,none,8,3.0,122976.0,331618.0,209651.0,317816.0,217483.0
2026-04-14 18:04:52.852354,726406,1609507386492590,4986461837,-0.300608,0.626592,0.923296,57.855,89.80125,-76.22125,-14.248001,11.056001,23.240002,none,8,3.0,122976.0,331618.0,209651.0,317816.0,217483.0
2026-04-14 18:04:52.860953,726407,1609507386501560,4986470548,-0.300608,0.626592,0.923296,54.7225,85.6625,-74.3575,-14.248001,11.056001,23.240002,none,8,3.0,122976.0,331618.0,209651.0,317816.0,217483.0
2026-04-14 18:04:52.874840,726408,1609507386516061,4986485455,-0.406016,0.655872,0.753472,45.8325,80.84125,-73.4475,-13.576,9.856001,26.728,none,8,3.0,122976.0,331618.0,209651.0,317816.0,217483.0
2026-04-14 18:04:52.883429,726409,1609507386525078,4986494279,-0.423584,0.589504,0.851072,35.77875,76.39625,-71.58375,-14.320001,9.776,29.36,none,8,3.0,122976.0,331618.0,209651.0,317816.0,217483.0
2026-04-14 18:04:52.898357,726410,1609507386539572,4986509154,-0.423584,0.589504,0.851072,31.9725,74.8125,-69.58,-14.320001,9.776,29.36,none,8,3.0,122976.0,331618.0,209651.0,317816.0,217483.0
2026-04-14 18:04:52.905180,726411,1609507386548575,4986517889,-0.411872,0.571936,0.903776,35.02625,73.5,-67.4275,-13.008,8.176001,26.680002,none,8,3.0,122976.0,331618.0,209651.0,317816.0,217483.0
2026-04-14 18:04:52.941567,726422,1609507386563698,4986532986,-0.411872,0.571936,0.747616,40.83625,70.74375,-66.027504,-13.008,8.176001,26.680002,none,8,3.0,111125.0,319752.0,195377.0,306545.0,203223.0
2026-04-14 18:04:52.946118,726423,1609507386572701,4986541703,-0.503616,0.593408,0.735904,43.96875,67.64625,-63.4025,-11.432,7.488,28.264002,none,8,3.0,111125.0,319752.0,195377.0,306545.0,203223.0
2026-04-14 18:04:52.946490,726424,1609507386581733,4986550475,-0.503616,0.593408,0.735904,45.17625,65.52,-59.03625,-11.432,7.488,28.264002,none,8,3.0,111125.0,319752.0,195377.0,306545.0,203223.0
2026-04-14 18:04:52.953761,726425,1609507386596607,4986565467,-0.484096,0.640256,0.847168,43.6275,63.5075,-53.3925,-10.744,6.616,27.864002,none,8,3.0,111125.0,319752.0,195377.0,306545.0,203223.0
2026-04-14 18:04:52.962597,726426,1609507386605689,4986574168,-0.52704,0.667584,0.89792,39.71625,60.66375,-49.84875,-10.056001,6.336,28.904001,none,8,3.0,111125.0,319752.0,195377.0,306545.0,203223.0
2026-04-14 18:04:52.973880,726427,1609507386615212,4986584921,-0.52704,0.667584,0.89792,33.41625,57.9775,-47.285,-10.056001,6.336,28.904001,none,8,3.0,111125.0,319752.0,195377.0,306545.0,203223.0
2026-04-14 18:04:52.987748,726428,1609507386629708,4986599882,-0.573888,0.60512,0.763232,26.10125,56.74375,-45.19375,-9.64,5.896,28.344002,none,8,3.0,111125.0,319752.0,195377.0,306545.0,203223.0
2026-04-14 18:04:52.996491,726429,1609507386638641,4986608599,-0.573888,0.60512,0.763232,23.5725,54.53875,-44.77375,-9.64,5.896,28.344002,none,8,3.0,111125.0,319752.0,195377.0,306545.0,203223.0
2026-04-14 18:04:53.014020,726430,1609507386653140,4986621510,-0.597312,0.607072,0.661728,25.20875,51.0475,-43.925,-9.928,5.56,29.600002,none,8,3.0,111125.0,319752.0,195377.0,306545.0,203223.0
2026-04-14 18:04:53.085142,726441,1609507386662761,4986632373,-0.597312,0.607072,0.661728,26.32875,47.99375,-39.76875,-9.928,5.56,29.600002,none,8,3.0,109394.0,311683.0,193587.0,299142.0,201580.0
2026-04-14 18:04:53.087773,726442,1609507386671831,4986641207,-0.511424,0.622688,0.79056,23.135,44.2225,-37.1875,-8.72,5.408001,29.712002,none,8,3.0,109394.0,311683.0,193587.0,299142.0,201580.0
2026-04-14 18:04:53.090255,726443,1609507386686307,4986656112,-0.56608,0.583648,0.59536,16.17,41.326252,-36.09375,-8.0,4.664,31.296001,none,8,3.0,109394.0,311683.0,193587.0,299142.0,201580.0
2026-04-14 18:04:53.092721,726444,1609507386695268,4986664919,-0.56608,0.583648,0.59536,9.37125,38.2725,-33.9325,-8.0,4.664,31.296001,none,8,3.0,109394.0,311683.0,193587.0,299142.0,201580.0
2026-04-14 18:04:53.094831,726445,1609507386709805,4986679844,-0.62464,0.636352,0.79056,8.14625,35.65625,-32.6375,-7.648,4.28,29.552002,none,8,3.0,109394.0,311683.0,193587.0,299142.0,201580.0
2026-04-14 18:04:53.097728,726446,1609507386718740,4986688537,-0.62464,0.636352,0.79056,8.82875,33.73125,-31.80625,-7.648,4.28,29.552002,none,8,3.0,109394.0,311683.0,193587.0,299142.0,201580.0
2026-04-14 18:04:53.111189,726447,1609507386727813,4986697305,-0.700768,0.542656,0.544608,8.61,32.9525,-30.09125,-7.504,4.224,29.888,none,8,3.0,109394.0,311683.0,193587.0,299142.0,201580.0
2026-04-14 18:04:53.111543,726448,1609507386742420,4986712264,-0.700768,0.542656,0.544608,8.9425,33.0575,-28.866251,-7.504,4.224,29.888,none,8,3.0,109394.0,311683.0,193587.0,299142.0,201580.0
2026-04-14 18:04:53.111743,726449,1609507386751365,4986720939,-0.689056,0.55632,0.60512,9.44125,31.68375,-27.65875,-6.696,3.752,29.808,none,8,3.0,109394.0,311683.0,193587.0,299142.0,201580.0
2026-04-14 18:04:53.142079,726460,1609507386765989,4986736116,-0.698816,0.599264,0.632448,9.073751,30.5725,-25.96125,-6.312,3.904,30.504002,none,8,3.0,113446.0,309403.0,198651.0,297115.0,206708.0
2026-04-14 18:04:53.144707,726461,1609507386775012,4986744859,-0.698816,0.599264,0.632448,7.16625,31.3425,-24.21125,-6.312,3.904,30.504002,none,8,3.0,113446.0,309403.0,198651.0,297115.0,206708.0
2026-04-14 18:04:53.149847,726462,1609507386789588,4986759853,-0.747616,0.51728,0.454816,4.48875,32.1825,-23.625,-5.56,3.824,30.296001,none,8,3.0,113446.0,309403.0,198651.0,297115.0,206708.0
2026-04-14 18:04:53.157315,726463,1609507386798724,4986768642,-0.747616,0.51728,0.454816,2.72125,33.355,-23.5025,-5.56,3.824,30.296001,none,8,3.0,113446.0,309403.0,198651.0,297115.0,206708.0
2026-04-14 18:04:53.164828,726464,1609507386807744,4986777369,-0.765184,0.513376,0.450912,4.655,34.16875,-23.68625,-5.216,3.688,31.592001,none,8,3.0,113446.0,309403.0,198651.0,297115.0,206708.0
2026-04-14 18:04:53.181060,726465,1609507386822249,4986792289,-0.765184,0.513376,0.450912,4.795,33.13625,-23.31,-5.216,3.688,31.592001,none,8,3.0,113446.0,309403.0,198651.0,297115.0,206708.0
2026-04-14 18:04:53.189797,726466,1609507386831217,4986800980,-0.759328,0.472384,0.423584,2.4675,31.45625,-22.435,-5.536,3.288,30.232002,none,8,3.0,113446.0,309403.0,198651.0,297115.0,206708.0
2026-04-14 18:04:53.230426,726467,1609507386845717,4986815920,-0.759328,0.488,0.632448,-0.0175,30.70375,-23.23125,-5.536,3.288,30.232002,none,8,3.0,113446.0,309403.0,198651.0,297115.0,206708.0
2026-04-14 18:04:53.233836,726468,1609507386854656,4986824622,-0.679296,0.488,0.632448,2.07375,31.26375,-21.44625,-3.896,3.24,32.336002,none,8,3.0,113446.0,309403.0,198651.0,297115.0,206708.0
2026-04-14 18:04:53.259670,726479,1609507386864114,4986833451,-0.679296,0.488,0.632448,5.1275,32.305,-20.615,-3.896,3.24,32.336002,none,8,3.0,115424.0,308514.0,200789.0,295993.0,209034.0
2026-04-14 18:04:53.262133,726480,1609507386878629,4986848395,-0.749568,0.488,0.452864,7.8225,34.5975,-22.4525,-4.28,3.216,32.136,none,8,3.0,115424.0,308514.0,200789.0,295993.0,209034.0
2026-04-14 18:04:53.264849,726481,1609507386887592,4986857116,-0.794464,0.476288,0.421632,8.86375,35.945,-24.3775,-3.552,3.072,33.832,none,8,3.0,115424.0,308514.0,200789.0,295993.0,209034.0
2026-04-14 18:04:53.267435,726482,1609507386902137,4986872129,-0.794464,0.476288,0.421632,10.2375,36.6975,-25.55875,-3.552,3.072,33.832,none,8,3.0,115424.0,308514.0,200789.0,295993.0,209034.0
2026-04-14 18:04:53.269932,726483,1609507386911191,4986880814,-0.952576,0.50752,0.607072,11.305,35.72625,-28.14875,-3.936,2.832,33.352,none,8,3.0,115424.0,308514.0,200789.0,295993.0,209034.0
2026-04-14 18:04:53.277435,726484,1609507386920313,4986889573,-0.952576,0.50752,0.607072,15.25125,32.5675,-25.24375,-3.936,2.832,33.352,none,8,3.0,115424.0,308514.0,200789.0,295993.0,209034.0
2026-04-14 18:04:53.293751,726485,1609507386934746,4986904519,-0.935008,0.622688,0.694912,16.485,29.2775,-21.665,-3.68,2.664,32.056,none,8,3.0,115424.0,308514.0,200789.0,295993.0,209034.0
2026-04-14 18:04:53.302457,726486,1609507386943673,4986913212,-0.935008,0.622688,0.694912,17.33375,23.065,-19.08375,-3.68,2.664,32.056,none,8,3.0,115424.0,308514.0,200789.0,295993.0,209034.0
2026-04-14 18:04:53.317831,726487,1609507386958218,4986928244,-0.933056,0.864736,0.952576,15.00625,10.2725,-14.63875,-1.72,1.664,31.264002,none,8,3.0,115424.0,308514.0,200789.0,295993.0,209034.0
2026-04-14 18:04:53.347176,726498,1609507386967314,4986937228,-0.899872,0.568032,0.503616,-6.83375,-1.46125,-8.3125,-2.56,2.704,30.664001,none,8,3.0,124934.0,313724.0,212181.0,300916.0,220825.0
2026-04-14 18:04:53.349871,726499,1609507386981981,4986952240,-0.899872,0.568032,0.503616,-32.515,1.65375,-5.74875,-2.56,2.704,30.664001,none,8,3.0,124934.0,313724.0,212181.0,300916.0,220825.0
2026-04-14 18:04:53.352200,726500,1609507386991114,4986960934,-0.749568,0.308416,0.55632,-38.35125,8.6275,-8.09375,-1.992,2.784,32.504,none,8,3.0,124934.0,313724.0,212181.0,300916.0,220825.0
2026-04-14 18:04:53.358603,726501,1609507387000101,4986969747,-0.749568,0.308416,0.55632,-22.44375,13.7375,-7.9975,-1.992,2.784,32.504,none,8,3.0,124934.0,313724.0,212181.0,300916.0,220825.0
2026-04-14 18:04:53.372771,726502,1609507387014607,4986984652,-0.77104,0.56608,0.710528,6.43125,19.4075,-8.18125,-2.064,2.512,31.992,none,8,3.0,124934.0,313724.0,212181.0,300916.0,220825.0
2026-04-14 18:04:53.382769,726503,1609507387023533,4986993326,-0.77104,0.56608,0.710528,27.973751,21.77,-9.292501,-2.064,2.512,31.992,none,8,3.0,124934.0,313724.0,212181.0,300916.0,220825.0
2026-04-14 18:04:53.420865,726504,1609507387038020,4987008161,-0.813984,0.718336,0.7808,27.125,21.4025,-7.91875,-2.128,1.768,31.480001,none,8,3.0,124934.0,313724.0,212181.0,300916.0,220825.0
2026-04-14 18:04:53.422843,726505,1609507387046942,4987016874,-0.813984,0.671488,0.622688,13.7725,20.74625,-4.87375,-2.128,1.768,31.480001,none,8,3.0,124934.0,313724.0,212181.0,300916.0,220825.0
2026-04-14 18:04:53.486301,726516,1609507387061430,4987031695,-0.720288,0.671488,0.622688,-1.75,21.41125,-4.22625,-2.032,2.536,32.824,none,8,3.0,117827.0,317716.0,203358.0,305039.0,211852.0
2026-04-14 18:04:53.488539,726517,1609507387070464,4987040526,-0.831552,0.472384,0.560224,-15.645,21.8925,-7.735,-1.736,2.704,32.368,none,8,3.0,117827.0,317716.0,203358.0,305039.0,211852.0
2026-04-14 18:04:53.491589,726518,1609507387079438,4987049242,-0.831552,0.472384,0.560224,-23.5725,19.241251,-10.47375,-1.736,2.704,32.368,none,8,3.0,117827.0,317716.0,203358.0,305039.0,211852.0
2026-04-14 18:04:53.493672,726519,1609507387093936,4987064131,-1.022848,0.581696,0.398208,-21.245,13.09875,-5.4075,-1.952,3.928,33.064003,none,8,3.0,117827.0,317716.0,203358.0,305039.0,211852.0
2026-04-14 18:04:53.496531,726520,1609507387102959,4987072906,-1.022848,0.581696,0.398208,-18.05125,10.2025,1.05,-1.952,3.928,33.064003,none,8,3.0,117827.0,317716.0,203358.0,305039.0,211852.0
2026-04-14 18:04:53.498565,726521,1609507387117489,4987087815,-0.862784,0.542656,0.583648,-11.94375,16.9575,10.45625,-2.352,3.768,33.072002,none,8,3.0,117827.0,317716.0,203358.0,305039.0,211852.0
2026-04-14 18:04:53.501565,726522,1609507387126581,4987096534,-0.862784,0.542656,0.583648,-0.2275,19.39,12.6,-2.352,3.768,33.072002,none,8,3.0,117827.0,317716.0,203358.0,305039.0,211852.0
2026-04-14 18:04:53.505437,726523,1609507387135643,4987105229,-0.6832,0.488,0.601216,9.31,18.5675,13.230001,-2.248,3.888,31.568,none,8,3.0,117827.0,317716.0,203358.0,305039.0,211852.0
2026-04-14 18:04:53.507203,726524,1609507387150180,4987120205,-0.794464,0.31232,0.327936,-1.19875,20.5275,14.35,-1.0,3.496,31.504002,none,8,3.0,117827.0,317716.0,203358.0,305039.0,211852.0
2026-04-14 18:04:53.517361,726525,1609507387159240,4987128929,-0.794464,0.31232,0.327936,-1.09375,20.44,9.0825,-1.0,3.496,31.504002,none,8,3.0,117827.0,317716.0,203358.0,305039.0,211852.0
2026-04-14 18:04:53.545305,726536,1609507387173815,4987143895,-0.667584,0.464576,0.411872,15.2075,25.366251,2.695,0.008,2.72,30.216002,none,8,3.0,103516.0,309402.0,185813.0,297051.0,193565.0
2026-04-14 18:04:53.550341,726537,1609507387182804,4987152616,-0.667584,0.464576,0.411872,25.38375,29.12,4.71625,0.008,2.72,30.216002,none,8,3.0,103516.0,309402.0,185813.0,297051.0,193565.0
2026-04-14 18:04:53.552778,726538,1609507387191794,4987161313,-0.708576,0.519232,0.36112,22.84625,30.598751,-0.04375,0.072,2.704,31.024002,none,8,3.0,103516.0,309402.0,185813.0,297051.0,193565.0
2026-04-14 18:04:53.565310,726539,1609507387206316,4987176190,-0.708576,0.519232,0.36112,15.8725,32.01625,-10.6575,0.072,2.704,31.024002,none,8,3.0,103516.0,309402.0,185813.0,297051.0,193565.0
2026-04-14 18:04:53.572812,726540,1609507387215277,4987184885,-0.724192,0.407968,0.353312,13.02875,35.93625,-17.85875,-0.08,2.536,28.544,none,8,3.0,103516.0,309402.0,185813.0,297051.0,193565.0
2026-04-14 18:04:53.587868,726541,1609507387229773,4987199790,-0.81984,0.269376,0.013664,14.86625,40.215,-21.32375,0.984,1.896,29.976002,none,8,3.0,103516.0,309402.0,185813.0,297051.0,193565.0
2026-04-14 18:04:53.601483,726542,1609507387238716,4987208487,-0.81984,0.269376,0.013664,25.9875,41.93,-19.022501,0.984,1.896,29.976002,none,8,3.0,103516.0,309402.0,185813.0,297051.0,193565.0
2026-04-14 18:04:53.612696,726543,1609507387253234,4987223404,-0.747616,0.60512,0.530944,33.013752,36.12,-16.0125,2.096,1.544,29.160002,none,8,3.0,103516.0,309402.0,185813.0,297051.0,193565.0
2026-04-14 18:04:53.645033,726554,1609507387262153,4987232437,-0.747616,0.60512,0.530944,34.30875,29.98625,-11.2175,2.096,1.544,29.160002,none,8,3.0,106704.0,294838.0,189638.0,283553.0,198030.0
2026-04-14 18:04:53.647801,726555,1609507387271320,4987241182,-0.581696,0.568032,0.452864,17.36875,26.9675,-7.8225,1.56,2.256,31.104002,none,8,3.0,106704.0,294838.0,189638.0,283553.0,198030.0
2026-04-14 18:04:53.650285,726556,1609507387285847,4987256158,-0.581696,0.568032,0.452864,-5.1275,25.725,-10.35125,1.56,2.256,31.104002,none,8,3.0,106704.0,294838.0,189638.0,283553.0,198030.0
2026-04-14 18:04:53.654118,726557,1609507387294788,4987264893,-0.495808,0.353312,0.343552,-16.178751,24.053751,-15.89,0.92,2.696,30.936,none,8,3.0,106704.0,294838.0,189638.0,283553.0,198030.0
2026-04-14 18:04:53.667804,726558,1609507387309519,4987279871,-0.540704,0.45872,0.441152,-11.3225,21.56,-16.47625,1.712,1.664,31.152002,none,8,3.0,106704.0,294838.0,189638.0,283553.0,198030.0
2026-04-14 18:04:53.677310,726559,1609507387318680,4987288697,-0.540704,0.45872,0.441152,-1.93375,18.83875,-15.9425,1.712,1.664,31.152002,none,8,3.0,106704.0,294838.0,189638.0,283553.0,198030.0
2026-04-14 18:04:53.686078,726560,1609507387327991,4987297477,-0.540704,0.45872,0.441152,3.15875,16.73,-17.8325,1.712,1.664,31.152002,none,8,3.0,106704.0,294838.0,189638.0,283553.0,198030.0
2026-04-14 18:04:53.701055,726561,1609507387342560,4987312711,-0.550464,0.396256,0.26352,3.91125,14.1225,-20.2125,2.952,1.368,28.928001,none,8,3.0,106704.0,294838.0,189638.0,283553.0,198030.0
2026-04-14 18:04:53.712659,726562,1609507387351945,4987321655,-0.661728,0.484096,0.363072,4.12125,11.73375,-21.23625,2.88,1.336,29.072,none,8,3.0,106704.0,294838.0,189638.0,283553.0,198030.0
2026-04-14 18:04:53.744935,726573,1609507387367105,4987337510,-0.661728,0.484096,0.363072,8.81125,9.205,-18.13875,2.88,1.336,29.072,none,8,3.0,99069.0,297563.0,179268.0,285262.0,187788.0
2026-04-14 18:04:53.747805,726574,1609507387376114,4987346305,-1.300032,0.772992,0.486048,18.9525,5.80125,-11.99625,2.528,1.152,30.376001,none,8,3.0,99069.0,297563.0,179268.0,285262.0,187788.0
2026-04-14 18:04:53.750289,726575,1609507387385094,4987355015,-1.300032,0.772992,0.486048,18.803751,0.88375,-11.78625,2.528,1.152,30.376001,none,8,3.0,99069.0,297563.0,179268.0,285262.0,187788.0
2026-04-14 18:04:53.757962,726576,1609507387399623,4987368013,-1.25904,0.735904,0.548512,10.465,-2.73875,-6.83375,2.336,1.056,30.368002,none,8,3.0,99069.0,297563.0,179268.0,285262.0,187788.0
2026-04-14 18:04:53.782739,726577,1609507387408836,4987378773,-1.25904,0.735904,0.548512,1.3475,-2.75625,3.36875,2.336,1.056,30.368002,none,8,3.0,99069.0,297563.0,179268.0,285262.0,187788.0
2026-04-14 18:04:53.807109,726578,1609507387423411,4987393690,-1.003328,0.573888,0.56608,-4.66375,-1.60125,7.7175,2.184,0.712,27.400002,none,8,3.0,99069.0,297563.0,179268.0,285262.0,187788.0
2026-04-14 18:04:53.832728,726579,1609507387432376,4987402396,-0.735904,0.47824,0.51728,-4.75125,0.60375,10.59625,3.048,0.704,29.000002,none,8,3.0,99069.0,297563.0,179268.0,285262.0,187788.0
2026-04-14 18:04:53.835271,726580,1609507387441321,4987411098,-0.735904,0.47824,0.51728,-3.5,3.57,12.60875,3.048,0.704,29.000002,none,8,3.0,99069.0,297563.0,179268.0,285262.0,187788.0
2026-04-14 18:04:53.837749,726581,1609507387455835,4987426000,-0.687104,0.46848,0.382592,-2.275,7.04375,11.27,3.304,0.944,28.832,none,8,3.0,99069.0,297563.0,179268.0,285262.0,187788.0
2026-04-14 18:04:53.898336,726592,1609507387464804,4987434786,-0.687104,0.46848,0.382592,-1.225,9.835,9.1875,3.304,0.944,28.832,none,8,3.0,115583.0,303072.0,199446.0,290066.0,208214.0
2026-04-14 18:04:53.900604,726593,1609507387479648,4987449769,-0.698816,0.466528,0.423584,-0.7525,11.305,7.105,3.416,0.576,28.984001,none,8,3.0,115583.0,303072.0,199446.0,290066.0,208214.0
2026-04-14 18:04:53.903689,726594,1609507387488607,4987458481,-0.698816,0.466528,0.423584,-1.86375,11.83,4.96125,3.416,0.576,28.984001,none,8,3.0,115583.0,303072.0,199446.0,290066.0,208214.0
2026-04-14 18:04:53.905960,726595,1609507387497621,4987467174,-0.74176,0.503616,0.491904,0.25375,10.6925,3.49125,3.696,0.512,30.296001,none,8,3.0,115583.0,303072.0,199446.0,290066.0,208214.0
2026-04-14 18:04:53.907950,726596,1609507387512127,4987482077,-0.806176,0.581696,0.52704,4.4275,8.42625,2.56375,3.808,0.448,28.912,none,8,3.0,115583.0,303072.0,199446.0,290066.0,208214.0
2026-04-14 18:04:53.911630,726597,1609507387521070,4987490763,-0.806176,0.581696,0.52704,6.34375,5.95875,2.44125,3.808,0.448,28.912,none,8,3.0,115583.0,303072.0,199446.0,290066.0,208214.0
2026-04-14 18:04:53.913288,726598,1609507387535609,4987505698,-0.866688,0.542656,0.5368,4.13875,4.33125,3.75375,3.904,0.304,29.072,none,8,3.0,115583.0,303072.0,199446.0,290066.0,208214.0
2026-04-14 18:04:53.916068,726599,1609507387544612,4987514451,-0.866688,0.542656,0.5368,0.525,-0.3325,4.6725,3.904,0.304,29.072,none,8,3.0,115583.0,303072.0,199446.0,290066.0,208214.0
2026-04-14 18:04:53.918389,726600,1609507387559130,4987529397,-0.88816,0.501664,0.327936,-1.4525,0.0,6.58,3.888,-0.032,29.296001,none,8,3.0,115583.0,303072.0,199446.0,290066.0,208214.0
2026-04-14 18:04:53.948962,726611,1609507387568607,4987538514,-0.88816,0.501664,0.327936,-0.41125,-0.945,8.4875,3.888,-0.032,29.296001,none,8,3.0,138597.0,310582.0,228092.0,297705.0,236421.0
2026-04-14 18:04:53.951159,726612,1609507387577682,4987547261,-0.85888,0.488,0.359168,2.17875,-2.07375,9.12625,3.672,0.112,29.04,none,8,3.0,138597.0,310582.0,228092.0,297705.0,236421.0
2026-04-14 18:04:53.953504,726613,1609507387592398,4987562254,-0.792512,0.435296,0.259616,4.375,-0.11375,8.82,2.976,0.168,29.296001,none,8,3.0,138597.0,310582.0,228092.0,297705.0,236421.0
2026-04-14 18:04:53.960228,726614,1609507387601508,4987570987,-0.792512,0.435296,0.259616,5.81875,0.39375,9.59875,2.976,0.168,29.296001,none,8,3.0,138597.0,310582.0,228092.0,297705.0,236421.0
2026-04-14 18:04:53.974025,726615,1609507387615992,4987585908,-0.747616,0.499712,0.404064,7.4025,0.42,10.43875,3.528,-0.512,29.048002,none,8,3.0,138597.0,310582.0,228092.0,297705.0,236421.0
2026-04-14 18:04:53.982376,726616,1609507387624910,4987594615,-0.747616,0.499712,0.404064,10.4475,-0.14,10.80625,3.528,-0.512,29.048002,none,8,3.0,138597.0,310582.0,228092.0,297705.0,236421.0
2026-04-14 18:04:53.992264,726617,1609507387634168,4987603319,-0.776896,0.57584,0.46848,12.915,-0.21875,9.65125,3.016,-0.264,30.256,none,8,3.0,138597.0,310582.0,228092.0,297705.0,236421.0
2026-04-14 18:04:54.006418,726618,1609507387648761,4987618420,-0.776896,0.57584,0.46848,14.4025,-1.35625,8.26875,3.016,-0.264,30.256,none,8,3.0,138597.0,310582.0,228092.0,297705.0,236421.0
2026-04-14 18:04:54.016482,726619,1609507387657735,4987627121,-0.786656,0.577792,0.47824,12.67,-2.2925,6.58875,3.52,-0.84,29.272001,none,8,3.0,138597.0,310582.0,228092.0,297705.0,236421.0
2026-04-14 18:04:54.047754,726630,1609507387672307,4987642114,-0.825696,0.521184,0.333792,9.835,-2.45,5.71375,2.152,-0.08,31.208002,none,8,3.0,131528.0,305819.0,220271.0,293980.0,228680.0
2026-04-14 18:04:54.050248,726631,1609507387681293,4987650873,-0.825696,0.521184,0.333792,6.25625,-2.24875,5.915,2.152,-0.08,31.208002,none,8,3.0,131528.0,305819.0,220271.0,293980.0,228680.0
2026-04-14 18:04:54.052738,726632,1609507387690275,4987659669,-0.825696,0.521184,0.333792,3.57,-1.995,5.7575,2.152,-0.08,31.208002,none,8,3.0,131528.0,305819.0,220271.0,293980.0,228680.0
2026-04-14 18:04:54.064001,726633,1609507387704826,4987674725,-0.866688,0.521184,0.447008,2.54625,-0.65625,5.71375,1.68,-0.344,30.656002,none,8,3.0,131528.0,305819.0,220271.0,293980.0,228680.0
2026-04-14 18:04:54.074300,726634,1609507387713901,4987683477,-0.847168,0.530944,0.423584,5.6875,0.7175,5.425,3.584,-1.152,29.616001,none,8,3.0,131528.0,305819.0,220271.0,293980.0,228680.0
2026-04-14 18:04:54.087380,726635,1609507387728392,4987698396,-0.847168,0.530944,0.423584,10.8325,1.995,5.20625,3.584,-1.152,29.616001,none,8,3.0,131528.0,305819.0,220271.0,293980.0,228680.0
2026-04-14 18:04:54.095206,726636,1609507387737325,4987707118,-0.796416,0.550464,0.411872,15.75875,2.51125,4.40125,3.808,-1.528,29.288002,none,8,3.0,131528.0,305819.0,220271.0,293980.0,228680.0
2026-04-14 18:04:54.109968,726637,1609507387751829,4987722012,-0.749568,0.544608,0.368928,17.9375,3.12375,3.84125,3.808,-1.528,29.288002,none,8,3.0,131528.0,305819.0,220271.0,293980.0,228680.0
2026-04-14 18:04:54.121521,726638,1609507387760795,4987730834,-0.749568,0.544608,0.368928,17.3775,3.255,3.73625,3.76,-1.88,30.216002,none,8,3.0,131528.0,305819.0,220271.0,293980.0,228680.0
2026-04-14 18:04:54.208537,726649,1609507387770352,4987739558,-0.749568,0.544608,0.368928,15.26,3.43,4.2525,3.76,-1.88,30.216002,none,8,3.0,126309.0,302732.0,214419.0,291344.0,222930.0
2026-04-14 18:04:54.211346,726650,1609507387784936,4987754505,-0.81008,0.589504,0.40992,11.34875,3.92,5.2675,2.904,-1.728,30.576002,none,8,3.0,126309.0,302732.0,214419.0,291344.0,222930.0
2026-04-14 18:04:54.213995,726651,1609507387793928,4987763192,-0.759328,0.558272,0.417728,6.93875,4.48875,5.85375,3.144,-1.912,30.504002,none,8,3.0,126309.0,302732.0,214419.0,291344.0,222930.0
2026-04-14 18:04:54.216515,726652,1609507387808373,4987778085,-0.759328,0.558272,0.417728,3.465,4.76,5.88875,3.144,-1.912,30.504002,none,8,3.0,126309.0,302732.0,214419.0,291344.0,222930.0
2026-04-14 18:04:54.218530,726653,1609507387817308,4987786754,-0.817888,0.540704,0.279136,1.9075,5.10125,5.78375,2.896,-1.856,30.608002,none,8,3.0,126309.0,302732.0,214419.0,291344.0,222930.0
2026-04-14 18:04:54.221526,726654,1609507387826271,4987795451,-0.817888,0.540704,0.279136,2.51125,5.97625,5.32875,2.896,-1.856,30.608002,none,8,3.0,126309.0,302732.0,214419.0,291344.0,222930.0
2026-04-14 18:04:54.223995,726655,1609507387840794,4987810361,-0.837408,0.569984,0.265472,4.24375,7.21,5.60875,2.968,-2.136,31.584002,none,8,3.0,126309.0,302732.0,214419.0,291344.0,222930.0
2026-04-14 18:04:54.226525,726656,1609507387849772,4987819178,-0.837408,0.569984,0.265472,8.1725,8.46125,4.82125,2.968,-2.136,31.584002,none,8,3.0,126309.0,302732.0,214419.0,291344.0,222930.0
2026-04-14 18:04:54.228537,726657,1609507387864350,4987834077,-0.769088,0.5856,0.314272,11.3925,8.645,3.70125,2.76,-2.088,31.864002,none,8,3.0,126309.0,302732.0,214419.0,291344.0,222930.0
2026-04-14 18:04:54.256540,726668,1609507387873363,4987842819,-0.765184,0.599264,0.30256,12.8275,8.84625,2.75625,2.552,-2.232,31.12,none,8,3.0,130060.0,307995.0,219023.0,295964.0,227380.0
2026-04-14 18:04:54.261740,726669,1609507387882359,4987851621,-0.765184,0.599264,0.30256,11.7075,9.3625,2.0475,2.552,-2.232,31.12,none,8,3.0,130060.0,307995.0,219023.0,295964.0,227380.0
2026-04-14 18:04:54.262202,726670,1609507387896855,4987866610,-0.831552,0.651968,0.382592,10.0275,8.58375,1.54,2.304,-3.152,31.048002,none,8,3.0,130060.0,307995.0,219023.0,295964.0,227380.0
2026-04-14 18:04:54.263360,726671,1609507387905870,4987875351,-0.831552,0.651968,0.382592,8.56625,8.11125,2.42375,2.304,-3.152,31.048002,none,8,3.0,130060.0,307995.0,219023.0,295964.0,227380.0
2026-04-14 18:04:54.278886,726672,1609507387920373,4987890290,-0.79056,0.64416,0.470432,7.245,6.99125,3.21125,3.56,-2.6,32.872,none,8,3.0,130060.0,307995.0,219023.0,295964.0,227380.0
2026-04-14 18:04:54.287639,726673,1609507387929463,4987899055,-0.79056,0.64416,0.470432,5.005,6.545,3.45625,3.56,-2.6,32.872,none,8,3.0,130060.0,307995.0,219023.0,295964.0,227380.0
2026-04-14 18:04:54.303961,726674,1609507387944000,4987913944,-0.774944,0.599264,0.277184,3.7975,6.3175,3.35125,4.488,-3.272,30.656002,none,8,3.0,130060.0,307995.0,219023.0,295964.0,227380.0
2026-04-14 18:04:54.311545,726675,1609507387953071,4987922642,-0.774944,0.630496,0.255712,3.35125,5.71375,3.0625,4.488,-3.272,32.704002,none,8,3.0,130060.0,307995.0,219023.0,295964.0,227380.0
2026-04-14 18:04:54.321213,726676,1609507387962140,4987931327,-0.860832,0.630496,0.255712,4.12125,5.0575,3.33375,3.808,-3.168,31.832,none,8,3.0,130060.0,307995.0,219023.0,295964.0,227380.0
2026-04-14 18:04:54.349021,726687,1609507387977223,4987946909,-0.854976,0.628544,0.222528,6.58875,3.7975,3.38625,3.728,-3.256,30.2,none,8,3.0,132422.0,311362.0,221686.0,298851.0,229761.0
2026-04-14 18:04:54.351567,726688,1609507387986175,4987955768,-0.854976,0.628544,0.222528,9.0125,3.15875,3.78875,3.728,-3.256,30.2,none,8,3.0,132422.0,311362.0,221686.0,298851.0,229761.0
2026-04-14 18:04:54.358458,726689,1609507388000695,4987970681,-0.851072,0.675392,0.368928,10.2725,1.60125,3.7975,4.36,-3.536,30.384,none,8,3.0,132422.0,311362.0,221686.0,298851.0,229761.0
2026-04-14 18:04:54.370094,726690,1609507388009765,4987979367,-0.851072,0.675392,0.368928,9.94,0.23625,3.75375,4.36,-3.536,30.384,none,8,3.0,132422.0,311362.0,221686.0,298851.0,229761.0
2026-04-14 18:04:54.377601,726691,1609507388018700,4987988058,-0.769088,0.659776,0.413824,8.82,-1.0675,3.15,4.784,-3.808,30.336002,none,8,3.0,132422.0,311362.0,221686.0,298851.0,229761.0
2026-04-14 18:04:54.395259,726692,1609507388033312,4988002994,-0.769088,0.659776,0.179584,8.2775,-2.03,2.49375,4.784,-3.808,30.336002,none,8,3.0,132422.0,311362.0,221686.0,298851.0,229761.0
2026-04-14 18:04:54.401540,726693,1609507388042408,4988011785,-0.817888,0.642208,0.179584,8.54875,-3.24625,2.02125,4.48,-3.656,28.984001,none,8,3.0,132422.0,311362.0,221686.0,298851.0,229761.0
2026-04-14 18:04:54.414764,726694,1609507388056892,4988026673,-0.823744,0.642208,0.187392,8.81125,-4.06875,0.25375,3.816,-4.176,30.976002,none,8,3.0,132422.0,311362.0,221686.0,298851.0,229761.0
2026-04-14 18:04:54.424921,726695,1609507388065808,4988035355,-0.823744,0.642208,0.187392,9.33625,-4.655,0.28,3.816,-4.176,30.976002,none,8,3.0,132422.0,311362.0,221686.0,298851.0,229761.0
2026-04-14 18:04:54.452232,726706,1609507388074871,4988044169,-0.835456,0.6832,0.36112,10.00125,-5.22375,0.58625,2.672,-4.056,34.0,none,8,3.0,124073.0,306976.0,211491.0,294682.0,219776.0
2026-04-14 18:04:54.456126,726707,1609507388089417,4988059142,-0.835456,0.6832,0.36112,10.92,-6.25625,0.83125,2.672,-4.056,34.0,none,8,3.0,124073.0,306976.0,211491.0,294682.0,219776.0
2026-04-14 18:04:54.457548,726708,1609507388098414,4988067932,-0.862784,0.689056,0.284992,11.20875,-6.93,1.67125,3.344,-4.232,31.720001,none,8,3.0,124073.0,306976.0,211491.0,294682.0,219776.0
2026-04-14 18:04:54.473241,726709,1609507388112972,4988082914,-0.862784,0.689056,0.284992,11.445,-7.04375,2.52875,3.344,-4.232,31.720001,none,8,3.0,124073.0,306976.0,211491.0,294682.0,219776.0
2026-04-14 18:04:54.479842,726710,1609507388122005,4988091610,-0.74176,0.659776,0.40016,11.865,-6.90375,2.52875,4.64,-4.984,31.112001,none,8,3.0,124073.0,306976.0,211491.0,294682.0,219776.0
2026-04-14 18:04:54.510002,726711,1609507388136528,4988106519,-0.755424,0.64416,0.265472,11.24375,-6.57125,2.73,4.288,-4.536,30.952002,none,8,3.0,124073.0,306976.0,211491.0,294682.0,219776.0
2026-04-14 18:04:54.534998,726712,1609507388145630,4988115200,-0.755424,0.64416,0.265472,10.78875,-5.9325,3.22875,4.288,-4.536,30.952002,none,8,3.0,124073.0,306976.0,211491.0,294682.0,219776.0
2026-04-14 18:04:54.557257,726713,1609507388154702,4988123921,-0.782752,0.650016,0.199104,10.4825,-5.38125,3.89375,2.24,-4.832,30.104002,none,8,3.0,124073.0,306976.0,211491.0,294682.0,219776.0
2026-04-14 18:04:54.584865,726724,1609507388169252,4988138861,-0.782752,0.650016,0.199104,9.87875,-5.18875,4.85625,3.272,-4.832,30.104002,none,8,3.0,115734.0,301400.0,201403.0,289441.0,209917.0
2026-04-14 18:04:54.587378,726725,1609507388178302,4988147628,-0.831552,0.679296,0.203008,7.77875,-4.935,5.3025,3.784,-5.224001,30.368002,none,8,3.0,115734.0,301400.0,201403.0,289441.0,209917.0
2026-04-14 18:04:54.589832,726726,1609507388192891,4988162516,-0.831552,0.679296,0.203008,6.01125,-5.36375,5.52125,3.784,-5.224001,30.368002,none,8,3.0,115734.0,301400.0,201403.0,289441.0,209917.0
2026-04-14 18:04:54.592312,726727,1609507388201853,4988171230,-0.737856,0.689056,0.447008,4.05125,-5.25,5.73125,4.096,-5.056,30.640001,none,8,3.0,115734.0,301400.0,201403.0,289441.0,209917.0
2026-04-14 18:04:54.594913,726728,1609507388210803,4988179975,-0.737856,0.689056,0.447008,2.96625,-5.11,5.74,4.096,-5.056,30.640001,none,8,3.0,115734.0,301400.0,201403.0,289441.0,209917.0
2026-04-14 18:04:54.597388,726729,1609507388225457,4988194921,-0.75152,0.685152,0.447008,0.83125,-4.47125,6.3525,3.976,-5.544,30.344002,none,8,3.0,115734.0,301400.0,201403.0,289441.0,209917.0
2026-04-14 18:04:54.599949,726730,1609507388234400,4988203636,-0.75152,0.685152,0.447008,-1.26,-4.515,6.475,3.976,-5.544,30.344002,none,8,3.0,115734.0,301400.0,201403.0,289441.0,209917.0
2026-04-14 18:04:54.607396,726731,1609507388248886,4988218595,-0.841312,0.667584,0.228384,-2.0125,-3.57875,5.4775,3.976,-5.648,28.752,none,8,3.0,115734.0,301400.0,201403.0,289441.0,209917.0
2026-04-14 18:04:54.614968,726732,1609507388257832,4988227353,-0.75152,0.632448,0.271328,-2.38875,-3.05375,4.64625,2.824,-5.44,30.088001,none,8,3.0,115734.0,301400.0,201403.0,289441.0,209917.0
2026-04-14 18:04:54.654134,726743,1609507388272921,4988242272,-0.75152,0.632448,0.271328,-1.715,-2.79125,4.76,2.824,-5.44,30.088001,none,8,3.0,112643.0,295468.0,197681.0,283790.0,206439.0
2026-04-14 18:04:54.658529,726744,1609507388281908,4988251114,-0.8296,0.667584,0.208864,-1.8725,-2.38875,5.1625,2.28,-4.976,31.552002,none,8,3.0,112643.0,295468.0,197681.0,283790.0,206439.0
2026-04-14 18:04:54.658629,726745,1609507388291008,4988259875,-0.8296,0.667584,0.208864,-2.2225,-1.435,4.05125,2.28,-4.976,31.552002,none,8,3.0,112643.0,295468.0,197681.0,283790.0,206439.0
2026-04-14 18:04:54.663385,726746,1609507388305567,4988274827,-0.774944,0.642208,0.220576,-2.42375,-0.91875,3.5875,2.92,-5.352,31.128002,none,8,3.0,112643.0,295468.0,197681.0,283790.0,206439.0
2026-04-14 18:04:54.671209,726747,1609507388314512,4988283589,-0.774944,0.642208,0.220576,-4.025,-0.55125,2.93125,2.92,-5.352,31.128002,none,8,3.0,112643.0,295468.0,197681.0,283790.0,206439.0
2026-04-14 18:04:54.685963,726748,1609507388328989,4988298482,-0.843264,0.687104,0.279136,-5.18,0.1225,2.24,3.936,-5.656,30.064001,none,8,3.0,112643.0,295468.0,197681.0,283790.0,206439.0
2026-04-14 18:04:54.697738,726749,1609507388337912,4988307184,-0.794464,0.685152,0.417728,-5.18,0.4375,2.38875,3.248,-5.056,30.688002,none,8,3.0,112643.0,295468.0,197681.0,283790.0,206439.0
2026-04-14 18:04:54.705268,726750,1609507388346810,4988315938,-0.794464,0.685152,0.417728,-6.405,1.40875,1.4175,3.248,-5.056,30.688002,none,8,3.0,112643.0,295468.0,197681.0,283790.0,206439.0
2026-04-14 18:04:54.719007,726751,1609507388361340,4988330895,-0.788608,0.671488,0.435296,-7.7175,2.625,1.225,2.88,-5.288,30.144001,none,8,3.0,112643.0,295468.0,197681.0,283790.0,206439.0
2026-04-14 18:04:54.751367,726762,1609507388370365,4988339640,-0.788608,0.671488,0.435296,-9.1525,3.92875,0.4025,2.88,-5.288,30.144001,none,8,3.0,119804.0,295902.0,206455.0,283928.0,215503.0
2026-04-14 18:04:54.753874,726763,1609507388384992,4988354605,-0.808128,0.655872,0.33184,-10.3075,4.6375,-0.9625,3.936,-5.488,30.240002,none,8,3.0,119804.0,295902.0,206455.0,283928.0,215503.0
2026-04-14 18:04:54.756379,726764,1609507388394017,4988363419,-0.808128,0.655872,0.33184,-9.24,4.7425,-0.39375,3.936,-5.488,30.240002,none,8,3.0,119804.0,295902.0,206455.0,283928.0,215503.0
2026-04-14 18:04:54.767798,726765,1609507388408492,4988378316,-0.759328,0.632448,0.27328,-7.595,5.43375,-0.7875,3.768,-5.576,30.480001,none,8,3.0,119804.0,295902.0,206455.0,283928.0,215503.0
2026-04-14 18:04:54.776120,726766,1609507388417494,4988387044,-0.72224,0.648064,0.417728,-7.35,6.3175,-2.03,3.304,-4.712,31.448002,none,8,3.0,119804.0,295902.0,206455.0,283928.0,215503.0
2026-04-14 18:04:54.784008,726767,1609507388426431,4988395815,-0.72224,0.648064,0.417728,-7.02625,6.7025,-2.695,3.304,-4.712,31.448002,none,8,3.0,119804.0,295902.0,206455.0,283928.0,215503.0
2026-04-14 18:04:54.799030,726768,1609507388440889,4988410723,-0.786656,0.636352,0.238144,-7.30625,7.2275,-2.66875,4.384,-5.216,30.104002,none,8,3.0,119804.0,295902.0,206455.0,283928.0,215503.0
2026-04-14 18:04:54.809782,726769,1609507388449861,4988419406,-0.786656,0.636352,0.238144,-7.455,8.28625,-3.535,4.384,-5.216,30.104002,none,8,3.0,119804.0,295902.0,206455.0,283928.0,215503.0
2026-04-14 18:04:54.827588,726770,1609507388464402,4988434285,-0.710528,0.62464,0.398208,-7.55125,8.68,-3.3075,4.368,-5.368,30.112001,none,8,3.0,119804.0,295902.0,206455.0,283928.0,215503.0
2026-04-14 18:04:54.853410,726781,1609507388473873,4988443455,-0.710528,0.62464,0.398208,-7.35,9.28375,-3.15,4.368,-5.368,30.112001,none,8,3.0,129685.0,299898.0,218218.0,287430.0,227053.0
2026-04-14 18:04:54.856079,726782,1609507388483057,4988452186,-0.825696,0.659776,0.275232,-6.46625,9.96625,-3.465,4.232,-4.88,30.368002,none,8,3.0,129685.0,299898.0,218218.0,287430.0,227053.0
2026-04-14 18:04:54.858662,726783,1609507388497587,4988467132,-0.784704,0.640256,0.294752,-5.425,10.50875,-3.35125,4.624,-5.144,29.168001,none,8,3.0,129685.0,299898.0,218218.0,287430.0,227053.0
2026-04-14 18:04:54.884957,726784,1609507388506508,4988475821,-0.784704,0.640256,0.294752,-5.29375,10.94625,-3.22875,4.624,-5.144,29.168001,none,8,3.0,129685.0,299898.0,218218.0,287430.0,227053.0
2026-04-14 18:04:54.887349,726785,1609507388521013,4988490856,-0.81008,0.671488,0.347456,-5.215,11.235,-3.08,4.224,-4.704,31.056002,none,8,3.0,129685.0,299898.0,218218.0,287430.0,227053.0
2026-04-14 18:04:54.889637,726786,1609507388529935,4988499556,-0.81008,0.671488,0.347456,-4.26125,11.62875,-2.8,4.224,-4.704,31.056002,none,8,3.0,129685.0,299898.0,218218.0,287430.0,227053.0
2026-04-14 18:04:54.916544,726787,1609507388544416,4988514449,-0.747616,0.636352,0.28304,-2.30125,11.47125,-2.66,4.248,-5.248,30.016,none,8,3.0,129685.0,299898.0,218218.0,287430.0,227053.0
2026-04-14 18:04:54.921787,726788,1609507388553351,4988523159,-0.747616,0.636352,0.28304,-1.715,11.22625,-3.07125,4.248,-5.248,30.016,none,8,3.0,129685.0,299898.0,218218.0,287430.0,227053.0
2026-04-14 18:04:54.922130,726789,1609507388562373,4988531860,-0.745664,0.665632,0.443104,-2.47625,11.2,-2.96625,3.96,-4.808,31.2,none,8,3.0,129685.0,299898.0,218218.0,287430.0,227053.0
2026-04-14 18:04:54.970272,726800,1609507388577014,4988546834,-0.745664,0.665632,0.191296,-3.5175,10.8675,-2.61625,3.96,-4.808,31.2,none,8,3.0,137219.0,302994.0,227042.0,290181.0,235546.0
2026-04-14 18:04:54.972780,726801,1609507388586013,4988555567,-0.835456,0.655872,0.191296,-4.19125,10.63125,-2.4325,5.224001,-4.68,30.136002,none,8,3.0,137219.0,302994.0,227042.0,290181.0,235546.0
2026-04-14 18:04:54.974889,726802,1609507388600613,4988570508,-0.74176,0.640256,0.421632,-4.62875,10.605001,-2.1,5.264,-5.056,30.072,none,8,3.0,137219.0,302994.0,227042.0,290181.0,235546.0
2026-04-14 18:04:54.977766,726803,1609507388609568,4988579199,-0.74176,0.640256,0.421632,-4.4975,9.79125,-1.60125,5.264,-5.056,30.072,none,8,3.0,137219.0,302994.0,227042.0,290181.0,235546.0
2026-04-14 18:04:54.980316,726804,1609507388618500,4988588019,-0.796416,0.659776,0.40016,-4.41,9.31,-1.8375,5.224001,-4.696,29.464,none,8,3.0,137219.0,302994.0,227042.0,290181.0,235546.0
2026-04-14 18:04:54.991591,726805,1609507388633020,4988602973,-0.796416,0.659776,0.40016,-3.71875,8.67125,-0.81375,5.224001,-4.696,29.464,none,8,3.0,137219.0,302994.0,227042.0,290181.0,235546.0
2026-04-14 18:04:55.000278,726806,1609507388641996,4988611689,-0.747616,0.638304,0.392352,-1.9425,8.4525,-0.63,4.56,-4.608,30.376001,none,8,3.0,137219.0,302994.0,227042.0,290181.0,235546.0
2026-04-14 18:04:55.015590,726807,1609507388656524,4988626666,-0.747616,0.638304,0.392352,-0.595,7.56875,-0.9275,4.56,-4.608,30.376001,none,8,3.0,137219.0,302994.0,227042.0,290181.0,235546.0
2026-04-14 18:04:55.026196,726808,1609507388665621,4988635368,-0.856928,0.659776,0.183488,0.44625,6.825,-0.77875,5.432,-4.928001,30.256,none,8,3.0,137219.0,302994.0,227042.0,290181.0,235546.0
2026-04-14 18:04:55.056553,726819,1609507388675424,4988644506,-0.856928,0.659776,0.183488,0.91875,5.95875,-0.1925,5.432,-4.928001,30.256,none,8,3.0,141178.0,303551.0,231533.0,290557.0,239920.0
2026-04-14 18:04:55.058575,726820,1609507388689943,4988659439,-0.765184,0.659776,0.402112,0.735,4.76,-0.51625,4.48,-4.576,31.192001,none,8,3.0,141178.0,303551.0,231533.0,290557.0,239920.0
2026-04-14 18:04:55.061437,726821,1609507388698877,4988668149,-0.851072,0.646112,0.18544,-0.1925,3.5875,0.035,4.8,-4.4,32.568,none,8,3.0,141178.0,303551.0,231533.0,290557.0,239920.0
2026-04-14 18:04:55.072754,726822,1609507388713410,4988683180,-0.851072,0.646112,0.18544,-0.21875,2.8525,0.0525,4.8,-4.4,32.568,none,8,3.0,141178.0,303551.0,231533.0,290557.0,239920.0
2026-04-14 18:04:55.080292,726823,1609507388722614,4988691892,-0.853024,0.62464,0.191296,-0.95375,1.6275,-0.3325,5.064,-4.696,31.12,none,8,3.0,141178.0,303551.0,231533.0,290557.0,239920.0
2026-04-14 18:04:55.090075,726824,1609507388731620,4988700562,-0.853024,0.62464,0.191296,-1.225,1.11125,-0.14875,5.064,-4.696,31.12,none,8,3.0,141178.0,303551.0,231533.0,290557.0,239920.0
2026-04-14 18:04:55.109163,726825,1609507388746122,4988715446,-0.8296,0.64416,0.33184,0.27125,0.49875,-0.44625,5.16,-4.432,31.28,none,8,3.0,141178.0,303551.0,231533.0,290557.0,239920.0
2026-04-14 18:04:55.113532,726826,1609507388755045,4988724321,-0.8296,0.64416,0.33184,3.07125,-0.315,-1.05875,5.16,-4.432,31.28,none,8,3.0,141178.0,303551.0,231533.0,290557.0,239920.0
2026-04-14 18:04:55.150276,726827,1609507388769542,4988739260,-0.792512,0.640256,0.240096,5.78375,-0.63,-1.60125,5.336,-5.08,30.28,none,8,3.0,141178.0,303551.0,231533.0,290557.0,239920.0
2026-04-14 18:04:55.177774,726838,1609507388778516,4988748034,-0.823744,0.679296,0.345504,6.57125,-1.09375,-2.30125,5.336,-5.08,30.28,none,8,3.0,138426.0,300236.0,227997.0,287228.0,236589.0
2026-04-14 18:04:55.180268,726839,1609507388793015,4988762918,-0.825696,0.679296,0.345504,5.32875,-1.84625,-2.42375,4.792,-4.8,30.392002,none,8,3.0,138426.0,300236.0,227997.0,287228.0,236589.0
2026-04-14 18:04:55.182797,726840,1609507388801953,4988771636,-0.796416,0.650016,0.407968,2.5725,-2.485,-2.765,4.456,-4.44,31.840002,none,8,3.0,138426.0,300236.0,227997.0,287228.0,236589.0
2026-04-14 18:04:55.184747,726841,1609507388810954,4988780346,-0.796416,0.650016,0.407968,0.81375,-2.52875,-3.17625,4.456,-4.44,31.840002,none,8,3.0,138426.0,300236.0,227997.0,287228.0,236589.0
2026-04-14 18:04:55.187202,726842,1609507388825538,4988795330,-0.735904,0.616832,0.372832,0.16625,-2.12625,-3.08875,3.704,-4.68,33.808002,none,8,3.0,138426.0,300236.0,227997.0,287228.0,236589.0
2026-04-14 18:04:55.192474,726843,1609507388834494,4988804051,-0.735904,0.616832,0.372832,0.2275,-1.505,-3.0975,3.704,-4.68,33.808002,none,8,3.0,138426.0,300236.0,227997.0,287228.0,236589.0
2026-04-14 18:04:55.208616,726844,1609507388848959,4988818977,-0.83936,0.66368,0.3416,-0.07875,-1.505,-3.35125,5.248,-5.168,30.232002,none,8,3.0,138426.0,300236.0,227997.0,287228.0,236589.0
2026-04-14 18:04:55.216356,726845,1609507388857911,4988827670,-0.83936,0.66368,0.3416,-0.18375,-0.5775,-3.4125,5.248,-5.168,30.232002,none,8,3.0,138426.0,300236.0,227997.0,287228.0,236589.0
2026-04-14 18:04:55.328707,726856,1609507388873017,4988842670,-0.753472,0.6344,0.415776,-0.2975,-0.32375,-3.50875,5.472,-4.992,30.496002,none,8,3.0,134233.0,298197.0,222781.0,285215.0,231639.0
2026-04-14 18:04:55.331004,726857,1609507388882045,4988851385,-0.774944,0.657824,0.417728,-0.39375,-0.18375,-3.3775,4.376,-4.584,31.352001,none,8,3.0,134233.0,298197.0,222781.0,285215.0,231639.0
2026-04-14 18:04:55.333564,726858,1609507388890966,4988860138,-0.774944,0.657824,0.417728,-0.34125,0.18375,-3.8675,4.376,-4.584,31.352001,none,8,3.0,134233.0,298197.0,222781.0,285215.0,231639.0
2026-04-14 18:04:55.336124,726859,1609507388905521,4988875215,-0.806176,0.6344,0.18544,-0.23625,0.4025,-4.585,4.464,-4.72,31.128002,none,8,3.0,134233.0,298197.0,222781.0,285215.0,231639.0
2026-04-14 18:04:55.339036,726860,1609507388914522,4988883897,-0.806176,0.6344,0.18544,-0.95375,0.88375,-4.54125,4.464,-4.72,31.128002,none,8,3.0,134233.0,298197.0,222781.0,285215.0,231639.0
2026-04-14 18:04:55.341473,726861,1609507388929058,4988898812,-0.813984,0.677344,0.382592,-1.30375,1.05,-4.55875,4.768,-4.816001,31.064001,none,8,3.0,134233.0,298197.0,222781.0,285215.0,231639.0
2026-04-14 18:04:55.344054,726862,1609507388937991,4988907576,-0.813984,0.677344,0.382592,-1.51375,1.33875,-4.7425,4.768,-4.816001,31.064001,none,8,3.0,134233.0,298197.0,222781.0,285215.0,231639.0
2026-04-14 18:04:55.346085,726863,1609507388946910,4988916277,-0.743712,0.62464,0.308416,-2.975,1.6625,-5.32,4.984,-4.848,32.264,none,8,3.0,134233.0,298197.0,222781.0,285215.0,231639.0
2026-04-14 18:04:55.348499,726864,1609507388961417,4988931233,-0.765184,0.661728,0.431392,-3.29,2.16125,-4.9875,5.072,-5.072,29.600002,none,8,3.0,134233.0,298197.0,222781.0,285215.0,231639.0
2026-04-14 18:04:55.351211,726865,1609507388970389,4988939934,-0.765184,0.661728,0.431392,-2.87,2.0825,-4.795,5.072,-5.072,29.600002,none,8,3.0,134233.0,298197.0,222781.0,285215.0,231639.0
2026-04-14 18:04:55.383488,726876,1609507388984953,4988955142,-0.825696,0.646112,0.15616,-2.91375,2.17,-4.4975,4.848,-5.088,31.384,none,8,3.0,134168.0,298878.0,222671.0,285800.0,231519.0
2026-04-14 18:04:55.387625,726877,1609507388994004,4988963906,-0.825696,0.646112,0.15616,-2.8525,2.24875,-4.41,4.848,-5.088,31.384,none,8,3.0,134168.0,298878.0,222671.0,285800.0,231519.0
2026-04-14 18:04:55.388893,726878,1609507389008655,4988978819,-0.84912,0.681248,0.240096,-3.05375,1.785,-4.31375,4.512,-4.32,32.016003,none,8,3.0,134168.0,298878.0,222671.0,285800.0,231519.0
2026-04-14 18:04:55.390863,726879,1609507389017616,4988987521,-0.84912,0.681248,0.240096,-3.01,1.46125,-4.22625,4.512,-4.32,32.016003,none,8,3.0,134168.0,298878.0,222671.0,285800.0,231519.0
2026-04-14 18:04:55.393883,726880,1609507389026610,4988996245,-0.767136,0.66368,0.378688,-3.10625,1.435,-4.59375,4.144,-4.296,32.216003,none,8,3.0,134168.0,298878.0,222671.0,285800.0,231519.0
2026-04-14 18:04:55.400118,726881,1609507389041174,4989011195,-0.845216,0.679296,0.300608,-3.45625,1.47875,-4.59375,4.312,-4.784,29.28,none,8,3.0,134168.0,298878.0,222671.0,285800.0,231519.0
2026-04-14 18:04:55.408504,726882,1609507389050134,4989019959,-0.845216,0.679296,0.300608,-3.6925,1.2425,-4.33125,4.312,-4.784,29.28,none,8,3.0,134168.0,298878.0,222671.0,285800.0,231519.0
2026-04-14 18:04:55.423685,726883,1609507389064626,4989034893,-0.75152,0.65392,0.384544,-3.57875,1.05875,-4.24375,5.888001,-4.984,30.384,none,8,3.0,134168.0,298878.0,222671.0,285800.0,231519.0
2026-04-14 18:04:55.456143,726894,1609507389074135,4989043673,-0.75152,0.65392,0.384544,-3.4475,0.8575,-4.41,5.888001,-4.984,30.384,none,8,3.0,134818.0,299620.0,223290.0,286488.0,232090.0
2026-04-14 18:04:55.458430,726895,1609507389083145,4989052500,-0.81008,0.671488,0.347456,-3.745,0.48125,-4.48875,5.128,-4.712,31.288002,none,8,3.0,134818.0,299620.0,223290.0,286488.0,232090.0
2026-04-14 18:04:55.461556,726896,1609507389097778,4989067582,-0.81008,0.671488,0.347456,-3.3775,0.07,-4.3575,5.128,-4.712,31.288002,none,8,3.0,134818.0,299620.0,223290.0,286488.0,232090.0
2026-04-14 18:04:55.467782,726897,1609507389106700,4989076306,-0.845216,0.657824,0.197152,-2.72125,0.28875,-4.33125,5.048,-4.928001,31.192001,none,8,3.0,134818.0,299620.0,223290.0,286488.0,232090.0
2026-04-14 18:04:55.484207,726898,1609507389121204,4989091201,-0.774944,0.67344,0.433344,-2.14375,0.23625,-3.78,5.136,-4.728,30.160002,none,8,3.0,134818.0,299620.0,223290.0,286488.0,232090.0
2026-04-14 18:04:55.489760,726899,1609507389130169,4989099915,-0.774944,0.67344,0.433344,-1.42625,-0.13125,-3.31625,5.136,-4.728,30.160002,none,8,3.0,134818.0,299620.0,223290.0,286488.0,232090.0
2026-04-14 18:04:55.497649,726900,1609507389139106,4989108639,-0.774944,0.67344,0.433344,-0.46375,-0.1225,-3.19375,5.136,-4.728,30.160002,none,8,3.0,134818.0,299620.0,223290.0,286488.0,232090.0
2026-04-14 18:04:55.512669,726901,1609507389153780,4989123629,-0.854976,0.67344,0.238144,-0.72625,0.02625,-3.26375,5.872,-5.112001,30.400002,none,8,3.0,134818.0,299620.0,223290.0,286488.0,232090.0
2026-04-14 18:04:55.520268,726902,1609507389162742,4989132387,-0.759328,0.667584,0.431392,-1.12,0.18375,-3.07125,5.176,-4.792,31.520002,none,8,3.0,134818.0,299620.0,223290.0,286488.0,232090.0
2026-04-14 18:04:55.557604,726913,1609507389177876,4989147313,-0.759328,0.667584,0.431392,-0.9625,0.07875,-2.93125,5.176,-4.792,31.520002,none,8,3.0,134028.0,299213.0,222187.0,286194.0,231033.0
2026-04-14 18:04:55.560305,726914,1609507389186885,4989156162,-0.74176,0.632448,0.343552,-1.04125,-0.34125,-2.24,4.952,-4.44,31.888002,none,8,3.0,134028.0,299213.0,222187.0,286194.0,231033.0
2026-04-14 18:04:55.562794,726915,1609507389195809,4989164908,-0.74176,0.632448,0.343552,-1.1375,0.13125,-2.3275,4.952,-4.44,31.888002,none,8,3.0,134028.0,299213.0,222187.0,286194.0,231033.0
2026-04-14 18:04:55.568721,726916,1609507389210470,4989179834,-0.75152,0.65392,0.415776,-1.19,0.6475,-1.8725,4.232,-4.232,32.128002,none,8,3.0,134028.0,299213.0,222187.0,286194.0,231033.0
2026-04-14 18:04:55.578645,726917,1609507389219420,4989188526,-0.75152,0.65392,0.415776,-0.30625,0.4725,-2.2925,4.232,-4.232,32.128002,none,8,3.0,134028.0,299213.0,222187.0,286194.0,231033.0
2026-04-14 18:04:55.591447,726918,1609507389234000,4989203544,-0.753472,0.648064,0.349408,-0.51625,0.28,-1.89875,5.064,-4.856,29.760002,none,8,3.0,134028.0,299213.0,222187.0,286194.0,231033.0
2026-04-14 18:04:55.621539,726919,1609507389242961,4989212225,-0.745664,0.630496,0.318176,-1.37375,0.5425,-1.54875,6.112001,-5.096,30.2,none,8,3.0,134028.0,299213.0,222187.0,286194.0,231033.0
2026-04-14 18:04:55.646538,726920,1609507389257595,4989227090,-0.745664,0.630496,0.318176,-1.6975,0.95375,-1.6975,6.112001,-5.096,30.2,none,8,3.0,134028.0,299213.0,222187.0,286194.0,231033.0
2026-04-14 18:04:55.656507,726921,1609507389266507,4989235799,-0.776896,0.622688,0.212768,-1.9775,1.085,-1.5925,5.784,-4.888,30.160002,none,8,3.0,134028.0,299213.0,222187.0,286194.0,231033.0
2026-04-14 18:04:55.690563,726932,1609507389276103,4989244585,-0.776896,0.622688,0.212768,-2.31,1.225,-0.9975,5.784,-4.888,30.160002,none,8,3.0,134025.0,298474.0,222074.0,285663.0,230964.0
2026-04-14 18:04:55.692600,726933,1609507389291051,4989259525,-0.76128,0.632448,0.2928,-1.8375,1.40875,-1.21625,6.008,-4.872,31.192001,none,8,3.0,134025.0,298474.0,222074.0,285663.0,230964.0
2026-04-14 18:04:55.694199,726934,1609507389300339,4989270297,-0.76128,0.632448,0.2928,-1.70625,1.19,-1.715,6.008,-4.872,31.192001,none,8,3.0,134025.0,298474.0,222074.0,285663.0,230964.0
2026-04-14 18:04:55.697518,726935,1609507389309466,4989279042,-0.853024,0.671488,0.267424,-1.9425,1.505,-1.8375,5.36,-4.88,31.064001,none,8,3.0,134025.0,298474.0,222074.0,285663.0,230964.0
2026-04-14 18:04:55.700127,726936,1609507389324019,4989294011,-0.847168,0.667584,0.279136,-2.625,1.82,-1.9075,5.512,-4.568,31.144001,none,8,3.0,134025.0,298474.0,222074.0,285663.0,230964.0
2026-04-14 18:04:55.700195,726937,1609507389332993,4989302726,-0.847168,0.667584,0.279136,-3.24625,2.19625,-1.4875,5.512,-4.568,31.144001,none,8,3.0,134025.0,298474.0,222074.0,285663.0,230964.0
2026-04-14 18:04:55.706347,726938,1609507389347539,4989317681,-0.753472,0.630496,0.33184,-3.185,2.1875,-1.33,5.184,-4.648,31.248001,none,8,3.0,134025.0,298474.0,222074.0,285663.0,230964.0
2026-04-14 18:04:55.716383,726939,1609507389356469,4989326364,-0.753472,0.630496,0.33184,-3.40375,2.40625,-1.5575,5.184,-4.648,31.248001,none,8,3.0,134025.0,298474.0,222074.0,285663.0,230964.0
2026-04-14 18:04:55.722686,726940,1609507389365448,4989335262,-0.759328,0.646112,0.417728,-3.45625,2.47625,-1.6275,5.808,-4.6,30.576002,none,8,3.0,134025.0,298474.0,222074.0,285663.0,230964.0
2026-04-14 18:04:55.758426,726951,1609507389380364,4989350366,-0.759328,0.646112,0.417728,-3.01,2.4675,-2.2575,5.808,-4.6,30.576002,none,8,3.0,135738.0,298717.0,223992.0,286019.0,232796.0
2026-04-14 18:04:55.762058,726952,1609507389389449,4989359091,-0.853024,0.655872,0.220576,-2.70375,2.31,-2.26625,4.696,-4.2,33.176003,none,8,3.0,135738.0,298717.0,223992.0,286019.0,232796.0
2026-04-14 18:04:55.798673,726953,1609507389403972,4989374105,-0.845216,0.669536,0.286944,-2.44125,2.555,-2.345,4.024,-4.04,32.368,none,8,3.0,135738.0,298717.0,223992.0,286019.0,232796.0
2026-04-14 18:04:55.801528,726954,1609507389412935,4989382812,-0.845216,0.669536,0.286944,-2.38,2.2225,-2.75625,4.024,-4.04,32.368,none,8,3.0,135738.0,298717.0,223992.0,286019.0,232796.0
2026-04-14 18:04:55.804032,726955,1609507389421888,4989391538,-0.845216,0.669536,0.286944,-2.51125,2.24,-2.73875,4.024,-4.04,32.368,none,8,3.0,135738.0,298717.0,223992.0,286019.0,232796.0
2026-04-14 18:04:55.806513,726956,1609507389436397,4989406414,-0.774944,0.622688,0.220576,-2.94,2.09125,-3.08,4.984,-4.656,30.920002,none,8,3.0,135738.0,298717.0,223992.0,286019.0,232796.0
2026-04-14 18:04:55.808550,726957,1609507389445340,4989415109,-0.757376,0.616832,0.279136,-3.1675,1.68,-2.96625,5.552,-4.512,31.376001,none,8,3.0,135738.0,298717.0,223992.0,286019.0,232796.0
2026-04-14 18:04:55.820265,726958,1609507389459843,4989430038,-0.757376,0.616832,0.279136,-3.07125,1.575,-3.185,5.552,-4.512,31.376001,none,8,3.0,135738.0,298717.0,223992.0,286019.0,232796.0
2026-04-14 18:04:55.827773,726959,1609507389468792,4989438756,-0.845216,0.6344,0.15616,-3.17625,1.79375,-2.8525,6.000001,-4.784,30.696001,none,8,3.0,135738.0,298717.0,223992.0,286019.0,232796.0
2026-04-14 18:04:55.857556,726970,1609507389483345,4989451789,-0.827648,0.671488,0.355264,-3.185,1.91625,-2.555,6.000001,-4.168,31.016,none,8,3.0,137229.0,299314.0,225606.0,286631.0,234319.0
2026-04-14 18:04:55.861626,726971,1609507389492806,4989462658,-0.827648,0.671488,0.355264,-2.695,1.28625,-2.68625,5.848,-4.168,31.016,none,8,3.0,137229.0,299314.0,225606.0,286631.0,234319.0
2026-04-14 18:04:55.862453,726972,1609507389501810,4989471409,-0.827648,0.671488,0.355264,-1.89875,1.1725,-2.9925,5.848,-4.168,31.016,none,8,3.0,137229.0,299314.0,225606.0,286631.0,234319.0
2026-04-14 18:04:55.875036,726973,1609507389516331,4989486317,-0.85888,0.67344,0.242048,-1.995,0.8925,-2.96625,5.144,-4.52,31.328001,none,8,3.0,137229.0,299314.0,225606.0,286631.0,234319.0
2026-04-14 18:04:55.882404,726974,1609507389525371,4989495094,-0.80032,0.628544,0.17568,-1.56625,0.83125,-3.605,5.552,-4.632,31.544,none,8,3.0,137229.0,299314.0,225606.0,286631.0,234319.0
2026-04-14 18:04:55.899920,726975,1609507389540036,4989509985,-0.80032,0.628544,0.17568,-1.82,0.98875,-3.9375,5.552,-4.632,31.544,none,8,3.0,137229.0,299314.0,225606.0,286631.0,234319.0
2026-04-14 18:04:55.907253,726976,1609507389549017,4989518709,-0.747616,0.630496,0.345504,-2.2925,0.84875,-3.56125,6.520001,-5.032,30.184002,none,8,3.0,137229.0,299314.0,225606.0,286631.0,234319.0
2026-04-14 18:04:55.917437,726977,1609507389557965,4989527402,-0.747616,0.630496,0.345504,-2.17,0.77,-3.3075,6.520001,-5.032,30.184002,none,8,3.0,137229.0,299314.0,225606.0,286631.0,234319.0
2026-04-14 18:04:55.929981,726978,1609507389572485,4989542343,-0.851072,0.659776,0.236192,-1.75,0.5775,-3.43875,6.024,-4.72,30.904001,none,8,3.0,137229.0,299314.0,225606.0,286631.0,234319.0
2026-04-14 18:04:55.960117,726989,1609507389581586,4989551448,-0.851072,0.659776,0.236192,-1.4175,0.37625,-3.17625,6.024,-4.72,30.904001,none,8,3.0,137144.0,299533.0,225404.0,286940.0,234183.0
2026-04-14 18:04:55.961004,726990,1609507389596296,4989566377,-0.853024,0.67344,0.275232,-0.86625,-0.02625,-3.185,6.392,-4.816001,31.832,none,8,3.0,137144.0,299533.0,225404.0,286940.0,234183.0
2026-04-14 18:04:55.986154,726991,1609507389605376,4989575089,-0.757376,0.64416,0.38064,-1.16375,-0.1575,-2.87875,6.248,-5.104,30.128002,none,8,3.0,137144.0,299533.0,225404.0,286940.0,234183.0
2026-04-14 18:04:56.011112,726992,1609507389614325,4989583863,-0.757376,0.64416,0.38064,-1.47875,-0.23625,-2.14375,6.248,-5.104,30.128002,none,8,3.0,137144.0,299533.0,225404.0,286940.0,234183.0
2026-04-14 18:04:56.018721,726993,1609507389628922,4989598759,-0.833504,0.67344,0.337696,-0.83125,-0.69125,-2.1,6.456,-4.8,30.224,none,8,3.0,137144.0,299533.0,225404.0,286940.0,234183.0
2026-04-14 18:04:56.021207,726994,1609507389638061,4989607500,-0.833504,0.67344,0.337696,-0.60375,-0.63875,-1.46125,6.456,-4.8,30.224,none,8,3.0,137144.0,299533.0,225404.0,286940.0,234183.0
2026-04-14 18:04:56.023633,726995,1609507389652570,4989622420,-0.745664,0.642208,0.374784,-1.155,-0.5075,-1.3125,6.424,-4.824,30.080002,none,8,3.0,137144.0,299533.0,225404.0,286940.0,234183.0
2026-04-14 18:04:56.026082,726996,1609507389661483,4989631112,-0.745664,0.642208,0.374784,-0.83125,-0.30625,-1.4,6.424,-4.824,30.080002,none,8,3.0,137144.0,299533.0,225404.0,286940.0,234183.0
2026-04-14 18:04:56.060071,727007,1609507389676251,4989646137,-0.794464,0.62464,0.21472,-0.79625,-0.42,-1.12875,5.744,-4.928001,30.920002,none,8,3.0,136325.0,298939.0,224271.0,286408.0,233155.0
2026-04-14 18:04:56.062367,727008,1609507389685272,4989654931,-0.817888,0.6344,0.158112,-0.9625,-0.35875,-0.56,5.384,-4.392,31.272001,none,8,3.0,136325.0,298939.0,224271.0,286408.0,233155.0
2026-04-14 18:04:56.063364,727009,1609507389694239,4989663632,-0.817888,0.6344,0.158112,-0.48125,-0.58625,-0.63,5.384,-4.392,31.272001,none,8,3.0,136325.0,298939.0,224271.0,286408.0,233155.0
2026-04-14 18:04:56.068895,727010,1609507389708773,4989678528,-0.774944,0.626592,0.232288,-0.1225,-0.74375,-0.88375,5.576,-5.048,31.208002,none,8,3.0,136325.0,298939.0,224271.0,286408.0,233155.0
2026-04-14 18:04:56.076070,727011,1609507389717707,4989687300,-0.774944,0.626592,0.232288,-0.30625,-1.19,-0.525,5.576,-5.048,31.208002,none,8,3.0,136325.0,298939.0,224271.0,286408.0,233155.0
2026-04-14 18:04:56.090154,727012,1609507389732325,4989702229,-0.767136,0.655872,0.396256,-0.735,-1.28625,-0.62125,5.208,-4.688,31.584002,none,8,3.0,136325.0,298939.0,224271.0,286408.0,233155.0
2026-04-14 18:04:56.101543,727013,1609507389741282,4989710926,-0.767136,0.655872,0.396256,-0.455,-1.25125,-0.8575,5.208,-4.688,31.584002,none,8,3.0,136325.0,298939.0,224271.0,286408.0,233155.0
2026-04-14 18:04:56.108512,727014,1609507389750255,4989719620,-0.843264,0.67344,0.324032,-0.595,-1.74125,-0.9275,6.344,-4.872,30.192001,none,8,3.0,136325.0,298939.0,224271.0,286408.0,233155.0
2026-04-14 18:04:56.123635,727015,1609507389764755,4989734553,-0.843264,0.669536,0.396256,-1.25125,-1.8375,-0.63875,6.344,-4.872,30.192001,none,8,3.0,136325.0,298939.0,224271.0,286408.0,233155.0
2026-04-14 18:04:56.131526,727016,1609507389773714,4989743240,-0.802272,0.669536,0.396256,-0.69125,-1.82,-1.07625,6.352,-4.8,31.072002,none,8,3.0,136325.0,298939.0,224271.0,286408.0,233155.0
2026-04-14 18:04:56.163966,727028,1609507389788415,4989758211,-0.825696,0.677344,0.353312,-0.35,-2.24,-0.7875,4.6,-4.328,32.152,none,8,3.0,133884.0,297077.0,221120.0,284679.0,230198.0
2026-04-14 18:04:56.166310,727029,1609507389797362,4989766908,-0.825696,0.677344,0.353312,-0.1925,-2.12625,-0.4025,4.6,-4.328,32.152,none,8,3.0,133884.0,297077.0,221120.0,284679.0,230198.0
2026-04-14 18:04:56.171098,727030,1609507389811988,4989781823,-0.784704,0.665632,0.407968,0.1225,-2.30125,-0.385,4.592,-4.536,31.504002,none,8,3.0,133884.0,297077.0,221120.0,284679.0,230198.0
2026-04-14 18:04:56.179010,727031,1609507389820973,4989790562,-0.784704,0.665632,0.407968,-0.21,-2.2575,-0.41125,4.592,-4.536,31.504002,none,8,3.0,133884.0,297077.0,221120.0,284679.0,230198.0
2026-04-14 18:04:56.187350,727032,1609507389829937,4989799256,-0.845216,0.675392,0.310368,-0.56,-2.40625,-0.28875,6.088,-4.976,30.448002,none,8,3.0,133884.0,297077.0,221120.0,284679.0,230198.0
2026-04-14 18:04:56.204010,727033,1609507389844414,4989814176,-0.845216,0.675392,0.310368,-0.735,-2.695,-0.41125,6.088,-4.976,30.448002,none,8,3.0,133884.0,297077.0,221120.0,284679.0,230198.0
2026-04-14 18:04:56.211552,727034,1609507389853358,4989822908,-0.81984,0.665632,0.306464,-0.42,-2.68625,-0.30625,5.776001,-5.056,32.208,none,8,3.0,133884.0,297077.0,221120.0,284679.0,230198.0
2026-04-14 18:04:56.226538,727035,1609507389867872,4989837805,-0.833504,0.638304,0.142496,-0.245,-2.975,-0.30625,5.944,-5.08,31.128002,none,8,3.0,133884.0,297077.0,221120.0,284679.0,230198.0
2026-04-14 18:04:56.261442,727046,1609507389876834,4989846934,-0.833504,0.638304,0.142496,-1.015,-2.93125,-0.35875,5.944,-5.08,31.128002,none,8,3.0,130834.0,294819.0,217299.0,282565.0,226570.0
2026-04-14 18:04:56.263927,727047,1609507389891449,4989859861,-0.841312,0.648064,0.199104,-0.6825,-3.255,-0.6475,6.048,-5.456,30.256,none,8,3.0,130834.0,294819.0,217299.0,282565.0,226570.0
2026-04-14 18:04:56.266490,727048,1609507389900891,4989870656,-0.841312,0.648064,0.199104,-0.0875,-3.08,-0.8925,6.048,-5.456,30.256,none,8,3.0,130834.0,294819.0,217299.0,282565.0,226570.0
2026-04-14 18:04:56.268436,727049,1609507389909958,4989879340,-0.755424,0.638304,0.320128,0.0525,-3.08,-0.98875,5.128,-5.36,30.488,none,8,3.0,130834.0,294819.0,217299.0,282565.0,226570.0
2026-04-14 18:04:56.282778,727050,1609507389924470,4989894290,-0.755424,0.638304,0.320128,0.41125,-3.05375,-1.05875,5.128,-5.36,30.488,none,8,3.0,130834.0,294819.0,217299.0,282565.0,226570.0
2026-04-14 18:04:56.292417,727051,1609507389933408,4989903021,-0.747616,0.640256,0.308416,1.225,-2.695,-1.155,5.976,-4.976,29.096,none,8,3.0,130834.0,294819.0,217299.0,282565.0,226570.0
2026-04-14 18:04:56.307732,727052,1609507389947891,4989917904,-0.851072,0.675392,0.26352,0.42875,-2.205,-1.715,6.136,-5.480001,30.552002,none,8,3.0,130834.0,294819.0,217299.0,282565.0,226570.0
2026-04-14 18:04:56.316528,727053,1609507389956848,4989926618,-0.851072,0.675392,0.26352,-1.18125,-2.0825,-1.575,6.136,-5.480001,30.552002,none,8,3.0,130834.0,294819.0,217299.0,282565.0,226570.0
2026-04-14 18:04:56.324911,727054,1609507389965790,4989935328,-0.851072,0.675392,0.203008,-0.84875,-1.9775,-1.19,6.136,-5.480001,30.552002,none,8,3.0,130834.0,294819.0,217299.0,282565.0,226570.0
2026-04-14 18:04:56.458611,727065,1609507389980358,4989950296,-0.854976,0.66368,0.203008,-1.0325,-1.9425,-0.84,5.56,-5.76,29.800001,none,8,3.0,128276.0,293643.0,214078.0,281424.0,223508.0
2026-04-14 18:04:56.461246,727066,1609507389989332,4989959066,-0.815936,0.685152,0.357216,-1.14625,-2.09125,-0.77,5.92,-5.28,30.088001,none,8,3.0,128276.0,293643.0,214078.0,281424.0,223508.0
2026-04-14 18:04:56.463622,727067,1609507390003827,4989973990,-0.815936,0.685152,0.357216,-1.07625,-1.89,-0.9975,5.92,-5.28,30.088001,none,8,3.0,128276.0,293643.0,214078.0,281424.0,223508.0
2026-04-14 18:04:56.465974,727068,1609507390012928,4989982716,-0.74176,0.661728,0.398208,-1.16375,-1.6975,-1.19,5.92,-5.168,30.352001,none,8,3.0,128276.0,293643.0,214078.0,281424.0,223508.0
2026-04-14 18:04:56.468657,727069,1609507390021830,4989991385,-0.74176,0.661728,0.398208,-1.7325,-1.365,-1.42625,5.92,-5.168,30.352001,none,8,3.0,128276.0,293643.0,214078.0,281424.0,223508.0
2026-04-14 18:04:56.471216,727070,1609507390036496,4990006265,-0.74176,0.650016,0.359168,-1.89,-1.58375,-1.505,5.8,-5.568,30.216002,none,8,3.0,128276.0,293643.0,214078.0,281424.0,223508.0
2026-04-14 18:04:56.473763,727071,1609507390045432,4990014954,-0.74176,0.650016,0.359168,-1.49625,-1.07625,-1.9775,5.8,-5.568,30.216002,none,8,3.0,128276.0,293643.0,214078.0,281424.0,223508.0
2026-04-14 18:04:56.476260,727072,1609507390059946,4990029877,-0.825696,0.691008,0.343552,-1.8375,-1.14625,-1.9425,5.568,-5.136,31.704002,none,8,3.0,128276.0,293643.0,214078.0,281424.0,223508.0
2026-04-14 18:04:56.478694,727073,1609507390068977,4990038601,-0.749568,0.675392,0.423584,-1.9425,-1.155,-1.84625,5.624,-5.2,31.504002,none,8,3.0,128276.0,293643.0,214078.0,281424.0,223508.0
2026-04-14 18:04:56.508934,727084,1609507390083689,4990053556,-0.749568,0.675392,0.423584,-1.8725,-0.74375,-2.14375,5.624,-5.2,31.504002,none,8,3.0,126954.0,293231.0,212444.0,281059.0,222027.0
2026-04-14 18:04:56.513370,727085,1609507390092614,4990062253,-0.737856,0.648064,0.300608,-2.135,-0.2625,-2.1175,4.928001,-5.128,31.376001,none,8,3.0,126954.0,293231.0,212444.0,281059.0,222027.0
2026-04-14 18:04:56.513889,727086,1609507390101694,4990070960,-0.737856,0.648064,0.300608,-2.54625,-0.63,-2.5725,4.928001,-5.128,31.376001,none,8,3.0,126954.0,293231.0,212444.0,281059.0,222027.0
2026-04-14 18:04:56.517489,727087,1609507390116349,4990085989,-0.794464,0.65392,0.22448,-2.61625,-0.39375,-2.8175,4.896,-5.288,31.568,none,8,3.0,126954.0,293231.0,212444.0,281059.0,222027.0
2026-04-14 18:04:56.519397,727088,1609507390125343,4990094753,-0.794464,0.65392,0.22448,-2.695,-0.665,-3.045,4.896,-5.288,31.568,none,8,3.0,126954.0,293231.0,212444.0,281059.0,222027.0
2026-04-14 18:04:56.520835,727089,1609507390139917,4990109708,-0.821792,0.689056,0.345504,-2.905,-0.9975,-2.96625,4.72,-5.168,29.176,none,8,3.0,126954.0,293231.0,212444.0,281059.0,222027.0
2026-04-14 18:04:56.523584,727090,1609507390148980,4990118451,-0.81008,0.648064,0.181536,-2.70375,-0.98,-2.31875,4.664,-5.048,32.872,none,8,3.0,126954.0,293231.0,212444.0,281059.0,222027.0
2026-04-14 18:04:56.527219,727091,1609507390157963,4990127140,-0.81008,0.648064,0.181536,-2.03,-0.97125,-2.3975,4.664,-5.048,32.872,none,8,3.0,126954.0,293231.0,212444.0,281059.0,222027.0
2026-04-14 18:04:56.532288,727092,1609507390172481,4990142093,-0.76128,0.665632,0.40016,-1.4525,-0.86625,-2.135,4.12,-4.992,32.496002,none,8,3.0,126954.0,293231.0,212444.0,281059.0,222027.0
2026-04-14 18:04:56.561226,727103,1609507390181542,4990150917,-0.76128,0.665632,0.40016,-0.63,-1.54,-2.415,4.12,-4.992,32.496002,none,8,3.0,124614.0,291611.0,209371.0,279646.0,219059.0
2026-04-14 18:04:56.563684,727104,1609507390196165,4990165953,-0.81008,0.64416,0.160064,0.69125,-1.75875,-2.2925,3.832,-4.968,31.952002,none,8,3.0,124614.0,291611.0,209371.0,279646.0,219059.0
2026-04-14 18:04:56.566118,727105,1609507390205106,4990174638,-0.81008,0.64416,0.160064,0.84,-2.135,-1.96875,3.832,-4.968,31.952002,none,8,3.0,124614.0,291611.0,209371.0,279646.0,219059.0
2026-04-14 18:04:56.577486,727106,1609507390219628,4990189589,-0.755424,0.650016,0.345504,0.77875,-2.72125,-2.09125,4.264,-5.224001,31.448002,none,8,3.0,124614.0,291611.0,209371.0,279646.0,219059.0
2026-04-14 18:04:56.586228,727107,1609507390228568,4990198285,-0.74176,0.648064,0.382592,1.12,-3.01,-1.8375,5.672,-5.2,30.128002,none,8,3.0,124614.0,291611.0,209371.0,279646.0,219059.0
2026-04-14 18:04:56.596226,727108,1609507390237613,4990206977,-0.74176,0.648064,0.382592,0.69125,-3.08875,-0.6825,5.672,-5.2,30.128002,none,8,3.0,124614.0,291611.0,209371.0,279646.0,219059.0
2026-04-14 18:04:56.618211,727109,1609507390252125,4990221884,-0.74176,0.636352,0.318176,0.35,-2.59875,-0.7175,5.632,-5.608,30.312002,none,8,3.0,124614.0,291611.0,209371.0,279646.0,219059.0
2026-04-14 18:04:56.618725,727110,1609507390261069,4990230597,-0.74176,0.636352,0.318176,0.805,-1.785,-0.945,5.632,-5.608,30.312002,none,8,3.0,124614.0,291611.0,209371.0,279646.0,219059.0
2026-04-14 18:04:56.633594,727111,1609507390275550,4990245500,-0.755424,0.650016,0.343552,1.4,-1.575,-0.98875,4.928001,-5.032,30.160002,none,8,3.0,124614.0,291611.0,209371.0,279646.0,219059.0
2026-04-14 18:04:56.661225,727122,1609507390284696,4990254320,-0.755424,0.650016,0.343552,1.19875,-0.8925,-0.76125,4.928001,-5.032,30.160002,none,8,3.0,119128.0,288128.0,202582.0,276403.0,212470.0
2026-04-14 18:04:56.663733,727123,1609507390293693,4990263079,-0.749568,0.632448,0.320128,0.74375,-0.245,-0.3325,4.84,-5.576,30.208002,none,8,3.0,119128.0,288128.0,202582.0,276403.0,212470.0
2026-04-14 18:04:56.666582,727124,1609507390308218,4990278216,-0.749568,0.677344,0.363072,-0.0175,-0.30625,-0.70875,4.84,-5.576,30.208002,none,8,3.0,119128.0,288128.0,202582.0,276403.0,212470.0
2026-04-14 18:04:56.674714,727125,1609507390317190,4990286926,-0.794464,0.677344,0.363072,0.95375,0.14875,-0.67375,5.384,-5.808,30.272001,none,8,3.0,119128.0,288128.0,202582.0,276403.0,212470.0
2026-04-14 18:04:56.691326,727126,1609507390331709,4990301812,-0.84912,0.681248,0.167872,1.82,0.30625,-1.225,5.488,-6.184001,30.800001,none,8,3.0,119128.0,288128.0,202582.0,276403.0,212470.0
2026-04-14 18:04:56.741388,727127,1609507390340669,4990310553,-0.84912,0.681248,0.167872,1.56625,1.155,-1.58375,5.488,-6.184001,30.800001,none,8,3.0,119128.0,288128.0,202582.0,276403.0,212470.0
2026-04-14 18:04:56.744097,727128,1609507390355148,4990325435,-0.84912,0.681248,0.206912,0.41125,0.93625,-0.90125,5.728,-5.84,30.672,none,8,3.0,119128.0,288128.0,202582.0,276403.0,212470.0
2026-04-14 18:04:56.745885,727129,1609507390364058,4990334182,-0.84912,0.681248,0.206912,-1.505,1.2425,-1.575,5.728,-5.84,30.672,none,8,3.0,119128.0,288128.0,202582.0,276403.0,212470.0
2026-04-14 18:04:56.748988,727130,1609507390373046,4990342866,-0.827648,0.655872,0.1952,-3.17625,1.26875,-2.00375,5.576,-5.672,30.28,none,8,3.0,119128.0,288128.0,202582.0,276403.0,212470.0
2026-04-14 18:04:56.776212,727141,1609507390387628,4990356016,-0.827648,0.655872,0.1952,-3.43,1.295,-1.33,5.576,-5.672,30.28,none,8,3.0,117843.0,287219.0,200862.0,275538.0,210880.0
2026-04-14 18:04:56.778543,727142,1609507390396942,4990366876,-0.79056,0.665632,0.335744,-3.36875,1.33,-1.39125,5.544,-5.672,31.064001,none,8,3.0,117843.0,287219.0,200862.0,275538.0,210880.0
2026-04-14 18:04:56.781552,727143,1609507390411473,4990381823,-0.853024,0.689056,0.244,-2.66,1.4875,-1.32125,5.584,-5.288,30.560001,none,8,3.0,117843.0,287219.0,200862.0,275538.0,210880.0
2026-04-14 18:04:56.784040,727144,1609507390420593,4990390514,-0.853024,0.689056,0.244,-2.2575,1.44375,-1.015,5.584,-5.288,30.560001,none,8,3.0,117843.0,287219.0,200862.0,275538.0,210880.0
2026-04-14 18:04:56.787780,727145,1609507390429622,4990399302,-0.763232,0.638304,0.216672,-2.16125,1.155,-1.14625,5.736,-5.848,30.784002,none,8,3.0,117843.0,287219.0,200862.0,275538.0,210880.0
2026-04-14 18:04:56.805180,727146,1609507390444141,4990414194,-0.763232,0.638304,0.216672,-2.625,0.7875,-1.23375,5.736,-5.848,30.784002,none,8,3.0,117843.0,287219.0,200862.0,275538.0,210880.0
2026-04-14 18:04:56.811375,727147,1609507390453147,4990422892,-0.83936,0.671488,0.21472,-2.63375,0.77875,-1.225,4.992,-5.176,31.704002,none,8,3.0,117843.0,287219.0,200862.0,275538.0,210880.0
2026-04-14 18:04:56.827625,727148,1609507390467645,4990437781,-0.83936,0.671488,0.21472,-2.28375,0.9975,-0.875,4.992,-5.176,31.704002,none,8,3.0,117843.0,287219.0,200862.0,275538.0,210880.0
2026-04-14 18:04:56.835248,727149,1609507390476593,4990446536,-0.778848,0.638304,0.1952,-2.21375,0.62125,-1.07625,5.024,-5.136,30.680002,none,8,3.0,117843.0,287219.0,200862.0,275538.0,210880.0
2026-04-14 18:04:56.863458,727160,1609507390491226,4990461505,-0.837408,0.657824,0.142496,-2.5375,0.60375,-0.77,4.968,-5.520001,31.504002,none,8,3.0,118496.0,287477.0,201519.0,275803.0,211588.0
2026-04-14 18:04:56.866055,727161,1609507390500166,4990470248,-0.837408,0.657824,0.142496,-2.63375,0.28,-0.945,4.968,-5.520001,31.504002,none,8,3.0,118496.0,287477.0,201519.0,275803.0,211588.0
2026-04-14 18:04:56.869145,727162,1609507390509145,4990478981,-0.837408,0.657824,0.142496,-3.1325,0.21,-1.16375,4.968,-5.520001,31.504002,none,8,3.0,118496.0,287477.0,201519.0,275803.0,211588.0
2026-04-14 18:04:56.883717,727163,1609507390523682,4990493907,-0.851072,0.67344,0.189344,-3.0275,0.04375,-1.60125,4.944,-5.456,31.688002,none,8,3.0,118496.0,287477.0,201519.0,275803.0,211588.0
2026-04-14 18:04:56.891099,727164,1609507390532622,4990502736,-0.853024,0.685152,0.21472,-2.54625,-0.28,-1.53125,5.776001,-5.576,31.448002,none,8,3.0,118496.0,287477.0,201519.0,275803.0,211588.0
2026-04-14 18:04:56.904003,727165,1609507390547162,4990515622,-0.853024,0.685152,0.21472,-2.1175,-0.44625,-1.65375,5.776001,-5.576,31.448002,none,8,3.0,118496.0,287477.0,201519.0,275803.0,211588.0
2026-04-14 18:04:56.916403,727166,1609507390556477,4990526387,-0.827648,0.685152,0.308416,-2.5375,-0.0875,-2.345,5.088,-5.28,31.36,none,8,3.0,118496.0,287477.0,201519.0,275803.0,211588.0
2026-04-14 18:04:56.923884,727167,1609507390565422,4990535099,-0.827648,0.685152,0.308416,-2.84375,0.2975,-2.5375,5.088,-5.28,31.36,none,8,3.0,118496.0,287477.0,201519.0,275803.0,211588.0
2026-04-14 18:04:56.938557,727168,1609507390579949,4990549975,-0.835456,0.677344,0.261568,-3.29,0.175,-2.6775,5.752,-5.424,30.704002,none,8,3.0,118496.0,287477.0,201519.0,275803.0,211588.0
2026-04-14 18:04:56.966493,727179,1609507390589009,4990558794,-0.835456,0.677344,0.261568,-3.14125,0.06125,-2.5375,5.752,-5.424,30.704002,none,8,3.0,118473.0,287375.0,201423.0,275657.0,211540.0
2026-04-14 18:04:56.969024,727180,1609507390603677,4990573816,-0.753472,0.67344,0.415776,-3.0275,0.3675,-2.7125,4.024,-5.384,29.616001,none,8,3.0,118473.0,287375.0,201423.0,275657.0,211540.0
2026-04-14 18:04:56.971153,727181,1609507390612625,4990582527,-0.76128,0.679296,0.421632,-2.66,0.805,-3.10625,4.912,-5.392,31.712002,none,8,3.0,118473.0,287375.0,201423.0,275657.0,211540.0
2026-04-14 18:04:56.988372,727182,1609507390627209,4990597467,-0.76128,0.679296,0.421632,-3.24625,1.0325,-2.65125,4.912,-5.392,31.712002,none,8,3.0,118473.0,287375.0,201423.0,275657.0,211540.0
2026-04-14 18:04:56.995854,727183,1609507390636181,4990606152,-0.765184,0.677344,0.413824,-3.7275,1.19875,-2.3275,5.872,-5.704001,31.160002,none,8,3.0,118473.0,287375.0,201423.0,275657.0,211540.0
2026-04-14 18:04:57.002119,727184,1609507390645112,4990614878,-0.765184,0.677344,0.413824,-3.77125,1.155,-1.8725,5.872,-5.704001,31.160002,none,8,3.0,118473.0,287375.0,201423.0,275657.0,211540.0
2026-04-14 18:04:57.018862,727185,1609507390659640,4990629782,-0.753472,0.669536,0.411872,-3.7275,1.44375,-1.89875,5.136,-5.616,31.568,none,8,3.0,118473.0,287375.0,201423.0,275657.0,211540.0
2026-04-14 18:04:57.027425,727186,1609507390668578,4990638503,-0.753472,0.669536,0.411872,-3.325,1.4,-1.46125,5.136,-5.616,31.568,none,8,3.0,118473.0,287375.0,201423.0,275657.0,211540.0
2026-04-14 18:04:57.143587,727197,1609507390683257,4990653732,-0.739808,0.66368,0.3904,-2.89625,1.32125,-1.5225,4.8,-5.376,31.392002,none,8,3.0,120044.0,288175.0,203133.0,276285.0,213276.0
2026-04-14 18:04:57.146553,727198,1609507390692332,4990662462,-0.821792,0.679296,0.257664,-2.94,1.28625,-1.575,5.496,-5.520001,28.464,none,8,3.0,120044.0,288175.0,203133.0,276285.0,213276.0
2026-04-14 18:04:57.148595,727199,1609507390701248,4990671225,-0.821792,0.679296,0.257664,-2.8,1.28625,-1.77625,5.496,-5.520001,28.464,none,8,3.0,120044.0,288175.0,203133.0,276285.0,213276.0
2026-04-14 18:04:57.151164,727200,1609507390715787,4990686150,-0.825696,0.659776,0.158112,-2.9925,1.32125,-2.03875,6.056,-5.696,30.472002,none,8,3.0,120044.0,288175.0,203133.0,276285.0,213276.0
2026-04-14 18:04:57.153537,727201,1609507390724717,4990694818,-0.825696,0.659776,0.158112,-2.58125,1.19875,-2.02125,6.056,-5.696,30.472002,none,8,3.0,120044.0,288175.0,203133.0,276285.0,213276.0
2026-04-14 18:04:57.156499,727202,1609507390739233,4990707671,-0.815936,0.665632,0.203008,-2.23125,1.07625,-2.0825,5.832,-5.736,30.568,none,8,3.0,120044.0,288175.0,203133.0,276285.0,213276.0
2026-04-14 18:04:57.158650,727203,1609507390748503,4990718463,-0.815936,0.665632,0.203008,-1.715,0.805,-2.03875,5.832,-5.736,30.568,none,8,3.0,120044.0,288175.0,203133.0,276285.0,213276.0
2026-04-14 18:04:57.161551,727204,1609507390763027,4990731430,-0.788608,0.691008,0.38064,-1.81125,0.42,-2.03,5.768,-5.352,30.480001,none,8,3.0,120044.0,288175.0,203133.0,276285.0,213276.0
2026-04-14 18:04:57.163518,727205,1609507390772265,4990742228,-0.763232,0.638304,0.218624,-2.2225,0.34125,-1.8025,5.856,-5.88,29.656002,none,8,3.0,120044.0,288175.0,203133.0,276285.0,213276.0
2026-04-14 18:04:57.166510,727206,1609507390781248,4990750954,-0.763232,0.638304,0.218624,-1.86375,0.4725,-2.02125,5.856,-5.88,29.656002,none,8,3.0,120044.0,288175.0,203133.0,276285.0,213276.0
2026-04-14 18:04:57.193477,727217,1609507390795950,4990765931,-0.79056,0.646112,0.179584,-1.82,0.42,-1.785,6.072001,-5.712,30.2,none,8,3.0,120142.0,288055.0,203124.0,276051.0,213268.0
2026-04-14 18:04:57.207071,727218,1609507390804941,4990774629,-0.79056,0.646112,0.179584,-1.5225,0.105,-1.715,6.072001,-5.712,30.2,none,8,3.0,120142.0,288055.0,203124.0,276051.0,213268.0
2026-04-14 18:04:57.207276,727219,1609507390819638,4990789670,-0.84912,0.6832,0.228384,-1.53125,-0.34125,-1.58375,5.864,-6.064,30.056002,none,8,3.0,120142.0,288055.0,203124.0,276051.0,213268.0
2026-04-14 18:04:57.207798,727220,1609507390828678,4990798395,-0.84912,0.6832,0.228384,-1.3125,0.18375,-1.5225,5.864,-6.064,30.056002,none,8,3.0,120142.0,288055.0,203124.0,276051.0,213268.0
2026-04-14 18:04:57.208064,727221,1609507390837610,4990807090,-0.765184,0.636352,0.203008,-1.40875,0.21875,-1.39125,5.896,-5.784,31.472002,none,8,3.0,120142.0,288055.0,203124.0,276051.0,213268.0
2026-04-14 18:04:57.211122,727222,1609507390852247,4990822141,-0.851072,0.679296,0.183488,-1.2425,0.00875,-1.11125,5.024,-5.216,29.808,none,8,3.0,120142.0,288055.0,203124.0,276051.0,213268.0
2026-04-14 18:04:57.218609,727223,1609507390861210,4990830871,-0.851072,0.679296,0.183488,-0.56875,0.315,-1.1025,5.024,-5.216,29.808,none,8,3.0,120142.0,288055.0,203124.0,276051.0,213268.0
2026-04-14 18:04:57.233692,727224,1609507390875726,4990845766,-0.823744,0.667584,0.1952,-0.4725,0.46375,-1.28625,5.008,-5.872,30.424002,none,8,3.0,120142.0,288055.0,203124.0,276051.0,213268.0
2026-04-14 18:04:57.266224,727235,1609507390885075,4990854718,-0.823744,0.667584,0.1952,-0.9625,0.39375,-1.12,5.008,-5.872,30.424002,none,8,3.0,119468.0,287209.0,202246.0,275183.0,212478.0
2026-04-14 18:04:57.268750,727236,1609507390894278,4990863524,-0.833504,0.66368,0.16592,-0.9625,0.62125,-0.93625,5.12,-5.416,31.528002,none,8,3.0,119468.0,287209.0,202246.0,275183.0,212478.0
2026-04-14 18:04:57.273035,727237,1609507390908755,4990878558,-0.833504,0.66368,0.16592,-0.81375,0.67375,-0.46375,5.12,-5.416,31.528002,none,8,3.0,119468.0,287209.0,202246.0,275183.0,212478.0
2026-04-14 18:04:57.276020,727238,1609507390917703,4990887233,-0.804224,0.650016,0.158112,-0.805,0.7525,-0.21,5.096,-5.616,32.064003,none,8,3.0,119468.0,287209.0,202246.0,275183.0,212478.0
2026-04-14 18:04:57.289847,727239,1609507390932208,4990902147,-0.804224,0.67344,0.177632,-0.70875,0.8225,0.105,5.096,-5.616,32.064003,none,8,3.0,119468.0,287209.0,202246.0,275183.0,212478.0
2026-04-14 18:04:57.299818,727240,1609507390941152,4990910877,-0.843264,0.67344,0.177632,-0.49,0.97125,0.735,5.648,-5.616,30.968002,none,8,3.0,119468.0,287209.0,202246.0,275183.0,212478.0
2026-04-14 18:04:57.308482,727241,1609507390950181,4990919567,-0.843264,0.67344,0.177632,-0.84,1.19875,0.70875,5.648,-5.616,30.968002,none,8,3.0,119468.0,287209.0,202246.0,275183.0,212478.0
2026-04-14 18:04:57.324832,727242,1609507390964700,4990934499,-0.827648,0.667584,0.181536,-1.3475,1.23375,0.91875,4.96,-5.448,30.704002,none,8,3.0,119468.0,287209.0,202246.0,275183.0,212478.0
2026-04-14 18:04:57.331226,727243,1609507390973766,4990943262,-0.821792,0.69296,0.30256,-1.75,1.46125,1.40875,6.064,-5.968,30.672,none,8,3.0,119468.0,287209.0,202246.0,275183.0,212478.0
2026-04-14 18:04:57.369660,727254,1609507390988490,4990958231,-0.821792,0.69296,0.30256,-1.26,1.75,1.86375,6.064,-5.968,30.672,none,8,3.0,120521.0,286781.0,203471.0,274720.0,213826.0
2026-04-14 18:04:57.374478,727255,1609507390997508,4990967053,-0.823744,0.696864,0.294752,-1.46125,1.53125,1.9075,5.824,-5.904,30.480001,none,8,3.0,120521.0,286781.0,203471.0,274720.0,213826.0
2026-04-14 18:04:57.374860,727256,1609507391012032,4990982012,-0.823744,0.696864,0.294752,-1.89,1.44375,2.0825,5.824,-5.904,30.480001,none,8,3.0,120521.0,286781.0,203471.0,274720.0,213826.0
2026-04-14 18:04:57.381073,727257,1609507391020951,4990990707,-0.794464,0.64416,0.148352,-2.54625,1.84625,2.26625,5.736,-5.848,32.208,none,8,3.0,120521.0,286781.0,203471.0,274720.0,213826.0
2026-04-14 18:04:57.387355,727258,1609507391029877,4990999439,-0.794464,0.64416,0.148352,-3.45625,1.9425,2.6425,5.736,-5.848,32.208,none,8,3.0,120521.0,286781.0,203471.0,274720.0,213826.0
2026-04-14 18:04:57.403653,727259,1609507391044446,4991014487,-0.813984,0.661728,0.150304,-2.695,1.8375,2.54625,5.928001,-5.832,31.776001,none,8,3.0,120521.0,286781.0,203471.0,274720.0,213826.0
2026-04-14 18:04:57.412475,727260,1609507391053431,4991023200,-0.769088,0.648064,0.203008,-2.1175,1.4525,2.4675,5.928001,-5.744,30.824001,none,8,3.0,120521.0,286781.0,203471.0,274720.0,213826.0
2026-04-14 18:04:57.427443,727261,1609507391067910,4991038082,-0.769088,0.648064,0.203008,-2.54625,1.4525,2.31875,5.272,-5.744,30.824001,none,8,3.0,120521.0,286781.0,203471.0,274720.0,213826.0
2026-04-14 18:04:57.460704,727262,1609507391076844,4991046823,-0.769088,0.646112,0.189344,-2.58125,1.40875,2.6075,5.536,-6.048,30.576002,none,8,3.0,120521.0,286781.0,203471.0,274720.0,213826.0
2026-04-14 18:04:57.509893,727273,1609507391091680,4991060077,-0.769088,0.646112,0.189344,-1.60125,1.4175,2.5025,5.536,-6.048,30.576002,none,8,3.0,123041.0,286790.0,206416.0,274731.0,216730.0
2026-04-14 18:04:57.512817,727274,1609507391101204,4991070862,-0.755424,0.681248,0.384544,-0.95375,1.0675,2.555,5.144,-5.736,31.880001,none,8,3.0,123041.0,286790.0,206416.0,274731.0,216730.0
2026-04-14 18:04:57.517755,727275,1609507391110173,4991079647,-0.755424,0.681248,0.384544,-0.6475,0.84875,2.8,5.144,-5.736,31.880001,none,8,3.0,123041.0,286790.0,206416.0,274731.0,216730.0
2026-04-14 18:04:57.519880,727276,1609507391124699,4991094536,-0.730048,0.669536,0.353312,-0.13125,0.9275,2.9225,5.04,-5.736,32.576,none,8,3.0,123041.0,286790.0,206416.0,274731.0,216730.0
2026-04-14 18:04:57.522714,727277,1609507391133626,4991103269,-0.730048,0.667584,0.140544,0.3675,0.6475,3.00125,5.04,-5.736,32.576,none,8,3.0,123041.0,286790.0,206416.0,274731.0,216730.0
2026-04-14 18:04:57.524896,727278,1609507391148141,4991118264,-0.821792,0.667584,0.140544,-0.5425,0.55125,2.75625,4.656,-5.672,32.184002,none,8,3.0,123041.0,286790.0,206416.0,274731.0,216730.0
2026-04-14 18:04:57.527771,727279,1609507391157076,4991127094,-0.778848,0.66368,0.218624,-0.4375,0.84875,3.12375,4.488,-5.6,32.72,none,8,3.0,123041.0,286790.0,206416.0,274731.0,216730.0
2026-04-14 18:04:57.530285,727280,1609507391166010,4991135788,-0.778848,0.66368,0.218624,-0.20125,0.875,3.3075,4.488,-5.6,32.72,none,8,3.0,123041.0,286790.0,206416.0,274731.0,216730.0
2026-04-14 18:04:57.539002,727281,1609507391180593,4991150861,-0.77104,0.698816,0.386496,-0.41125,0.5075,3.2375,4.872,-5.928001,31.36,none,8,3.0,123041.0,286790.0,206416.0,274731.0,216730.0
2026-04-14 18:04:57.572742,727292,1609507391189659,4991159639,-0.77104,0.698816,0.386496,0.455,0.14875,3.535,4.872,-5.928001,31.36,none,8,3.0,123636.0,285904.0,206888.0,273838.0,217307.0
2026-04-14 18:04:57.574676,727293,1609507391204316,4991174601,-0.739808,0.679296,0.365024,0.56875,0.21,3.07125,4.976,-5.968,31.568,none,8,3.0,123636.0,285904.0,206888.0,273838.0,217307.0
2026-04-14 18:04:57.577673,727294,1609507391213384,4991183326,-0.739808,0.679296,0.365024,0.88375,0.46375,2.86125,4.976,-5.968,31.568,none,8,3.0,123636.0,285904.0,206888.0,273838.0,217307.0
2026-04-14 18:04:57.580168,727295,1609507391222454,4991192075,-0.726144,0.667584,0.314272,1.0325,0.315,3.185,4.968,-6.24,32.152,none,8,3.0,123636.0,285904.0,206888.0,273838.0,217307.0
2026-04-14 18:04:57.595174,727296,1609507391236961,4991206967,-0.726144,0.667584,0.294752,0.6125,0.55125,3.045,5.592001,-5.944,31.760002,none,8,3.0,123636.0,285904.0,206888.0,273838.0,217307.0
2026-04-14 18:04:57.605266,727297,1609507391245941,4991215644,-0.726144,0.667584,0.294752,0.34125,0.07,3.10625,5.592001,-5.944,31.760002,none,8,3.0,123636.0,285904.0,206888.0,273838.0,217307.0
2026-04-14 18:04:57.619017,727298,1609507391260459,4991230661,-0.81984,0.6832,0.132736,0.5075,0.06125,3.325,5.296001,-6.584,30.488,none,8,3.0,123636.0,285904.0,206888.0,273838.0,217307.0
2026-04-14 18:04:57.628929,727299,1609507391269400,4991239356,-0.81984,0.6832,0.132736,1.015,0.11375,2.9575,5.296001,-6.584,30.488,none,8,3.0,123636.0,285904.0,206888.0,273838.0,217307.0
2026-04-14 18:04:57.672631,727310,1609507391283931,4991254721,-0.796416,0.67344,0.142496,1.155,-0.1925,3.22,5.864,-6.368001,30.304,none,8,3.0,122645.0,284716.0,205583.0,272656.0,216121.0
2026-04-14 18:04:57.674709,727311,1609507391292974,4991261390,-0.796416,0.67344,0.142496,0.8225,-0.21875,3.29,5.864,-6.368001,30.304,none,8,3.0,122645.0,284716.0,205583.0,272656.0,216121.0
2026-04-14 18:04:57.677655,727312,1609507391302381,4991272246,-0.825696,0.714432,0.23424,0.7,-0.37625,3.78875,5.992,-6.64,30.432001,none,8,3.0,122645.0,284716.0,205583.0,272656.0,216121.0
2026-04-14 18:04:57.679736,727313,1609507391317032,4991287260,-0.76128,0.708576,0.376736,1.0325,-0.28875,3.3425,5.952,-6.792,30.592001,none,8,3.0,122645.0,284716.0,205583.0,272656.0,216121.0
2026-04-14 18:04:57.707319,727314,1609507391326089,4991295987,-0.76128,0.708576,0.376736,1.015,-0.315,3.47375,5.952,-6.792,30.592001,none,8,3.0,122645.0,284716.0,205583.0,272656.0,216121.0
2026-04-14 18:04:57.709986,727315,1609507391335069,4991304679,-0.732,0.69296,0.37088,0.56,-0.23625,3.43,5.952,-6.792,31.160002,none,8,3.0,122645.0,284716.0,205583.0,272656.0,216121.0
2026-04-14 18:04:57.712616,727316,1609507391349530,4991319675,-0.732,0.69296,0.37088,0.70875,-0.3325,3.73625,6.064,-6.496,31.160002,none,8,3.0,122645.0,284716.0,205583.0,272656.0,216121.0
2026-04-14 18:04:57.717498,727317,1609507391358576,4991328430,-0.81008,0.69296,0.11712,1.155,-0.84875,3.71875,6.048,-7.04,30.680002,none,8,3.0,122645.0,284716.0,205583.0,272656.0,216121.0
2026-04-14 18:04:57.731530,727318,1609507391373079,4991343325,-0.81008,0.69296,0.11712,1.54875,-0.70875,3.63125,6.048,-7.04,30.680002,none,8,3.0,122645.0,284716.0,205583.0,272656.0,216121.0
2026-04-14 18:04:57.741757,727319,1609507391382139,4991352019,-0.735904,0.71248,0.388448,1.77625,-0.93625,3.815,5.960001,-7.008,30.688002,none,8,3.0,122645.0,284716.0,205583.0,272656.0,216121.0
2026-04-14 18:04:57.770990,727330,1609507391396708,4991367001,-0.80032,0.724192,0.28304,1.2775,-0.4375,4.095,5.0,-6.536,31.088001,none,8,3.0,121919.0,283694.0,204581.0,271637.0,215264.0
2026-04-14 18:04:57.773914,727331,1609507391405677,4991375913,-0.80032,0.724192,0.28304,1.085,-1.02375,4.33125,5.0,-6.536,31.088001,none,8,3.0,121919.0,283694.0,204581.0,271637.0,215264.0
2026-04-14 18:04:57.776081,727332,1609507391414655,4991384628,-0.80032,0.724192,0.28304,1.085,-1.07625,3.87625,5.0,-6.536,31.088001,none,8,3.0,121919.0,283694.0,204581.0,271637.0,215264.0
2026-04-14 18:04:57.788528,727333,1609507391429178,4991399528,-0.769088,0.72224,0.339648,1.33875,-1.4175,3.82375,4.832,-6.888001,30.896002,none,8,3.0,121919.0,283694.0,204581.0,271637.0,215264.0
2026-04-14 18:04:57.796560,727334,1609507391438086,4991408267,-0.724192,0.70272,0.320128,1.46125,-1.60125,3.85,5.208,-6.72,31.608002,none,8,3.0,121919.0,283694.0,204581.0,271637.0,215264.0
2026-04-14 18:04:57.824919,727335,1609507391452640,4991421122,-0.724192,0.70272,0.320128,1.575,-1.86375,4.1825,5.208,-6.72,31.608002,none,8,3.0,121919.0,283694.0,204581.0,271637.0,215264.0
2026-04-14 18:04:57.827790,727336,1609507391461948,4991431887,-0.724192,0.716384,0.382592,1.82875,-1.91625,3.96375,4.824,-6.928001,30.800001,none,8,3.0,121919.0,283694.0,204581.0,271637.0,215264.0
2026-04-14 18:04:57.853849,727337,1609507391470910,4991440581,-0.724192,0.716384,0.382592,1.3825,-2.66,4.22625,4.824,-6.928001,30.800001,none,8,3.0,121919.0,283694.0,204581.0,271637.0,215264.0
2026-04-14 18:04:57.889054,727348,1609507391485502,4991455817,-0.70272,0.691008,0.290848,1.2425,-3.08875,4.15625,4.84,-6.592001,31.920002,none,8,3.0,120250.0,281805.0,202412.0,269800.0,213177.0
2026-04-14 18:04:57.891333,727349,1609507391494430,4991464510,-0.70272,0.691008,0.290848,1.33,-3.01,3.82375,4.84,-6.592001,31.920002,none,8,3.0,120250.0,281805.0,202412.0,269800.0,213177.0
2026-04-14 18:04:57.893642,727350,1609507391508947,4991477429,-0.776896,0.700768,0.119072,1.8025,-3.2375,3.91125,5.504,-7.528,30.840002,none,8,3.0,120250.0,281805.0,202412.0,269800.0,213177.0
2026-04-14 18:04:57.896380,727351,1609507391518385,4991488316,-0.784704,0.70272,0.124928,1.47875,-3.115,3.8675,5.696,-7.504,30.344002,none,8,3.0,120250.0,281805.0,202412.0,269800.0,213177.0
2026-04-14 18:04:57.899031,727352,1609507391532910,4991503258,-0.784704,0.70272,0.124928,0.70875,-3.5525,3.9025,5.696,-7.504,30.344002,none,8,3.0,120250.0,281805.0,202412.0,269800.0,213177.0
2026-04-14 18:04:57.901035,727353,1609507391541855,4991512132,-0.79056,0.700768,0.128832,0.1925,-3.675,4.50625,5.336,-7.36,30.680002,none,8,3.0,120250.0,281805.0,202412.0,269800.0,213177.0
2026-04-14 18:04:57.908487,727354,1609507391550788,4991520823,-0.79056,0.700768,0.128832,0.02625,-3.54375,4.9,5.336,-7.36,30.680002,none,8,3.0,120250.0,281805.0,202412.0,269800.0,213177.0
2026-04-14 18:04:57.924021,727355,1609507391565334,4991533694,-0.774944,0.69296,0.121024,0.2625,-3.2025,5.2675,4.744,-7.84,30.328001,none,8,3.0,120250.0,281805.0,202412.0,269800.0,213177.0
2026-04-14 18:04:57.939870,727356,1609507391574665,4991544453,-0.774944,0.69296,0.121024,0.595,-3.56125,5.53875,4.744,-7.84,30.328001,none,8,3.0,120250.0,281805.0,202412.0,269800.0,213177.0
2026-04-14 18:04:57.971440,727367,1609507391589216,4991559458,-0.7808,0.720288,0.142496,1.25125,-3.92875,5.95875,5.472,-7.784,30.416002,none,8,3.0,118134.0,279423.0,199776.0,267519.0,210689.0
2026-04-14 18:04:57.973631,727368,1609507391598440,4991568185,-0.737856,0.706624,0.171776,1.70625,-3.7975,5.32875,5.272,-7.696001,31.104002,none,8,3.0,118134.0,279423.0,199776.0,267519.0,210689.0
2026-04-14 18:04:57.975908,727369,1609507391607448,4991576934,-0.737856,0.706624,0.171776,1.1725,-4.095,5.25,5.272,-7.696001,31.104002,none,8,3.0,118134.0,279423.0,199776.0,267519.0,210689.0
2026-04-14 18:04:57.983981,727370,1609507391621941,4991591861,-0.782752,0.737856,0.23424,0.8925,-4.36625,5.36375,5.616,-7.664001,31.728,none,8,3.0,118134.0,279423.0,199776.0,267519.0,210689.0
2026-04-14 18:04:57.991016,727371,1609507391630873,4991600561,-0.782752,0.737856,0.23424,0.3675,-3.7975,5.0925,5.616,-7.664001,31.728,none,8,3.0,118134.0,279423.0,199776.0,267519.0,210689.0
2026-04-14 18:04:58.003999,727372,1609507391645417,4991615487,-0.796416,0.726144,0.152256,0.8575,-3.71,5.13625,4.608,-7.472,31.096,none,8,3.0,118134.0,279423.0,199776.0,267519.0,210689.0
2026-04-14 18:04:58.014022,727373,1609507391654395,4991624196,-0.796416,0.726144,0.152256,1.365,-4.165,5.145,4.608,-7.472,31.096,none,8,3.0,118134.0,279423.0,199776.0,267519.0,210689.0
2026-04-14 18:04:58.023433,727374,1609507391663408,4991632904,-0.72224,0.706624,0.1952,1.09375,-3.85,5.45125,4.888,-7.888001,30.592001,none,8,3.0,118134.0,279423.0,199776.0,267519.0,210689.0
2026-04-14 18:04:58.037651,727375,1609507391677895,4991647783,-0.706624,0.737856,0.396256,0.7175,-3.9025,5.71375,5.336,-8.408,29.624,none,8,3.0,118134.0,279423.0,199776.0,267519.0,210689.0
2026-04-14 18:04:58.069693,727386,1609507391687003,4991656934,-0.706624,0.737856,0.396256,1.225,-4.17375,5.915,5.336,-8.408,29.624,none,8,3.0,115894.0,277241.0,196882.0,265504.0,207956.0
2026-04-14 18:04:58.072788,727387,1609507391701694,4991671866,-0.76128,0.720288,0.138592,1.645,-3.91125,6.0025,5.08,-7.896,30.336002,none,8,3.0,115894.0,277241.0,196882.0,265504.0,207956.0
2026-04-14 18:04:58.074898,727388,1609507391710686,4991680614,-0.76128,0.720288,0.138592,1.6275,-4.05125,6.30875,5.08,-7.896,30.336002,none,8,3.0,115894.0,277241.0,196882.0,265504.0,207956.0
2026-04-14 18:04:58.086530,727389,1609507391725220,4991695495,-0.71248,0.710528,0.210816,1.86375,-4.375,6.79875,4.808,-8.184,30.552002,none,8,3.0,115894.0,277241.0,196882.0,265504.0,207956.0
2026-04-14 18:04:58.092408,727390,1609507391734140,4991704249,-0.71248,0.710528,0.210816,2.02125,-4.33125,7.04375,4.808,-8.184,30.552002,none,8,3.0,115894.0,277241.0,196882.0,265504.0,207956.0
2026-04-14 18:04:58.101554,727391,1609507391743238,4991712955,-0.708576,0.708576,0.20496,1.89,-4.29625,7.0,3.848,-8.400001,30.728,none,8,3.0,115894.0,277241.0,196882.0,265504.0,207956.0
2026-04-14 18:04:58.117793,727392,1609507391757899,4991727840,-0.728096,0.747616,0.306464,2.065,-4.13875,7.28,3.848,-8.68,30.400002,none,8,3.0,115894.0,277241.0,196882.0,265504.0,207956.0
2026-04-14 18:04:58.126090,727393,1609507391766838,4991736512,-0.728096,0.747616,0.306464,2.40625,-3.84125,7.42,5.04,-8.68,30.400002,none,8,3.0,115894.0,277241.0,196882.0,265504.0,207956.0
2026-04-14 18:04:58.140137,727394,1609507391781352,4991751563,-0.6832,0.716384,0.247904,3.0275,-3.8675,7.56,4.904,-8.864,30.768002,none,8,3.0,115894.0,277241.0,196882.0,265504.0,207956.0
2026-04-14 18:04:58.197886,727405,1609507391790372,4991760527,-0.6832,0.716384,0.247904,3.03625,-3.85875,7.63875,4.904,-8.864,30.768002,none,8,3.0,111713.0,274181.0,191649.0,262722.0,202782.0
2026-04-14 18:04:58.200299,727406,1609507391799366,4991769335,-0.675392,0.718336,0.25376,2.2925,-4.1125,8.225,4.84,-8.488001,31.576002,none,8,3.0,111713.0,274181.0,191649.0,262722.0,202782.0
2026-04-14 18:04:58.202804,727407,1609507391813886,4991782296,-0.675392,0.718336,0.25376,2.68625,-4.33125,7.93625,4.84,-8.488001,31.576002,none,8,3.0,111713.0,274181.0,191649.0,262722.0,202782.0
2026-04-14 18:04:58.226193,727408,1609507391823272,4991793100,-0.675392,0.745664,0.363072,3.12375,-4.45375,8.417501,4.44,-8.464001,31.504002,none,8,3.0,111713.0,274181.0,191649.0,262722.0,202782.0
2026-04-14 18:04:58.228697,727409,1609507391837946,4991807991,-0.675392,0.76128,0.366976,2.8175,-4.8125,8.3475,4.44,-8.464001,31.504002,none,8,3.0,111713.0,274181.0,191649.0,262722.0,202782.0
2026-04-14 18:04:58.229580,727410,1609507391846905,4991816699,-0.698816,0.759328,0.366976,2.63375,-4.9175,8.16375,3.832,-8.672001,32.088,none,8,3.0,111713.0,274181.0,191649.0,262722.0,202782.0
2026-04-14 18:04:58.232086,727411,1609507391855951,4991825402,-0.698816,0.759328,0.366976,2.345,-4.865,8.198751,3.832,-8.672001,32.088,none,8,3.0,111713.0,274181.0,191649.0,262722.0,202782.0
2026-04-14 18:04:58.234649,727412,1609507391870447,4991840317,-0.720288,0.765184,0.339648,2.28375,-5.285,8.42625,3.776,-8.616,31.560001,none,8,3.0,111713.0,274181.0,191649.0,262722.0,202782.0
2026-04-14 18:04:58.238374,727413,1609507391879380,4991848991,-0.716384,0.730048,0.1464,1.75,-5.39,8.6975,3.544,-8.968,31.792002,none,8,3.0,111713.0,274181.0,191649.0,262722.0,202782.0
2026-04-14 18:04:58.271549,727424,1609507391894082,4991864431,-0.716384,0.730048,0.1464,1.995,-5.41625,8.6625,3.544,-8.968,31.792002,none,8,3.0,104408.0,270123.0,182571.0,259064.0,193676.0
2026-04-14 18:04:58.273521,727425,1609507391903109,4991873128,-0.753472,0.776896,0.249856,1.88125,-5.57375,8.58375,4.336,-9.264001,30.816002,none,8,3.0,104408.0,270123.0,182571.0,259064.0,193676.0
2026-04-14 18:04:58.279069,727426,1609507391917907,4991888047,-0.753472,0.776896,0.249856,1.14625,-5.775,8.61875,4.336,-9.264001,30.816002,none,8,3.0,104408.0,270123.0,182571.0,259064.0,193676.0
2026-04-14 18:04:58.286550,727427,1609507391926931,4991896848,-0.726144,0.765184,0.247904,0.93625,-6.08125,9.1875,4.224,-9.400001,30.912,none,8,3.0,104408.0,270123.0,182571.0,259064.0,193676.0
2026-04-14 18:04:58.294093,727428,1609507391936057,4991905683,-0.726144,0.765184,0.247904,1.00625,-5.81,8.89875,4.224,-9.400001,30.912,none,8,3.0,104408.0,270123.0,182571.0,259064.0,193676.0
2026-04-14 18:04:58.308560,727429,1609507391950572,4991920598,-0.724192,0.769088,0.265472,0.32375,-6.2825,9.12625,3.48,-9.744,30.560001,none,8,3.0,104408.0,270123.0,182571.0,259064.0,193676.0
2026-04-14 18:04:58.320004,727430,1609507391959495,4991929279,-0.755424,0.776896,0.228384,0.0875,-6.65875,8.9075,4.176,-9.432,30.296001,none,8,3.0,104408.0,270123.0,182571.0,259064.0,193676.0
2026-04-14 18:04:58.346835,727431,1609507391974036,4991944151,-0.755424,0.776896,0.228384,-0.5425,-6.86,8.60125,4.176,-9.432,30.296001,none,8,3.0,104408.0,270123.0,182571.0,259064.0,193676.0
2026-04-14 18:04:58.349050,727432,1609507391982980,4991952917,-0.640256,0.743712,0.32208,-1.23375,-6.81625,8.28625,3.84,-9.76,30.864002,none,8,3.0,104408.0,270123.0,182571.0,259064.0,193676.0
2026-04-14 18:04:58.384066,727443,1609507391992390,4991961629,-0.640256,0.743712,0.32208,-1.12,-7.11375,7.9275,3.84,-9.76,30.864002,none,8,3.0,94822.0,265068.0,170736.0,254568.0,181610.0
2026-04-14 18:04:58.386556,727444,1609507392006891,4991976612,-0.698816,0.774944,0.347456,-1.225,-7.455,7.77875,3.824,-9.296001,31.792002,none,8,3.0,94822.0,265068.0,170736.0,254568.0,181610.0
2026-04-14 18:04:58.388893,727445,1609507392015842,4991985322,-0.698816,0.774944,0.347456,-1.715,-7.0175,7.32375,3.824,-9.296001,31.792002,none,8,3.0,94822.0,265068.0,170736.0,254568.0,181610.0
2026-04-14 18:04:58.391594,727446,1609507392030510,4992000284,-0.716384,0.749568,0.197152,-1.60125,-6.9475,7.20125,2.904,-9.320001,31.704002,none,8,3.0,94822.0,265068.0,170736.0,254568.0,181610.0
2026-04-14 18:04:58.399061,727447,1609507392039451,4992008977,-0.716384,0.788608,0.38064,-1.8025,-6.95625,7.60375,2.904,-9.320001,31.704002,none,8,3.0,94822.0,265068.0,170736.0,254568.0,181610.0
2026-04-14 18:04:58.406975,727448,1609507392048587,4992017698,-0.6832,0.788608,0.38064,-1.26,-6.965,7.84,3.144,-9.512,31.808,none,8,3.0,94822.0,265068.0,170736.0,254568.0,181610.0
2026-04-14 18:04:58.421369,727449,1609507392063079,4992032602,-0.642208,0.739808,0.240096,-1.86375,-7.23625,7.4025,3.408,-9.92,30.448002,none,8,3.0,94822.0,265068.0,170736.0,254568.0,181610.0
2026-04-14 18:04:58.430193,727450,1609507392072080,4992041284,-0.642208,0.739808,0.240096,-2.54625,-7.53375,7.27125,3.408,-9.92,30.448002,none,8,3.0,94822.0,265068.0,170736.0,254568.0,181610.0
2026-04-14 18:04:58.446495,727451,1609507392086699,4992056196,-0.6344,0.747616,0.37088,-3.535,-7.86625,7.0875,3.2,-10.040001,30.920002,none,8,3.0,94822.0,265068.0,170736.0,254568.0,181610.0
2026-04-14 18:04:58.474076,727462,1609507392095971,4992064949,-0.6344,0.747616,0.37088,-2.77375,-8.11125,7.27125,3.2,-10.040001,30.920002,none,8,3.0,90210.0,265749.0,164528.0,255013.0,175324.0
2026-04-14 18:04:58.476568,727463,1609507392104957,4992073737,-0.718336,0.759328,0.208864,-1.4525,-8.21625,7.32375,1.904,-9.448001,32.968002,none,8,3.0,90210.0,265749.0,164528.0,255013.0,175324.0
2026-04-14 18:04:58.479063,727464,1609507392120061,4992088685,-0.687104,0.774944,0.339648,0.2625,-8.575,7.315,1.904,-9.448001,33.232002,none,8,3.0,90210.0,265749.0,164528.0,255013.0,175324.0
2026-04-14 18:04:58.487757,727465,1609507392129334,4992099443,-0.675392,0.774944,0.339648,1.11125,-8.56625,7.42,1.552,-9.392,33.232002,none,8,3.0,90210.0,265749.0,164528.0,255013.0,175324.0
2026-04-14 18:04:58.502697,727466,1609507392143847,4992112275,-0.679296,0.794464,0.372832,1.505,-8.4875,7.25375,3.0,-10.096001,30.808,none,8,3.0,90210.0,265749.0,164528.0,255013.0,175324.0
2026-04-14 18:04:58.511102,727467,1609507392153106,4992123084,-0.679296,0.794464,0.372832,2.49375,-9.26625,7.0525,3.0,-10.096001,30.808,none,8,3.0,90210.0,265749.0,164528.0,255013.0,175324.0
2026-04-14 18:04:58.519699,727468,1609507392162097,4992131775,-0.732,0.794464,0.142496,2.7125,-9.6075,6.72875,2.064,-10.304001,32.944,none,8,3.0,90210.0,265749.0,164528.0,255013.0,175324.0
2026-04-14 18:04:58.563364,727469,1609507392176593,4992146762,-0.732,0.794464,0.142496,2.93125,-9.87,6.3175,2.064,-10.304001,32.944,none,8,3.0,90210.0,265749.0,164528.0,255013.0,175324.0
2026-04-14 18:04:58.563934,727470,1609507392185518,4992155440,-0.651968,0.774944,0.179584,2.17,-10.56125,5.6525,2.992,-10.72,30.768002,none,8,3.0,90210.0,265749.0,164528.0,255013.0,175324.0
2026-04-14 18:04:58.615940,727481,1609507392200432,4992170452,-0.651968,0.827648,0.316224,0.98,-11.1825,5.1975,2.992,-10.72,30.768002,none,8,3.0,86731.0,270668.0,160017.0,259590.0,170723.0
2026-04-14 18:04:58.618684,727482,1609507392209369,4992179148,-0.698816,0.827648,0.316224,0.11375,-11.27,4.64625,1.6,-10.152,32.68,none,8,3.0,86731.0,270668.0,160017.0,259590.0,170723.0
2026-04-14 18:04:58.621221,727483,1609507392218330,4992187882,-0.698816,0.827648,0.316224,-1.505,-11.52375,4.515,1.6,-10.152,32.68,none,8,3.0,86731.0,270668.0,160017.0,259590.0,170723.0
2026-04-14 18:04:58.623681,727484,1609507392232813,4992202820,-0.616832,0.755424,0.284992,-2.98375,-11.33125,3.64,1.584,-10.56,32.184002,none,8,3.0,86731.0,270668.0,160017.0,259590.0,170723.0
2026-04-14 18:04:58.625889,727485,1609507392241772,4992211579,-0.612928,0.755424,0.259616,-1.575,-12.32,3.66625,1.832,-10.952001,31.480001,none,8,3.0,86731.0,270668.0,160017.0,259590.0,170723.0
2026-04-14 18:04:58.628723,727486,1609507392256416,4992226685,-0.612928,0.755424,0.259616,0.805,-13.011251,3.98125,1.832,-10.952001,31.480001,none,8,3.0,86731.0,270668.0,160017.0,259590.0,170723.0
2026-04-14 18:04:58.631224,727487,1609507392265362,4992235397,-0.65392,0.833504,0.359168,2.86125,-12.2675,4.13,1.968,-10.832001,31.048002,none,8,3.0,86731.0,270668.0,160017.0,259590.0,170723.0
2026-04-14 18:04:58.638750,727488,1609507392279873,4992248241,-0.65392,0.833504,0.359168,4.5325,-11.12125,4.27,1.968,-10.832001,31.048002,none,8,3.0,86731.0,270668.0,160017.0,259590.0,170723.0
2026-04-14 18:04:58.649934,727489,1609507392289343,4992259035,-0.648064,0.866688,0.38064,4.71625,-11.50625,4.03375,2.072,-10.824,30.648,none,8,3.0,86731.0,270668.0,160017.0,259590.0,170723.0
2026-04-14 18:04:58.677496,727500,1609507392298434,4992267733,-0.648064,0.866688,0.38064,3.815,-12.24125,3.63125,2.072,-10.824,30.648,none,8,3.0,77201.0,270541.0,147640.0,259783.0,157747.0
2026-04-14 18:04:58.679904,727501,1609507392312997,4992282873,-0.669536,0.825696,0.162016,1.2075,-12.5825,2.93125,0.392,-10.632001,32.72,none,8,3.0,77201.0,270541.0,147640.0,259783.0,157747.0
2026-04-14 18:04:58.682497,727502,1609507392321988,4992291592,-0.569984,0.81008,0.396256,-1.19875,-12.97625,2.70375,-0.232,-10.728001,30.304,none,8,3.0,77201.0,270541.0,147640.0,259783.0,157747.0
2026-04-14 18:04:58.694897,727503,1609507392336488,4992306491,-0.569984,0.81008,0.396256,-2.485,-13.9125,3.115,-0.232,-10.728001,30.304,none,8,3.0,77201.0,270541.0,147640.0,259783.0,157747.0
2026-04-14 18:04:58.704848,727504,1609507392345407,4992315182,-0.581696,0.81008,0.345504,-2.49375,-13.2825,2.7475,1.496,-11.336,31.008001,none,8,3.0,77201.0,270541.0,147640.0,259783.0,157747.0
2026-04-14 18:04:58.712333,727505,1609507392354385,4992323938,-0.581696,0.81008,0.345504,-1.155,-12.97625,2.765,1.496,-11.336,31.008001,none,8,3.0,77201.0,270541.0,147640.0,259783.0,157747.0
2026-04-14 18:04:58.728721,727506,1609507392368915,4992338863,-0.56608,0.813984,0.368928,0.35,-12.73125,3.15,0.448,-11.264001,31.624,none,8,3.0,77201.0,270541.0,147640.0,259783.0,157747.0
2026-04-14 18:04:58.736250,727507,1609507392377860,4992347550,-0.56608,0.813984,0.368928,0.42875,-12.495,3.535,0.448,-11.264001,31.624,none,8,3.0,77201.0,270541.0,147640.0,259783.0,157747.0
2026-04-14 18:04:58.773728,727518,1609507392392571,4992362946,-0.564128,0.806176,0.277184,0.5075,-11.71625,3.6575,1.056,-11.496,30.968002,none,8,3.0,53714.0,253473.0,115009.0,244957.0,124434.0
2026-04-14 18:04:58.776600,727519,1609507392401628,4992371726,-0.564128,0.853024,0.201056,1.12875,-10.57,2.4325,1.056,-11.496,30.968002,none,8,3.0,53714.0,253473.0,115009.0,244957.0,124434.0
2026-04-14 18:04:58.779082,727520,1609507392410596,4992380414,-0.650016,0.854976,0.201056,2.03875,-10.7625,2.59875,0.104,-11.56,32.248,none,8,3.0,53714.0,253473.0,115009.0,244957.0,124434.0
2026-04-14 18:04:58.785937,727521,1609507392425122,4992395364,-0.591456,0.851072,0.284992,0.41125,-10.63125,2.9225,0.096,-11.432,31.680002,none,8,3.0,53714.0,253473.0,115009.0,244957.0,124434.0
2026-04-14 18:04:58.796702,727522,1609507392434080,4992404049,-0.591456,0.851072,0.284992,-1.19,-9.6425,2.49375,0.096,-11.432,31.680002,none,8,3.0,53714.0,253473.0,115009.0,244957.0,124434.0
2026-04-14 18:04:58.807292,727523,1609507392448674,4992418925,-0.64416,0.870592,0.382592,-4.08625,-10.00125,1.8725,1.008,-11.912001,30.768002,none,8,3.0,53714.0,253473.0,115009.0,244957.0,124434.0
2026-04-14 18:04:58.821469,727524,1609507392457586,4992427605,-0.64416,0.870592,0.382592,-6.23875,-10.80625,1.60125,1.008,-11.912001,30.768002,none,8,3.0,53714.0,253473.0,115009.0,244957.0,124434.0
2026-04-14 18:04:58.828965,727525,1609507392472120,4992440502,-0.628544,0.798368,0.23424,-6.2125,-10.22,0.44625,0.44,-11.504001,31.520002,none,8,3.0,53714.0,253473.0,115009.0,244957.0,124434.0
2026-04-14 18:04:58.840311,727526,1609507392481326,4992451271,-0.628544,0.798368,0.23424,-5.0925,-8.417501,-0.69125,0.44,-11.504001,31.520002,none,8,3.0,53714.0,253473.0,115009.0,244957.0,124434.0
2026-04-14 18:04:58.849066,727527,1609507392490339,4992459970,-0.628544,0.778848,0.286944,-2.45,-8.00625,-1.085,-0.48,-10.976001,31.912,none,8,3.0,53714.0,253473.0,115009.0,244957.0,124434.0
2026-04-14 18:04:58.876163,727538,1609507392504896,4992474978,-0.651968,0.821792,0.454816,0.3325,-8.65375,-1.39125,-1.408,-11.152,33.096,none,8,3.0,38865.0,226283.0,90710.0,222078.0,97918.0
2026-04-14 18:04:58.880047,727539,1609507392513865,4992483708,-0.651968,0.821792,0.454816,3.35125,-10.8325,1.54,-1.408,-11.152,33.096,none,8,3.0,38865.0,226283.0,90710.0,222078.0,97918.0
2026-04-14 18:04:58.888802,727540,1609507392528412,4992498679,-0.689056,0.827648,0.199104,5.6525,-13.8075,4.69,-1.712,-10.936001,31.968002,none,8,3.0,38865.0,226283.0,90710.0,222078.0,97918.0
2026-04-14 18:04:58.895208,727541,1609507392537368,4992507379,-0.689056,0.827648,0.199104,6.6675,-16.94,5.46,-1.712,-10.936001,31.968002,none,8,3.0,38865.0,226283.0,90710.0,222078.0,97918.0
2026-04-14 18:04:58.927814,727542,1609507392546316,4992516071,-0.64416,0.85888,0.37088,4.935,-17.1675,2.44125,-0.232,-11.304001,30.744001,none,8,3.0,38865.0,226283.0,90710.0,222078.0,97918.0
2026-04-14 18:04:58.952841,727543,1609507392560812,4992530942,-0.64416,0.85888,0.37088,2.79125,-15.25125,3.43875,-0.232,-11.304001,30.744001,none,8,3.0,38865.0,226283.0,90710.0,222078.0,97918.0
2026-04-14 18:04:58.955226,727544,1609507392569747,4992539687,-0.685152,0.901824,0.154208,-3.255,-13.16,5.1275,-0.312,-11.248,30.176,none,8,3.0,38865.0,226283.0,90710.0,222078.0,97918.0
2026-04-14 18:04:58.957988,727545,1609507392584260,4992554597,-0.523136,0.9272,0.488,-8.39125,-10.43875,6.88625,-1.216,-10.992001,31.024002,none,8,3.0,38865.0,226283.0,90710.0,222078.0,97918.0
2026-04-14 18:04:59.015288,727556,1609507392593557,4992563330,-0.523136,0.9272,0.488,-16.49375,-9.6425,6.4925,-1.216,-10.992001,31.024002,none,8,3.0,33296.0,208648.0,79945.0,210382.0,86027.0
2026-04-14 18:04:59.017698,727557,1609507392608303,4992578385,-0.484096,0.691008,0.249856,-25.55875,-9.94,3.66625,-1.648,-10.032001,31.568,none,8,3.0,33296.0,208648.0,79945.0,210382.0,86027.0
2026-04-14 18:04:59.020317,727558,1609507392617282,4992587088,-0.484096,0.691008,0.249856,-28.848751,-8.49625,0.0875,-1.648,-10.032001,31.568,none,8,3.0,33296.0,208648.0,79945.0,210382.0,86027.0
2026-04-14 18:04:59.022816,727559,1609507392626352,4992595947,-0.540704,0.698816,0.201056,-19.94125,-2.5025,0.70875,-1.824,-10.704,32.0,none,8,3.0,33296.0,208648.0,79945.0,210382.0,86027.0
2026-04-14 18:04:59.024911,727560,1609507392640854,4992610869,-0.540704,0.698816,0.201056,5.5825,2.87875,5.99375,-1.824,-10.704,32.0,none,8,3.0,33296.0,208648.0,79945.0,210382.0,86027.0
2026-04-14 18:04:59.027774,727561,1609507392649945,4992619624,-0.46848,0.895968,0.382592,22.54875,-0.83125,4.8125,-1.544,-10.624001,31.880001,none,8,3.0,33296.0,208648.0,79945.0,210382.0,86027.0
2026-04-14 18:04:59.032415,727562,1609507392664474,4992634555,-0.521184,0.835456,0.353312,21.3325,-0.595,-1.00625,-1.944,-10.8,34.336002,none,8,3.0,33296.0,208648.0,79945.0,210382.0,86027.0
2026-04-14 18:04:59.035360,727563,1609507392673540,4992643255,-0.521184,0.835456,0.353312,19.39,1.855,-3.59625,-1.944,-10.8,34.336002,none,8,3.0,33296.0,208648.0,79945.0,210382.0,86027.0
2026-04-14 18:04:59.041537,727564,1609507392682638,4992652051,-0.521184,0.835456,0.353312,15.155,0.4375,-4.9,-1.944,-10.8,34.336002,none,8,3.0,33296.0,208648.0,79945.0,210382.0,86027.0
2026-04-14 18:04:59.080413,727575,1609507392697560,4992667001,-0.521184,0.88816,0.3904,8.2075,1.33875,-3.77125,-2.4,-10.704,32.448,none,8,3.0,32393.0,199171.0,78264.0,205127.0,83758.0
2026-04-14 18:04:59.092918,727576,1609507392706849,4992675746,-0.505568,0.845216,0.427488,-2.16125,1.30375,-7.035,-2.128,-10.424001,31.544,none,8,3.0,32393.0,199171.0,78264.0,205127.0,83758.0
2026-04-14 18:04:59.093019,727577,1609507392721408,4992690699,-0.505568,0.845216,0.427488,-13.90375,2.14375,-11.38375,-2.128,-10.424001,31.544,none,8,3.0,32393.0,199171.0,78264.0,205127.0,83758.0
2026-04-14 18:04:59.093069,727578,1609507392730341,4992699472,-0.571936,0.821792,0.218624,-18.06,3.36,-12.60875,-1.656,-11.056001,31.648,none,8,3.0,32393.0,199171.0,78264.0,205127.0,83758.0
2026-04-14 18:04:59.095927,727579,1609507392739330,4992708205,-0.571936,0.821792,0.218624,-10.5175,5.34625,-11.47125,-1.656,-11.056001,31.648,none,8,3.0,32393.0,199171.0,78264.0,205127.0,83758.0
2026-04-14 18:04:59.111001,727580,1609507392753833,4992723113,-0.733952,0.944768,0.1952,-1.855,4.38375,-13.8425,-0.544,-10.592001,30.904001,none,8,3.0,32393.0,199171.0,78264.0,205127.0,83758.0
2026-04-14 18:04:59.120184,727581,1609507392762792,4992731821,-0.733952,0.944768,0.1952,-10.85,-0.76125,-12.3025,-0.544,-10.592001,30.904001,none,8,3.0,32393.0,199171.0,78264.0,205127.0,83758.0
2026-04-14 18:04:59.137690,727582,1609507392777354,4992746712,-0.46848,0.890112,0.30256,-46.89125,0.7175,-8.575,-0.176,-9.592,31.224,none,8,3.0,32393.0,199171.0,78264.0,205127.0,83758.0
2026-04-14 18:04:59.143597,727583,1609507392786231,4992755363,-0.847168,0.732,0.3416,-71.75875,1.23375,-9.00375,-0.656,-9.072001,31.240002,none,8,3.0,32393.0,199171.0,78264.0,205127.0,83758.0
2026-04-14 18:04:59.174563,727594,1609507392800961,4992770329,-0.847168,0.732,0.3416,-62.57125,-4.69,-6.7375,-0.656,-9.072001,31.240002,none,8,3.0,47323.0,254483.0,106877.0,253117.0,118097.0
2026-04-14 18:04:59.177200,727595,1609507392810008,4992779096,-0.720288,0.548512,0.433344,-42.7175,-0.8575,-1.3825,-1.248,-8.712001,30.864002,none,8,3.0,47323.0,254483.0,106877.0,253117.0,118097.0
2026-04-14 18:04:59.180174,727596,1609507392819097,4992787830,-0.720288,0.548512,0.433344,-17.21125,3.94625,3.89375,-1.248,-8.712001,30.864002,none,8,3.0,47323.0,254483.0,106877.0,253117.0,118097.0
2026-04-14 18:04:59.191367,727597,1609507392833968,4992802728,-0.591456,0.921344,0.347456,18.655,3.45625,7.97125,-0.28,-9.080001,30.704002,none,8,3.0,47323.0,254483.0,106877.0,253117.0,118097.0
2026-04-14 18:04:59.202649,727598,1609507392843397,4992813560,-0.591456,0.921344,0.347456,32.76875,2.28375,8.75875,-0.28,-9.080001,30.704002,none,8,3.0,47323.0,254483.0,106877.0,253117.0,118097.0
2026-04-14 18:04:59.211562,727599,1609507392852388,4992822268,-0.591456,1.08336,0.355264,9.59875,-0.3325,8.54875,-0.336,-8.8,31.768002,none,8,3.0,47323.0,254483.0,106877.0,253117.0,118097.0
2026-04-14 18:04:59.226546,727600,1609507392866987,4992837234,-0.56608,0.769088,0.441152,-26.1625,-3.68375,7.7,-0.792,-7.664001,32.128002,none,8,3.0,47323.0,254483.0,106877.0,253117.0,118097.0
2026-04-14 18:04:59.235287,727601,1609507392875916,4992845944,-0.56608,0.769088,0.441152,-37.26625,-8.12,7.98875,-0.792,-7.664001,32.128002,none,8,3.0,47323.0,254483.0,106877.0,253117.0,118097.0
2026-04-14 18:04:59.250374,727602,1609507392890497,4992860841,-0.569984,0.997472,0.704672,-24.89375,-14.6475,11.99625,-1.192,-7.744,30.824001,none,8,3.0,47323.0,254483.0,106877.0,253117.0,118097.0
2026-04-14 18:04:59.322854,727613,1609507392899500,4992867911,-0.569984,0.997472,0.704672,-12.425,-22.14625,17.4825,-1.192,-7.744,30.824001,none,8,3.0,142110.0,318725.0,225015.0,305017.0,236813.0
2026-04-14 18:04:59.324903,727614,1609507392908778,4992878688,-0.558272,1.221952,0.628544,-17.115,-31.31625,22.2775,-1.76,-6.8,31.232002,none,8,3.0,142110.0,318725.0,225015.0,305017.0,236813.0
2026-04-14 18:04:59.327811,727615,1609507392923377,4992893582,-0.558272,1.221952,0.628544,-39.935,-42.44625,27.76375,-1.76,-6.8,31.232002,none,8,3.0,142110.0,318725.0,225015.0,305017.0,236813.0
2026-04-14 18:04:59.330317,727616,1609507392932290,4992902345,-0.650016,1.147776,0.564128,-63.23625,-53.48,33.8975,-3.32,-5.136,31.320002,none,8,3.0,142110.0,318725.0,225015.0,305017.0,236813.0
2026-04-14 18:04:59.332666,727617,1609507392946806,4992915207,-0.5856,1.08336,0.632448,-77.04375,-63.385002,39.75125,-4.608,-3.312,31.064001,none,8,3.0,142110.0,318725.0,225015.0,305017.0,236813.0
2026-04-14 18:04:59.335297,727618,1609507392956056,4992925973,-0.5856,1.08336,0.632448,-90.308754,-72.905,44.02125,-4.608,-3.312,31.064001,none,8,3.0,142110.0,318725.0,225015.0,305017.0,236813.0
2026-04-14 18:04:59.337819,727619,1609507392970618,4992940824,-0.568032,1.061888,0.831552,-106.09375,-82.36375,49.60375,-6.224001,-0.584,32.296,none,8,3.0,142110.0,318725.0,225015.0,305017.0,236813.0
2026-04-14 18:04:59.340340,727620,1609507392979720,4992949558,-0.568032,1.061888,0.831552,-118.0375,-90.67625,54.39,-6.224001,-0.584,32.296,none,8,3.0,142110.0,318725.0,225015.0,305017.0,236813.0
2026-04-14 18:04:59.347944,727621,1609507392988677,4992958254,-0.51728,1.056032,0.745664,-117.10125,-97.99125,60.69875,-8.648001,2.096,31.712002,none,8,3.0,142110.0,318725.0,225015.0,305017.0,236813.0
2026-04-14 18:04:59.378719,727632,1609507393003377,4992973192,-0.51728,1.056032,0.745664,-112.7,-102.90875,66.85875,-8.648001,2.096,31.712002,none,8,3.0,159676.0,326493.0,245128.0,311169.0,254464.0
2026-04-14 18:04:59.379541,727633,1609507393012554,4992981956,-0.513376,1.032608,0.915488,-111.65875,-108.01,71.32125,-9.904,4.04,30.736002,none,8,3.0,159676.0,326493.0,245128.0,311169.0,254464.0
2026-04-14 18:04:59.385214,727634,1609507393027107,4992996938,-0.36112,0.983808,0.90768,-109.69875,-112.20125,76.0025,-11.392,5.776001,29.984001,none,8,3.0,159676.0,326493.0,245128.0,311169.0,254464.0
2026-04-14 18:04:59.395051,727635,1609507393036054,4993005647,-0.36112,0.983808,0.90768,-107.3975,-115.43875,79.68625,-11.392,5.776001,29.984001,none,8,3.0,159676.0,326493.0,245128.0,311169.0,254464.0
2026-04-14 18:04:59.405217,727636,1609507393045015,4993014346,-0.36112,0.983808,0.90768,-107.17875,-118.9475,83.13375,-11.392,5.776001,29.984001,none,8,3.0,159676.0,326493.0,245128.0,311169.0,254464.0
2026-04-14 18:04:59.417354,727637,1609507393059505,4993029301,-0.417728,1.040416,1.001376,-110.433754,-123.1475,86.51125,-11.712001,7.008,29.344002,none,8,3.0,159676.0,326493.0,245128.0,311169.0,254464.0
2026-04-14 18:04:59.426557,727638,1609507393068451,4993038010,-0.376736,0.958432,0.843264,-113.1725,-127.4,90.27375,-14.096001,9.376,28.552002,none,8,3.0,159676.0,326493.0,245128.0,311169.0,254464.0
2026-04-14 18:04:59.441570,727639,1609507393082960,4993052887,-0.376736,0.958432,0.843264,-111.0375,-131.97626,94.22875,-14.096001,9.376,28.552002,none,8,3.0,159676.0,326493.0,245128.0,311169.0,254464.0
2026-04-14 18:04:59.452480,727640,1609507393092088,4993061576,-0.244,0.944768,1.042368,-107.765,-136.59625,97.02,-14.880001,10.352,25.392002,none,8,3.0,159676.0,326493.0,245128.0,311169.0,254464.0
2026-04-14 18:04:59.479859,727651,1609507393101112,4993070326,-0.244,0.944768,1.042368,-103.60875,-138.67876,100.38875,-14.880001,10.352,25.392002,none,8,3.0,157703.0,328115.0,242148.0,312535.0,251128.0
2026-04-14 18:04:59.482721,727652,1609507393115698,4993085287,-0.181536,0.933056,1.097024,-99.86375,-138.48625,102.1825,-16.696001,12.152,25.656002,none,8,3.0,157703.0,328115.0,242148.0,312535.0,251128.0
2026-04-14 18:04:59.485126,727653,1609507393124695,4993094025,-0.181536,0.933056,1.097024,-100.6775,-137.94376,102.69875,-16.696001,12.152,25.656002,none,8,3.0,157703.0,328115.0,242148.0,312535.0,251128.0
2026-04-14 18:04:59.497813,727654,1609507393139202,4993108990,-0.162016,0.909632,1.069696,-101.3775,-139.20375,104.7725,-16.824001,13.352,25.192001,none,8,3.0,157703.0,328115.0,242148.0,312535.0,251128.0
2026-04-14 18:04:59.507910,727655,1609507393148151,4993117809,-0.167872,0.905728,1.110688,-100.0475,-139.37875,107.49375,-17.6,14.960001,22.528002,none,8,3.0,157703.0,328115.0,242148.0,312535.0,251128.0
2026-04-14 18:04:59.524120,727656,1609507393162683,4993132708,-0.167872,0.905728,1.110688,-96.005,-139.125,109.48,-17.6,14.960001,22.528002,none,8,3.0,157703.0,328115.0,242148.0,312535.0,251128.0
2026-04-14 18:04:59.530331,727657,1609507393171609,4993141440,-0.134688,0.938912,0.991616,-92.70625,-139.30875,110.34625,-17.28,16.528,22.240002,none,8,3.0,157703.0,328115.0,242148.0,312535.0,251128.0
2026-04-14 18:04:59.539087,727658,1609507393180643,4993150199,-0.134688,0.938912,0.991616,-94.9375,-138.87125,109.8475,-17.28,16.528,22.240002,none,8,3.0,157703.0,328115.0,242148.0,312535.0,251128.0
2026-04-14 18:04:59.583578,727669,1609507393195114,4993165395,-0.064416,0.870592,0.935008,-105.6125,-139.16875,107.520004,-18.208,18.344002,20.704,none,8,3.0,138531.0,325392.0,219677.0,310412.0,230810.0
2026-04-14 18:04:59.586559,727670,1609507393204093,4993174109,-0.064416,0.870592,0.935008,-118.685,-140.2625,106.65375,-18.208,18.344002,20.704,none,8,3.0,138531.0,325392.0,219677.0,310412.0,230810.0
2026-04-14 18:04:59.589064,727671,1609507393218669,4993187040,-0.099552,0.708576,0.913536,-121.0125,-140.28,108.38625,-18.776001,20.152,19.464,none,8,3.0,138531.0,325392.0,219677.0,310412.0,230810.0
2026-04-14 18:04:59.591543,727672,1609507393227962,4993197854,-0.037088,0.753472,0.862784,-114.485,-140.88374,109.90875,-18.856,21.52,17.456001,none,8,3.0,138531.0,325392.0,219677.0,310412.0,230810.0
2026-04-14 18:04:59.595326,727673,1609507393236899,4993206540,-0.037088,0.753472,0.862784,-109.558754,-141.11125,111.23,-18.856,21.52,17.456001,none,8,3.0,138531.0,325392.0,219677.0,310412.0,230810.0
2026-04-14 18:04:59.627835,727674,1609507393251527,4993221439,0.122976,0.681248,1.028704,-111.60625,-141.6625,111.9825,-18.272001,23.04,15.144001,none,8,3.0,138531.0,325392.0,219677.0,310412.0,230810.0
2026-04-14 18:04:59.630363,727675,1609507393260432,4993230298,0.122976,0.681248,1.028704,-118.308754,-140.5425,112.621254,-18.272001,23.04,15.144001,none,8,3.0,138531.0,325392.0,219677.0,310412.0,230810.0
2026-04-14 18:04:59.635378,727676,1609507393274946,4993245197,0.064416,0.638304,0.894016,-125.34375,-138.17125,111.9825,-18.144001,24.52,13.368001,none,8,3.0,138531.0,325392.0,219677.0,310412.0,230810.0
2026-04-14 18:04:59.665184,727677,1609507393283924,4993253907,0.064416,0.638304,0.894016,-133.9975,-135.00375,110.38125,-18.144001,24.52,13.368001,none,8,3.0,138531.0,325392.0,219677.0,310412.0,230810.0
2026-04-14 18:04:59.732954,727688,1609507393298753,4993268892,0.20496,0.528992,0.952576,-143.885,-132.755,109.2175,-18.488,26.336,11.88,none,8,3.0,121757.0,318298.0,200555.0,304964.0,211890.0
2026-04-14 18:04:59.736656,727689,1609507393307833,4993277582,0.18544,0.411872,0.827648,-152.8275,-131.46,106.70625,-18.488,27.992,9.896001,none,8,3.0,121757.0,318298.0,200555.0,304964.0,211890.0
2026-04-14 18:04:59.737255,727690,1609507393316836,4993286404,0.18544,0.411872,0.827648,-156.94,-131.705,102.7075,-17.44,27.992,9.896001,none,8,3.0,121757.0,318298.0,200555.0,304964.0,211890.0
2026-04-14 18:04:59.739767,727691,1609507393331359,4993301291,0.2928,0.296704,0.909632,-158.38374,-132.60625,99.14625,-16.968,29.488,7.6,none,8,3.0,121757.0,318298.0,200555.0,304964.0,211890.0
2026-04-14 18:04:59.747131,727692,1609507393340327,4993310048,0.2928,0.296704,0.909632,-160.02875,-133.46375,96.145,-16.968,29.488,7.6,none,8,3.0,121757.0,318298.0,200555.0,304964.0,211890.0
2026-04-14 18:04:59.747212,727693,1609507393354847,4993324967,0.318176,0.238144,0.856928,-155.54875,-131.24126,94.82375,-16.392,30.504002,6.216,none,8,3.0,121757.0,318298.0,200555.0,304964.0,211890.0
2026-04-14 18:04:59.747261,727694,1609507393363943,4993333700,0.318176,0.238144,0.856928,-145.7575,-129.5525,91.105,-16.392,30.504002,6.216,none,8,3.0,121757.0,318298.0,200555.0,304964.0,211890.0
2026-04-14 18:04:59.750191,727695,1609507393373021,4993342442,0.327936,0.16592,0.925248,-140.4725,-127.3475,88.90875,-16.024,31.848001,4.504,none,8,3.0,121757.0,318298.0,200555.0,304964.0,211890.0
2026-04-14 18:04:59.752680,727696,1609507393387582,4993357460,0.327936,0.16592,0.925248,-133.69125,-126.27125,85.7325,-16.024,31.848001,4.504,none,8,3.0,121757.0,318298.0,200555.0,304964.0,211890.0
2026-04-14 18:04:59.785000,727707,1609507393396516,4993366517,0.281088,0.060512,0.796416,-123.97875,-124.81875,82.46,-16.144001,32.24,5.704001,none,8,3.0,87261.0,307820.0,159375.0,296447.0,169717.0
2026-04-14 18:04:59.787832,727708,1609507393411186,4993381482,0.38064,0.0,0.784704,-117.24125,-123.9175,81.8475,-15.352001,33.232002,1.064,none,8,3.0,87261.0,307820.0,159375.0,296447.0,169717.0
2026-04-14 18:04:59.790251,727709,1609507393420139,4993390196,0.38064,0.0,0.784704,-114.49375,-122.4125,80.77125,-15.352001,33.232002,1.064,none,8,3.0,87261.0,307820.0,159375.0,296447.0,169717.0
2026-04-14 18:04:59.795304,727710,1609507393434833,4993405155,0.357216,0.015616,0.646112,-116.795,-121.275,77.6825,-14.376,33.736,0.096,none,8,3.0,87261.0,307820.0,159375.0,296447.0,169717.0
2026-04-14 18:04:59.802847,727711,1609507393443803,4993413872,0.357216,0.015616,0.646112,-114.345,-119.175,75.3725,-14.376,33.736,0.096,none,8,3.0,87261.0,307820.0,159375.0,296447.0,169717.0
2026-04-14 18:04:59.811293,727712,1609507393452813,4993422560,0.308416,-0.035136,0.538752,-104.36125,-117.582504,70.7175,-12.864,34.048,-2.096,none,8,3.0,87261.0,307820.0,159375.0,296447.0,169717.0
2026-04-14 18:04:59.826653,727713,1609507393467293,4993437453,0.308416,-0.035136,0.538752,-99.07625,-116.795,65.275,-12.864,34.048,-2.096,none,8,3.0,87261.0,307820.0,159375.0,296447.0,169717.0
2026-04-14 18:04:59.842972,727714,1609507393476223,4993446199,0.325984,-0.132736,0.456768,-101.43875,-115.78,60.541252,-13.184001,34.544003,-4.936,none,8,3.0,87261.0,307820.0,159375.0,296447.0,169717.0
2026-04-14 18:04:59.851535,727715,1609507393490758,4993461109,0.327936,-0.189344,0.286944,-100.8525,-114.8175,57.11125,-11.888001,34.416,-7.816001,none,8,3.0,87261.0,307820.0,159375.0,296447.0,169717.0
2026-04-14 18:04:59.887804,727726,1609507393499950,4993469877,0.327936,-0.189344,0.286944,-97.5975,-113.67125,55.53625,-11.888001,34.416,-7.816001,none,8,3.0,67507.0,296564.0,133427.0,286161.0,143041.0
2026-04-14 18:04:59.889927,727727,1609507393509040,4993478701,0.343552,-0.162016,0.355264,-94.92875,-112.14,54.18,-11.888001,34.416,-6.64,none,8,3.0,67507.0,296564.0,133427.0,286161.0,143041.0
2026-04-14 18:04:59.892309,727728,1609507393523717,4993493592,0.349408,-0.162016,0.355264,-93.905,-108.35125,52.99,-11.752001,34.736,-6.64,none,8,3.0,67507.0,296564.0,133427.0,286161.0,143041.0
2026-04-14 18:04:59.894920,727729,1609507393532833,4993502388,0.3904,-0.197152,0.560224,-91.37625,-104.8075,50.02375,-10.808001,34.696003,-7.2,none,8,3.0,67507.0,296564.0,133427.0,286161.0,143041.0
2026-04-14 18:04:59.906558,727730,1609507393547310,4993517306,0.3904,-0.197152,0.560224,-92.6625,-100.8525,47.25,-10.808001,34.696003,-7.2,none,8,3.0,67507.0,296564.0,133427.0,286161.0,143041.0
2026-04-14 18:04:59.915353,727731,1609507393556230,4993526006,0.421632,-0.357216,0.199104,-94.70125,-97.18625,46.576252,-9.536,35.184002,-11.064,none,8,3.0,67507.0,296564.0,133427.0,286161.0,143041.0
2026-04-14 18:04:59.932367,727732,1609507393565170,4993534709,0.421632,-0.357216,0.199104,-91.8575,-94.26375,46.305,-9.536,35.184002,-11.064,none,8,3.0,67507.0,296564.0,133427.0,286161.0,143041.0
2026-04-14 18:04:59.937371,727733,1609507393579755,4993549792,0.452864,-0.288896,0.318176,-82.99375,-92.58375,46.7775,-9.024,34.496002,-10.056001,none,8,3.0,67507.0,296564.0,133427.0,286161.0,143041.0
2026-04-14 18:04:59.948486,727734,1609507393588687,4993558515,0.452864,-0.288896,0.318176,-73.21125,-90.08125,47.53,-9.024,34.496002,-10.056001,none,8,3.0,67507.0,296564.0,133427.0,286161.0,143041.0
2026-04-14 18:04:59.986259,727745,1609507393603422,4993571896,0.415776,-0.249856,0.396256,-69.48375,-87.26375,46.5675,-7.984,34.456,-11.816001,none,8,3.0,58611.0,290841.0,120646.0,280720.0,130169.0
2026-04-14 18:04:59.988764,727746,1609507393612775,4993582718,0.525088,-0.33184,0.36112,-69.1425,-84.81375,46.83,-8.184,34.4,-11.648001,none,8,3.0,58611.0,290841.0,120646.0,280720.0,130169.0
2026-04-14 18:04:59.991284,727747,1609507393627251,4993595603,0.525088,-0.33184,0.36112,-72.79125,-81.62,48.107502,-8.184,34.4,-11.648001,none,8,3.0,58611.0,290841.0,120646.0,280720.0,130169.0
2026-04-14 18:04:59.994887,727748,1609507393636649,4993606465,0.50752,-0.38064,0.115168,-77.1225,-78.58375,49.06125,-7.352,34.368,-11.816001,none,8,3.0,58611.0,290841.0,120646.0,280720.0,130169.0
2026-04-14 18:05:00.004999,727749,1609507393645571,4993615148,0.50752,-0.38064,0.115168,-78.18125,-76.685,48.55375,-7.352,34.368,-11.816001,none,8,3.0,58611.0,290841.0,120646.0,280720.0,130169.0
2026-04-14 18:05:00.031114,727750,1609507393660064,4993630167,0.51728,-0.308416,0.281088,-72.135,-77.34125,47.24125,-6.056,34.048,-13.336,none,8,3.0,58611.0,290841.0,120646.0,280720.0,130169.0
2026-04-14 18:05:00.033652,727751,1609507393669002,4993638865,0.51728,-0.308416,0.281088,-67.87375,-77.245,46.94375,-6.056,34.048,-13.336,none,8,3.0,58611.0,290841.0,120646.0,280720.0,130169.0
2026-04-14 18:05:00.059951,727752,1609507393683608,4993653853,0.571936,-0.44896,0.337696,-69.9475,-73.9725,45.0625,-6.008,33.984,-14.200001,none,8,3.0,58611.0,290841.0,120646.0,280720.0,130169.0
2026-04-14 18:05:00.062470,727753,1609507393692547,4993662544,0.534848,-0.55632,0.160064,-71.5225,-71.26,45.63125,-3.52,33.600002,-16.464,none,8,3.0,58611.0,290841.0,120646.0,280720.0,130169.0
2026-04-14 18:05:00.092492,727764,1609507393701920,4993671317,0.534848,-0.55632,0.160064,-68.39875,-70.8225,50.3125,-3.52,33.600002,-16.464,none,8,3.0,55385.0,287753.0,115145.0,276343.0,124576.0
2026-04-14 18:05:00.094816,727765,1609507393716657,4993686352,0.591456,-0.347456,0.064416,-61.39875,-71.4525,54.50375,-2.8,33.352,-16.832,none,8,3.0,55385.0,287753.0,115145.0,276343.0,124576.0
2026-04-14 18:05:00.097417,727766,1609507393725608,4993695045,0.591456,-0.347456,0.064416,-54.52125,-71.61875,54.97625,-2.8,33.352,-16.832,none,8,3.0,55385.0,287753.0,115145.0,276343.0,124576.0
2026-04-14 18:05:00.100020,727767,1609507393740114,4993710105,0.491904,-0.347456,0.01952,-56.70875,-69.72875,49.4375,-1.976,33.24,-16.960001,none,8,3.0,55385.0,287753.0,115145.0,276343.0,124576.0
2026-04-14 18:05:00.107601,727768,1609507393749128,4993718807,0.491904,-0.347456,0.01952,-66.71875,-66.885,43.505,-1.976,33.24,-16.960001,none,8,3.0,55385.0,287753.0,115145.0,276343.0,124576.0
2026-04-14 18:05:00.117862,727769,1609507393758075,4993727511,0.427488,-0.562176,-0.046848,-74.4975,-66.29875,41.8075,-1.728,33.032,-16.408,none,8,3.0,55385.0,287753.0,115145.0,276343.0,124576.0
2026-04-14 18:05:00.132379,727770,1609507393772709,4993742484,0.5368,-0.544608,0.140544,-70.95375,-68.22375,44.80875,-0.912,32.68,-18.824001,none,8,3.0,55385.0,287753.0,115145.0,276343.0,124576.0
2026-04-14 18:05:00.138627,727771,1609507393781808,4993751213,0.5368,-0.544608,0.140544,-62.11625,-70.35,48.92125,-0.912,32.68,-18.824001,none,8,3.0,55385.0,287753.0,115145.0,276343.0,124576.0
2026-04-14 18:05:00.155036,727772,1609507393796328,4993766092,0.528992,-0.406016,0.187392,-56.822502,-72.3275,49.2975,0.392,32.368,-19.584002,none,8,3.0,55385.0,287753.0,115145.0,276343.0,124576.0
2026-04-14 18:05:00.183386,727783,1609507393805446,4993775002,0.528992,-0.406016,0.187392,-50.60125,-72.82625,48.48375,0.392,32.368,-19.584002,none,8,3.0,56053.0,288161.0,115733.0,275645.0,125292.0
2026-04-14 18:05:00.189061,727784,1609507393814560,4993783823,0.491904,-0.550464,0.113216,-50.79375,-72.6075,44.835,1.224,31.976002,-19.968,none,8,3.0,56053.0,288161.0,115733.0,275645.0,125292.0
2026-04-14 18:05:00.191473,727785,1609507393829121,4993798774,0.491904,-0.550464,0.113216,-51.9925,-72.6775,43.785,1.224,31.976002,-19.968,none,8,3.0,56053.0,288161.0,115733.0,275645.0,125292.0
2026-04-14 18:05:00.196466,727786,1609507393838046,4993807478,0.454816,-0.530944,-0.003904,-48.4225,-74.69,45.19375,2.328,31.376001,-19.92,none,8,3.0,56053.0,288161.0,115733.0,275645.0,125292.0
2026-04-14 18:05:00.209788,727787,1609507393852552,4993822402,0.404064,-0.493856,-0.18544,-40.36375,-78.26,47.48625,2.696,31.592001,-19.096,none,8,3.0,56053.0,288161.0,115733.0,275645.0,125292.0
2026-04-14 18:05:00.220182,727788,1609507393861494,4993831124,0.404064,-0.493856,-0.18544,-32.97875,-80.57875,47.8275,2.696,31.592001,-19.096,none,8,3.0,56053.0,288161.0,115733.0,275645.0,125292.0
2026-04-14 18:05:00.234787,727789,1609507393876058,4993846005,0.452864,-0.593408,0.00976,-34.1775,-81.15625,45.85,3.08,31.04,-20.68,none,8,3.0,56053.0,288161.0,115733.0,275645.0,125292.0
2026-04-14 18:05:00.269095,727790,1609507393885096,4993854734,0.452864,-0.593408,0.00976,-35.46375,-81.9175,43.1025,3.08,31.04,-20.68,none,8,3.0,56053.0,288161.0,115733.0,275645.0,125292.0
2026-04-14 18:05:00.271560,727791,1609507393894112,4993863474,0.44896,-0.636352,-0.277184,-32.06,-83.46625,40.5125,5.112001,30.792002,-20.424002,none,8,3.0,56053.0,288161.0,115733.0,275645.0,125292.0
2026-04-14 18:05:00.311613,727802,1609507393908649,4993878383,0.44896,-0.636352,-0.277184,-24.0275,-84.34125,39.9875,5.112001,30.792002,-20.424002,none,8,3.0,44946.0,266341.0,97891.0,255879.0,106128.0
2026-04-14 18:05:00.315983,727803,1609507393917716,4993887132,0.49776,-0.62464,-0.368928,-14.0175,-85.6275,38.87625,5.8,30.848001,-20.624,none,8,3.0,44946.0,266341.0,97891.0,255879.0,106128.0
2026-04-14 18:05:00.316088,727804,1609507393932317,4993902052,0.486048,-0.599264,-0.210816,-10.29,-87.15875,36.6275,6.6,30.768002,-18.272001,none,8,3.0,44946.0,266341.0,97891.0,255879.0,106128.0
2026-04-14 18:05:00.316159,727805,1609507393941311,4993910757,0.486048,-0.599264,-0.210816,-9.96625,-88.01625,33.10125,6.6,30.768002,-18.272001,none,8,3.0,44946.0,266341.0,97891.0,255879.0,106128.0
2026-04-14 18:05:00.316227,727806,1609507393950244,4993919497,0.486048,-0.599264,-0.210816,-11.36625,-86.73875,29.5925,6.6,30.768002,-18.272001,none,8,3.0,44946.0,266341.0,97891.0,255879.0,106128.0
2026-04-14 18:05:00.322208,727807,1609507393964805,4993934451,0.398208,-0.677344,-0.417728,-12.01375,-85.05,27.64125,6.448,30.648,-20.952002,none,8,3.0,44946.0,266341.0,97891.0,255879.0,106128.0
2026-04-14 18:05:00.332656,727808,1609507393973779,4993943165,0.425536,-0.733952,-0.523136,-10.22875,-83.265,26.635,7.248,29.968002,-19.872002,none,8,3.0,44946.0,266341.0,97891.0,255879.0,106128.0
2026-04-14 18:05:00.346546,727809,1609507393988242,4993958057,0.425536,-0.733952,-0.523136,-1.84625,-81.2875,27.79,7.248,29.968002,-19.872002,none,8,3.0,44946.0,266341.0,97891.0,255879.0,106128.0
2026-04-14 18:05:00.356642,727810,1609507393997184,4993966756,0.511424,-0.69296,-0.304512,7.69125,-80.59625,28.9625,9.032001,30.36,-19.664001,none,8,3.0,44946.0,266341.0,97891.0,255879.0,106128.0
2026-04-14 18:05:00.451142,727821,1609507394011846,4993981751,0.511424,-0.69296,-0.32208,10.7625,-80.57,29.067501,9.032001,30.36,-19.664001,none,8,3.0,38765.0,241220.0,86838.0,234002.0,93976.0
2026-04-14 18:05:00.454086,727822,1609507394020869,4993990536,0.503616,-0.70272,-0.32208,8.5575,-80.50875,29.5575,8.576,30.480001,-18.480001,none,8,3.0,38765.0,241220.0,86838.0,234002.0,93976.0
2026-04-14 18:05:00.456561,727823,1609507394029876,4993999217,0.503616,-0.70272,-0.32208,6.1075,-79.8,29.085001,8.576,30.480001,-18.480001,none,8,3.0,38765.0,241220.0,86838.0,234002.0,93976.0
2026-04-14 18:05:00.458600,727824,1609507394044390,4994014128,0.382592,-0.71248,-0.472384,4.795,-78.855,28.91,9.584001,30.616001,-16.984001,none,8,3.0,38765.0,241220.0,86838.0,234002.0,93976.0
2026-04-14 18:05:00.461284,727825,1609507394053473,4994022840,0.482144,-0.763232,-0.46848,6.5975,-76.99125,28.21875,8.984,30.824001,-16.320002,none,8,3.0,38765.0,241220.0,86838.0,234002.0,93976.0
2026-04-14 18:05:00.464085,727826,1609507394067969,4994037799,0.482144,-0.763232,-0.46848,9.8875,-74.82125,28.74375,8.984,30.824001,-16.320002,none,8,3.0,38765.0,241220.0,86838.0,234002.0,93976.0
2026-04-14 18:05:00.466391,727827,1609507394076870,4994046504,0.488,-0.765184,-0.378688,13.72875,-72.065,29.82,9.912001,30.504002,-17.152,none,8,3.0,38765.0,241220.0,86838.0,234002.0,93976.0
2026-04-14 18:05:00.469091,727828,1609507394091357,4994061548,0.488,-0.765184,-0.378688,14.07,-69.79,31.10625,9.912001,30.504002,-17.152,none,8,3.0,38765.0,241220.0,86838.0,234002.0,93976.0
2026-04-14 18:05:00.501471,727839,1609507394100377,4994070438,0.437248,-0.77104,-0.503616,11.47125,-67.375,32.45375,11.328,30.352001,-15.376,none,8,3.0,37362.0,237610.0,83699.0,231204.0,90602.0
2026-04-14 18:05:00.503519,727840,1609507394109343,4994079157,0.437248,-0.77104,-0.503616,10.823751,-63.8925,33.39,11.328,30.352001,-15.376,none,8,3.0,37362.0,237610.0,83699.0,231204.0,90602.0
2026-04-14 18:05:00.506468,727841,1609507394123980,4994094131,0.402112,-0.786656,-0.472384,11.6725,-59.6575,32.97,11.824,30.304,-16.888,none,8,3.0,37362.0,237610.0,83699.0,231204.0,90602.0
2026-04-14 18:05:00.508794,727842,1609507394133045,4994102830,0.480192,-0.847168,-0.359168,12.8625,-57.041252,33.495,11.824,30.304,-14.976001,none,8,3.0,37362.0,237610.0,83699.0,231204.0,90602.0
2026-04-14 18:05:00.511569,727843,1609507394147574,4994117795,0.480192,-0.847168,-0.359168,14.63,-54.5125,35.638752,12.632001,29.984001,-14.976001,none,8,3.0,37362.0,237610.0,83699.0,231204.0,90602.0
2026-04-14 18:05:00.514831,727844,1609507394156690,4994126514,0.3416,-0.759328,-0.396256,13.895,-52.31625,36.82875,12.688001,30.376001,-16.896,none,8,3.0,37362.0,237610.0,83699.0,231204.0,90602.0
2026-04-14 18:05:00.524862,727845,1609507394165668,4994135209,0.3416,-0.759328,-0.396256,15.89875,-51.00375,39.1825,12.688001,30.376001,-16.896,none,8,3.0,37362.0,237610.0,83699.0,231204.0,90602.0
2026-04-14 18:05:00.539072,727846,1609507394180147,4994150177,0.3904,-0.794464,-0.44896,16.52,-50.44375,39.12125,13.824,30.176,-16.296001,none,8,3.0,37362.0,237610.0,83699.0,231204.0,90602.0
2026-04-14 18:05:00.549095,727847,1609507394189066,4994158869,0.3904,-0.794464,-0.44896,9.2575,-49.0175,38.535,13.824,30.176,-16.296001,none,8,3.0,37362.0,237610.0,83699.0,231204.0,90602.0
2026-04-14 18:05:00.587726,727858,1609507394203735,4994173899,0.359168,-0.772992,-0.329888,4.0775,-46.7075,37.24875,15.248001,29.504002,-16.544,none,8,3.0,38955.0,248419.0,86044.0,239791.0,93107.0
2026-04-14 18:05:00.587845,727859,1609507394212731,4994182744,0.359168,-0.772992,-0.329888,2.73875,-45.85875,35.91875,15.248001,29.504002,-16.544,none,8,3.0,38955.0,248419.0,86044.0,239791.0,93107.0
2026-04-14 18:05:00.589576,727860,1609507394221804,4994191451,0.384544,-0.83936,-0.32208,1.84625,-45.42125,35.7,14.76,29.864002,-14.52,none,8,3.0,38955.0,248419.0,86044.0,239791.0,93107.0
2026-04-14 18:05:00.596401,727861,1609507394236582,4994206468,0.345504,-0.854976,-0.26352,-0.4725,-45.9025,36.89,15.232,29.864002,-14.440001,none,8,3.0,38955.0,248419.0,86044.0,239791.0,93107.0
2026-04-14 18:05:00.605310,727862,1609507394245547,4994215154,0.345504,-0.854976,-0.26352,-5.08375,-46.10375,37.765,15.232,29.864002,-14.440001,none,8,3.0,38955.0,248419.0,86044.0,239791.0,93107.0
2026-04-14 18:05:00.619043,727863,1609507394260036,4994230118,0.392352,-0.784704,-0.269376,-7.105,-44.9225,37.8175,14.920001,29.552002,-14.232,none,8,3.0,38955.0,248419.0,86044.0,239791.0,93107.0
2026-04-14 18:05:00.627840,727864,1609507394268975,4994238835,0.392352,-0.784704,-0.269376,-3.57875,-43.11125,36.79375,14.920001,29.552002,-14.232,none,8,3.0,38955.0,248419.0,86044.0,239791.0,93107.0
2026-04-14 18:05:00.642470,727865,1609507394283540,4994253718,0.222528,-0.716384,-0.30256,-5.50375,-41.615,34.79875,17.104,28.752,-15.896001,none,8,3.0,38955.0,248419.0,86044.0,239791.0,93107.0
2026-04-14 18:05:00.651256,727866,1609507394292500,4994262426,0.222528,-0.716384,-0.30256,-11.36625,-41.4925,34.7725,17.104,28.752,-15.896001,none,8,3.0,38955.0,248419.0,86044.0,239791.0,93107.0
2026-04-14 18:05:00.684751,727877,1609507394301464,4994271536,0.230336,-0.866688,-0.460672,-17.40375,-41.405,36.09375,17.776001,28.336,-14.064001,none,8,3.0,37887.0,242007.0,84073.0,234571.0,90885.0
2026-04-14 18:05:00.687693,727878,1609507394316049,4994284458,0.366976,-0.851072,-0.279136,-19.915,-40.705,37.065,17.152,28.336,-14.344001,none,8,3.0,37887.0,242007.0,84073.0,234571.0,90885.0
2026-04-14 18:05:00.690355,727879,1609507394325412,4994295234,0.366976,-0.851072,-0.279136,-15.81125,-38.675,39.2525,17.152,28.336,-14.344001,none,8,3.0,37887.0,242007.0,84073.0,234571.0,90885.0
2026-04-14 18:05:00.700210,727880,1609507394339971,4994310306,0.277184,-0.769088,-0.501664,-8.636251,-35.805,38.19375,17.792002,28.080002,-15.008,none,8,3.0,37887.0,242007.0,84073.0,234571.0,90885.0
2026-04-14 18:05:00.708567,727881,1609507394348937,4994319000,0.277184,-0.769088,-0.501664,-8.70625,-34.5275,36.4175,17.792002,28.080002,-15.008,none,8,3.0,37887.0,242007.0,84073.0,234571.0,90885.0
2026-04-14 18:05:00.717289,727882,1609507394357920,4994327751,0.286944,-0.798368,-0.386496,-15.05,-33.985,34.755,18.04,28.160002,-15.552001,none,8,3.0,37887.0,242007.0,84073.0,234571.0,90885.0
2026-04-14 18:05:00.731011,727883,1609507394372527,4994342885,0.286944,-0.798368,-0.386496,-19.87125,-34.4225,34.4225,18.04,28.160002,-15.552001,none,8,3.0,37887.0,242007.0,84073.0,234571.0,90885.0
2026-04-14 18:05:00.739720,727884,1609507394381486,4994351569,0.281088,-0.862784,-0.325984,-24.6225,-34.755,34.36125,19.512001,27.584002,-17.68,none,8,3.0,37887.0,242007.0,84073.0,234571.0,90885.0
2026-04-14 18:05:00.766425,727885,1609507394396018,4994364401,0.368928,-0.88816,-0.2928,-27.772501,-34.615,35.02625,20.032001,26.864002,-14.168,none,8,3.0,37887.0,242007.0,84073.0,234571.0,90885.0
2026-04-14 18:05:00.829109,727896,1609507394405626,4994375214,0.368928,-0.88816,-0.2928,-23.82625,-34.41375,35.4025,20.032001,26.864002,-14.168,none,8,3.0,35008.0,227332.0,78743.0,223323.0,84613.0
2026-04-14 18:05:00.831648,727897,1609507394414862,4994384010,0.368928,-0.882304,-0.454816,-23.87,-35.805,34.982502,20.032001,26.864002,-14.168,none,8,3.0,35008.0,227332.0,78743.0,223323.0,84613.0
2026-04-14 18:05:00.834084,727898,1609507394429453,4994399015,0.310368,-0.882304,-0.454816,-25.1825,-37.1,36.3475,19.68,27.184002,-12.968,none,8,3.0,35008.0,227332.0,78743.0,223323.0,84613.0
2026-04-14 18:05:00.836572,727899,1609507394438383,4994407720,0.320128,-0.923296,-0.470432,-24.28125,-38.815,36.86375,19.376001,27.096,-13.920001,none,8,3.0,35008.0,227332.0,78743.0,223323.0,84613.0
2026-04-14 18:05:00.839173,727900,1609507394452899,4994422689,0.320128,-0.923296,-0.470432,-22.6975,-42.5775,34.93,19.376001,27.096,-13.920001,none,8,3.0,35008.0,227332.0,78743.0,223323.0,84613.0
2026-04-14 18:05:00.841568,727901,1609507394461830,4994431421,0.349408,-0.976,-0.50752,-23.16125,-49.28,33.18,19.616001,26.728,-14.080001,none,8,3.0,35008.0,227332.0,78743.0,223323.0,84613.0
2026-04-14 18:05:00.843700,727902,1609507394470827,4994440206,0.349408,-0.976,-0.50752,-24.71875,-53.20875,33.36375,19.616001,26.728,-14.080001,none,8,3.0,35008.0,227332.0,78743.0,223323.0,84613.0
2026-04-14 18:05:00.846604,727903,1609507394485372,4994455164,0.413824,-0.938912,-0.480192,-16.66875,-52.71875,32.55875,20.136002,26.224,-14.128,none,8,3.0,35008.0,227332.0,78743.0,223323.0,84613.0
2026-04-14 18:05:00.854110,727904,1609507394494338,4994463872,0.413824,-0.938912,-0.480192,-7.805,-51.2225,30.77375,20.136002,26.224,-14.128,none,8,3.0,35008.0,227332.0,78743.0,223323.0,84613.0
2026-04-14 18:05:00.911537,727915,1609507394508994,4994479012,0.255712,-0.841312,-0.44896,-6.4925,-49.30625,30.2225,21.352001,25.744001,-15.376,none,8,3.0,32055.0,212347.0,73337.0,213424.0,77698.0
2026-04-14 18:05:00.913651,727916,1609507394518019,4994487756,0.187392,-0.90768,-0.44896,-11.5675,-47.232502,28.9275,22.016,25.688002,-14.224001,none,8,3.0,32055.0,212347.0,73337.0,213424.0,77698.0
2026-04-14 18:05:00.919044,727917,1609507394532600,4994502737,0.187392,-0.90768,-0.44896,-16.28375,-44.66875,27.22125,22.016,25.688002,-14.224001,none,8,3.0,32055.0,212347.0,73337.0,213424.0,77698.0
2026-04-14 18:05:00.921579,727918,1609507394541528,4994511442,0.255712,-0.95648,-0.472384,-19.678751,-42.16625,29.77625,22.552002,25.28,-14.184001,none,8,3.0,32055.0,212347.0,73337.0,213424.0,77698.0
2026-04-14 18:05:00.924100,727919,1609507394550457,4994520157,0.255712,-0.95648,-0.472384,-17.605,-38.3425,32.165,22.552002,25.28,-14.184001,none,8,3.0,32055.0,212347.0,73337.0,213424.0,77698.0
2026-04-14 18:05:00.926628,727920,1609507394565033,4994535051,0.203008,-0.903776,-0.679296,-10.80625,-33.3725,32.87375,22.832,25.136002,-14.792001,none,8,3.0,32055.0,212347.0,73337.0,213424.0,77698.0
2026-04-14 18:05:00.932865,727921,1609507394574008,4994543813,0.203008,-0.903776,-0.679296,-2.6775,-29.25125,33.3025,22.832,25.136002,-14.792001,none,8,3.0,32055.0,212347.0,73337.0,213424.0,77698.0
2026-04-14 18:05:00.949059,727922,1609507394588591,4994558722,0.167872,-0.856928,-0.632448,-3.24625,-27.74625,32.92625,24.184002,24.672,-12.736001,none,8,3.0,32055.0,212347.0,73337.0,213424.0,77698.0
2026-04-14 18:05:00.956040,727923,1609507394597643,4994567427,0.162016,-0.911584,-0.5368,-10.5175,-26.74,30.86125,24.224,24.184002,-14.416,none,8,3.0,32055.0,212347.0,73337.0,213424.0,77698.0
2026-04-14 18:05:00.986444,727934,1609507394612205,4994582391,0.162016,-0.911584,-0.5368,-13.475,-26.69625,28.315,24.224,24.184002,-14.416,none,8,3.0,30492.0,207890.0,70375.0,210757.0,73813.0
2026-04-14 18:05:00.988941,727935,1609507394621206,4994591130,0.066368,-0.821792,-0.571936,-14.44625,-28.9625,27.6675,23.984001,23.928001,-14.272,none,8,3.0,30492.0,207890.0,70375.0,210757.0,73813.0
2026-04-14 18:05:00.991471,727936,1609507394630147,4994599832,0.066368,-0.821792,-0.571936,-17.66625,-30.4675,27.0375,23.984001,23.928001,-14.272,none,8,3.0,30492.0,207890.0,70375.0,210757.0,73813.0
2026-04-14 18:05:01.006393,727937,1609507394644668,4994614772,0.07808,-0.913536,-0.601216,-23.59,-31.82375,25.6725,24.720001,23.840002,-14.408001,none,8,3.0,30492.0,207890.0,70375.0,210757.0,73813.0
2026-04-14 18:05:01.012354,727938,1609507394653680,4994623481,0.07808,-0.913536,-0.601216,-24.64,-32.68125,26.39,24.720001,23.840002,-14.408001,none,8,3.0,30492.0,207890.0,70375.0,210757.0,73813.0
2026-04-14 18:05:01.027295,727939,1609507394668244,4994638353,0.06832,-0.909632,-0.661728,-20.58,-32.78625,27.1075,24.624,23.528002,-14.072001,none,8,3.0,30492.0,207890.0,70375.0,210757.0,73813.0
2026-04-14 18:05:01.035342,727940,1609507394677206,4994647058,0.023424,-0.835456,-0.47824,-17.5175,-32.865,28.28875,24.048,23.576,-12.912001,none,8,3.0,30492.0,207890.0,70375.0,210757.0,73813.0
2026-04-14 18:05:01.045330,727941,1609507394686154,4994655774,0.023424,-0.835456,-0.47824,-16.31,-33.3025,28.77875,24.048,23.576,-12.912001,none,8,3.0,30492.0,207890.0,70375.0,210757.0,73813.0
2026-04-14 18:05:01.061617,727942,1609507394700674,4994670669,0.060512,-0.940864,-0.64416,-18.75125,-34.09,28.77,25.624,22.560001,-14.480001,none,8,3.0,30492.0,207890.0,70375.0,210757.0,73813.0
2026-04-14 18:05:01.093770,727954,1609507394709725,4994679392,0.060512,-0.940864,-0.64416,-22.54,-33.8975,29.741251,25.624,22.560001,-14.480001,none,8,3.0,29120.0,208258.0,67528.0,211994.0,70440.0
2026-04-14 18:05:01.096579,727955,1609507394724485,4994694350,0.083936,-0.929152,-0.491904,-21.8575,-31.78,30.72125,25.864,22.736002,-13.264001,none,8,3.0,29120.0,208258.0,67528.0,211994.0,70440.0
2026-04-14 18:05:01.099113,727956,1609507394733794,4994703115,0.083936,-0.929152,-0.491904,-16.40625,-28.735,31.710001,25.864,22.736002,-13.264001,none,8,3.0,29120.0,208258.0,67528.0,211994.0,70440.0
2026-04-14 18:05:01.101576,727957,1609507394742763,4994711836,0.003904,-0.864736,-0.573888,-10.85875,-25.27,32.61125,25.456001,22.640001,-13.040001,none,8,3.0,29120.0,208258.0,67528.0,211994.0,70440.0
2026-04-14 18:05:01.155555,727958,1609507394757387,4994726797,-0.044896,-0.83936,-0.548512,-9.205,-21.41125,32.7425,25.536001,21.880001,-11.208,none,8,3.0,29120.0,208258.0,67528.0,211994.0,70440.0
2026-04-14 18:05:01.157317,727959,1609507394766312,4994735624,-0.044896,-0.83936,-0.548512,-9.4675,-18.40125,32.85625,25.536001,21.880001,-11.208,none,8,3.0,29120.0,208258.0,67528.0,211994.0,70440.0
2026-04-14 18:05:01.162152,727960,1609507394780787,4994750579,-0.023424,-0.935008,-0.700768,-12.52125,-16.21375,32.76875,26.712002,21.640001,-14.080001,none,8,3.0,29120.0,208258.0,67528.0,211994.0,70440.0
2026-04-14 18:05:01.162417,727961,1609507394789693,4994759275,-0.023424,-0.935008,-0.700768,-15.408751,-14.0875,31.85875,26.712002,21.640001,-14.080001,none,8,3.0,29120.0,208258.0,67528.0,211994.0,70440.0
2026-04-14 18:05:01.190337,727972,1609507394804163,4994774458,0.011712,-0.89792,-0.491904,-14.13125,-12.0575,31.5175,27.096,21.136002,-13.912001,none,8,3.0,28588.0,208095.0,66131.0,212325.0,68923.0
2026-04-14 18:05:01.192291,727973,1609507394813184,4994783187,0.011712,-0.89792,-0.491904,-11.865,-10.56125,31.255001,27.096,21.136002,-13.912001,none,8,3.0,28588.0,208095.0,66131.0,212325.0,68923.0
2026-04-14 18:05:01.195329,727974,1609507394822217,4994791979,0.025376,-0.876448,-0.437248,-7.8925,-8.33,30.065,27.432001,20.744001,-13.736001,none,8,3.0,28588.0,208095.0,66131.0,212325.0,68923.0
2026-04-14 18:05:01.197808,727975,1609507394836789,4994806981,0.025376,-0.876448,-0.437248,-5.15375,-6.78125,29.75,27.432001,20.744001,-13.736001,none,8,3.0,28588.0,208095.0,66131.0,212325.0,68923.0
2026-04-14 18:05:01.205345,727976,1609507394845758,4994815684,-0.072224,-0.882304,-0.657824,-4.76,-6.22125,29.6975,27.392002,20.800001,-13.792001,none,8,3.0,28588.0,208095.0,66131.0,212325.0,68923.0
2026-04-14 18:05:01.219048,727977,1609507394860268,4994830614,-0.027328,-0.964288,-0.646112,-7.9275,-7.1575,28.44625,26.896002,20.44,-13.952001,none,8,3.0,28588.0,208095.0,66131.0,212325.0,68923.0
2026-04-14 18:05:01.227506,727978,1609507394869214,4994839326,-0.027328,-0.964288,-0.646112,-11.69,-7.69125,27.95625,26.896002,20.44,-13.952001,none,8,3.0,28588.0,208095.0,66131.0,212325.0,68923.0
2026-04-14 18:05:01.241551,727979,1609507394883710,4994852313,-0.056608,-0.862784,-0.519232,-10.70125,-8.04125,27.3875,27.640001,20.016,-13.792001,none,8,3.0,28588.0,208095.0,66131.0,212325.0,68923.0
2026-04-14 18:05:01.251180,727980,1609507394892948,4994863142,-0.056608,-0.862784,-0.519232,-6.08125,-6.7375,26.03125,27.640001,20.016,-13.792001,none,8,3.0,28588.0,208095.0,66131.0,212325.0,68923.0
2026-04-14 18:05:01.262294,727981,1609507394901892,4994871818,-0.013664,-0.933056,-0.603168,-6.06375,-7.14875,24.9725,27.816002,19.608002,-13.808001,none,8,3.0,28588.0,208095.0,66131.0,212325.0,68923.0
2026-04-14 18:05:01.289540,727992,1609507394916780,4994886826,-0.013664,-0.933056,-0.603168,-8.35625,-6.72,23.94,27.816002,19.608002,-13.808001,none,8,3.0,28588.0,208028.0,65856.0,212409.0,68630.0
2026-04-14 18:05:01.290903,727993,1609507394925931,4994895561,-0.035136,-0.95648,-0.609024,-7.77875,-6.16875,22.88125,27.368002,19.832,-11.024,none,8,3.0,28588.0,208028.0,65856.0,212409.0,68630.0
2026-04-14 18:05:01.298564,727994,1609507394940474,4994910609,-0.083936,-0.837408,-0.472384,-5.2675,-6.16,22.303751,27.416,19.488,-12.792001,none,8,3.0,28588.0,208028.0,65856.0,212409.0,68630.0
2026-04-14 18:05:01.311229,727995,1609507394949515,4994919319,-0.083936,-0.837408,-0.472384,-4.1825,-6.60625,21.67375,27.416,19.488,-12.792001,none,8,3.0,28588.0,208028.0,65856.0,212409.0,68630.0
2026-04-14 18:05:01.317481,727996,1609507394958610,4994928003,-0.128832,-0.880352,-0.67344,-6.4575,-7.84,19.53875,27.288002,19.304,-14.456,none,8,3.0,28588.0,208028.0,65856.0,212409.0,68630.0
2026-04-14 18:05:01.333792,727997,1609507394973093,4994942927,-0.128832,-0.880352,-0.67344,-11.50625,-9.9225,17.675,27.288002,19.304,-14.456,none,8,3.0,28588.0,208028.0,65856.0,212409.0,68630.0
2026-04-14 18:05:01.342427,727998,1609507394982031,4994951667,-0.074176,-0.974048,-0.671488,-15.25125,-10.6575,16.00375,28.312002,18.800001,-13.712001,none,8,3.0,28588.0,208028.0,65856.0,212409.0,68630.0
2026-04-14 18:05:01.356191,727999,1609507394996596,4994966567,-0.074176,-0.974048,-0.671488,-16.52875,-10.605001,14.49,28.312002,18.800001,-13.712001,none,8,3.0,28588.0,208028.0,65856.0,212409.0,68630.0
2026-04-14 18:05:01.388847,728010,1609507395005517,4994975520,-0.113216,-0.919392,-0.622688,-13.22125,-8.575,14.35,28.608002,19.0,-13.968,none,8,3.0,28494.0,207915.0,65495.0,212545.0,68217.0
2026-04-14 18:05:01.391308,728011,1609507395014637,4994984244,-0.113216,-0.919392,-0.622688,-7.79625,-7.035,13.2475,28.608002,19.0,-13.968,none,8,3.0,28494.0,207915.0,65495.0,212545.0,68217.0
2026-04-14 18:05:01.393836,728012,1609507395029330,4994999165,-0.119072,-0.864736,-0.548512,-4.55,-6.8075,12.32875,28.816002,18.488,-13.808001,none,8,3.0,28494.0,207915.0,65495.0,212545.0,68217.0
2026-04-14 18:05:01.396260,728013,1609507395038341,4995007936,-0.119072,-0.864736,-0.646112,-6.44,-7.5075,10.3425,28.816002,18.488,-13.808001,none,8,3.0,28494.0,207915.0,65495.0,212545.0,68217.0
2026-04-14 18:05:01.412497,728014,1609507395052847,4995022845,-0.115168,-0.93696,-0.646112,-10.5,-8.30375,7.65625,28.848001,18.552,-13.952001,none,8,3.0,28494.0,207915.0,65495.0,212545.0,68217.0
2026-04-14 18:05:01.421283,728015,1609507395061760,4995031537,-0.134688,-0.938912,-0.724192,-10.4825,-7.93625,5.50375,28.160002,18.184,-13.608001,none,8,3.0,28494.0,207915.0,65495.0,212545.0,68217.0
2026-04-14 18:05:01.436182,728016,1609507395076358,4995046439,-0.134688,-0.938912,-0.724192,-8.295,-7.455,3.5175,28.160002,18.184,-13.608001,none,8,3.0,28494.0,207915.0,65495.0,212545.0,68217.0
2026-04-14 18:05:01.443574,728017,1609507395085338,4995055137,-0.05856,-0.935008,-0.622688,-6.7025,-6.9475,1.63625,29.064001,18.368,-13.656001,none,8,3.0,28494.0,207915.0,65495.0,212545.0,68217.0
2026-04-14 18:05:01.452418,728018,1609507395094282,4995063850,-0.05856,-0.935008,-0.622688,-7.11375,-6.62375,-0.49875,29.064001,18.368,-13.656001,none,8,3.0,28494.0,207915.0,65495.0,212545.0,68217.0
2026-04-14 18:05:01.548619,728029,1609507395108860,4995078895,-0.08784,-0.919392,-0.62464,-5.8975,-6.65875,-2.7125,28.864002,18.456001,-12.944,none,8,3.0,28539.0,207465.0,65401.0,212302.0,68136.0
2026-04-14 18:05:01.568800,728030,1609507395117878,4995087659,-0.08784,-0.919392,-0.62464,-3.325,-6.50125,-4.095,28.864002,18.456001,-12.944,none,8,3.0,28539.0,207465.0,65401.0,212302.0,68136.0
2026-04-14 18:05:01.571299,728031,1609507395132343,4995102566,-0.10736,-0.901824,-0.47824,-1.3475,-6.57125,-5.425,28.408,18.968,-14.608001,none,8,3.0,28539.0,207465.0,65401.0,212302.0,68136.0
2026-04-14 18:05:01.573710,728032,1609507395141259,4995111265,-0.074176,-0.91744,-0.64416,0.5775,-5.80125,-6.8775,27.760002,18.896002,-13.512001,none,8,3.0,28539.0,207465.0,65401.0,212302.0,68136.0
2026-04-14 18:05:01.576231,728033,1609507395150212,4995119976,-0.074176,-0.91744,-0.64416,4.76875,-4.87375,-7.9275,27.760002,18.896002,-13.512001,none,8,3.0,28539.0,207465.0,65401.0,212302.0,68136.0
2026-04-14 18:05:01.578757,728034,1609507395164840,4995134976,-0.177632,-0.862784,-0.681248,8.00625,-3.61375,-9.14375,28.096,18.800001,-12.528001,none,8,3.0,28539.0,207465.0,65401.0,212302.0,68136.0
2026-04-14 18:05:01.581260,728035,1609507395173787,4995143687,-0.177632,-0.862784,-0.681248,8.295,-2.63375,-10.45625,28.096,18.800001,-12.528001,none,8,3.0,28539.0,207465.0,65401.0,212302.0,68136.0
2026-04-14 18:05:01.583697,728036,1609507395188408,4995158563,-0.17568,-0.831552,-0.573888,9.42375,-2.16125,-11.41875,28.560001,18.976002,-12.68,none,8,3.0,28539.0,207465.0,65401.0,212302.0,68136.0
2026-04-14 18:05:01.586211,728037,1609507395197494,4995167244,-0.17568,-0.831552,-0.573888,9.7825,-2.45875,-12.495,28.560001,18.976002,-12.68,none,8,3.0,28539.0,207465.0,65401.0,212302.0,68136.0
2026-04-14 18:05:01.613880,728048,1609507395212191,4995182194,-0.080032,-0.874496,-0.443104,8.23375,-3.1675,-13.37875,27.840002,19.256,-11.448001,none,8,3.0,28491.0,207918.0,65282.0,212957.0,67965.0
2026-04-14 18:05:01.618045,728049,1609507395221190,4995190896,-0.109312,-0.84912,-0.501664,8.16375,-3.255,-13.60625,27.352001,19.640001,-10.568001,none,8,3.0,28491.0,207918.0,65282.0,212957.0,67965.0
2026-04-14 18:05:01.618562,728050,1609507395230368,4995199635,-0.109312,-0.84912,-0.501664,8.9075,-2.765,-13.658751,27.352001,19.640001,-10.568001,none,8,3.0,28491.0,207918.0,65282.0,212957.0,67965.0
2026-04-14 18:05:01.621089,728051,1609507395244931,4995214585,-0.10736,-0.89792,-0.655872,7.9625,-2.21375,-13.04625,27.048,19.776001,-11.032001,none,8,3.0,28491.0,207918.0,65282.0,212957.0,67965.0
2026-04-14 18:05:01.625168,728052,1609507395253908,4995223311,-0.10736,-0.89792,-0.655872,7.1925,-1.82,-13.335,27.048,19.776001,-11.032001,none,8,3.0,28491.0,207918.0,65282.0,212957.0,67965.0
2026-04-14 18:05:01.628743,728053,1609507395268443,4995238216,-0.093696,-0.89792,-0.677344,7.63875,-1.6275,-12.9675,27.048,19.416,-12.216001,none,8,3.0,28491.0,207918.0,65282.0,212957.0,67965.0
2026-04-14 18:05:01.635883,728054,1609507395277408,4995246973,-0.093696,-0.89792,-0.677344,5.41625,-1.75875,-12.50375,27.048,19.416,-12.216001,none,8,3.0,28491.0,207918.0,65282.0,212957.0,67965.0
2026-04-14 18:05:01.645640,728055,1609507395286441,4995255693,-0.121024,-0.884256,-0.568032,1.3475,-2.2225,-12.5475,28.072,19.6,-13.208,none,8,3.0,28491.0,207918.0,65282.0,212957.0,67965.0
2026-04-14 18:05:01.661202,728056,1609507395301108,4995270584,-0.113216,-0.860832,-0.562176,-0.245,-1.60125,-12.8625,28.096,19.488,-14.576001,none,8,3.0,28491.0,207918.0,65282.0,212957.0,67965.0
2026-04-14 18:05:01.690144,728067,1609507395310157,4995279395,-0.113216,-0.860832,-0.562176,0.14875,-0.91875,-13.09875,28.096,19.488,-14.576001,none,8,3.0,28542.0,207376.0,65330.0,212348.0,68021.0
2026-04-14 18:05:01.692506,728068,1609507395324845,4995294294,-0.017568,-0.974048,-0.607072,-2.58125,-0.2975,-13.5975,27.808,19.68,-11.976001,none,8,3.0,28542.0,207376.0,65330.0,212348.0,68021.0
2026-04-14 18:05:01.694984,728069,1609507395333865,4995303007,-0.017568,-0.974048,-0.607072,-5.95,0.84,-14.6475,27.808,19.68,-11.976001,none,8,3.0,28542.0,207376.0,65330.0,212348.0,68021.0
2026-04-14 18:05:01.700023,728070,1609507395342794,4995311907,0.01952,-0.958432,-0.577792,-4.97875,2.7825,-14.4375,27.392002,20.080002,-12.288,none,8,3.0,28542.0,207376.0,65330.0,212348.0,68021.0
2026-04-14 18:05:01.714922,728071,1609507395357354,4995326847,0.01952,-0.958432,-0.577792,-1.855,5.24125,-15.54875,27.392002,20.080002,-12.288,none,8,3.0,28542.0,207376.0,65330.0,212348.0,68021.0
2026-04-14 18:05:01.724671,728072,1609507395366304,4995335533,-0.011712,-0.931104,-0.515328,-2.1175,8.12,-16.52,28.288002,19.728,-12.960001,none,8,3.0,28542.0,207376.0,65330.0,212348.0,68021.0
2026-04-14 18:05:01.739709,728073,1609507395380833,4995350506,0.066368,-0.979904,-0.486048,-3.885,10.0975,-19.022501,28.288002,19.728,-16.672,none,8,3.0,28542.0,207376.0,65330.0,212348.0,68021.0
2026-04-14 18:05:01.747531,728074,1609507395389843,4995359256,0.064416,-0.979904,-0.486048,-4.73375,12.01375,-20.615,27.960001,20.024,-16.672,none,8,3.0,28542.0,207376.0,65330.0,212348.0,68021.0
2026-04-14 18:05:01.762819,728075,1609507395404346,4995374162,-0.035136,-0.991616,-0.747616,-1.00625,15.86375,-22.33875,27.768002,20.368,-12.496,none,8,3.0,28542.0,207376.0,65330.0,212348.0,68021.0
2026-04-14 18:05:01.794099,728086,1609507395413441,4995382940,-0.035136,-0.991616,-0.747616,2.68625,19.18875,-25.0775,27.768002,20.368,-12.496,none,8,3.0,29093.0,204790.0,66189.0,209095.0,69105.0
2026-04-14 18:05:01.796562,728087,1609507395422396,4995391683,-0.037088,-0.972096,-0.759328,5.5825,21.5075,-26.74875,27.552002,20.792002,-15.800001,none,8,3.0,29093.0,204790.0,66189.0,209095.0,69105.0
2026-04-14 18:05:01.799105,728088,1609507395436977,4995406680,-0.037088,-0.972096,-0.759328,5.74,22.8725,-29.40875,27.552002,20.792002,-15.800001,none,8,3.0,29093.0,204790.0,66189.0,209095.0,69105.0
2026-04-14 18:05:01.805359,728089,1609507395446273,4995415367,-0.015616,-0.950624,-0.583648,3.01,24.465,-31.692501,27.192001,21.016,-13.632001,none,8,3.0,29093.0,204790.0,66189.0,209095.0,69105.0
2026-04-14 18:05:01.819619,728090,1609507395460831,4995430243,-0.015616,-0.950624,-0.708576,-0.09625,26.8625,-35.09625,27.192001,21.016,-13.632001,none,8,3.0,29093.0,204790.0,66189.0,209095.0,69105.0
2026-04-14 18:05:01.828939,728091,1609507395469771,4995438945,0.064416,-0.974048,-0.716384,-0.02625,28.76125,-37.87875,27.160002,21.296001,-14.576001,none,8,3.0,29093.0,204790.0,66189.0,209095.0,69105.0
2026-04-14 18:05:01.836469,728092,1609507395478777,4995447629,0.064416,-0.974048,-0.716384,0.32375,31.535,-40.39,27.160002,21.296001,-14.576001,none,8,3.0,29093.0,204790.0,66189.0,209095.0,69105.0
2026-04-14 18:05:01.868670,728093,1609507395493275,4995462544,0.052704,-0.997472,-0.739808,-1.88125,33.74875,-43.12,26.792002,21.696001,-14.272,none,8,3.0,29093.0,204790.0,66189.0,209095.0,69105.0
2026-04-14 18:05:01.894102,728094,1609507395502189,4995471217,0.140544,-1.009184,-0.486048,0.4025,36.32125,-45.01875,26.208002,21.928001,-12.896001,none,8,3.0,29093.0,204790.0,66189.0,209095.0,69105.0
2026-04-14 18:05:01.931093,728105,1609507395516700,4995486632,0.140544,-1.009184,-0.486048,3.19375,37.91375,-46.7775,26.208002,21.928001,-12.896001,none,8,3.0,29873.0,203979.0,67626.0,207640.0,70798.0
2026-04-14 18:05:01.933947,728106,1609507395525632,4995495372,0.140544,-0.942816,-0.452864,6.57125,39.69,-47.76625,24.752,22.52,-13.816001,none,8,3.0,29873.0,203979.0,67626.0,207640.0,70798.0
2026-04-14 18:05:01.939040,728107,1609507395540163,4995510281,0.140544,-0.942816,-0.452864,7.02625,40.32,-48.57125,24.752,22.52,-13.816001,none,8,3.0,29873.0,203979.0,67626.0,207640.0,70798.0
2026-04-14 18:05:01.941446,728108,1609507395549085,4995518977,0.07808,-0.9272,-0.622688,4.0775,40.03125,-50.54875,24.432001,23.336,-13.080001,none,8,3.0,29873.0,203979.0,67626.0,207640.0,70798.0
2026-04-14 18:05:01.943541,728109,1609507395558020,4995527695,0.07808,-0.9272,-0.622688,-2.52,39.138752,-52.31625,24.432001,23.336,-13.080001,none,8,3.0,29873.0,203979.0,67626.0,207640.0,70798.0
2026-04-14 18:05:01.946247,728110,1609507395572595,4995542649,0.173728,-0.903776,-0.447008,-7.245,37.3975,-53.8125,23.808,23.36,-14.352,none,8,3.0,29873.0,203979.0,67626.0,207640.0,70798.0
2026-04-14 18:05:01.948453,728111,1609507395581534,4995551349,0.173728,-0.903776,-0.447008,-13.16,36.37375,-56.105,23.808,23.36,-14.352,none,8,3.0,29873.0,203979.0,67626.0,207640.0,70798.0
2026-04-14 18:05:01.956556,728112,1609507395596046,4995566317,0.17568,-0.921344,-0.511424,-17.38625,35.42875,-57.8025,23.448002,24.176,-14.304001,none,8,3.0,29873.0,203979.0,67626.0,207640.0,70798.0
2026-04-14 18:05:01.969055,728113,1609507395604979,4995575005,0.259616,-0.972096,-0.476288,-20.4925,34.85125,-58.7825,23.544,24.096,-15.000001,none,8,3.0,29873.0,203979.0,67626.0,207640.0,70798.0
2026-04-14 18:05:01.996731,728124,1609507395619616,4995589960,0.259616,-0.972096,-0.476288,-21.81375,35.2625,-59.43,23.544,24.096,-15.000001,none,8,3.0,31096.0,213882.0,69994.0,216646.0,73481.0
2026-04-14 18:05:01.998525,728125,1609507395628563,4995598718,0.33184,-0.942816,-0.495808,-19.5475,35.7875,-59.40375,21.496,24.608002,-14.048,none,8,3.0,31096.0,213882.0,69994.0,216646.0,73481.0
2026-04-14 18:05:02.005946,728126,1609507395637494,4995607426,0.33184,-0.942816,-0.495808,-15.93375,37.79125,-59.59625,21.496,24.608002,-14.048,none,8,3.0,31096.0,213882.0,69994.0,216646.0,73481.0
2026-04-14 18:05:02.011070,728127,1609507395652036,4995622350,0.31232,-0.85888,-0.464576,-16.0125,39.515,-61.565,20.624,25.056002,-15.800001,none,8,3.0,31096.0,213882.0,69994.0,216646.0,73481.0
2026-04-14 18:05:02.020178,728128,1609507395661100,4995631048,0.31232,-0.85888,-0.464576,-19.11,40.27625,-63.945,20.624,25.056002,-15.800001,none,8,3.0,31096.0,213882.0,69994.0,216646.0,73481.0
2026-04-14 18:05:02.033922,728129,1609507395675619,4995645991,0.32208,-0.851072,-0.47824,-24.6925,40.69625,-66.115,21.624,25.264002,-17.168001,none,8,3.0,31096.0,213882.0,69994.0,216646.0,73481.0
2026-04-14 18:05:02.045385,728130,1609507395684577,4995654683,0.325984,-0.874496,-0.476288,-30.23125,42.7175,-68.67,20.152,25.512001,-16.320002,none,8,3.0,31096.0,213882.0,69994.0,216646.0,73481.0
2026-04-14 18:05:02.052888,728131,1609507395693496,4995663373,0.325984,-0.874496,-0.476288,-32.6025,44.05625,-70.51625,20.152,25.512001,-16.320002,none,8,3.0,31096.0,213882.0,69994.0,216646.0,73481.0
2026-04-14 18:05:02.072845,728132,1609507395708049,4995678277,0.378688,-0.90768,-0.538752,-30.5725,45.33375,-69.79875,20.12,25.944002,-17.04,none,8,3.0,31096.0,213882.0,69994.0,216646.0,73481.0
2026-04-14 18:05:02.099746,728143,1609507395717098,4995687048,0.378688,-0.90768,-0.538752,-30.28375,47.22375,-71.0675,20.12,25.944002,-17.04,none,8,3.0,32428.0,225104.0,72492.0,224001.0,76623.0
2026-04-14 18:05:02.102603,728144,1609507395731845,4995702010,0.28304,-0.815936,-0.568032,-25.92625,49.875,-69.88625,18.144001,26.672,-17.616001,none,8,3.0,32428.0,225104.0,72492.0,224001.0,76623.0
2026-04-14 18:05:02.108372,728145,1609507395740820,4995710717,0.28304,-0.815936,-0.568032,-24.045,51.35375,-71.4,18.144001,26.672,-17.616001,none,8,3.0,32428.0,225104.0,72492.0,224001.0,76623.0
2026-04-14 18:05:02.116798,728146,1609507395755349,4995725654,0.32208,-0.827648,-0.714432,-19.8625,53.01625,-72.9575,17.704,27.024002,-17.904001,none,8,3.0,32428.0,225104.0,72492.0,224001.0,76623.0
2026-04-14 18:05:02.122799,728147,1609507395764295,4995734370,0.333792,-0.74176,-0.651968,-15.47875,54.7225,-72.8875,16.672,27.176,-18.496,none,8,3.0,32428.0,225104.0,72492.0,224001.0,76623.0
2026-04-14 18:05:02.132837,728148,1609507395773263,4995743077,0.333792,-0.74176,-0.651968,-15.25125,54.18875,-73.0975,16.672,27.176,-18.496,none,8,3.0,32428.0,225104.0,72492.0,224001.0,76623.0
2026-04-14 18:05:02.146563,728149,1609507395787835,4995757986,0.359168,-0.71248,-0.523136,-20.64125,54.451252,-73.2725,16.384,26.816002,-19.04,none,8,3.0,32428.0,225104.0,72492.0,224001.0,76623.0
2026-04-14 18:05:02.156620,728150,1609507395796775,4995766671,0.359168,-0.71248,-0.523136,-27.15125,55.755,-74.10375,16.384,26.816002,-19.04,none,8,3.0,32428.0,225104.0,72492.0,224001.0,76623.0
2026-04-14 18:05:02.260248,728161,1609507395811624,4995782127,0.345504,-0.812032,-0.710528,-29.19,58.24,-76.3,15.624001,27.160002,-20.400002,none,8,3.0,33970.0,239233.0,75744.0,233246.0,80673.0
2026-04-14 18:05:02.262883,728162,1609507395820757,4995790867,0.345504,-0.812032,-0.710528,-24.8325,58.7475,-76.62375,15.624001,27.160002,-20.400002,none,8,3.0,33970.0,239233.0,75744.0,233246.0,80673.0
2026-04-14 18:05:02.267880,728163,1609507395829768,4995799602,0.4392,-0.817888,-0.689056,-16.5375,59.56125,-74.4625,12.944,28.288002,-18.232,none,8,3.0,33970.0,239233.0,75744.0,233246.0,80673.0
2026-04-14 18:05:02.270354,728164,1609507395844306,4995814531,0.450912,-0.675392,-0.698816,-12.69625,60.34875,-73.35125,11.936001,28.344002,-17.552,none,8,3.0,33970.0,239233.0,75744.0,233246.0,80673.0
2026-04-14 18:05:02.272812,728165,1609507395853260,4995823210,0.450912,-0.675392,-0.698816,-6.5275,61.71375,-71.3825,11.936001,28.344002,-17.552,none,8,3.0,33970.0,239233.0,75744.0,233246.0,80673.0
2026-04-14 18:05:02.278307,728166,1609507395867922,4995838173,0.437248,-0.583648,-0.62464,-3.71,63.13125,-72.07375,11.744,28.568,-19.672,none,8,3.0,33970.0,239233.0,75744.0,233246.0,80673.0
2026-04-14 18:05:02.278844,728167,1609507395876872,4995846856,0.437248,-0.583648,-0.62464,-11.375,62.02,-75.425,11.744,28.568,-19.672,none,8,3.0,33970.0,239233.0,75744.0,233246.0,80673.0
2026-04-14 18:05:02.282339,728168,1609507395891406,4995861747,0.450912,-0.618784,-0.47824,-27.30875,60.26125,-77.56875,10.704,28.272001,-20.064001,none,8,3.0,33970.0,239233.0,75744.0,233246.0,80673.0
2026-04-14 18:05:02.286436,728169,1609507395900335,4995870430,0.450912,-0.618784,-0.47824,-39.2175,58.12625,-76.125,10.704,28.272001,-20.064001,none,8,3.0,33970.0,239233.0,75744.0,233246.0,80673.0
2026-04-14 18:05:02.287745,728170,1609507395909334,4995879106,0.562176,-0.681248,-0.523136,-43.925,57.37375,-73.5875,9.504001,28.248001,-21.152,none,8,3.0,33970.0,239233.0,75744.0,233246.0,80673.0
2026-04-14 18:05:02.315024,728181,1609507395923998,4995894074,0.562176,-0.681248,-0.466528,-42.875,59.701252,-72.371254,9.504001,28.248001,-21.152,none,8,3.0,40634.0,269850.0,88001.0,258867.0,94821.0
2026-04-14 18:05:02.317857,728182,1609507395933068,4995902771,0.55632,-0.655872,-0.466528,-34.326252,63.665,-73.22,8.704,28.088001,-22.328001,none,8,3.0,40634.0,269850.0,88001.0,258867.0,94821.0
2026-04-14 18:05:02.320342,728183,1609507395947624,4995917803,0.431392,-0.540704,-0.607072,-25.10375,66.38625,-75.99375,8.104,28.304,-22.36,none,8,3.0,40634.0,269850.0,88001.0,258867.0,94821.0
2026-04-14 18:05:02.322765,728184,1609507395956554,4995926511,0.431392,-0.540704,-0.607072,-14.90125,64.39125,-75.652504,8.104,28.304,-22.36,none,8,3.0,40634.0,269850.0,88001.0,258867.0,94821.0
2026-04-14 18:05:02.324995,728185,1609507395965488,4995935201,0.538752,-0.505568,-0.571936,-12.6175,61.355,-73.7625,7.424,28.424002,-22.528002,none,8,3.0,40634.0,269850.0,88001.0,258867.0,94821.0
2026-04-14 18:05:02.339101,728186,1609507395980052,4995950190,0.538752,-0.505568,-0.571936,-23.89625,59.605,-69.23875,7.424,28.424002,-22.528002,none,8,3.0,40634.0,269850.0,88001.0,258867.0,94821.0
2026-04-14 18:05:02.349112,728187,1609507395989001,4995958908,0.583648,-0.528992,-0.651968,-42.5425,57.98625,-62.83375,6.64,28.184002,-22.208,none,8,3.0,40634.0,269850.0,88001.0,258867.0,94821.0
2026-04-14 18:05:02.362856,728188,1609507396003634,4995973787,0.583648,-0.528992,-0.651968,-49.4725,59.482502,-60.52375,6.64,28.184002,-22.208,none,8,3.0,40634.0,269850.0,88001.0,258867.0,94821.0
2026-04-14 18:05:02.397872,728199,1609507396012735,4995982460,0.70272,-0.579744,-0.378688,-47.55625,60.08625,-64.98625,4.488,28.552002,-23.512001,none,8,3.0,77914.0,295386.0,146900.0,279734.0,157237.0
2026-04-14 18:05:02.400012,728200,1609507396021802,4995991225,0.70272,-0.579744,-0.378688,-39.62875,60.75125,-67.8125,4.488,28.552002,-23.512001,none,8,3.0,77914.0,295386.0,146900.0,279734.0,157237.0
2026-04-14 18:05:02.402642,728201,1609507396036321,4996006152,0.587552,-0.441152,-0.435296,-29.19875,61.005,-67.05125,4.152,28.152,-23.272001,none,8,3.0,77914.0,295386.0,146900.0,279734.0,157237.0
2026-04-14 18:05:02.405281,728202,1609507396045267,4996014870,0.677344,-0.480192,-0.402112,-24.9725,58.572502,-68.52125,4.152,28.04,-21.896002,none,8,3.0,77914.0,295386.0,146900.0,279734.0,157237.0
2026-04-14 18:05:02.417541,728203,1609507396059852,4996029805,0.677344,-0.480192,-0.402112,-31.12375,55.65875,-68.215004,3.384,28.04,-21.896002,none,8,3.0,77914.0,295386.0,146900.0,279734.0,157237.0
2026-04-14 18:05:02.427864,728204,1609507396068848,4996038498,0.622688,-0.374784,-0.411872,-46.40125,49.595,-66.1325,2.928,27.896002,-24.512001,none,8,3.0,77914.0,295386.0,146900.0,279734.0,157237.0
2026-04-14 18:05:02.442512,728205,1609507396083355,4996053392,0.622688,-0.374784,-0.411872,-38.8675,46.29625,-60.445,2.928,27.896002,-24.512001,none,8,3.0,77914.0,295386.0,146900.0,279734.0,157237.0
2026-04-14 18:05:02.451558,728206,1609507396092332,4996062073,0.651968,-0.372832,-0.519232,-34.48375,44.6775,-62.2825,2.032,27.400002,-24.088001,none,8,3.0,77914.0,295386.0,146900.0,279734.0,157237.0
2026-04-14 18:05:02.458723,728207,1609507396101306,4996070791,0.651968,-0.372832,-0.519232,-31.92,40.1625,-68.11875,2.032,27.400002,-24.088001,none,8,3.0,77914.0,295386.0,146900.0,279734.0,157237.0
2026-04-14 18:05:02.497760,728218,1609507396116254,4996085808,0.607072,-0.50752,-0.528992,-29.02375,36.1025,-70.105,0.384,27.624,-23.696001,none,8,3.0,126267.0,303119.0,206793.0,286362.0,216283.0
2026-04-14 18:05:02.500225,728219,1609507396125344,4996094758,0.607072,-0.460672,-0.38064,-29.9075,31.7625,-68.24125,0.384,27.624,-23.696001,none,8,3.0,126267.0,303119.0,206793.0,286362.0,216283.0
2026-04-14 18:05:02.502736,728220,1609507396139876,4996109722,0.675392,-0.464576,-0.38064,-9.7825,30.87,-65.02125,-0.792,28.064001,-23.672,none,8,3.0,126267.0,303119.0,206793.0,286362.0,216283.0
2026-04-14 18:05:02.508638,728221,1609507396148860,4996118488,0.685152,-0.265472,-0.54656,2.24,29.42625,-64.1025,-1.736,27.528002,-23.624,none,8,3.0,126267.0,303119.0,206793.0,286362.0,216283.0
2026-04-14 18:05:02.516530,728222,1609507396157814,4996127174,0.685152,-0.265472,-0.54656,11.73375,28.39375,-61.66125,-1.736,27.528002,-23.624,none,8,3.0,126267.0,303119.0,206793.0,286362.0,216283.0
2026-04-14 18:05:02.531603,728223,1609507396172329,4996142066,0.659776,-0.261568,-0.3416,-4.1125,28.385,-61.64375,-1.256,27.28,-24.68,none,8,3.0,126267.0,303119.0,206793.0,286362.0,216283.0
2026-04-14 18:05:02.539106,728224,1609507396181278,4996150810,0.659776,-0.261568,-0.3416,-15.8375,26.1625,-57.0675,-1.256,27.28,-24.68,none,8,3.0,126267.0,303119.0,206793.0,286362.0,216283.0
2026-04-14 18:05:02.554084,728225,1609507396195761,4996165710,0.71248,-0.47824,-0.324032,-9.1175,30.87,-51.835,-1.736,27.336,-23.824001,none,8,3.0,126267.0,303119.0,206793.0,286362.0,216283.0
2026-04-14 18:05:02.565108,728226,1609507396204699,4996174429,0.71248,-0.47824,-0.324032,-14.20125,29.47,-48.29125,-1.736,27.336,-23.824001,none,8,3.0,126267.0,303119.0,206793.0,286362.0,216283.0
2026-04-14 18:05:02.647940,728237,1609507396219297,4996189467,0.74176,-0.56608,-0.347456,-1.4525,27.92125,-39.0775,-3.12,27.936,-23.392,none,8,3.0,141814.0,314627.0,225118.0,297481.0,233916.0
2026-04-14 18:05:02.648351,728238,1609507396228286,4996198211,0.655872,-0.179584,-0.16592,7.77,26.46875,-31.325,-3.216,27.952002,-25.504002,none,8,3.0,141814.0,314627.0,225118.0,297481.0,233916.0
2026-04-14 18:05:02.648550,728239,1609507396237206,4996206901,0.655872,-0.179584,-0.16592,31.17625,27.8425,-31.59625,-3.216,27.952002,-25.504002,none,8,3.0,141814.0,314627.0,225118.0,297481.0,233916.0
2026-04-14 18:05:02.648734,728240,1609507396251757,4996221788,0.511424,-0.148352,-0.271328,48.92125,35.11375,-39.08625,-3.544,28.168001,-23.584002,none,8,3.0,141814.0,314627.0,225118.0,297481.0,233916.0
2026-04-14 18:05:02.651215,728241,1609507396260699,4996230496,0.511424,-0.148352,-0.271328,42.09625,33.005,-39.52375,-3.544,28.168001,-23.584002,none,8,3.0,141814.0,314627.0,225118.0,297481.0,233916.0
2026-04-14 18:05:02.653769,728242,1609507396275207,4996245505,0.737856,-0.603168,-0.476288,27.62375,26.94125,-31.63125,-3.648,28.472002,-23.944,none,8,3.0,141814.0,314627.0,225118.0,297481.0,233916.0
2026-04-14 18:05:02.656253,728243,1609507396284254,4996254252,0.737856,-0.603168,-0.476288,-0.04375,14.35,-19.45125,-3.648,28.472002,-23.944,none,8,3.0,141814.0,314627.0,225118.0,297481.0,233916.0
2026-04-14 18:05:02.658646,728244,1609507396298853,4996269148,0.81984,-0.357216,-0.28304,-6.2125,4.7075,-6.86,-3.944,28.44,-22.720001,none,8,3.0,141814.0,314627.0,225118.0,297481.0,233916.0
2026-04-14 18:05:02.666877,728245,1609507396307965,4996277941,0.679296,-0.072224,-0.15616,14.2975,10.73625,-7.76125,-4.696,28.576002,-22.232,none,8,3.0,141814.0,314627.0,225118.0,297481.0,233916.0
2026-04-14 18:05:02.703832,728256,1609507396317396,4996286871,0.679296,-0.072224,-0.15616,19.57375,19.20625,-16.79125,-4.696,28.576002,-22.232,none,8,3.0,160633.0,327064.0,247267.0,309829.0,253727.0
2026-04-14 18:05:02.706259,728257,1609507396331995,4996301882,0.661728,-0.404064,-0.443104,12.95,25.76,-21.4025,-5.4,28.784002,-22.080002,none,8,3.0,160633.0,327064.0,247267.0,309829.0,253727.0
2026-04-14 18:05:02.708747,728258,1609507396340926,4996310644,0.661728,-0.404064,-0.443104,2.0825,25.59375,-21.665,-5.4,28.784002,-22.080002,none,8,3.0,160633.0,327064.0,247267.0,309829.0,253727.0
2026-04-14 18:05:02.715030,728259,1609507396355462,4996325607,0.856928,-0.558272,-0.179584,-12.136251,14.27125,-12.5125,-5.416,29.032001,-22.256,none,8,3.0,160633.0,327064.0,247267.0,309829.0,253727.0
2026-04-14 18:05:02.724876,728260,1609507396364547,4996334309,0.856928,-0.558272,-0.179584,-8.0675,6.125,-0.18375,-5.416,29.032001,-22.256,none,8,3.0,160633.0,327064.0,247267.0,309829.0,253727.0
2026-04-14 18:05:02.731401,728261,1609507396373649,4996343024,0.759328,-0.023424,-0.236192,16.6075,12.11875,-0.07875,-4.56,28.512001,-23.304,none,8,3.0,160633.0,327064.0,247267.0,309829.0,253727.0
2026-04-14 18:05:02.747581,728262,1609507396388120,4996357914,0.786656,-0.232288,-0.36112,20.825,18.50625,-9.555,-4.824,28.752,-22.208,none,8,3.0,160633.0,327064.0,247267.0,309829.0,253727.0
2026-04-14 18:05:02.756314,728263,1609507396397052,4996366591,0.786656,-0.232288,-0.36112,4.01625,19.27625,-10.57875,-4.824,28.752,-22.208,none,8,3.0,160633.0,327064.0,247267.0,309829.0,253727.0
2026-04-14 18:05:02.771372,728264,1609507396411552,4996381453,0.862784,-0.591456,-0.189344,-14.63875,14.752501,-8.96875,-5.504,28.864002,-23.008001,none,8,3.0,160633.0,327064.0,247267.0,309829.0,253727.0
2026-04-14 18:05:02.798746,728275,1609507396420656,4996390252,0.862784,-0.591456,-0.189344,-29.741251,3.115,-3.6575,-5.504,28.864002,-23.008001,none,8,3.0,157548.0,330927.0,243485.0,313126.0,250356.0
2026-04-14 18:05:02.828779,728276,1609507396429687,4996398944,0.841312,-0.05856,-0.355264,-9.52,-1.715,2.17,-6.440001,29.2,-22.312,none,8,3.0,157548.0,330927.0,243485.0,313126.0,250356.0
2026-04-14 18:05:02.831349,728277,1609507396444362,4996413949,0.841312,-0.05856,-0.355264,19.18,5.87125,-7.46375,-6.440001,29.2,-22.312,none,8,3.0,157548.0,330927.0,243485.0,313126.0,250356.0
2026-04-14 18:05:02.833762,728278,1609507396453320,4996422668,0.813984,-0.08784,-0.199104,10.3075,10.5525,-14.07875,-5.744,28.768002,-22.000002,none,8,3.0,157548.0,330927.0,243485.0,313126.0,250356.0
2026-04-14 18:05:02.836204,728279,1609507396467820,4996437558,0.80032,-0.599264,-0.378688,-10.89375,9.45875,-12.24125,-5.744,28.768002,-22.152,none,8,3.0,157548.0,330927.0,243485.0,313126.0,250356.0
2026-04-14 18:05:02.838838,728280,1609507396476744,4996446257,0.80032,-0.599264,-0.378688,-27.08125,3.7275,-8.2425,-5.752,28.464,-22.152,none,8,3.0,157548.0,330927.0,243485.0,313126.0,250356.0
2026-04-14 18:05:02.850161,728281,1609507396491382,4996461234,0.796416,-0.277184,-0.320128,-30.1875,-5.88875,-3.1675,-5.952,28.784002,-22.208,none,8,3.0,157548.0,330927.0,243485.0,313126.0,250356.0
2026-04-14 18:05:02.860551,728282,1609507396500358,4996469944,0.796416,-0.277184,-0.320128,-3.40375,-8.636251,1.16375,-5.952,28.784002,-22.208,none,8,3.0,157548.0,330927.0,243485.0,313126.0,250356.0
2026-04-14 18:05:02.868977,728283,1609507396509313,4996478689,0.874496,-0.076128,-0.144448,27.79875,-1.785,-2.765,-5.928001,28.608002,-22.696001,none,8,3.0,157548.0,330927.0,243485.0,313126.0,250356.0
2026-04-14 18:05:02.897688,728294,1609507396524223,4996494228,0.874496,-0.076128,-0.144448,21.4725,2.8,-7.42,-5.928001,28.608002,-22.696001,none,8,3.0,152247.0,331445.0,237079.0,313904.0,244346.0
2026-04-14 18:05:02.900289,728295,1609507396533265,4996502982,0.866688,-0.40016,-0.327936,0.2275,4.68125,-3.745,-6.168,28.656002,-22.408,none,8,3.0,152247.0,331445.0,237079.0,313904.0,244346.0
2026-04-14 18:05:02.906601,728296,1609507396547865,4996517897,0.866688,-0.40016,-0.386496,-18.235,1.225,-0.4025,-6.168,28.656002,-22.408,none,8,3.0,152247.0,331445.0,237079.0,313904.0,244346.0
2026-04-14 18:05:02.915338,728297,1609507396556771,4996526627,0.856928,-0.44896,-0.386496,-21.3325,-2.61625,3.8325,-5.592001,28.800001,-22.000002,none,8,3.0,152247.0,331445.0,237079.0,313904.0,244346.0
2026-04-14 18:05:02.926625,728298,1609507396565732,4996535335,0.856928,-0.44896,-0.386496,-6.9125,-1.95125,3.10625,-5.592001,28.800001,-22.000002,none,8,3.0,152247.0,331445.0,237079.0,313904.0,244346.0
2026-04-14 18:05:02.939094,728299,1609507396580441,4996550426,0.823744,-0.18544,-0.376736,6.37875,0.805,-0.1575,-5.016,28.496002,-22.936,none,8,3.0,152247.0,331445.0,237079.0,313904.0,244346.0
2026-04-14 18:05:02.971464,728300,1609507396589375,4996559130,0.75152,-0.25376,-0.404064,8.02375,3.54375,-2.765,-5.104,28.480001,-24.408,none,8,3.0,152247.0,331445.0,237079.0,313904.0,244346.0
2026-04-14 18:05:02.973897,728301,1609507396603923,4996574026,0.75152,-0.25376,-0.404064,1.3475,1.9075,-2.63375,-5.104,28.480001,-24.408,none,8,3.0,152247.0,331445.0,237079.0,313904.0,244346.0
2026-04-14 18:05:02.976079,728302,1609507396612850,4996582697,0.83936,-0.482144,-0.325984,-5.76625,-1.365,-0.77,-5.16,28.512001,-23.616001,none,8,3.0,152247.0,331445.0,237079.0,313904.0,244346.0
2026-04-14 18:05:03.055819,728313,1609507396621904,4996591436,0.83936,-0.482144,-0.325984,-10.0275,-5.215,1.0675,-5.16,28.512001,-23.616001,none,8,3.0,143886.0,329323.0,226633.0,311566.0,234627.0
2026-04-14 18:05:03.066717,728314,1609507396636510,4996606447,0.86864,-0.255712,-0.355264,-3.9025,-6.86,3.63125,-4.6,28.432001,-23.184002,none,8,3.0,143886.0,329323.0,226633.0,311566.0,234627.0
2026-04-14 18:05:03.068236,728315,1609507396645571,4996615137,0.86864,-0.255712,-0.355264,7.9975,-3.0275,1.225,-4.6,28.432001,-23.184002,none,8,3.0,143886.0,329323.0,226633.0,311566.0,234627.0
2026-04-14 18:05:03.068409,728316,1609507396660158,4996630113,0.821792,-0.203008,-0.407968,5.9675,0.63875,-4.80375,-5.656,28.712002,-22.000002,none,8,3.0,143886.0,329323.0,226633.0,311566.0,234627.0
2026-04-14 18:05:03.068717,728317,1609507396669090,4996638807,0.794464,-0.349408,-0.37088,-0.9275,2.5375,-4.795,-5.656,28.712002,-20.768002,none,8,3.0,143886.0,329323.0,226633.0,311566.0,234627.0
2026-04-14 18:05:03.068832,728318,1609507396683748,4996653683,0.794464,-0.349408,-0.37088,-5.1975,2.135,-5.425,-5.872,28.672,-20.768002,none,8,3.0,143886.0,329323.0,226633.0,311566.0,234627.0
2026-04-14 18:05:03.068946,728319,1609507396692901,4996662537,0.772992,-0.433344,-0.347456,-8.16375,0.30625,-3.92,-5.928001,28.736002,-22.6,none,8,3.0,143886.0,329323.0,226633.0,311566.0,234627.0
2026-04-14 18:05:03.070506,728320,1609507396701928,4996671254,0.772992,-0.433344,-0.347456,-8.417501,-2.3625,-1.58375,-5.928001,28.736002,-22.6,none,8,3.0,143886.0,329323.0,226633.0,311566.0,234627.0
2026-04-14 18:05:03.097835,728331,1609507396716627,4996686245,0.815936,-0.240096,-0.394304,-2.09125,-2.59875,0.09625,-6.032,28.408,-23.52,none,8,3.0,134954.0,326892.0,216076.0,309331.0,224684.0
2026-04-14 18:05:03.100335,728332,1609507396725739,4996695076,0.815936,-0.240096,-0.394304,6.4225,1.89,-2.07375,-6.032,28.408,-23.52,none,8,3.0,134954.0,326892.0,216076.0,309331.0,224684.0
2026-04-14 18:05:03.102386,728333,1609507396740267,4996710037,0.85888,-0.286944,-0.368928,2.1175,3.80625,-4.5325,-6.144,28.296001,-23.384,none,8,3.0,134954.0,326892.0,216076.0,309331.0,224684.0
2026-04-14 18:05:03.107922,728334,1609507396749209,4996718752,0.85888,-0.286944,-0.447008,-4.17375,3.78,-2.9225,-6.144,28.296001,-23.384,none,8,3.0,134954.0,326892.0,216076.0,309331.0,224684.0
2026-04-14 18:05:03.115351,728335,1609507396758194,4996727482,0.812032,-0.404064,-0.447008,-6.74625,2.5375,-1.84625,-4.76,28.576002,-23.224,none,8,3.0,134954.0,326892.0,216076.0,309331.0,224684.0
2026-04-14 18:05:03.131614,728336,1609507396772676,4996742485,0.813984,-0.320128,-0.249856,-7.385,1.37375,-0.7175,-5.104,28.528002,-22.976002,none,8,3.0,134954.0,326892.0,216076.0,309331.0,224684.0
2026-04-14 18:05:03.146155,728337,1609507396781632,4996751182,0.813984,-0.320128,-0.249856,-4.61125,0.83125,0.74375,-5.104,28.528002,-22.976002,none,8,3.0,134954.0,326892.0,216076.0,309331.0,224684.0
2026-04-14 18:05:03.157157,728338,1609507396796145,4996766061,0.860832,-0.25376,-0.177632,-1.75,1.77625,0.8225,-4.928001,28.552002,-23.52,none,8,3.0,134954.0,326892.0,216076.0,309331.0,224684.0
2026-04-14 18:05:03.163329,728339,1609507396805167,4996774780,0.860832,-0.25376,-0.177632,-0.21875,3.35125,0.6825,-4.928001,28.552002,-23.52,none,8,3.0,134954.0,326892.0,216076.0,309331.0,224684.0
2026-04-14 18:05:03.175321,728340,1609507396814229,4996783574,0.913536,-0.3416,-0.316224,-0.7,4.0425,-0.14875,-5.0,28.376001,-23.448002,none,8,3.0,134954.0,326892.0,216076.0,309331.0,224684.0
2026-04-14 18:05:03.201363,728351,1609507396828746,4996798581,0.913536,-0.3416,-0.316224,-0.90125,2.63375,0.14,-5.0,28.376001,-23.448002,none,8,3.0,131100.0,326744.0,211460.0,309263.0,220449.0
2026-04-14 18:05:03.204083,728352,1609507396837778,4996807441,0.874496,-0.329888,-0.2928,-0.49875,0.09625,0.4375,-6.616,28.952002,-23.728,none,8,3.0,131100.0,326744.0,211460.0,309263.0,220449.0
2026-04-14 18:05:03.211562,728353,1609507396852289,4996822403,0.833504,-0.308416,-0.339648,0.76125,-1.63625,1.4175,-5.864,28.864002,-22.392,none,8,3.0,131100.0,326744.0,211460.0,309263.0,220449.0
2026-04-14 18:05:03.220355,728354,1609507396861278,4996831115,0.833504,-0.308416,-0.339648,0.7175,-1.4,0.6475,-5.864,28.864002,-22.392,none,8,3.0,131100.0,326744.0,211460.0,309263.0,220449.0
2026-04-14 18:05:03.235014,728355,1609507396875847,4996846015,0.85888,-0.290848,-0.240096,-2.1175,0.2275,-0.32375,-4.744,28.536001,-22.864,none,8,3.0,131100.0,326744.0,211460.0,309263.0,220449.0
2026-04-14 18:05:03.242476,728356,1609507396884809,4996854759,0.85888,-0.290848,-0.240096,-4.3575,0.74375,-1.19875,-4.744,28.536001,-22.864,none,8,3.0,131100.0,326744.0,211460.0,309263.0,220449.0
2026-04-14 18:05:03.252731,728357,1609507396893826,4996863472,0.8784,-0.398208,-0.304512,-4.9,-0.00875,-1.33,-5.016,28.336,-22.536001,none,8,3.0,131100.0,326744.0,211460.0,309263.0,220449.0
2026-04-14 18:05:03.269025,728358,1609507396908326,4996878400,0.8784,-0.398208,-0.304512,-4.36625,-0.945,-0.58625,-5.016,28.336,-22.536001,none,8,3.0,131100.0,326744.0,211460.0,309263.0,220449.0
2026-04-14 18:05:03.300036,728369,1609507396917799,4996887104,0.763232,-0.288896,-0.304512,-1.33,-1.53125,0.1575,-4.864,28.576002,-21.256,none,8,3.0,130303.0,326312.0,210565.0,308902.0,219663.0
2026-04-14 18:05:03.302828,728370,1609507396932381,4996902131,0.80032,-0.26352,-0.294752,2.44125,-0.35875,0.0875,-5.584,28.560001,-21.936,none,8,3.0,130303.0,326312.0,210565.0,308902.0,219663.0
2026-04-14 18:05:03.305345,728371,1609507396941453,4996910850,0.80032,-0.26352,-0.294752,1.28625,0.6125,-0.28875,-5.584,28.560001,-21.936,none,8,3.0,130303.0,326312.0,210565.0,308902.0,219663.0
2026-04-14 18:05:03.308753,728372,1609507396950490,4996919578,0.80032,-0.26352,-0.259616,-2.26625,0.91875,0.1925,-5.584,28.560001,-21.936,none,8,3.0,130303.0,326312.0,210565.0,308902.0,219663.0
2026-04-14 18:05:03.345254,728373,1609507396965010,4996934547,0.90768,-0.365024,-0.259616,-3.00125,-0.42,1.1025,-5.584,28.968002,-23.264002,none,8,3.0,130303.0,326312.0,210565.0,308902.0,219663.0
2026-04-14 18:05:03.347702,728374,1609507396974070,4996943239,0.804224,-0.347456,-0.411872,-2.26625,-2.35375,2.02125,-5.688,28.704,-21.344002,none,8,3.0,130303.0,326312.0,210565.0,308902.0,219663.0
2026-04-14 18:05:03.350185,728375,1609507396988545,4996958138,0.804224,-0.347456,-0.411872,1.04125,-2.94875,2.21375,-5.688,28.704,-21.344002,none,8,3.0,130303.0,326312.0,210565.0,308902.0,219663.0
2026-04-14 18:05:03.369043,728376,1609507396997465,4996966849,0.876448,-0.271328,-0.281088,0.1575,-2.89625,1.54,-6.632,28.944002,-21.248001,none,8,3.0,130303.0,326312.0,210565.0,308902.0,219663.0
2026-04-14 18:05:03.371172,728377,1609507397011949,4996981922,0.815936,-0.279136,-0.333792,-0.77875,-0.8925,0.9275,-4.912,28.12,-22.480001,none,8,3.0,130303.0,326312.0,210565.0,308902.0,219663.0
2026-04-14 18:05:03.400327,728388,1609507397021538,4996990795,0.815936,-0.279136,-0.333792,-2.52875,1.07625,-2.68625,-4.912,28.12,-22.480001,none,8,3.0,133557.0,326205.0,214556.0,308937.0,223519.0
2026-04-14 18:05:03.402776,728389,1609507397030552,4996999545,0.815936,-0.279136,-0.333792,-6.4575,0.84875,-4.85625,-4.912,28.12,-22.480001,none,8,3.0,133557.0,326205.0,214556.0,308937.0,223519.0
2026-04-14 18:05:03.405360,728390,1609507397045256,4997014631,0.903776,-0.365024,-0.189344,-5.1625,-0.63875,-4.4975,-6.592001,28.768002,-21.968,none,8,3.0,133557.0,326205.0,214556.0,308937.0,223519.0
2026-04-14 18:05:03.411521,728391,1609507397054371,4997023381,0.79056,-0.349408,-0.415776,-2.59875,-2.0125,-3.465,-5.592001,28.648,-22.424002,none,8,3.0,133557.0,326205.0,214556.0,308937.0,223519.0
2026-04-14 18:05:03.421247,728392,1609507397063429,4997032093,0.79056,-0.349408,-0.415776,-0.58625,-1.91625,-1.6275,-5.592001,28.648,-22.424002,none,8,3.0,133557.0,326205.0,214556.0,308937.0,223519.0
2026-04-14 18:05:03.437742,728393,1609507397078222,4997046986,0.823744,-0.275232,-0.271328,-0.13125,-0.5775,-0.83125,-4.68,28.504002,-22.848001,none,8,3.0,133557.0,326205.0,214556.0,308937.0,223519.0
2026-04-14 18:05:03.469133,728394,1609507397087568,4997057774,0.823744,-0.275232,-0.271328,-1.54,1.21625,-0.665,-4.68,28.504002,-22.848001,none,8,3.0,133557.0,326205.0,214556.0,308937.0,223519.0
2026-04-14 18:05:03.471598,728395,1609507397102064,4997070617,0.864736,-0.335744,-0.374784,-3.4475,1.1725,-1.91625,-5.4,28.680002,-22.304,none,8,3.0,133557.0,326205.0,214556.0,308937.0,223519.0
2026-04-14 18:05:03.473662,728396,1609507397111433,4997081355,0.864736,-0.335744,-0.368928,-5.22375,-0.56,-2.58125,-5.4,28.680002,-22.304,none,8,3.0,133557.0,326205.0,214556.0,308937.0,223519.0
2026-04-14 18:05:03.501582,728407,1609507397120884,4997090113,0.813984,-0.376736,-0.368928,-6.67625,-1.91625,-2.0475,-5.752,28.904001,-22.896002,none,8,3.0,130301.0,324771.0,210559.0,307424.0,219698.0
2026-04-14 18:05:03.504075,728408,1609507397135623,4997105076,0.808128,-0.244,-0.255712,-2.5725,-2.12625,-2.17875,-5.512,28.752,-22.488,none,8,3.0,130301.0,324771.0,210559.0,307424.0,219698.0
2026-04-14 18:05:03.506560,728409,1609507397144703,4997113793,0.808128,-0.244,-0.255712,2.8875,0.5075,-2.87875,-5.512,28.752,-22.488,none,8,3.0,130301.0,324771.0,210559.0,307424.0,219698.0
2026-04-14 18:05:03.519055,728410,1609507397159253,4997128716,0.874496,-0.267424,-0.201056,-0.90125,2.275,-3.33375,-5.72,28.704,-22.296001,none,8,3.0,130301.0,324771.0,210559.0,307424.0,219698.0
2026-04-14 18:05:03.526579,728411,1609507397168225,4997137422,0.874496,-0.267424,-0.201056,-6.755,3.29,-2.9575,-5.72,28.704,-22.296001,none,8,3.0,130301.0,324771.0,210559.0,307424.0,219698.0
2026-04-14 18:05:03.534950,728412,1609507397177219,4997146101,0.894016,-0.363072,-0.363072,-7.00875,3.185,-3.6225,-5.056,28.480001,-22.44,none,8,3.0,130301.0,324771.0,210559.0,307424.0,219698.0
2026-04-14 18:05:03.549797,728413,1609507397191704,4997161107,0.894016,-0.363072,-0.363072,-5.705,2.03,-3.87625,-5.056,28.480001,-22.44,none,8,3.0,130301.0,324771.0,210559.0,307424.0,219698.0
2026-04-14 18:05:03.558434,728414,1609507397200718,4997169826,0.772992,-0.296704,-0.314272,-3.82375,1.6625,-2.44125,-5.84,28.704,-22.576,none,8,3.0,130301.0,324771.0,210559.0,307424.0,219698.0
2026-04-14 18:05:03.573492,728415,1609507397215195,4997184702,0.798368,-0.306464,-0.413824,-3.12375,2.2575,-1.74125,-5.952,28.152,-23.632002,none,8,3.0,130301.0,324771.0,210559.0,307424.0,219698.0
2026-04-14 18:05:03.602124,728426,1609507397224354,4997193960,0.798368,-0.306464,-0.413824,-5.145,2.52875,-1.75875,-5.952,28.152,-23.632002,none,8,3.0,128484.0,323774.0,208643.0,306601.0,217952.0
2026-04-14 18:05:03.604706,728427,1609507397233409,4997202706,0.913536,-0.298656,-0.242048,-6.18625,3.255,-2.31875,-5.112001,28.184002,-24.832,none,8,3.0,128484.0,323774.0,208643.0,306601.0,217952.0
2026-04-14 18:05:03.607209,728428,1609507397248237,4997217644,0.913536,-0.298656,-0.242048,-6.15125,2.2925,-3.80625,-5.112001,28.184002,-24.832,none,8,3.0,128484.0,323774.0,208643.0,306601.0,217952.0
2026-04-14 18:05:03.615949,728429,1609507397257307,4997226363,0.815936,-0.310368,-0.232288,-6.02875,0.11375,-4.43625,-4.8,27.976002,-23.320002,none,8,3.0,128484.0,323774.0,208643.0,306601.0,217952.0
2026-04-14 18:05:03.630905,728430,1609507397271800,4997241302,0.815936,-0.310368,-0.232288,-7.77875,-3.0625,-3.01,-4.8,27.976002,-23.320002,none,8,3.0,128484.0,323774.0,208643.0,306601.0,217952.0
2026-04-14 18:05:03.639022,728431,1609507397280771,4997250054,0.835456,-0.363072,-0.327936,-9.8525,-5.355,-2.37125,-4.6,28.424002,-21.728,none,8,3.0,128484.0,323774.0,208643.0,306601.0,217952.0
2026-04-14 18:05:03.648701,728432,1609507397289683,4997258821,0.835456,-0.363072,-0.327936,-7.25375,-5.95875,-2.49375,-4.6,28.424002,-21.728,none,8,3.0,128484.0,323774.0,208643.0,306601.0,217952.0
2026-04-14 18:05:03.665187,728433,1609507397304258,4997273716,0.774944,-0.277184,-0.308416,-5.915,-5.76625,-3.21125,-5.568,28.560001,-23.184002,none,8,3.0,128484.0,323774.0,208643.0,306601.0,217952.0
2026-04-14 18:05:03.671314,728434,1609507397313246,4997282627,0.833504,-0.314272,-0.212768,-6.3875,-6.2125,-2.87875,-5.568,28.560001,-23.808,none,8,3.0,128484.0,323774.0,208643.0,306601.0,217952.0
2026-04-14 18:05:03.767216,728445,1609507397327835,4997297618,0.833504,-0.314272,-0.212768,-7.9625,-6.51,-1.47875,-5.888001,28.264002,-23.808,none,8,3.0,124296.0,322448.0,203703.0,305270.0,213196.0
2026-04-14 18:05:03.770090,728446,1609507397336796,4997306379,0.81984,-0.327936,-0.251808,-7.7175,-6.58,0.13125,-5.752,28.288002,-23.032001,none,8,3.0,124296.0,322448.0,203703.0,305270.0,213196.0
2026-04-14 18:05:03.772540,728447,1609507397351279,4997321337,0.81984,-0.327936,-0.251808,-5.50375,-6.13375,1.82,-5.752,28.288002,-23.032001,none,8,3.0,124296.0,322448.0,203703.0,305270.0,213196.0
2026-04-14 18:05:03.775022,728448,1609507397360202,4997330142,0.890112,-0.290848,-0.288896,-2.485,-5.285,2.87875,-5.448,28.312002,-23.368002,none,8,3.0,124296.0,322448.0,203703.0,305270.0,213196.0
2026-04-14 18:05:03.777510,728449,1609507397369057,4997338815,0.890112,-0.290848,-0.288896,-0.56,-3.57,2.26625,-5.448,28.312002,-23.368002,none,8,3.0,124296.0,322448.0,203703.0,305270.0,213196.0
2026-04-14 18:05:03.780162,728450,1609507397383554,4997353699,0.853024,-0.271328,-0.296704,-1.715,-1.89875,0.74375,-5.872,28.288002,-22.152,none,8,3.0,124296.0,322448.0,203703.0,305270.0,213196.0
2026-04-14 18:05:03.782553,728451,1609507397392507,4997362416,0.853024,-0.271328,-0.296704,-4.585,-1.82,0.06125,-5.872,28.288002,-22.152,none,8,3.0,124296.0,322448.0,203703.0,305270.0,213196.0
2026-04-14 18:05:03.785162,728452,1609507397407059,4997377369,0.831552,-0.382592,-0.452864,-6.74625,-2.35375,-0.2975,-6.544,28.504002,-21.744001,none,8,3.0,124296.0,322448.0,203703.0,305270.0,213196.0
2026-04-14 18:05:03.787538,728453,1609507397416002,4997386106,0.786656,-0.306464,-0.286944,-3.8675,-3.17625,-0.23625,-6.016,28.632002,-22.952002,none,8,3.0,124296.0,322448.0,203703.0,305270.0,213196.0
2026-04-14 18:05:03.814952,728464,1609507397430576,4997399308,0.786656,-0.306464,-0.286944,2.3625,-3.45625,-0.84,-6.016,28.632002,-22.952002,none,8,3.0,125190.0,319731.0,204856.0,302665.0,214427.0
2026-04-14 18:05:03.817344,728465,1609507397440124,4997410216,0.84912,-0.249856,-0.435296,7.42875,-2.45,-1.04125,-5.704001,28.504002,-22.608002,none,8,3.0,125190.0,319731.0,204856.0,302665.0,214427.0
2026-04-14 18:05:03.819966,728466,1609507397449084,4997418946,0.84912,-0.249856,-0.435296,7.39375,-1.47,-1.82875,-5.704001,28.504002,-22.608002,none,8,3.0,125190.0,319731.0,204856.0,302665.0,214427.0
2026-04-14 18:05:03.822367,728467,1609507397463645,4997433893,0.909632,-0.31232,-0.17568,2.49375,-1.26,-2.3975,-5.424,28.560001,-22.544,none,8,3.0,125190.0,319731.0,204856.0,302665.0,214427.0
2026-04-14 18:05:03.835061,728468,1609507397472630,4997442615,0.909632,-0.31232,-0.17568,-3.70125,-0.6825,-1.295,-5.424,28.560001,-22.544,none,8,3.0,125190.0,319731.0,204856.0,302665.0,214427.0
2026-04-14 18:05:03.843725,728469,1609507397487141,4997455523,0.769088,-0.382592,-0.363072,-4.97875,0.035,-0.88375,-4.384,28.320002,-20.472,none,8,3.0,125190.0,319731.0,204856.0,302665.0,214427.0
2026-04-14 18:05:03.855123,728470,1609507397496452,4997466313,0.860832,-0.316224,-0.203008,-1.19875,1.51375,-0.39375,-5.288,28.448002,-23.448002,none,8,3.0,125190.0,319731.0,204856.0,302665.0,214427.0
2026-04-14 18:05:03.863767,728471,1609507397505468,4997475011,0.860832,-0.316224,-0.203008,4.69,2.89625,-0.3325,-5.288,28.448002,-23.448002,none,8,3.0,125190.0,319731.0,204856.0,302665.0,214427.0
2026-04-14 18:05:03.903583,728482,1609507397519962,4997489851,0.798368,-0.242048,-0.392352,6.67625,4.08625,-0.42,-5.08,28.320002,-23.44,none,8,3.0,130500.0,320463.0,211518.0,303620.0,220867.0
2026-04-14 18:05:03.906154,728483,1609507397528915,4997498628,0.798368,-0.242048,-0.392352,5.18875,4.68125,-0.67375,-5.08,28.320002,-23.44,none,8,3.0,130500.0,320463.0,211518.0,303620.0,220867.0
2026-04-14 18:05:03.908576,728484,1609507397543641,4997513578,0.909632,-0.335744,-0.261568,1.05875,4.7425,-0.5075,-5.24,28.424002,-22.696001,none,8,3.0,130500.0,320463.0,211518.0,303620.0,220867.0
2026-04-14 18:05:03.911086,728485,1609507397552644,4997522282,0.909632,-0.335744,-0.261568,-3.15875,3.78875,-0.23625,-5.24,28.424002,-22.696001,none,8,3.0,130500.0,320463.0,211518.0,303620.0,220867.0
2026-04-14 18:05:03.922458,728486,1609507397561577,4997530955,0.872544,-0.36112,-0.3904,-5.71375,2.47625,-0.945,-5.432,28.728,-21.872002,none,8,3.0,130500.0,320463.0,211518.0,303620.0,220867.0
2026-04-14 18:05:03.933784,728487,1609507397576183,4997546044,0.804224,-0.267424,-0.349408,-3.0275,3.57875,-1.505,-5.032,28.736002,-22.968,none,8,3.0,130500.0,320463.0,211518.0,303620.0,220867.0
2026-04-14 18:05:03.943773,728488,1609507397585285,4997554748,0.804224,-0.267424,-0.349408,-0.41125,4.82125,-2.8175,-5.032,28.736002,-22.968,none,8,3.0,130500.0,320463.0,211518.0,303620.0,220867.0
2026-04-14 18:05:03.958714,728489,1609507397599805,4997569833,0.843264,-0.327936,-0.437248,-2.2925,5.075,-3.2375,-5.568,28.328001,-23.768002,none,8,3.0,130500.0,320463.0,211518.0,303620.0,220867.0
2026-04-14 18:05:03.967430,728490,1609507397608738,4997578532,0.843264,-0.327936,-0.437248,-4.6375,4.41875,-2.91375,-5.568,28.328001,-23.768002,none,8,3.0,130500.0,320463.0,211518.0,303620.0,220867.0
2026-04-14 18:05:04.002184,728501,1609507397623632,4997593448,0.890112,-0.382592,-0.329888,-4.34875,2.695,-3.325,-4.712,27.808,-23.888,none,8,3.0,129271.0,319093.0,209879.0,302275.0,219247.0
2026-04-14 18:05:04.004772,728502,1609507397632709,4997602208,0.890112,-0.382592,-0.329888,-2.555,0.945,-3.36875,-4.712,27.808,-23.888,none,8,3.0,129271.0,319093.0,209879.0,302275.0,219247.0
2026-04-14 18:05:04.007168,728503,1609507397641643,4997610940,0.796416,-0.324032,-0.349408,-0.30625,0.14,-3.6575,-4.936,28.504002,-23.416,none,8,3.0,129271.0,319093.0,209879.0,302275.0,219247.0
2026-04-14 18:05:04.014735,728504,1609507397656290,4997625906,0.81008,-0.298656,-0.191296,1.12875,-0.32375,-3.99875,-4.528,28.216002,-25.944002,none,8,3.0,129271.0,319093.0,209879.0,302275.0,219247.0
2026-04-14 18:05:04.023398,728505,1609507397665246,4997634617,0.81008,-0.298656,-0.191296,0.39375,-0.42875,-3.465,-4.528,28.216002,-25.944002,none,8,3.0,129271.0,319093.0,209879.0,302275.0,219247.0
2026-04-14 18:05:04.039673,728506,1609507397679796,4997649548,0.837408,-0.310368,-0.242048,0.07875,0.5775,-3.36,-4.936,27.792002,-23.416,none,8,3.0,129271.0,319093.0,209879.0,302275.0,219247.0
2026-04-14 18:05:04.045955,728507,1609507397688813,4997658267,0.837408,-0.310368,-0.242048,0.25375,1.085,-2.93125,-4.936,27.792002,-23.416,none,8,3.0,129271.0,319093.0,209879.0,302275.0,219247.0
2026-04-14 18:05:04.072405,728508,1609507397697757,4997666955,0.772992,-0.298656,-0.277184,-0.46375,1.4175,-1.74125,-5.544,28.064001,-23.6,none,8,3.0,129271.0,319093.0,209879.0,302275.0,219247.0
2026-04-14 18:05:04.076112,728509,1609507397712237,4997681847,0.772992,-0.298656,-0.277184,-2.28375,0.945,-0.5425,-5.544,28.064001,-23.6,none,8,3.0,129271.0,319093.0,209879.0,302275.0,219247.0
2026-04-14 18:05:04.160156,728520,1609507397721145,4997690507,0.774944,-0.320128,-0.407968,-3.17625,1.225,1.21625,-5.520001,28.424002,-22.800001,none,8,3.0,121511.0,315590.0,200601.0,298869.0,210367.0
2026-04-14 18:05:04.162524,728521,1609507397731109,4997701327,0.774944,-0.320128,-0.407968,-0.035,1.4875,1.9775,-5.520001,28.424002,-22.800001,none,8,3.0,121511.0,315590.0,200601.0,298869.0,210367.0
2026-04-14 18:05:04.165106,728522,1609507397745611,4997714159,0.792512,-0.314272,-0.220576,2.40625,2.17,2.12625,-5.44,28.776001,-22.312,none,8,3.0,121511.0,315590.0,200601.0,298869.0,210367.0
2026-04-14 18:05:04.167531,728523,1609507397754999,4997724970,0.792512,-0.314272,-0.220576,4.10375,2.31,2.40625,-5.44,28.776001,-22.312,none,8,3.0,121511.0,315590.0,200601.0,298869.0,210367.0
2026-04-14 18:05:04.172390,728524,1609507397769502,4997737854,0.862784,-0.284992,-0.20496,8.1725,2.73875,2.38875,-5.168,28.912,-23.232,none,8,3.0,121511.0,315590.0,200601.0,298869.0,210367.0
2026-04-14 18:05:04.172957,728525,1609507397778818,4997748622,0.812032,-0.286944,-0.296704,7.95375,2.2225,2.02125,-6.168,29.072,-21.664001,none,8,3.0,121511.0,315590.0,200601.0,298869.0,210367.0
2026-04-14 18:05:04.174906,728526,1609507397788027,4997757358,0.812032,-0.286944,-0.296704,3.52625,1.75875,3.56125,-6.168,29.072,-21.664001,none,8,3.0,121511.0,315590.0,200601.0,298869.0,210367.0
2026-04-14 18:05:04.182120,728527,1609507397802566,4997772335,0.786656,-0.318176,-0.306464,0.49,2.03875,3.31625,-6.384,28.936,-22.288,none,8,3.0,121511.0,315590.0,200601.0,298869.0,210367.0
2026-04-14 18:05:04.182298,728528,1609507397811508,4997781037,0.786656,-0.318176,-0.306464,0.41125,2.77375,1.86375,-6.384,28.936,-22.288,none,8,3.0,121511.0,315590.0,200601.0,298869.0,210367.0
2026-04-14 18:05:04.207284,728539,1609507397826656,4997795967,0.823744,-0.335744,-0.359168,1.19875,3.3425,1.67125,-5.392,28.816002,-22.432001,none,8,3.0,123746.0,316616.0,203528.0,300037.0,213299.0
2026-04-14 18:05:04.209817,728540,1609507397835812,4997804845,0.823744,-0.335744,-0.359168,1.44375,3.5175,1.61,-5.392,28.816002,-22.432001,none,8,3.0,123746.0,316616.0,203528.0,300037.0,213299.0
2026-04-14 18:05:04.212206,728541,1609507397845482,4997815621,0.833504,-0.337696,-0.314272,1.07625,3.745,2.58125,-5.224001,28.392002,-21.776001,none,8,3.0,123746.0,316616.0,203528.0,300037.0,213299.0
2026-04-14 18:05:04.217415,728542,1609507397859997,4997828456,0.792512,-0.316224,-0.144448,-0.07,2.66,3.815,-4.984,28.608002,-22.216002,none,8,3.0,123746.0,316616.0,203528.0,300037.0,213299.0
2026-04-14 18:05:04.230076,728543,1609507397869381,4997839218,0.792512,-0.316224,-0.144448,-1.505,1.12875,5.95875,-4.984,28.608002,-22.216002,none,8,3.0,123746.0,316616.0,203528.0,300037.0,213299.0
2026-04-14 18:05:04.236261,728544,1609507397878322,4997847950,0.806176,-0.357216,-0.1464,-1.58375,-1.35625,7.77,-4.504,28.680002,-24.272001,none,8,3.0,123746.0,316616.0,203528.0,300037.0,213299.0
2026-04-14 18:05:04.252561,728545,1609507397892839,4997862926,0.806176,-0.357216,-0.1464,-1.19,-3.43,10.31625,-4.504,28.680002,-24.272001,none,8,3.0,123746.0,316616.0,203528.0,300037.0,213299.0
2026-04-14 18:05:04.260355,728546,1609507397901788,4997871672,0.774944,-0.296704,-0.230336,1.33875,-4.19125,12.73125,-4.264,28.424002,-23.168001,none,8,3.0,123746.0,316616.0,203528.0,300037.0,213299.0
2026-04-14 18:05:04.276007,728547,1609507397916299,4997886559,0.774944,-0.296704,-0.230336,0.49875,-4.2175,14.34125,-4.264,28.424002,-23.168001,none,8,3.0,123746.0,316616.0,203528.0,300037.0,213299.0
2026-04-14 18:05:04.307937,728558,1609507397925397,4997895319,0.747616,-0.288896,-0.162016,-2.9925,-4.13875,16.21375,-3.736,28.416002,-23.744001,none,8,3.0,124714.0,317753.0,205016.0,301466.0,214638.0
2026-04-14 18:05:04.309982,728559,1609507397940087,4997910296,0.632448,-0.325984,-0.327936,-5.74875,-5.18875,20.32625,-3.44,28.376001,-23.336,none,8,3.0,124714.0,317753.0,205016.0,301466.0,214638.0
2026-04-14 18:05:04.312850,728560,1609507397949028,4997919049,0.632448,-0.325984,-0.327936,-7.14,-6.90375,26.59125,-3.44,28.376001,-23.336,none,8,3.0,124714.0,317753.0,205016.0,301466.0,214638.0
2026-04-14 18:05:04.316575,728561,1609507397957986,4997927791,0.696864,-0.427488,-0.113216,-9.59875,-10.1325,33.32875,-2.84,28.448002,-21.104,none,8,3.0,124714.0,317753.0,205016.0,301466.0,214638.0
2026-04-14 18:05:04.332893,728562,1609507397972469,4997942737,0.696864,-0.427488,-0.113216,-15.225,-14.595,40.4775,-2.84,28.448002,-21.104,none,8,3.0,124714.0,317753.0,205016.0,301466.0,214638.0
2026-04-14 18:05:04.340390,728563,1609507397981397,4997951441,0.728096,-0.460672,-0.11712,-19.08375,-19.43375,48.83375,-3.44,28.344002,-23.648,none,8,3.0,124714.0,317753.0,205016.0,301466.0,214638.0
2026-04-14 18:05:04.355360,728564,1609507397995928,4997964299,0.728096,-0.460672,-0.11712,-15.2775,-22.70625,54.005,-3.44,28.344002,-23.648,none,8,3.0,124714.0,317753.0,205016.0,301466.0,214638.0
2026-04-14 18:05:04.369254,728565,1609507398005186,4997975127,0.788608,-0.251808,-0.193248,1.96875,-20.88625,59.8675,-1.592,28.496002,-23.984001,none,8,3.0,124714.0,317753.0,205016.0,301466.0,214638.0
2026-04-14 18:05:04.381643,728566,1609507398014269,4997983824,0.788608,-0.251808,-0.193248,7.95375,-17.605,58.94875,-1.592,28.496002,-23.984001,none,8,3.0,124714.0,317753.0,205016.0,301466.0,214638.0
2026-04-14 18:05:04.405070,728577,1609507398028950,4997998779,0.716384,-0.345504,-0.255712,-1.33,-17.9725,56.7175,-0.72,28.392002,-23.456001,none,8,3.0,122425.0,312163.0,203064.0,296327.0,212864.0
2026-04-14 18:05:04.407407,728578,1609507398037999,4998007553,0.743712,-0.505568,-0.2928,-13.34375,-22.23375,60.4975,-0.72,28.368002,-22.704,none,8,3.0,122425.0,312163.0,203064.0,296327.0,212864.0
2026-04-14 18:05:04.412577,728579,1609507398052519,4998022465,0.743712,-0.505568,-0.2928,-25.64625,-28.665,64.70625,0.088,28.368002,-22.704,none,8,3.0,122425.0,312163.0,203064.0,296327.0,212864.0
2026-04-14 18:05:04.440130,728580,1609507398061436,4998031142,0.708576,-0.406016,-0.386496,-33.10125,-35.6825,67.76,0.304,28.128002,-23.208,none,8,3.0,122425.0,312163.0,203064.0,296327.0,212864.0
2026-04-14 18:05:04.462374,728581,1609507398075956,4998046053,0.708576,-0.406016,-0.386496,-21.97125,-38.64,70.105,0.304,28.128002,-23.208,none,8,3.0,122425.0,312163.0,203064.0,296327.0,212864.0
2026-04-14 18:05:04.464813,728582,1609507398084901,4998054746,0.640256,-0.35136,-0.284992,-11.87375,-40.5825,66.82375,1.456,28.376001,-22.28,none,8,3.0,122425.0,312163.0,203064.0,296327.0,212864.0
2026-04-14 18:05:04.469971,728583,1609507398093838,4998063439,0.640256,-0.35136,-0.284992,-15.05,-44.40625,64.4875,1.456,28.376001,-22.28,none,8,3.0,122425.0,312163.0,203064.0,296327.0,212864.0
2026-04-14 18:05:04.472419,728584,1609507398108370,4998078323,0.708576,-0.530944,-0.3416,-29.575,-50.9075,67.10375,2.032,27.952002,-23.608002,none,8,3.0,122425.0,312163.0,203064.0,296327.0,212864.0
2026-04-14 18:05:04.474763,728585,1609507398117298,4998087124,0.708576,-0.530944,-0.3416,-38.71,-55.34375,69.88625,2.032,27.952002,-23.608002,none,8,3.0,122425.0,312163.0,203064.0,296327.0,212864.0
2026-04-14 18:05:04.505141,728596,1609507398131873,4998102139,0.62464,-0.548512,-0.349408,-37.03,-58.54625,69.8425,3.464,27.12,-24.752,none,8,3.0,101119.0,300344.0,176907.0,284725.0,186939.0
2026-04-14 18:05:04.507535,728597,1609507398140852,4998110873,0.630496,-0.382592,-0.366976,-18.47125,-59.71875,68.845,4.224,27.888,-22.976002,none,8,3.0,101119.0,300344.0,176907.0,284725.0,186939.0
2026-04-14 18:05:04.513635,728598,1609507398155384,4998125745,0.630496,-0.382592,-0.366976,3.3425,-59.40375,64.96,4.224,27.888,-22.976002,none,8,3.0,101119.0,300344.0,176907.0,284725.0,186939.0
2026-04-14 18:05:04.522545,728599,1609507398164332,4998134439,0.636352,-0.4392,-0.325984,5.80125,-59.5,58.835,4.968,27.536001,-24.424002,none,8,3.0,101119.0,300344.0,176907.0,284725.0,186939.0
2026-04-14 18:05:04.532544,728600,1609507398173262,4998143120,0.636352,-0.4392,-0.325984,-2.205,-61.3375,58.695,4.968,27.536001,-24.424002,none,8,3.0,101119.0,300344.0,176907.0,284725.0,186939.0
2026-04-14 18:05:04.548065,728601,1609507398187769,4998156144,0.698816,-0.651968,-0.45872,-15.00625,-64.82,61.22375,7.136,26.736002,-24.856,none,8,3.0,101119.0,300344.0,176907.0,284725.0,186939.0
2026-04-14 18:05:04.557301,728602,1609507398197123,4998166950,0.698816,-0.651968,-0.45872,-24.56125,-67.0075,60.47125,7.136,26.736002,-24.856,none,8,3.0,101119.0,300344.0,176907.0,284725.0,186939.0
2026-04-14 18:05:04.576080,728603,1609507398211706,4998181992,0.714432,-0.626592,-0.378688,-15.365,-66.115,59.47375,8.048,26.624,-23.648,none,8,3.0,101119.0,300344.0,176907.0,284725.0,186939.0
2026-04-14 18:05:04.579964,728604,1609507398220681,4998190696,0.669536,-0.523136,-0.443104,1.63625,-62.18625,55.8075,9.064,26.944002,-24.176,none,8,3.0,101119.0,300344.0,176907.0,284725.0,186939.0
2026-04-14 18:05:04.607422,728615,1609507398229939,4998199699,0.669536,-0.523136,-0.443104,16.38875,-58.49375,49.4725,9.064,26.944002,-24.176,none,8,3.0,65274.0,281419.0,131849.0,268321.0,141495.0
2026-04-14 18:05:04.610096,728616,1609507398244474,4998214678,0.521184,-0.538752,-0.499712,17.99,-58.33625,44.31,8.96,26.784,-22.976002,none,8,3.0,65274.0,281419.0,131849.0,268321.0,141495.0
2026-04-14 18:05:04.612494,728617,1609507398253415,4998223365,0.521184,-0.538752,-0.499712,13.475,-59.5875,45.6225,8.96,26.784,-22.976002,none,8,3.0,65274.0,281419.0,131849.0,268321.0,141495.0
2026-04-14 18:05:04.626296,728618,1609507398268000,4998236372,0.583648,-0.696864,-0.564128,2.12625,-61.38125,49.385,9.64,26.568,-24.056002,none,8,3.0,65274.0,281419.0,131849.0,268321.0,141495.0
2026-04-14 18:05:04.636619,728619,1609507398277186,4998247161,0.583648,-0.696864,-0.564128,-10.2025,-63.23625,51.93125,9.64,26.568,-24.056002,none,8,3.0,65274.0,281419.0,131849.0,268321.0,141495.0
2026-04-14 18:05:04.645025,728620,1609507398286206,4998255849,0.70272,-0.728096,-0.534848,-9.8175,-61.67875,52.2375,11.000001,26.240002,-25.856,none,8,3.0,65274.0,281419.0,131849.0,268321.0,141495.0
2026-04-14 18:05:04.660164,728621,1609507398300868,4998270748,0.601216,-0.651968,-0.486048,5.45125,-54.4075,50.67125,12.128,26.400002,-23.912,none,8,3.0,65274.0,281419.0,131849.0,268321.0,141495.0
2026-04-14 18:05:04.668923,728622,1609507398309821,4998279480,0.601216,-0.651968,-0.486048,21.647501,-47.55625,46.7775,12.128,26.400002,-23.912,none,8,3.0,65274.0,281419.0,131849.0,268321.0,141495.0
2026-04-14 18:05:04.707874,728633,1609507398324310,4998294439,0.366976,-0.69296,-0.677344,31.17625,-45.38625,40.53875,12.84,26.264002,-22.656,none,8,3.0,50651.0,265186.0,109987.0,256049.0,118270.0
2026-04-14 18:05:04.710396,728634,1609507398333290,4998303144,0.366976,-0.69296,-0.677344,33.22375,-45.07125,39.935,12.84,26.264002,-22.656,none,8,3.0,50651.0,265186.0,109987.0,256049.0,118270.0
2026-04-14 18:05:04.712903,728635,1609507398347826,4998318075,0.509472,-0.737856,-0.655872,23.6075,-46.935,43.33,13.68,26.352001,-22.928001,none,8,3.0,50651.0,265186.0,109987.0,256049.0,118270.0
2026-04-14 18:05:04.716579,728636,1609507398356808,4998326832,0.509472,-0.737856,-0.655872,13.58875,-48.74625,45.5525,13.68,26.352001,-22.928001,none,8,3.0,50651.0,265186.0,109987.0,256049.0,118270.0
2026-04-14 18:05:04.747762,728637,1609507398365768,4998335547,0.597312,-0.728096,-0.599264,10.17625,-49.0875,43.6275,13.880001,25.968,-23.072,none,8,3.0,50651.0,265186.0,109987.0,256049.0,118270.0
2026-04-14 18:05:04.749623,728638,1609507398380287,4998350520,0.454816,-0.687104,-0.61488,13.86875,-45.98125,41.09,15.928,26.088001,-21.944,none,8,3.0,50651.0,265186.0,109987.0,256049.0,118270.0
2026-04-14 18:05:04.752396,728639,1609507398389208,4998359231,0.454816,-0.687104,-0.61488,17.96375,-45.15875,38.263752,15.096001,26.088001,-21.944,none,8,3.0,50651.0,265186.0,109987.0,256049.0,118270.0
2026-04-14 18:05:04.761496,728640,1609507398403709,4998372075,0.374784,-0.726144,-0.618784,19.20625,-46.9,34.02,15.336,26.072,-22.160002,none,8,3.0,50651.0,265186.0,109987.0,256049.0,118270.0
2026-04-14 18:05:04.772802,728641,1609507398412928,4998382855,0.374784,-0.726144,-0.618784,17.10625,-49.1925,33.38125,15.336,26.072,-22.160002,none,8,3.0,50651.0,265186.0,109987.0,256049.0,118270.0
2026-04-14 18:05:04.780031,728642,1609507398422019,4998391591,0.36112,-0.747616,-0.67344,9.695,-52.115,36.75875,16.152,25.616001,-21.088001,none,8,3.0,50651.0,265186.0,109987.0,256049.0,118270.0
2026-04-14 18:05:04.882659,728653,1609507398436790,4998407045,0.36112,-0.747616,-0.67344,4.75125,-54.425,39.05125,16.152,25.616001,-21.088001,none,8,3.0,42340.0,242982.0,95168.0,237911.0,101939.0
2026-04-14 18:05:04.885353,728654,1609507398445809,4998415746,0.441152,-0.714432,-0.456768,0.02625,-57.4175,37.91375,16.312,25.664001,-20.904001,none,8,3.0,42340.0,242982.0,95168.0,237911.0,101939.0
2026-04-14 18:05:04.890340,728655,1609507398460313,4998428752,0.441152,-0.698816,-0.431392,-0.04375,-57.855,38.56125,16.312,25.664001,-20.904001,none,8,3.0,42340.0,242982.0,95168.0,237911.0,101939.0
2026-04-14 18:05:04.892832,728656,1609507398469578,4998439499,0.407968,-0.696864,-0.431392,-0.5775,-56.2625,36.32125,16.168001,25.880001,-20.712002,none,8,3.0,42340.0,242982.0,95168.0,237911.0,101939.0
2026-04-14 18:05:04.895249,728657,1609507398478501,4998448193,0.407968,-0.696864,-0.431392,3.605,-56.46375,32.87375,16.168001,25.880001,-20.712002,none,8,3.0,42340.0,242982.0,95168.0,237911.0,101939.0
2026-04-14 18:05:04.897810,728658,1609507398493041,4998463135,0.345504,-0.718336,-0.499712,8.225,-57.8375,30.68625,17.320002,25.576002,-19.048,none,8,3.0,42340.0,242982.0,95168.0,237911.0,101939.0
2026-04-14 18:05:04.900309,728659,1609507398502032,4998471835,0.37088,-0.735904,-0.534848,6.81625,-60.47125,33.075,17.688002,24.896002,-19.576,none,8,3.0,42340.0,242982.0,95168.0,237911.0,101939.0
2026-04-14 18:05:04.902838,728660,1609507398516558,4998486758,0.37088,-0.735904,-0.534848,2.17,-62.4575,37.05625,17.688002,24.896002,-19.576,none,8,3.0,42340.0,242982.0,95168.0,237911.0,101939.0
2026-04-14 18:05:04.935158,728671,1609507398525509,4998495467,0.386496,-0.772992,-0.482144,-3.19375,-62.79875,37.68625,18.824001,25.448002,-18.424002,none,8,3.0,35420.0,211922.0,81830.0,213904.0,87249.0
2026-04-14 18:05:04.945219,728672,1609507398540022,4998508449,0.386496,-0.772992,-0.482144,-2.5375,-61.87125,38.43875,18.824001,25.448002,-18.424002,none,8,3.0,35420.0,211922.0,81830.0,213904.0,87249.0
2026-04-14 18:05:04.945295,728673,1609507398549428,4998519223,0.31232,-0.765184,-0.642208,-0.09625,-60.865,38.00125,18.376001,25.408,-20.128,none,8,3.0,35420.0,211922.0,81830.0,213904.0,87249.0
2026-04-14 18:05:04.945342,728674,1609507398558428,4998527964,0.31232,-0.765184,-0.642208,3.84125,-61.1625,35.49875,18.376001,25.408,-20.128,none,8,3.0,35420.0,211922.0,81830.0,213904.0,87249.0
2026-04-14 18:05:04.945385,728675,1609507398573105,4998542869,0.238144,-0.737856,-0.489952,5.0225,-61.87125,33.670002,18.776001,24.944,-18.464,none,8,3.0,35420.0,211922.0,81830.0,213904.0,87249.0
2026-04-14 18:05:04.946077,728676,1609507398582235,4998551625,0.300608,-0.815936,-0.774944,3.96375,-63.315,36.7675,20.52,24.472002,-19.056002,none,8,3.0,35420.0,211922.0,81830.0,213904.0,87249.0
2026-04-14 18:05:04.954909,728677,1609507398596721,4998566587,0.300608,-0.815936,-0.774944,3.0625,-62.5975,38.89375,20.52,24.472002,-19.056002,none,8,3.0,35420.0,211922.0,81830.0,213904.0,87249.0
2026-04-14 18:05:04.966491,728678,1609507398605677,4998575277,0.359168,-0.837408,-0.552416,0.8225,-61.92375,38.85,21.968,24.336,-18.912,none,8,3.0,35420.0,211922.0,81830.0,213904.0,87249.0
2026-04-14 18:05:04.972735,728679,1609507398614631,4998584051,0.359168,-0.837408,-0.552416,1.77625,-59.815,37.91375,21.968,24.336,-18.912,none,8,3.0,35420.0,211922.0,81830.0,213904.0,87249.0
2026-04-14 18:05:05.011518,728690,1609507398629387,4998598985,0.193248,-0.782752,-0.767136,3.43875,-58.353752,36.0325,21.368002,24.144001,-18.672,none,8,3.0,31317.0,202427.0,73798.0,207824.0,77103.0
2026-04-14 18:05:05.014027,728691,1609507398638467,4998607791,0.193248,-0.782752,-0.767136,4.0425,-59.15,34.15125,21.368002,24.144001,-18.672,none,8,3.0,31317.0,202427.0,73798.0,207824.0,77103.0
2026-04-14 18:05:05.016662,728692,1609507398653115,4998622799,0.173728,-0.776896,-0.650016,3.045,-59.29,32.69,21.624,23.6,-16.888,none,8,3.0,31317.0,202427.0,73798.0,207824.0,77103.0
2026-04-14 18:05:05.020002,728693,1609507398662056,4998631599,0.208864,-0.85888,-0.739808,0.035,-60.83875,31.710001,21.624,23.312,-15.032001,none,8,3.0,31317.0,202427.0,73798.0,207824.0,77103.0
2026-04-14 18:05:05.029809,728694,1609507398671073,4998640295,0.208864,-0.85888,-0.739808,-4.40125,-62.3525,32.80375,22.664001,23.312,-15.032001,none,8,3.0,31317.0,202427.0,73798.0,207824.0,77103.0
2026-04-14 18:05:05.044007,728695,1609507398685661,4998655225,0.236192,-0.854976,-0.513376,-6.825,-62.545002,34.326252,23.872002,22.736002,-17.672,none,8,3.0,31317.0,202427.0,73798.0,207824.0,77103.0
2026-04-14 18:05:05.054005,728696,1609507398694605,4998663939,0.236192,-0.854976,-0.513376,-6.8775,-61.3025,33.013752,23.872002,22.736002,-17.672,none,8,3.0,31317.0,202427.0,73798.0,207824.0,77103.0
2026-04-14 18:05:05.067859,728697,1609507398709095,4998678870,0.158112,-0.895968,-0.739808,-6.335,-59.9025,31.3075,23.416,23.096,-15.192,none,8,3.0,31317.0,202427.0,73798.0,207824.0,77103.0
2026-04-14 18:05:05.076270,728698,1609507398718034,4998687589,0.158112,-0.895968,-0.739808,1.35625,-57.18125,28.3675,23.416,23.096,-15.192,none,8,3.0,31317.0,202427.0,73798.0,207824.0,77103.0
2026-04-14 18:05:05.113878,728709,1609507398732674,4998702534,-0.040992,-0.737856,-0.782752,9.0825,-56.04375,27.9125,24.608002,22.640001,-15.208001,none,8,3.0,29903.0,205769.0,70388.0,211736.0,72974.0
2026-04-14 18:05:05.114848,728710,1609507398741671,4998711258,-0.040992,-0.737856,-0.782752,10.6925,-56.9975,29.65375,24.608002,22.640001,-15.208001,none,8,3.0,29903.0,205769.0,70388.0,211736.0,72974.0
2026-04-14 18:05:05.117339,728711,1609507398750702,4998719978,0.015616,-0.851072,-0.853024,3.45625,-58.5025,28.67375,25.480001,22.136002,-16.640001,none,8,3.0,29903.0,205769.0,70388.0,211736.0,72974.0
2026-04-14 18:05:05.124915,728712,1609507398765282,4998734920,0.042944,-0.813984,-0.70272,-2.16125,-59.03625,28.16625,25.840002,21.76,-16.168001,none,8,3.0,29903.0,205769.0,70388.0,211736.0,72974.0
2026-04-14 18:05:05.132693,728713,1609507398774227,4998743654,0.042944,-0.813984,-0.70272,-0.02625,-55.88625,27.9125,25.840002,21.76,-16.168001,none,8,3.0,29903.0,205769.0,70388.0,211736.0,72974.0
2026-04-14 18:05:05.149766,728714,1609507398788742,4998758598,0.015616,-0.806176,-0.642208,1.09375,-52.92875,25.366251,25.768002,21.576,-15.768001,none,8,3.0,29903.0,205769.0,70388.0,211736.0,72974.0
2026-04-14 18:05:05.173743,728715,1609507398797687,4998767287,0.015616,-0.806176,-0.642208,0.83125,-50.9425,23.7475,25.768002,21.576,-15.768001,none,8,3.0,29903.0,205769.0,70388.0,211736.0,72974.0
2026-04-14 18:05:05.199114,728716,1609507398806626,4998775952,-0.052704,-0.845216,-0.847168,1.26,-50.295002,22.65375,26.648,21.304,-14.448001,none,8,3.0,29903.0,205769.0,70388.0,211736.0,72974.0
2026-04-14 18:05:05.207614,728717,1609507398821152,4998790913,-0.052704,-0.845216,-0.847168,2.35375,-48.08125,22.12,26.648,21.304,-14.448001,none,8,3.0,29903.0,205769.0,70388.0,211736.0,72974.0
2026-04-14 18:05:05.233994,728728,1609507398830522,4998799668,-0.003904,-0.84912,-0.76128,3.43,-43.35625,20.5975,25.656002,21.424002,-14.080001,none,8,3.0,29272.0,207472.0,68604.0,213880.0,70727.0
2026-04-14 18:05:05.236114,728729,1609507398845089,4998814648,0.005856,-0.880352,-0.833504,4.3575,-40.69625,21.4725,26.008001,21.224,-14.768001,none,8,3.0,29272.0,207472.0,68604.0,213880.0,70727.0
2026-04-14 18:05:05.239016,728730,1609507398854003,4998823406,0.005856,-0.880352,-0.833504,4.17375,-38.15875,21.11375,26.008001,21.224,-14.768001,none,8,3.0,29272.0,207472.0,68604.0,213880.0,70727.0
2026-04-14 18:05:05.241357,728731,1609507398868718,4998838358,-0.060512,-0.794464,-0.659776,6.90375,-34.65,21.4725,26.560001,21.064001,-14.088,none,8,3.0,29272.0,207472.0,68604.0,213880.0,70727.0
2026-04-14 18:05:05.244032,728732,1609507398877669,4998847052,-0.060512,-0.794464,-0.659776,8.19,-31.3425,20.23,26.560001,21.064001,-14.088,none,8,3.0,29272.0,207472.0,68604.0,213880.0,70727.0
2026-04-14 18:05:05.246403,728733,1609507398886659,4998855808,-0.00976,-0.882304,-0.687104,4.97,-30.1175,19.39875,27.304,20.976002,-13.928,none,8,3.0,29272.0,207472.0,68604.0,213880.0,70727.0
2026-04-14 18:05:05.259029,728734,1609507398901190,4998870733,-0.00976,-0.882304,-0.687104,3.63125,-28.35,18.795,27.304,20.976002,-13.928,none,8,3.0,29272.0,207472.0,68604.0,213880.0,70727.0
2026-04-14 18:05:05.269075,728735,1609507398910143,4998879428,0.037088,-0.856928,-0.581696,3.15875,-29.51375,18.96125,27.792002,20.536001,-12.856001,none,8,3.0,29272.0,207472.0,68604.0,213880.0,70727.0
2026-04-14 18:05:05.285327,728736,1609507398924614,4998894534,0.02928,-0.935008,-0.636352,1.435,-30.72125,20.53625,27.136002,20.432001,-11.592001,none,8,3.0,29272.0,207472.0,68604.0,213880.0,70727.0
2026-04-14 18:05:05.320894,728747,1609507398933834,4998903540,0.02928,-0.935008,-0.636352,-0.2275,-25.8475,15.8025,27.136002,20.432001,-11.592001,none,8,3.0,28974.0,207439.0,67691.0,214050.0,69688.0
2026-04-14 18:05:05.327400,728748,1609507398942874,4998912291,0.02928,-0.935008,-0.636352,-2.1175,-27.02875,15.68,27.136002,20.432001,-11.592001,none,8,3.0,28974.0,207439.0,67691.0,214050.0,69688.0
2026-04-14 18:05:05.327480,728749,1609507398957438,4998927270,0.005856,-0.931104,-0.870592,2.47625,-23.1,16.8,26.176,20.928001,-11.056001,none,8,3.0,28974.0,207439.0,67691.0,214050.0,69688.0
2026-04-14 18:05:05.327536,728750,1609507398966401,4998935963,-0.07808,-0.892064,-0.866688,7.2975,-15.435,15.77625,27.192001,20.512001,-12.120001,none,8,3.0,28974.0,207439.0,67691.0,214050.0,69688.0
2026-04-14 18:05:05.340247,728751,1609507398980944,4998951013,-0.07808,-0.892064,-0.866688,6.71125,-12.0225,15.28625,27.192001,20.512001,-12.120001,none,8,3.0,28974.0,207439.0,67691.0,214050.0,69688.0
2026-04-14 18:05:05.350246,728752,1609507398989919,4998959739,-0.076128,-0.84912,-0.636352,3.43875,-10.08,14.91875,27.992,19.880001,-13.112,none,8,3.0,28974.0,207439.0,67691.0,214050.0,69688.0
2026-04-14 18:05:05.356576,728753,1609507398998983,4998968613,-0.076128,-0.84912,-0.636352,0.55125,-7.7175,13.22125,27.992,19.880001,-13.112,none,8,3.0,28974.0,207439.0,67691.0,214050.0,69688.0
2026-04-14 18:05:05.387861,728754,1609507399013527,4998983519,-0.042944,-0.813984,-0.583648,-2.28375,-6.13375,12.11,28.472002,19.848001,-11.936001,none,8,3.0,28974.0,207439.0,67691.0,214050.0,69688.0
2026-04-14 18:05:05.390357,728755,1609507399022450,4998992194,-0.042944,-0.813984,-0.583648,-6.27375,-5.985,11.05125,28.472002,19.848001,-11.936001,none,8,3.0,28974.0,207439.0,67691.0,214050.0,69688.0
2026-04-14 18:05:05.419964,728766,1609507399037022,4999007157,-0.050752,-0.866688,-0.714432,-10.07125,-4.71625,9.75625,27.624,20.192001,-13.840001,none,8,3.0,28953.0,206231.0,67443.0,212770.0,69564.0
2026-04-14 18:05:05.422489,728767,1609507399045970,4999015851,-0.158112,-0.83936,-0.757376,-9.065,-3.5175,8.2075,27.680002,20.032001,-13.424001,none,8,3.0,28953.0,206231.0,67443.0,212770.0,69564.0
2026-04-14 18:05:05.424957,728768,1609507399060551,4999030910,-0.158112,-0.83936,-0.757376,-5.76625,-2.75625,6.545,27.680002,20.032001,-13.424001,none,8,3.0,28953.0,206231.0,67443.0,212770.0,69564.0
2026-04-14 18:05:05.428784,728769,1609507399069508,4999039664,-0.115168,-0.81008,-0.763232,-2.1,-2.30125,4.54125,28.424002,19.624,-12.936001,none,8,3.0,28953.0,206231.0,67443.0,212770.0,69564.0
2026-04-14 18:05:05.437496,728770,1609507399078460,4999048346,-0.115168,-0.81008,-0.763232,-1.0325,-2.485,2.73875,28.424002,19.624,-12.936001,none,8,3.0,28953.0,206231.0,67443.0,212770.0,69564.0
2026-04-14 18:05:05.452301,728771,1609507399092965,4999063280,-0.130784,-0.79056,-0.772992,-5.0575,-3.115,0.1225,28.352001,19.568,-12.944,none,8,3.0,28953.0,206231.0,67443.0,212770.0,69564.0
2026-04-14 18:05:05.460093,728772,1609507399101991,4999071982,-0.130784,-0.79056,-0.772992,-10.535,-4.8825,-2.30125,28.352001,19.568,-12.944,none,8,3.0,28953.0,206231.0,67443.0,212770.0,69564.0
2026-04-14 18:05:05.475029,728773,1609507399116455,4999084822,-0.148352,-0.81984,-0.772992,-12.6875,-5.57375,-4.4625,28.800001,20.12,-12.216001,none,8,3.0,28953.0,206231.0,67443.0,212770.0,69564.0
2026-04-14 18:05:05.486319,728774,1609507399125672,4999095585,-0.035136,-0.841312,-0.616832,-11.01625,-5.22375,-5.565,28.488,19.784,-13.448001,none,8,3.0,28953.0,206231.0,67443.0,212770.0,69564.0
2026-04-14 18:05:05.541231,728785,1609507399140236,4999110573,-0.035136,-0.841312,-0.616832,-8.54,-4.34875,-6.2475,28.488,19.784,-13.448001,none,8,3.0,28741.0,206601.0,66984.0,213367.0,69016.0
2026-04-14 18:05:05.543846,728786,1609507399149375,4999119309,-0.017568,-0.86864,-0.589504,-7.77875,-3.75375,-7.49,26.544,20.192001,-11.768001,none,8,3.0,28741.0,206601.0,66984.0,213367.0,69016.0
2026-04-14 18:05:05.568804,728787,1609507399158453,4999128082,-0.017568,-0.86864,-0.589504,-5.36375,-3.08875,-8.02375,26.544,20.192001,-11.768001,none,8,3.0,28741.0,206601.0,66984.0,213367.0,69016.0
2026-04-14 18:05:05.571314,728788,1609507399172975,4999143071,-0.01952,-0.851072,-0.622688,-0.91875,-0.76125,-8.5925,27.544,20.112001,-11.992001,none,8,3.0,28741.0,206601.0,66984.0,213367.0,69016.0
2026-04-14 18:05:05.573727,728789,1609507399181936,4999151785,-0.01952,-0.851072,-0.622688,4.0075,1.86375,-8.417501,27.544,20.112001,-11.992001,none,8,3.0,28741.0,206601.0,66984.0,213367.0,69016.0
2026-04-14 18:05:05.581271,728790,1609507399196464,4999166693,-0.046848,-0.804224,-0.581696,5.53875,3.94625,-8.198751,27.224,20.176,-12.152,none,8,3.0,28741.0,206601.0,66984.0,213367.0,69016.0
2026-04-14 18:05:05.583791,728791,1609507399205380,4999175366,-0.037088,-0.821792,-0.61488,3.22875,4.90875,-8.365,27.224,20.176,-11.584001,none,8,3.0,28741.0,206601.0,66984.0,213367.0,69016.0
2026-04-14 18:05:05.586250,728792,1609507399214332,4999184094,-0.037088,-0.821792,-0.61488,-0.06125,5.355,-8.6625,27.136002,20.168001,-11.584001,none,8,3.0,28741.0,206601.0,66984.0,213367.0,69016.0
2026-04-14 18:05:05.613671,728803,1609507399228838,4999199113,-0.111264,-0.8296,-0.671488,-2.63375,6.06375,-8.9775,28.512001,20.176,-13.304001,none,8,3.0,28595.0,205893.0,66601.0,212695.0,68570.0
2026-04-14 18:05:05.616502,728804,1609507399237889,4999207839,-0.111264,-0.8296,-0.671488,-2.79125,6.20375,-9.00375,28.512001,20.176,-13.304001,none,8,3.0,28595.0,205893.0,66601.0,212695.0,68570.0
2026-04-14 18:05:05.618500,728805,1609507399252436,4999222765,-0.03904,-0.792512,-0.564128,-0.27125,6.4575,-8.04125,27.664001,20.192001,-13.272,none,8,3.0,28595.0,205893.0,66601.0,212695.0,68570.0
2026-04-14 18:05:05.623970,728806,1609507399261391,4999231600,-0.03904,-0.792512,-0.564128,2.38,6.29125,-6.86,27.664001,20.192001,-13.272,none,8,3.0,28595.0,205893.0,66601.0,212695.0,68570.0
2026-04-14 18:05:05.632802,728807,1609507399275917,4999244489,-0.101504,-0.776896,-0.679296,2.5725,6.4925,-6.29125,28.376001,20.224,-13.184001,none,8,3.0,28595.0,205893.0,66601.0,212695.0,68570.0
2026-04-14 18:05:05.644119,728808,1609507399285316,4999255241,-0.101504,-0.776896,-0.70272,2.4675,5.69625,-6.18625,28.376001,20.224,-13.184001,none,8,3.0,28595.0,205893.0,66601.0,212695.0,68570.0
2026-04-14 18:05:05.653671,728809,1609507399294303,4999263935,-0.115168,-0.782752,-0.70272,1.155,4.66375,-5.69625,28.2,20.240002,-13.304001,none,8,3.0,28595.0,205893.0,66601.0,212695.0,68570.0
2026-04-14 18:05:05.670071,728810,1609507399308826,4999278860,-0.062464,-0.796416,-0.638304,-0.0175,4.9525,-5.04875,27.960001,20.544,-12.512001,none,8,3.0,28595.0,205893.0,66601.0,212695.0,68570.0
2026-04-14 18:05:05.676619,728811,1609507399317738,4999287558,-0.062464,-0.796416,-0.638304,-0.51625,4.585,-4.97,27.960001,20.544,-12.512001,none,8,3.0,28595.0,205893.0,66601.0,212695.0,68570.0
2026-04-14 18:05:05.714057,728822,1609507399332451,4999302527,-0.105408,-0.737856,-0.650016,-0.21,3.6575,-4.76,28.016,19.912,-13.320001,none,8,3.0,28627.0,204613.0,66552.0,211360.0,68620.0
2026-04-14 18:05:05.716155,728823,1609507399341598,4999311277,-0.105408,-0.737856,-0.650016,-0.72625,2.03875,-4.59375,28.016,19.912,-13.320001,none,8,3.0,28627.0,204613.0,66552.0,211360.0,68620.0
2026-04-14 18:05:05.719054,728824,1609507399350710,4999320075,-0.111264,-0.792512,-0.716384,-3.22875,0.77,-4.2875,27.976002,20.288,-13.312,none,8,3.0,28627.0,204613.0,66552.0,211360.0,68620.0
2026-04-14 18:05:05.724943,728825,1609507399365250,4999334994,-0.111264,-0.792512,-0.716384,-5.39,-0.09625,-3.955,27.976002,20.288,-13.312,none,8,3.0,28627.0,204613.0,66552.0,211360.0,68620.0
2026-04-14 18:05:05.733655,728826,1609507399374649,4999343698,-0.02928,-0.796416,-0.544608,-3.78,0.02625,-3.50875,28.232002,19.848001,-13.68,none,8,3.0,28627.0,204613.0,66552.0,211360.0,68620.0
2026-04-14 18:05:05.746625,728827,1609507399389188,4999358651,-0.062464,-0.753472,-0.57584,-1.365,0.55125,-3.35125,27.952002,19.976002,-13.304001,none,8,3.0,28627.0,204613.0,66552.0,211360.0,68620.0
2026-04-14 18:05:05.756630,728828,1609507399398120,4999367348,-0.062464,-0.753472,-0.57584,-0.105,0.7875,-2.7125,27.952002,19.976002,-13.304001,none,8,3.0,28627.0,204613.0,66552.0,211360.0,68620.0
2026-04-14 18:05:05.766603,728829,1609507399407052,4999376020,-0.01952,-0.823744,-0.603168,-1.95125,-0.70875,-2.23125,28.160002,20.352001,-11.888001,none,8,3.0,28627.0,204613.0,66552.0,211360.0,68620.0
2026-04-14 18:05:05.778729,728830,1609507399421593,4999390962,-0.01952,-0.823744,-0.603168,-3.3425,-1.2425,-1.89,28.160002,20.352001,-11.888001,none,8,3.0,28627.0,204613.0,66552.0,211360.0,68620.0
2026-04-14 18:05:05.788596,728831,1609507399430609,4999399696,-0.11712,-0.784704,-0.677344,-2.7475,-1.75875,-1.37375,27.544,20.768002,-12.504001,none,8,3.0,28627.0,204613.0,66552.0,211360.0,68620.0
2026-04-14 18:05:05.816609,728842,1609507399445244,4999414648,-0.11712,-0.784704,-0.677344,-2.24,-1.84625,-0.72625,27.544,20.768002,-12.504001,none,8,3.0,28599.0,204303.0,66474.0,211038.0,68539.0
2026-04-14 18:05:05.819104,728843,1609507399454216,4999423335,-0.052704,-0.794464,-0.538752,-1.32125,-1.30375,-0.4725,27.448002,20.544,-12.312,none,8,3.0,28599.0,204303.0,66474.0,211038.0,68539.0
2026-04-14 18:05:05.821610,728844,1609507399463153,4999432040,-0.052704,-0.794464,-0.538752,-0.76125,-1.96,0.02625,27.448002,20.544,-12.312,none,8,3.0,28599.0,204303.0,66474.0,211038.0,68539.0
2026-04-14 18:05:05.835365,728845,1609507399477646,4999446963,-0.056608,-0.81008,-0.681248,-0.56,-2.24875,0.72625,27.320002,20.448002,-12.280001,none,8,3.0,28599.0,204303.0,66474.0,211038.0,68539.0
2026-04-14 18:05:05.846632,728846,1609507399486590,4999455691,-0.056608,-0.81008,-0.573888,-1.49625,-2.02125,0.62125,27.320002,20.448002,-12.280001,none,8,3.0,28599.0,204303.0,66474.0,211038.0,68539.0
2026-04-14 18:05:05.860410,728847,1609507399501112,4999470576,-0.01952,-0.812032,-0.573888,-1.5575,-2.625,1.1375,28.36,19.928001,-12.248,none,8,3.0,28599.0,204303.0,66474.0,211038.0,68539.0
2026-04-14 18:05:05.867914,728848,1609507399510118,4999479324,-0.03904,-0.833504,-0.698816,-1.30375,-1.61875,1.14625,28.480001,20.28,-12.232,none,8,3.0,28599.0,204303.0,66474.0,211038.0,68539.0
2026-04-14 18:05:05.886368,728849,1609507399524762,4999494225,-0.03904,-0.833504,-0.698816,-1.4,-1.25125,0.9625,28.480001,20.28,-12.232,none,8,3.0,28599.0,204303.0,66474.0,211038.0,68539.0
2026-04-14 18:05:05.982310,728861,1609507399533900,4999503254,-0.027328,-0.806176,-0.579744,-1.5575,-1.65375,0.9975,27.608002,20.336,-12.56,none,8,3.0,28632.0,203897.0,66420.0,210628.0,68546.0
2026-04-14 18:05:05.990531,728862,1609507399543013,4999512046,-0.027328,-0.806176,-0.579744,-3.08,-2.3625,0.4025,27.608002,20.336,-12.56,none,8,3.0,28632.0,203897.0,66420.0,210628.0,68546.0
2026-04-14 18:05:05.990624,728863,1609507399557502,4999527015,-0.044896,-0.813984,-0.528992,-5.69625,-3.605,0.25375,28.592001,19.888,-13.448001,none,8,3.0,28632.0,203897.0,66420.0,210628.0,68546.0
2026-04-14 18:05:05.990695,728864,1609507399566410,4999535700,-0.044896,-0.813984,-0.528992,-6.18625,-4.025,-0.13125,28.592001,19.888,-13.448001,none,8,3.0,28632.0,203897.0,66420.0,210628.0,68546.0
2026-04-14 18:05:05.990751,728865,1609507399581049,4999550642,-0.07808,-0.798368,-0.564128,-3.8325,-3.36875,0.09625,28.592001,19.784,-15.144001,none,8,3.0,28632.0,203897.0,66420.0,210628.0,68546.0
2026-04-14 18:05:05.991154,728866,1609507399589977,4999559351,-0.050752,-0.81008,-0.730048,-0.97125,-2.87875,0.32375,28.656002,20.192001,-13.360001,none,8,3.0,28632.0,203897.0,66420.0,210628.0,68546.0
2026-04-14 18:05:05.991232,728867,1609507399604529,4999574274,-0.050752,-0.81008,-0.730048,0.21,-2.26625,-0.07875,28.656002,20.192001,-13.360001,none,8,3.0,28632.0,203897.0,66420.0,210628.0,68546.0
2026-04-14 18:05:05.993228,728868,1609507399613575,4999583027,-0.050752,-0.813984,-0.628544,-1.155,-1.74125,-1.12875,28.656002,20.064001,-12.040001,none,8,3.0,28632.0,203897.0,66420.0,210628.0,68546.0
2026-04-14 18:05:05.995813,728869,1609507399622560,4999591793,-0.050752,-0.813984,-0.628544,-3.815,-1.435,-1.54,28.656002,20.064001,-12.040001,none,8,3.0,28632.0,203897.0,66420.0,210628.0,68546.0
2026-04-14 18:05:06.055378,728880,1609507399637226,4999606822,-0.02928,-0.85888,-0.70272,-4.17375,-0.9625,-2.205,27.736002,19.960001,-11.888001,none,8,3.0,28641.0,203439.0,66432.0,210059.0,68596.0
2026-04-14 18:05:06.057985,728881,1609507399646263,4999615610,-0.02928,-0.85888,-0.70272,-3.185,0.02625,-2.3975,27.736002,19.960001,-11.888001,none,8,3.0,28641.0,203439.0,66432.0,210059.0,68596.0
2026-04-14 18:05:06.063395,728882,1609507399660799,4999630494,-0.021472,-0.837408,-0.550464,-1.26,1.82,-2.345,27.448002,20.312,-12.056001,none,8,3.0,28641.0,203439.0,66432.0,210059.0,68596.0
2026-04-14 18:05:06.063808,728883,1609507399669726,4999639203,-0.08784,-0.825696,-0.806176,1.84625,4.05125,-2.1,27.744001,20.240002,-12.248,none,8,3.0,28641.0,203439.0,66432.0,210059.0,68596.0
2026-04-14 18:05:06.064873,728884,1609507399678652,4999647926,-0.08784,-0.825696,-0.806176,3.3775,5.46875,-1.575,27.744001,20.240002,-12.248,none,8,3.0,28641.0,203439.0,66432.0,210059.0,68596.0
2026-04-14 18:05:06.067302,728885,1609507399693228,4999662833,-0.128832,-0.79056,-0.724192,2.42375,6.29125,-1.995,27.792002,20.080002,-11.632001,none,8,3.0,28641.0,203439.0,66432.0,210059.0,68596.0
2026-04-14 18:05:06.075652,728886,1609507399702215,4999671543,-0.128832,-0.79056,-0.724192,1.995,6.20375,-2.72125,27.792002,20.080002,-11.632001,none,8,3.0,28641.0,203439.0,66432.0,210059.0,68596.0
2026-04-14 18:05:06.075758,728887,1609507399716841,4999686479,0.001952,-0.856928,-0.650016,0.34125,6.0725,-3.38625,27.152,20.536001,-11.368001,none,8,3.0,28641.0,203439.0,66432.0,210059.0,68596.0
2026-04-14 18:05:06.084062,728888,1609507399725797,4999695173,0.001952,-0.856928,-0.650016,-1.79375,5.7925,-4.12125,27.152,20.536001,-11.368001,none,8,3.0,28641.0,203439.0,66432.0,210059.0,68596.0
2026-04-14 18:05:06.119109,728899,1609507399740460,4999710693,-0.015616,-0.854976,-0.657824,-1.225,6.4225,-4.3225,28.376001,20.240002,-13.536,none,8,3.0,28718.0,203215.0,66501.0,209797.0,68740.0
2026-04-14 18:05:06.121621,728900,1609507399749477,4999719367,-0.0488,-0.7808,-0.501664,0.07875,6.37,-4.235,28.272001,20.144001,-13.136001,none,8,3.0,28718.0,203215.0,66501.0,209797.0,68740.0
2026-04-14 18:05:06.123690,728901,1609507399758441,4999728163,-0.0488,-0.7808,-0.501664,0.945,5.95,-4.0425,28.272001,20.144001,-13.136001,none,8,3.0,28718.0,203215.0,66501.0,209797.0,68740.0
2026-04-14 18:05:06.131519,728902,1609507399773040,4999743087,-0.021472,-0.813984,-0.554368,0.2625,5.92375,-4.7075,28.264002,20.176,-13.416,none,8,3.0,28718.0,203215.0,66501.0,209797.0,68740.0
2026-04-14 18:05:06.141418,728903,1609507399782014,4999751785,-0.021472,-0.813984,-0.554368,-0.945,5.34625,-5.48625,28.264002,20.176,-13.416,none,8,3.0,28718.0,203215.0,66501.0,209797.0,68740.0
2026-04-14 18:05:06.157220,728904,1609507399796509,4999766684,-0.025376,-0.821792,-0.597312,-2.3625,3.87625,-6.60625,28.392002,20.36,-15.192,none,8,3.0,28718.0,203215.0,66501.0,209797.0,68740.0
2026-04-14 18:05:06.164614,728905,1609507399805459,4999775397,-0.025376,-0.821792,-0.597312,-3.5525,2.7825,-7.00875,28.392002,20.36,-15.192,none,8,3.0,28718.0,203215.0,66501.0,209797.0,68740.0
2026-04-14 18:05:06.172739,728906,1609507399814482,4999784119,-0.115168,-0.802272,-0.735904,-4.06,2.6775,-7.4375,27.808,20.232,-12.288,none,8,3.0,28718.0,203215.0,66501.0,209797.0,68740.0
2026-04-14 18:05:06.189035,728907,1609507399828949,4999798998,-0.115168,-0.833504,-0.74176,-4.52375,2.19625,-7.58625,27.808,20.232,-12.288,none,8,3.0,28718.0,203215.0,66501.0,209797.0,68740.0
2026-04-14 18:05:06.224196,728918,1609507399838024,4999807926,-0.08784,-0.8296,-0.74176,-5.915,1.82875,-8.12,27.424002,20.68,-15.152,none,8,3.0,28711.0,202931.0,66491.0,209497.0,68745.0
2026-04-14 18:05:06.226616,728919,1609507399852650,4999822881,0.015616,-0.894016,-0.735904,-7.1575,1.30375,-8.95125,27.432001,20.92,-12.344001,none,8,3.0,28711.0,202931.0,66491.0,209497.0,68745.0
2026-04-14 18:05:06.229098,728920,1609507399861757,4999831657,0.015616,-0.894016,-0.735904,-6.3875,1.19875,-9.5025,27.432001,20.92,-12.344001,none,8,3.0,28711.0,202931.0,66491.0,209497.0,68745.0
2026-04-14 18:05:06.231545,728921,1609507399870701,4999840379,0.042944,-0.89792,-0.603168,-4.90875,2.8,-9.40625,27.264002,20.616001,-14.608001,none,8,3.0,28711.0,202931.0,66491.0,209497.0,68745.0
2026-04-14 18:05:06.245350,728922,1609507399885346,4999855301,0.042944,-0.89792,-0.603168,-4.41875,6.13375,-11.935,27.264002,20.616001,-14.608001,none,8,3.0,28711.0,202931.0,66491.0,209497.0,68745.0
2026-04-14 18:05:06.252427,728923,1609507399894484,4999864022,0.015616,-0.899872,-0.710528,-4.06875,7.8575,-12.565,28.000002,20.544,-13.544001,none,8,3.0,28711.0,202931.0,66491.0,209497.0,68745.0
2026-04-14 18:05:06.277839,728924,1609507399908979,4999878946,0.015616,-0.899872,-0.710528,-6.60625,9.7825,-14.0525,28.000002,20.544,-13.544001,none,8,3.0,28711.0,202931.0,66491.0,209497.0,68745.0
2026-04-14 18:05:06.302898,728925,1609507399917882,4999887608,0.003904,-0.935008,-0.833504,-9.30125,11.1825,-16.12625,27.456001,20.632002,-10.696,none,8,3.0,28711.0,202931.0,66491.0,209497.0,68745.0
2026-04-14 18:05:06.312429,728926,1609507399932324,4999902536,-0.007808,-0.950624,-0.894016,-11.29625,11.0075,-17.29875,27.536001,20.776001,-13.912001,none,8,3.0,28711.0,202931.0,66491.0,209497.0,68745.0
2026-04-14 18:05:06.340005,728937,1609507399941354,4999911277,-0.007808,-0.950624,-0.894016,-13.2125,12.81875,-19.95875,27.536001,20.776001,-13.912001,none,8,3.0,28955.0,201739.0,66835.0,207960.0,69259.0
2026-04-14 18:05:06.344678,728938,1609507399950287,4999920087,0.08784,-0.938912,-0.802272,-12.34625,14.65625,-22.14625,27.536001,21.128,-14.76,none,8,3.0,28955.0,201739.0,66835.0,207960.0,69259.0
2026-04-14 18:05:06.345187,728939,1609507399964904,4999935036,0.08784,-0.938912,-0.802272,-11.0775,17.87625,-23.2925,27.272001,21.128,-14.76,none,8,3.0,28955.0,201739.0,66835.0,207960.0,69259.0
2026-04-14 18:05:06.347307,728940,1609507399973986,4999943739,0.001952,-0.89792,-0.782752,-10.26375,22.1025,-26.4425,27.104002,21.096,-14.576001,none,8,3.0,28955.0,201739.0,66835.0,207960.0,69259.0
2026-04-14 18:05:06.351643,728941,1609507399988516,4999958663,0.001952,-0.89792,-0.782752,-7.385,26.20625,-28.25375,27.104002,21.096,-14.576001,none,8,3.0,28955.0,201739.0,66835.0,207960.0,69259.0
2026-04-14 18:05:06.357414,728942,1609507399997475,4999967350,0.054656,-0.8784,-0.648064,-5.6525,30.72125,-31.4475,26.688002,21.176,-12.176001,none,8,3.0,28955.0,201739.0,66835.0,207960.0,69259.0
2026-04-14 18:05:06.370205,728943,1609507400012034,4999982356,0.033184,-0.886208,-0.796416,-5.39875,32.8825,-33.94125,26.160002,22.368002,-14.336,none,8,3.0,28955.0,201739.0,66835.0,207960.0,69259.0
2026-04-14 18:05:06.381567,728944,1609507400020982,4999991059,0.033184,-0.886208,-0.796416,-6.405,35.1575,-36.39125,26.160002,22.368002,-14.336,none,8,3.0,28955.0,201739.0,66835.0,207960.0,69259.0
2026-04-14 18:05:06.388709,728945,1609507400029935,4999999768,0.033184,-0.886208,-0.70272,-9.3275,37.09125,-40.32875,26.160002,22.368002,-14.336,none,8,3.0,28955.0,201739.0,66835.0,207960.0,69259.0
2026-04-14 18:05:06.417842,728956,1609507400044845,5000014793,0.10736,-0.837408,-0.70272,-9.77375,39.89125,-41.15125,25.168001,22.288,-15.928,none,8,3.0,29549.0,198958.0,67838.0,204683.0,70458.0
2026-04-14 18:05:06.420238,728957,1609507400054143,5000023547,0.017568,-0.841312,-0.784704,-13.3875,41.4225,-43.19,24.560001,22.816002,-14.576001,none,8,3.0,29549.0,198958.0,67838.0,204683.0,70458.0
2026-04-14 18:05:06.422862,728958,1609507400063177,5000032247,0.017568,-0.841312,-0.784704,-17.491251,42.245,-45.9725,24.560001,22.816002,-14.576001,none,8,3.0,29549.0,198958.0,67838.0,204683.0,70458.0
2026-04-14 18:05:06.438701,728959,1609507400077691,5000047171,0.142496,-0.860832,-0.640256,-19.15375,43.89875,-47.20625,24.416,23.032001,-15.080001,none,8,3.0,29549.0,198958.0,67838.0,204683.0,70458.0
2026-04-14 18:05:06.445720,728960,1609507400086797,5000055872,0.142496,-0.860832,-0.640256,-18.92625,44.66875,-48.685,24.416,23.032001,-15.080001,none,8,3.0,29549.0,198958.0,67838.0,204683.0,70458.0
2026-04-14 18:05:06.459580,728961,1609507400101271,5000070794,0.070272,-0.817888,-0.854976,-18.12125,45.38625,-49.7175,24.784,23.024,-16.696001,none,8,3.0,29549.0,198958.0,67838.0,204683.0,70458.0
2026-04-14 18:05:06.467200,728962,1609507400110194,5000079506,0.070272,-0.817888,-0.854976,-18.20875,46.27,-50.00625,24.784,23.024,-16.696001,none,8,3.0,29549.0,198958.0,67838.0,204683.0,70458.0
2026-04-14 18:05:06.484254,728963,1609507400124695,5000094406,0.148352,-0.792512,-0.632448,-20.5275,46.62875,-51.73,23.656002,23.912,-18.432001,none,8,3.0,29549.0,198958.0,67838.0,204683.0,70458.0
2026-04-14 18:05:06.493996,728964,1609507400133679,5000103120,0.199104,-0.884256,-0.841312,-23.35375,45.745,-53.17375,22.456001,23.848001,-17.624,none,8,3.0,29549.0,198958.0,67838.0,204683.0,70458.0
2026-04-14 18:05:06.521417,728975,1609507400142807,5000111884,0.199104,-0.884256,-0.841312,-26.1275,46.515,-54.775,22.456001,23.848001,-17.624,none,8,3.0,30339.0,194859.0,69243.0,200135.0,72140.0
2026-04-14 18:05:06.523796,728976,1609507400157575,5000126824,0.236192,-0.802272,-0.640256,-24.7275,49.13125,-53.760002,22.936,23.928001,-17.936,none,8,3.0,30339.0,194859.0,69243.0,200135.0,72140.0
2026-04-14 18:05:06.526606,728977,1609507400166505,5000135618,0.236192,-0.802272,-0.640256,-23.84375,51.7125,-54.853752,22.936,23.928001,-17.936,none,8,3.0,30339.0,194859.0,69243.0,200135.0,72140.0
2026-04-14 18:05:06.539815,728978,1609507400181018,5000150533,0.244,-0.74176,-0.597312,-22.303751,53.06875,-55.50125,21.880001,24.176,-18.336,none,8,3.0,30339.0,194859.0,69243.0,200135.0,72140.0
2026-04-14 18:05:06.549451,728979,1609507400189937,5000159253,0.244,-0.74176,-0.597312,-23.975,53.1125,-56.166252,21.880001,24.176,-18.336,none,8,3.0,30339.0,194859.0,69243.0,200135.0,72140.0
2026-04-14 18:05:06.565220,728980,1609507400204542,5000174147,0.203008,-0.706624,-0.710528,-27.09,52.78,-56.4025,21.408,24.232,-21.584002,none,8,3.0,30339.0,194859.0,69243.0,200135.0,72140.0
2026-04-14 18:05:06.571465,728981,1609507400213515,5000182893,0.290848,-0.782752,-0.866688,-33.4775,50.63625,-57.61,20.68,24.480001,-20.144001,none,8,3.0,30339.0,194859.0,69243.0,200135.0,72140.0
2026-04-14 18:05:06.579846,728982,1609507400222466,5000191576,0.290848,-0.782752,-0.866688,-38.9725,50.77625,-57.67125,20.68,24.480001,-20.144001,none,8,3.0,30339.0,194859.0,69243.0,200135.0,72140.0
2026-04-14 18:05:06.618596,728993,1609507400237395,5000207026,0.349408,-0.81008,-0.827648,-37.9225,53.5675,-57.96,19.240002,24.880001,-20.088001,none,8,3.0,31915.0,187285.0,72097.0,192439.0,75462.0
2026-04-14 18:05:06.643950,728994,1609507400246394,5000215821,0.349408,-0.81008,-0.827648,-34.93875,56.420002,-60.20875,19.240002,24.880001,-20.088001,none,8,3.0,31915.0,187285.0,72097.0,192439.0,75462.0
2026-04-14 18:05:06.674122,728995,1609507400260932,5000230824,0.363072,-0.732,-0.665632,-28.69125,61.18875,-58.2225,18.192001,25.504002,-19.648,none,8,3.0,31915.0,187285.0,72097.0,192439.0,75462.0
2026-04-14 18:05:06.696635,728996,1609507400269925,5000239545,0.363072,-0.732,-0.665632,-26.355,63.603752,-58.70375,18.192001,25.504002,-19.648,none,8,3.0,31915.0,187285.0,72097.0,192439.0,75462.0
2026-04-14 18:05:06.699131,728997,1609507400278836,5000248221,0.269376,-0.685152,-0.774944,-25.73375,63.35875,-59.17625,17.504002,25.944002,-20.552,none,8,3.0,31915.0,187285.0,72097.0,192439.0,75462.0
2026-04-14 18:05:06.701241,728998,1609507400293434,5000263153,0.452864,-0.6832,-0.75152,-26.215,63.56,-57.74125,16.568,26.240002,-18.696001,none,8,3.0,31915.0,187285.0,72097.0,192439.0,75462.0
2026-04-14 18:05:06.704100,728999,1609507400302381,5000271845,0.452864,-0.6832,-0.75152,-28.8925,63.63,-56.56,16.568,26.240002,-18.696001,none,8,3.0,31915.0,187285.0,72097.0,192439.0,75462.0
2026-04-14 18:05:06.706627,729000,1609507400316887,5000286721,0.411872,-0.667584,-0.671488,-34.37875,66.07125,-58.65125,14.776001,26.192001,-20.064001,none,8,3.0,31915.0,187285.0,72097.0,192439.0,75462.0
2026-04-14 18:05:06.708696,729001,1609507400325967,5000295423,0.411872,-0.667584,-0.671488,-35.07875,68.66125,-62.072502,14.776001,26.192001,-20.064001,none,8,3.0,31915.0,187285.0,72097.0,192439.0,75462.0
2026-04-14 18:05:06.711607,729002,1609507400335033,5000304119,0.386496,-0.65392,-0.8784,-33.565,69.22125,-62.27375,14.312,26.336,-21.52,none,8,3.0,31915.0,187285.0,72097.0,192439.0,75462.0
2026-04-14 18:05:06.749663,729013,1609507400349570,5000319127,0.386496,-0.65392,-0.8784,-30.93125,71.19875,-60.69,14.312,26.336,-21.52,none,8,3.0,35702.0,225647.0,79613.0,226461.0,83780.0
2026-04-14 18:05:06.751290,729014,1609507400358604,5000327890,0.499712,-0.626592,-0.603168,-29.47,72.79125,-59.84125,14.112,25.832,-21.960001,none,8,3.0,35702.0,225647.0,79613.0,226461.0,83780.0
2026-04-14 18:05:06.752462,729015,1609507400373126,5000342909,0.626592,-0.638304,-0.622688,-24.85,75.85375,-58.8175,12.768001,26.216002,-19.6,none,8,3.0,35702.0,225647.0,79613.0,226461.0,83780.0
2026-04-14 18:05:06.753560,729016,1609507400382065,5000351682,0.626592,-0.638304,-0.622688,-23.79125,77.4725,-59.85875,12.768001,26.216002,-19.6,none,8,3.0,35702.0,225647.0,79613.0,226461.0,83780.0
2026-04-14 18:05:06.760030,729017,1609507400396649,5000366587,0.452864,-0.544608,-0.786656,-26.8625,80.683754,-60.6375,11.632001,26.840002,-22.888,none,8,3.0,35702.0,225647.0,79613.0,226461.0,83780.0
2026-04-14 18:05:06.775563,729018,1609507400405576,5000375333,0.452864,-0.544608,-0.786656,-26.425,84.63875,-62.7025,11.632001,26.840002,-22.888,none,8,3.0,35702.0,225647.0,79613.0,226461.0,83780.0
2026-04-14 18:05:06.775929,729019,1609507400414536,5000384054,0.456768,-0.501664,-0.52704,-21.9625,86.73,-65.94,10.608001,26.408,-23.160002,none,8,3.0,35702.0,225647.0,79613.0,226461.0,83780.0
2026-04-14 18:05:06.790016,729020,1609507400429045,5000398949,0.456768,-0.501664,-0.52704,-20.20375,87.01875,-64.96,10.608001,26.408,-23.160002,none,8,3.0,35702.0,225647.0,79613.0,226461.0,83780.0
2026-04-14 18:05:06.821146,729031,1609507400438528,5000407627,0.519232,-0.616832,-0.67344,-23.09125,86.38,-63.98875,9.496,26.240002,-24.688002,none,8,3.0,42707.0,274741.0,92672.0,266254.0,98681.0
2026-04-14 18:05:06.823496,729032,1609507400453214,5000422697,0.581696,-0.593408,-0.5368,-23.66875,85.4175,-64.79375,9.496,26.240002,-25.456001,none,8,3.0,42707.0,274741.0,92672.0,266254.0,98681.0
2026-04-14 18:05:06.826065,729033,1609507400462157,5000431414,0.581696,-0.593408,-0.5368,-17.15,87.21125,-62.965,9.408,26.568,-25.456001,none,8,3.0,42707.0,274741.0,92672.0,266254.0,98681.0
2026-04-14 18:05:06.828441,729034,1609507400471187,5000440160,0.581696,-0.593408,-0.5368,1.72375,91.98,-55.15125,9.408,26.568,-25.456001,none,8,3.0,42707.0,274741.0,92672.0,266254.0,98681.0
2026-04-14 18:05:06.843791,729035,1609507400485688,5000455092,0.579744,-0.450912,-0.503616,16.7475,96.1275,-58.625,7.872,27.176,-24.616001,none,8,3.0,42707.0,274741.0,92672.0,266254.0,98681.0
2026-04-14 18:05:06.852542,729036,1609507400494693,5000463885,0.569984,-0.363072,-0.601216,22.0675,95.6025,-64.715004,6.672,27.096,-23.656002,none,8,3.0,42707.0,274741.0,92672.0,266254.0,98681.0
2026-04-14 18:05:06.868793,729037,1609507400509191,5000478766,0.569984,-0.363072,-0.601216,7.62125,92.435,-65.58125,6.672,27.096,-23.656002,none,8,3.0,42707.0,274741.0,92672.0,266254.0,98681.0
2026-04-14 18:05:06.875041,729038,1609507400518327,5000487496,0.577792,-0.413824,-0.452864,-8.1375,88.7075,-62.93875,5.480001,26.880001,-25.584002,none,8,3.0,42707.0,274741.0,92672.0,266254.0,98681.0
2026-04-14 18:05:06.886339,729039,1609507400527351,5000496209,0.577792,-0.413824,-0.452864,-22.37375,86.65125,-63.97125,5.480001,26.880001,-25.584002,none,8,3.0,42707.0,274741.0,92672.0,266254.0,98681.0
2026-04-14 18:05:06.920011,729050,1609507400542001,5000511124,0.554368,-0.404064,-0.404064,-25.52375,83.685,-64.855,4.312,26.688002,-25.488,none,8,3.0,117729.0,315993.0,201729.0,301254.0,211480.0
2026-04-14 18:05:06.922406,729051,1609507400550987,5000519919,0.554368,-0.404064,-0.404064,-27.20375,84.65625,-65.0125,4.312,26.688002,-25.488,none,8,3.0,117729.0,315993.0,201729.0,301254.0,211480.0
2026-04-14 18:05:06.924932,729052,1609507400565612,5000534899,0.603168,-0.417728,-0.501664,-23.555,85.02375,-63.035,2.096,26.920002,-25.064001,none,8,3.0,117729.0,315993.0,201729.0,301254.0,211480.0
2026-04-14 18:05:06.932295,729053,1609507400574665,5000543584,0.454816,-0.335744,-0.579744,-27.86,81.82125,-65.77375,1.616,27.368002,-24.960001,none,8,3.0,117729.0,315993.0,201729.0,301254.0,211480.0
2026-04-14 18:05:06.946295,729054,1609507400589219,5000558533,0.454816,-0.335744,-0.579744,-19.99375,76.755,-65.9925,1.616,27.368002,-24.960001,none,8,3.0,117729.0,315993.0,201729.0,301254.0,211480.0
2026-04-14 18:05:06.956315,729055,1609507400598149,5000567262,0.519232,-0.220576,-0.482144,-11.31375,71.365,-68.24125,0.624,27.016,-24.968,none,8,3.0,117729.0,315993.0,201729.0,301254.0,211480.0
2026-04-14 18:05:06.966311,729056,1609507400607081,5000575943,0.519232,-0.220576,-0.482144,-1.30375,65.77375,-72.152504,0.624,27.016,-24.968,none,8,3.0,117729.0,315993.0,201729.0,301254.0,211480.0
2026-04-14 18:05:06.980018,729057,1609507400621553,5000590836,0.554368,-0.284992,-0.359168,-1.56625,62.335,-76.746254,-0.768,27.584002,-25.152,none,8,3.0,117729.0,315993.0,201729.0,301254.0,211480.0
2026-04-14 18:05:07.014005,729058,1609507400630463,5000599520,0.554368,-0.284992,-0.359168,-6.3525,62.510002,-73.42125,-0.768,27.584002,-25.152,none,8,3.0,117729.0,315993.0,201729.0,301254.0,211480.0
2026-04-14 18:05:07.066543,729069,1609507400645226,5000614549,0.794464,-0.482144,-0.417728,-14.542501,62.326252,-65.975,-2.096,26.792002,-26.056002,none,8,3.0,157217.0,323261.0,247373.0,307464.0,254695.0
2026-04-14 18:05:07.069143,729070,1609507400654175,5000623275,0.794464,-0.388448,-0.359168,-24.57875,59.82375,-66.99875,-2.096,26.792002,-26.056002,none,8,3.0,157217.0,323261.0,247373.0,307464.0,254695.0
2026-04-14 18:05:07.071643,729071,1609507400663244,5000631959,0.67344,-0.376736,-0.359168,-13.78125,52.49125,-64.496254,-2.968,26.888,-24.464,none,8,3.0,157217.0,323261.0,247373.0,307464.0,254695.0
2026-04-14 18:05:07.073556,729072,1609507400678125,5000646965,0.655872,-0.158112,-0.347456,9.91375,49.6125,-55.18625,-3.664,27.296001,-24.064001,none,8,3.0,157217.0,323261.0,247373.0,307464.0,254695.0
2026-04-14 18:05:07.076185,729073,1609507400687039,5000655674,0.655872,-0.158112,-0.347456,11.83,46.27875,-52.01875,-3.664,27.296001,-24.064001,none,8,3.0,157217.0,323261.0,247373.0,307464.0,254695.0
2026-04-14 18:05:07.079103,729074,1609507400701900,5000670641,0.669536,-0.333792,-0.384544,11.36625,47.8275,-46.83875,-4.856,27.640001,-23.376001,none,8,3.0,157217.0,323261.0,247373.0,307464.0,254695.0
2026-04-14 18:05:07.081658,729075,1609507400711422,5000681480,0.669536,-0.333792,-0.384544,-7.4375,46.05125,-41.15125,-4.856,27.640001,-23.376001,none,8,3.0,157217.0,323261.0,247373.0,307464.0,254695.0
2026-04-14 18:05:07.084146,729076,1609507400720378,5000690186,0.823744,-0.324032,-0.425536,-7.53375,43.58375,-35.945,-6.12,27.768002,-23.68,none,8,3.0,157217.0,323261.0,247373.0,307464.0,254695.0
2026-04-14 18:05:07.093565,729077,1609507400734900,5000705199,0.651968,-0.271328,-0.476288,1.47875,44.388752,-38.36,-6.12,27.768002,-26.184002,none,8,3.0,157217.0,323261.0,247373.0,307464.0,254695.0
2026-04-14 18:05:07.121321,729088,1609507400743968,5000713933,0.65392,-0.271328,-0.476288,-4.9525,35.04375,-39.38375,-4.792,26.864002,-26.184002,none,8,3.0,171565.0,332532.0,265843.0,316239.0,271013.0
2026-04-14 18:05:07.123978,729089,1609507400758564,5000728904,0.747616,-0.300608,-0.368928,-2.73875,31.473751,-34.107502,-6.056,26.984001,-24.504002,none,8,3.0,171565.0,332532.0,265843.0,316239.0,271013.0
2026-04-14 18:05:07.126150,729090,1609507400767545,5000737624,0.747616,-0.300608,-0.368928,-14.37625,32.50625,-36.2425,-6.056,26.984001,-24.504002,none,8,3.0,171565.0,332532.0,265843.0,316239.0,271013.0
2026-04-14 18:05:07.136300,729091,1609507400776595,5000746323,0.718336,-0.18544,-0.357216,-5.32,27.973751,-32.0075,-6.544,27.096,-22.272001,none,8,3.0,171565.0,332532.0,265843.0,316239.0,271013.0
2026-04-14 18:05:07.150141,729092,1609507400791123,5000761245,0.718336,-0.18544,-0.357216,0.69125,30.09125,-37.345,-6.544,27.096,-22.272001,none,8,3.0,171565.0,332532.0,265843.0,316239.0,271013.0
2026-04-14 18:05:07.160143,729093,1609507400800083,5000769947,0.772992,-0.18544,-0.456768,7.8575,31.78,-39.13,-6.76,26.992,-23.968,none,8,3.0,171565.0,332532.0,265843.0,316239.0,271013.0
2026-04-14 18:05:07.172582,729094,1609507400814616,5000784966,0.772992,-0.18544,-0.456768,10.185,32.4625,-37.0125,-6.76,26.992,-23.968,none,8,3.0,171565.0,332532.0,265843.0,316239.0,271013.0
2026-04-14 18:05:07.182549,729095,1609507400823537,5000793653,0.784704,-0.404064,-0.456768,-4.55,27.895,-30.93125,-7.552001,26.632002,-22.536001,none,8,3.0,171565.0,332532.0,265843.0,316239.0,271013.0
2026-04-14 18:05:07.201213,729096,1609507400838053,5000806533,0.757376,-0.284992,-0.226432,-9.73875,21.88375,-23.3275,-7.032001,27.056002,-25.04,none,8,3.0,171565.0,332532.0,265843.0,316239.0,271013.0
2026-04-14 18:05:07.228873,729107,1609507400847553,5000817368,0.757376,-0.284992,-0.226432,-2.73875,17.928751,-19.66125,-7.032001,27.056002,-25.04,none,8,3.0,174514.0,343004.0,269120.0,326710.0,271803.0
2026-04-14 18:05:07.231350,729108,1609507400856525,5000826077,0.679296,-0.119072,-0.091744,13.93875,19.6,-18.34875,-7.496,27.240002,-25.232,none,8,3.0,174514.0,343004.0,269120.0,326710.0,271803.0
2026-04-14 18:05:07.233794,729109,1609507400871181,5000841007,0.679296,-0.119072,-0.091744,13.9475,22.05875,-16.52875,-7.496,27.240002,-25.232,none,8,3.0,174514.0,343004.0,269120.0,326710.0,271803.0
2026-04-14 18:05:07.238867,729110,1609507400880168,5000849719,0.856928,-0.650016,-0.27328,2.98375,22.98625,-11.235,-7.68,27.248001,-24.608002,none,8,3.0,174514.0,343004.0,269120.0,326710.0,271803.0
2026-04-14 18:05:07.253841,729111,1609507400894696,5000864618,0.856928,-0.650016,-0.27328,-10.29,16.695,-6.18625,-7.68,27.248001,-24.608002,none,8,3.0,174514.0,343004.0,269120.0,326710.0,271803.0
2026-04-14 18:05:07.263839,729112,1609507400903653,5000873270,0.767136,-0.267424,-0.173728,-2.17875,12.88,-2.1175,-8.160001,27.392002,-23.424002,none,8,3.0,174514.0,343004.0,269120.0,326710.0,271803.0
2026-04-14 18:05:07.270164,729113,1609507400912586,5000881970,0.767136,-0.267424,-0.173728,24.08,14.91,-8.96875,-8.160001,27.392002,-23.424002,none,8,3.0,174514.0,343004.0,269120.0,326710.0,271803.0
2026-04-14 18:05:07.313710,729114,1609507400927143,5000896894,0.933056,0.070272,-0.267424,31.9025,23.58125,-15.39125,-9.216001,27.616001,-23.896002,none,8,3.0,174514.0,343004.0,269120.0,326710.0,271803.0
2026-04-14 18:05:07.316262,729115,1609507400936066,5000905590,0.933056,-0.093696,-0.23424,27.1075,31.14125,-21.6125,-9.216001,27.616001,-23.896002,none,8,3.0,174514.0,343004.0,269120.0,326710.0,271803.0
2026-04-14 18:05:07.344129,729126,1609507400950649,5000920518,0.76128,-0.093696,-0.23424,14.49,32.50625,-20.95625,-8.304001,27.512001,-22.28,none,8,3.0,172759.0,348631.0,266892.0,332313.0,269380.0
2026-04-14 18:05:07.346631,729127,1609507400959676,5000929222,0.806176,-0.636352,-0.33184,-2.1175,27.81625,-12.7575,-8.488001,27.216002,-24.048,none,8,3.0,172759.0,348631.0,266892.0,332313.0,269380.0
2026-04-14 18:05:07.349148,729128,1609507400974176,5000944145,0.806176,-0.636352,-0.33184,-14.971251,17.5875,-3.43,-8.488001,27.216002,-24.048,none,8,3.0,172759.0,348631.0,266892.0,332313.0,269380.0
2026-04-14 18:05:07.351599,729129,1609507400983157,5000952843,0.812032,-0.36112,-0.179584,-7.91,7.84,4.43625,-8.400001,27.640001,-23.640001,none,8,3.0,172759.0,348631.0,266892.0,332313.0,269380.0
2026-04-14 18:05:07.354118,729130,1609507400992091,5000961526,0.812032,-0.36112,-0.179584,21.77,6.86875,3.91125,-8.400001,27.640001,-23.640001,none,8,3.0,172759.0,348631.0,266892.0,332313.0,269380.0
2026-04-14 18:05:07.379780,729131,1609507401006600,5000976451,0.806176,-0.00976,-0.210816,39.2875,8.6975,-0.00875,-9.200001,27.936,-22.648,none,8,3.0,172759.0,348631.0,266892.0,332313.0,269380.0
2026-04-14 18:05:07.382437,729132,1609507401015562,5000985153,0.806176,-0.00976,-0.210816,36.86375,11.94375,-1.505,-9.200001,27.936,-22.648,none,8,3.0,172759.0,348631.0,266892.0,332313.0,269380.0
2026-04-14 18:05:07.412011,729133,1609507401030090,5001000119,0.903776,-0.1464,-0.15616,25.45375,13.34375,-3.535,-9.256001,27.880001,-23.264002,none,8,3.0,172759.0,348631.0,266892.0,332313.0,269380.0
2026-04-14 18:05:07.446213,729144,1609507401039181,5001009124,0.853024,-0.290848,-0.269376,10.15,11.47125,-5.0225,-9.616,28.44,-22.528002,none,8,3.0,163121.0,348927.0,255083.0,332298.0,259674.0
2026-04-14 18:05:07.448651,729145,1609507401048363,5001018012,0.853024,-0.290848,-0.269376,3.26375,8.61,-4.73375,-9.616,28.44,-22.528002,none,8,3.0,163121.0,348927.0,255083.0,332298.0,259674.0
2026-04-14 18:05:07.451231,729146,1609507401063203,5001032994,0.837408,-0.162016,-0.142496,8.435,8.79375,-4.7075,-9.92,28.488,-22.344002,none,8,3.0,163121.0,348927.0,255083.0,332298.0,259674.0
2026-04-14 18:05:07.454100,729147,1609507401072148,5001041674,0.837408,-0.162016,-0.142496,9.77375,10.5,-7.11375,-9.92,28.488,-22.344002,none,8,3.0,163121.0,348927.0,255083.0,332298.0,259674.0
2026-04-14 18:05:07.456595,729148,1609507401086787,5001056664,0.792512,-0.187392,-0.269376,6.18625,10.89375,-7.035,-9.864,28.544,-21.248001,none,8,3.0,163121.0,348927.0,255083.0,332298.0,259674.0
2026-04-14 18:05:07.458709,729149,1609507401095903,5001065396,0.792512,-0.187392,-0.269376,8.4875,8.9075,-6.13375,-9.864,28.544,-21.248001,none,8,3.0,163121.0,348927.0,255083.0,332298.0,259674.0
2026-04-14 18:05:07.463589,729150,1609507401104969,5001074131,0.876448,-0.271328,-0.103456,10.71,3.01875,-5.67,-10.352,28.936,-21.184002,none,8,3.0,163121.0,348927.0,255083.0,332298.0,259674.0
2026-04-14 18:05:07.477366,729151,1609507401119647,5001088967,0.940864,-0.17568,-0.095648,5.635,-4.90875,-4.52375,-9.584001,28.112001,-23.168001,none,8,3.0,163121.0,348927.0,255083.0,332298.0,259674.0
2026-04-14 18:05:07.487712,729152,1609507401128584,5001097692,0.940864,-0.17568,-0.095648,5.83625,-4.64625,-2.30125,-9.584001,28.112001,-23.168001,none,8,3.0,163121.0,348927.0,255083.0,332298.0,259674.0
2026-04-14 18:05:07.526202,729163,1609507401143456,5001112694,0.899872,-0.236192,-0.228384,1.4875,-0.72625,-4.0425,-8.952001,28.176,-23.112001,none,8,3.0,152047.0,348198.0,241555.0,331538.0,247568.0
2026-04-14 18:05:07.528740,729164,1609507401152471,5001121453,0.899872,-0.236192,-0.228384,-8.225,1.4175,-3.3075,-8.952001,28.176,-23.112001,none,8,3.0,152047.0,348198.0,241555.0,331538.0,247568.0
2026-04-14 18:05:07.531509,729165,1609507401161414,5001130231,0.864736,-0.255712,-0.201056,-10.325,2.07375,-3.31625,-9.912001,28.352001,-22.320002,none,8,3.0,152047.0,348198.0,241555.0,331538.0,247568.0
2026-04-14 18:05:07.536621,729166,1609507401176410,5001145196,0.864736,-0.255712,-0.201056,-9.0825,-0.1925,-5.285,-9.912001,28.352001,-22.320002,none,8,3.0,152047.0,348198.0,241555.0,331538.0,247568.0
2026-04-14 18:05:07.546618,729167,1609507401185890,5001155978,0.874496,-0.101504,-0.130784,-3.36875,-2.24875,-6.16875,-9.648001,28.712002,-21.856,none,8,3.0,152047.0,348198.0,241555.0,331538.0,247568.0
2026-04-14 18:05:07.557540,729168,1609507401200446,5001168875,0.913536,-0.206912,-0.072224,1.5575,-1.6275,-7.7875,-9.032001,28.128002,-23.432001,none,8,3.0,152047.0,348198.0,241555.0,331538.0,247568.0
2026-04-14 18:05:07.568978,729169,1609507401209757,5001179638,0.913536,-0.206912,-0.072224,-3.66625,-1.365,-7.77,-9.032001,28.128002,-23.432001,none,8,3.0,152047.0,348198.0,241555.0,331538.0,247568.0
2026-04-14 18:05:07.577492,729170,1609507401218700,5001188325,0.854976,-0.296704,-0.13664,-9.35375,-2.23125,-4.3925,-9.624001,28.168001,-25.272001,none,8,3.0,152047.0,348198.0,241555.0,331538.0,247568.0
2026-04-14 18:05:07.592355,729171,1609507401233240,5001203324,0.854976,-0.296704,-0.13664,-7.74375,-3.70125,-1.89,-9.624001,28.168001,-25.272001,none,8,3.0,152047.0,348198.0,241555.0,331538.0,247568.0
2026-04-14 18:05:07.629113,729182,1609507401242197,5001212619,0.860832,-0.222528,-0.298656,-1.9775,-5.74875,0.2975,-8.656,28.128002,-23.304,none,8,3.0,141431.0,346708.0,228690.0,330144.0,235680.0
2026-04-14 18:05:07.631718,729183,1609507401256933,5001225585,0.860832,-0.222528,-0.298656,4.445,-5.87125,2.45875,-8.656,28.128002,-23.304,none,8,3.0,141431.0,346708.0,228690.0,330144.0,235680.0
2026-04-14 18:05:07.633658,729184,1609507401266283,5001236357,0.925248,-0.179584,-0.210816,4.96125,-3.6225,1.88125,-8.696,28.104002,-23.152,none,8,3.0,141431.0,346708.0,228690.0,330144.0,235680.0
2026-04-14 18:05:07.636716,729185,1609507401275215,5001245062,0.925248,-0.179584,-0.210816,-2.56375,-1.25125,1.2075,-8.696,28.104002,-23.152,none,8,3.0,141431.0,346708.0,228690.0,330144.0,235680.0
2026-04-14 18:05:07.650562,729186,1609507401289821,5001260040,0.903776,-0.288896,-0.281088,-7.74375,0.02625,0.9975,-8.872001,28.096,-23.352001,none,8,3.0,141431.0,346708.0,228690.0,330144.0,235680.0
2026-04-14 18:05:07.659049,729187,1609507401298751,5001268805,0.870592,-0.269376,-0.238144,-8.28625,0.09625,0.67375,-8.872001,27.912,-20.568,none,8,3.0,141431.0,346708.0,228690.0,330144.0,235680.0
2026-04-14 18:05:07.672816,729188,1609507401313350,5001283711,0.870592,-0.269376,-0.238144,-2.80875,0.0525,-0.105,-8.808001,27.912,-20.568,none,8,3.0,141431.0,346708.0,228690.0,330144.0,235680.0
2026-04-14 18:05:07.682916,729189,1609507401322289,5001292410,0.835456,-0.162016,-0.122976,4.13875,-0.35875,-1.0325,-9.408,28.12,-23.344002,none,8,3.0,141431.0,346708.0,228690.0,330144.0,235680.0
2026-04-14 18:05:07.689119,729190,1609507401331390,5001301122,0.835456,-0.162016,-0.122976,4.57625,-0.9975,-0.5775,-9.408,28.12,-23.344002,none,8,3.0,141431.0,346708.0,228690.0,330144.0,235680.0
2026-04-14 18:05:07.747455,729201,1609507401346233,5001316133,0.91744,-0.208864,-0.103456,1.26,-1.23375,0.1575,-8.816,28.392002,-23.464,none,8,3.0,140187.0,346509.0,227414.0,330078.0,234627.0
2026-04-14 18:05:07.772504,729202,1609507401355196,5001324859,0.91744,-0.208864,-0.103456,-3.64875,-1.63625,1.56625,-8.816,28.392002,-23.464,none,8,3.0,140187.0,346509.0,227414.0,330078.0,234627.0
2026-04-14 18:05:07.782865,729203,1609507401369732,5001339857,0.948672,-0.324032,-0.220576,-8.07625,-1.6625,3.22875,-9.52,28.384,-22.264002,none,8,3.0,140187.0,346509.0,227414.0,330078.0,234627.0
2026-04-14 18:05:07.785373,729204,1609507401378700,5001348584,0.948672,-0.199104,-0.191296,-10.255,-1.61,3.64875,-9.52,28.384,-22.264002,none,8,3.0,140187.0,346509.0,227414.0,330078.0,234627.0
2026-04-14 18:05:07.787601,729205,1609507401387649,5001357281,0.853024,-0.1952,-0.191296,-7.0,-1.4175,3.31625,-9.56,28.184002,-22.632002,none,8,3.0,140187.0,346509.0,227414.0,330078.0,234627.0
2026-04-14 18:05:07.790421,729206,1609507401402171,5001372168,0.872544,-0.216672,-0.355264,-3.15,0.0,1.35625,-9.592,27.928001,-22.312,none,8,3.0,140187.0,346509.0,227414.0,330078.0,234627.0
2026-04-14 18:05:07.792911,729207,1609507401411122,5001380875,0.872544,-0.216672,-0.355264,-4.76,1.30375,-0.21,-9.592,27.928001,-22.312,none,8,3.0,140187.0,346509.0,227414.0,330078.0,234627.0
2026-04-14 18:05:07.795436,729208,1609507401425599,5001395777,0.831552,-0.222528,-0.27328,-6.44,2.70375,0.28875,-9.448001,27.832,-23.36,none,8,3.0,140187.0,346509.0,227414.0,330078.0,234627.0
2026-04-14 18:05:07.798158,729209,1609507401434554,5001404480,0.831552,-0.222528,-0.27328,-8.09375,3.01,0.49,-9.448001,27.832,-23.36,none,8,3.0,140187.0,346509.0,227414.0,330078.0,234627.0
2026-04-14 18:05:07.827905,729220,1609507401449206,5001417806,0.876448,-0.310368,-0.279136,-10.0275,2.14375,0.60375,-8.888001,27.792002,-23.552002,none,8,3.0,136325.0,345154.0,222651.0,328750.0,230141.0
2026-04-14 18:05:07.832860,729221,1609507401458644,5001428635,0.876448,-0.310368,-0.279136,-11.05125,1.61,0.95375,-8.888001,27.792002,-23.552002,none,8,3.0,136325.0,345154.0,222651.0,328750.0,230141.0
2026-04-14 18:05:07.838020,729222,1609507401467686,5001437345,0.892064,-0.21472,-0.115168,-5.775,1.89875,1.4,-8.368,27.808,-25.672,none,8,3.0,136325.0,345154.0,222651.0,328750.0,230141.0
2026-04-14 18:05:07.843254,729223,1609507401482198,5001452259,0.847168,-0.181536,-0.31232,-2.47625,2.0125,0.35,-8.512,27.792002,-23.592001,none,8,3.0,136325.0,345154.0,222651.0,328750.0,230141.0
2026-04-14 18:05:07.848987,729224,1609507401491184,5001461043,0.847168,-0.181536,-0.31232,-3.5875,1.53125,1.6975,-8.512,27.792002,-23.592001,none,8,3.0,136325.0,345154.0,222651.0,328750.0,230141.0
2026-04-14 18:05:07.865225,729225,1609507401505661,5001475950,0.901824,-0.26352,-0.122976,-5.81,-0.2975,4.06,-9.04,27.984001,-22.768002,none,8,3.0,136325.0,345154.0,222651.0,328750.0,230141.0
2026-04-14 18:05:07.874132,729226,1609507401514661,5001484636,0.901824,-0.26352,-0.122976,-8.4875,-1.82,5.95875,-9.04,27.984001,-22.768002,none,8,3.0,136325.0,345154.0,222651.0,328750.0,230141.0
2026-04-14 18:05:07.884128,729227,1609507401523612,5001493322,0.821792,-0.300608,-0.191296,-10.535,-2.1,7.83125,-9.360001,27.832,-23.752,none,8,3.0,136325.0,345154.0,222651.0,328750.0,230141.0
2026-04-14 18:05:07.896669,729228,1609507401538177,5001508271,0.821792,-0.300608,-0.191296,-8.4875,-2.5025,9.073751,-9.360001,27.832,-23.752,none,8,3.0,136325.0,345154.0,222651.0,328750.0,230141.0
2026-04-14 18:05:07.958537,729239,1609507401547351,5001517063,0.769088,-0.201056,-0.230336,-4.85625,-3.22875,10.01,-8.08,28.008001,-26.064001,none,8,3.0,132545.0,342603.0,218329.0,326377.0,226201.0
2026-04-14 18:05:07.961207,729240,1609507401561996,5001532043,0.808128,-0.18544,-0.30256,1.58375,-2.44125,10.77125,-8.768001,28.072,-23.04,none,8,3.0,132545.0,342603.0,218329.0,326377.0,226201.0
2026-04-14 18:05:07.963574,729241,1609507401571034,5001540757,0.808128,-0.18544,-0.30256,4.43625,-1.295,10.08875,-8.768001,28.072,-23.04,none,8,3.0,132545.0,342603.0,218329.0,326377.0,226201.0
2026-04-14 18:05:07.966550,729242,1609507401585515,5001555636,0.853024,-0.255712,-0.281088,3.00125,-2.00375,11.29625,-8.832001,27.720001,-22.480001,none,8,3.0,132545.0,342603.0,218329.0,326377.0,226201.0
2026-04-14 18:05:07.969041,729243,1609507401594439,5001564316,0.853024,-0.255712,-0.281088,0.035,-3.00125,13.7725,-8.832001,27.720001,-22.480001,none,8,3.0,132545.0,342603.0,218329.0,326377.0,226201.0
2026-04-14 18:05:07.971623,729244,1609507401603374,5001573019,0.833504,-0.284992,-0.162016,-2.14375,-4.55875,15.9425,-8.584001,28.064001,-22.464,none,8,3.0,132545.0,342603.0,218329.0,326377.0,226201.0
2026-04-14 18:05:07.977836,729245,1609507401618023,5001587997,0.833504,-0.284992,-0.162016,-3.73625,-6.72,18.68125,-8.584001,28.064001,-22.464,none,8,3.0,132545.0,342603.0,218329.0,326377.0,226201.0
2026-04-14 18:05:07.986653,729246,1609507401627060,5001596687,0.862784,-0.327936,-0.245952,-7.51625,-10.045,21.25375,-7.960001,27.800001,-23.664001,none,8,3.0,132545.0,342603.0,218329.0,326377.0,226201.0
2026-04-14 18:05:08.001651,729247,1609507401641566,5001611640,0.890112,-0.220576,-0.191296,-5.03125,-12.285,24.01875,-6.824,28.256,-24.080002,none,8,3.0,132545.0,342603.0,218329.0,326377.0,226201.0
2026-04-14 18:05:08.028648,729258,1609507401650671,5001620466,0.890112,-0.220576,-0.191296,3.82375,-11.36625,23.8,-6.824,28.256,-24.080002,none,8,3.0,130795.0,339496.0,216417.0,323567.0,224412.0
2026-04-14 18:05:08.034233,729259,1609507401659727,5001629201,0.890112,-0.220576,-0.191296,5.97625,-10.63125,21.9975,-6.824,28.256,-24.080002,none,8,3.0,130795.0,339496.0,216417.0,323567.0,224412.0
2026-04-14 18:05:08.037284,729260,1609507401674336,5001644243,0.782752,-0.222528,-0.220576,2.03875,-11.03375,23.05625,-6.728,28.000002,-22.2,none,8,3.0,130795.0,339496.0,216417.0,323567.0,224412.0
2026-04-14 18:05:08.042318,729261,1609507401683404,5001652955,0.851072,-0.33184,-0.193248,-3.6575,-12.95875,24.85,-6.304,27.968,-24.016,none,8,3.0,130795.0,339496.0,216417.0,323567.0,224412.0
2026-04-14 18:05:08.057879,729262,1609507401698017,5001667872,0.851072,-0.33184,-0.193248,-7.02625,-14.9625,26.94125,-6.304,27.968,-24.016,none,8,3.0,130795.0,339496.0,216417.0,323567.0,224412.0
2026-04-14 18:05:08.065298,729263,1609507401706994,5001676617,0.892064,-0.300608,-0.173728,-8.28625,-17.4825,27.2475,-6.832,28.416002,-22.712002,none,8,3.0,130795.0,339496.0,216417.0,323567.0,224412.0
2026-04-14 18:05:08.075043,729264,1609507401715932,5001685325,0.892064,-0.300608,-0.173728,-0.6825,-16.9925,28.1225,-6.832,28.416002,-22.712002,none,8,3.0,130795.0,339496.0,216417.0,323567.0,224412.0
2026-04-14 18:05:08.089307,729265,1609507401730433,5001700285,0.8296,-0.230336,-0.144448,2.7825,-14.875,26.66125,-6.424,27.824001,-24.384,none,8,3.0,130795.0,339496.0,216417.0,323567.0,224412.0
2026-04-14 18:05:08.114119,729266,1609507401739414,5001708987,0.8296,-0.230336,-0.144448,-1.5575,-14.04375,25.725,-6.424,27.824001,-24.384,none,8,3.0,130795.0,339496.0,216417.0,323567.0,224412.0
2026-04-14 18:05:08.181286,729277,1609507401754046,5001723973,0.921344,-0.42944,-0.359168,-5.78375,-14.49,27.02875,-5.272,28.376001,-23.272001,none,8,3.0,130378.0,334663.0,215823.0,318732.0,224013.0
2026-04-14 18:05:08.183843,729278,1609507401763019,5001732684,0.983808,-0.3904,-0.191296,-11.2525,-16.03875,26.355,-5.072,27.888,-24.064001,none,8,3.0,130378.0,334663.0,215823.0,318732.0,224013.0
2026-04-14 18:05:08.186327,729279,1609507401777548,5001747580,0.983808,-0.3904,-0.191296,-5.74,-15.9075,28.37625,-5.072,27.888,-24.064001,none,8,3.0,130378.0,334663.0,215823.0,318732.0,224013.0
2026-04-14 18:05:08.188839,729280,1609507401786467,5001756293,0.929152,-0.3416,-0.382592,3.84125,-13.0725,25.3575,-4.536,28.144001,-23.352001,none,8,3.0,130378.0,334663.0,215823.0,318732.0,224013.0
2026-04-14 18:05:08.191287,729281,1609507401795404,5001764978,0.929152,-0.3416,-0.382592,4.0075,-11.17375,20.1775,-4.536,28.144001,-23.352001,none,8,3.0,130378.0,334663.0,215823.0,318732.0,224013.0
2026-04-14 18:05:08.193836,729282,1609507401809898,5001779904,0.903776,-0.304512,-0.232288,0.2275,-10.22,17.19375,-4.872,28.28,-23.216002,none,8,3.0,130378.0,334663.0,215823.0,318732.0,224013.0
2026-04-14 18:05:08.196310,729283,1609507401818863,5001788698,0.903776,-0.304512,-0.232288,-3.00125,-9.065,14.2275,-4.872,28.28,-23.216002,none,8,3.0,130378.0,334663.0,215823.0,318732.0,224013.0
2026-04-14 18:05:08.198844,729284,1609507401833401,5001803590,0.919392,-0.37088,-0.35136,-11.375,-9.1,11.8825,-4.904,28.464,-22.784,none,8,3.0,130378.0,334663.0,215823.0,318732.0,224013.0
2026-04-14 18:05:08.201285,729285,1609507401842345,5001812396,0.892064,-0.347456,-0.407968,-14.55125,-7.97125,8.35625,-5.008,28.240002,-23.568,none,8,3.0,130378.0,334663.0,215823.0,318732.0,224013.0
2026-04-14 18:05:08.228719,729296,1609507401856976,5001827348,0.892064,-0.347456,-0.407968,-12.3375,-4.12125,2.58125,-5.008,28.240002,-23.568,none,8,3.0,112409.0,327424.0,193324.0,311309.0,201815.0
2026-04-14 18:05:08.231127,729297,1609507401865930,5001836072,0.862784,-0.327936,-0.244,-12.03125,0.00875,-3.4825,-4.936,28.344002,-23.248001,none,8,3.0,112409.0,327424.0,193324.0,311309.0,201815.0
2026-04-14 18:05:08.233673,729298,1609507401874863,5001844776,0.862784,-0.327936,-0.244,-12.53875,3.47375,-6.08125,-4.936,28.344002,-23.248001,none,8,3.0,112409.0,327424.0,193324.0,311309.0,201815.0
2026-04-14 18:05:08.248775,729299,1609507401889495,5001859705,0.903776,-0.423584,-0.277184,-13.53625,5.69625,-7.2975,-5.208,28.488,-22.592001,none,8,3.0,112409.0,327424.0,193324.0,311309.0,201815.0
2026-04-14 18:05:08.258761,729300,1609507401898430,5001868377,0.903776,-0.423584,-0.277184,-15.96,6.3875,-6.20375,-5.208,28.488,-22.592001,none,8,3.0,112409.0,327424.0,193324.0,311309.0,201815.0
2026-04-14 18:05:08.271320,729301,1609507401912984,5001883292,0.788608,-0.443104,-0.435296,-20.13375,6.48375,-4.33125,-4.064,27.688002,-24.512001,none,8,3.0,112409.0,327424.0,193324.0,311309.0,201815.0
2026-04-14 18:05:08.280070,729302,1609507401921935,5001892044,0.788608,-0.443104,-0.310368,-15.23375,8.30375,-1.89,-4.064,27.688002,-24.512001,none,8,3.0,112409.0,327424.0,193324.0,311309.0,201815.0
2026-04-14 18:05:08.293655,729303,1609507401936426,5001904865,0.817888,-0.411872,-0.310368,-4.40125,10.6925,-0.69125,-4.872,27.800001,-24.048,none,8,3.0,112409.0,327424.0,193324.0,311309.0,201815.0
2026-04-14 18:05:08.330049,729314,1609507401945807,5001915583,0.81984,-0.365024,-0.267424,3.57875,12.53875,-1.19875,-5.168,28.016,-23.576,none,8,3.0,91814.0,321444.0,168053.0,305567.0,176612.0
2026-04-14 18:05:08.332490,729315,1609507401954840,5001924365,0.81984,-0.365024,-0.267424,6.95625,15.37375,-0.595,-5.168,28.016,-23.576,none,8,3.0,91814.0,321444.0,168053.0,305567.0,176612.0
2026-04-14 18:05:08.335040,729316,1609507401969391,5001939279,0.835456,-0.376736,-0.359168,4.6375,17.0275,1.82875,-4.784,27.840002,-24.232,none,8,3.0,91814.0,321444.0,168053.0,305567.0,176612.0
2026-04-14 18:05:08.337425,729317,1609507401978332,5001948011,0.835456,-0.376736,-0.359168,0.51625,17.325,3.54375,-4.784,27.840002,-24.232,none,8,3.0,91814.0,321444.0,168053.0,305567.0,176612.0
2026-04-14 18:05:08.351615,729318,1609507401992969,5001962877,0.890112,-0.402112,-0.242048,-2.3625,17.28125,3.745,-5.0,27.976002,-23.28,none,8,3.0,91814.0,321444.0,168053.0,305567.0,176612.0
2026-04-14 18:05:08.364205,729319,1609507402001948,5001971584,0.890112,-0.402112,-0.242048,-5.27625,17.185,4.10375,-5.0,27.976002,-23.28,none,8,3.0,91814.0,321444.0,168053.0,305567.0,176612.0
2026-04-14 18:05:08.370671,729320,1609507402010947,5001980285,0.860832,-0.3416,-0.199104,-6.64125,17.491251,4.83875,-4.8,27.6,-24.632002,none,8,3.0,91814.0,321444.0,168053.0,305567.0,176612.0
2026-04-14 18:05:08.386690,729321,1609507402025464,5001995241,0.85888,-0.329888,-0.232288,-7.37625,17.71875,3.3425,-4.696,27.744001,-24.664001,none,8,3.0,91814.0,321444.0,168053.0,305567.0,176612.0
2026-04-14 18:05:08.396475,729322,1609507402034409,5002003927,0.85888,-0.329888,-0.232288,-9.625,17.185,0.5075,-4.696,27.744001,-24.664001,none,8,3.0,91814.0,321444.0,168053.0,305567.0,176612.0
2026-04-14 18:05:08.429099,729333,1609507402049565,5002018916,0.862784,-0.363072,-0.30256,-10.2375,16.8,-1.3825,-5.176,27.312002,-24.512001,none,8,3.0,103640.0,328055.0,182963.0,312234.0,191996.0
2026-04-14 18:05:08.431603,729334,1609507402058562,5002027689,0.862784,-0.363072,-0.30256,-11.917501,15.417501,-2.1,-5.176,27.312002,-24.512001,none,8,3.0,103640.0,328055.0,182963.0,312234.0,191996.0
2026-04-14 18:05:08.434085,729335,1609507402067513,5002036423,0.890112,-0.396256,-0.284992,-17.465,13.3,-0.9625,-5.224001,27.720001,-24.432001,none,8,3.0,103640.0,328055.0,182963.0,312234.0,191996.0
2026-04-14 18:05:08.441115,729336,1609507402082126,5002051330,0.890112,-0.396256,-0.284992,-19.64375,11.36625,0.34125,-5.224001,27.720001,-24.432001,none,8,3.0,103640.0,328055.0,182963.0,312234.0,191996.0
2026-04-14 18:05:08.450442,729337,1609507402091236,5002060059,0.7808,-0.368928,-0.18544,-19.95875,9.68625,0.0875,-5.0,27.304,-23.840002,none,8,3.0,103640.0,328055.0,182963.0,312234.0,191996.0
2026-04-14 18:05:08.485428,729338,1609507402106195,5002074996,0.79056,-0.339648,-0.281088,-19.04875,7.84875,-0.07875,-6.112001,27.640001,-24.880001,none,8,3.0,103640.0,328055.0,182963.0,312234.0,191996.0
2026-04-14 18:05:08.510335,729339,1609507402115545,5002085868,0.79056,-0.339648,-0.281088,-15.1725,6.58875,-0.5775,-6.112001,27.640001,-24.880001,none,8,3.0,103640.0,328055.0,182963.0,312234.0,191996.0
2026-04-14 18:05:08.517693,729340,1609507402124547,5002094555,0.804224,-0.33184,-0.363072,-11.68125,5.4075,-1.96875,-6.712,27.640001,-23.848001,none,8,3.0,103640.0,328055.0,182963.0,312234.0,191996.0
2026-04-14 18:05:08.520349,729341,1609507402139023,5002107392,0.804224,-0.33184,-0.363072,-8.72375,4.3925,-3.395,-6.712,27.640001,-23.848001,none,8,3.0,103640.0,328055.0,182963.0,312234.0,191996.0
2026-04-14 18:05:08.547906,729352,1609507402148669,5002118171,0.8784,-0.374784,-0.115168,-7.39375,3.465,-3.47375,-6.144,27.592001,-24.368002,none,8,3.0,121432.0,337795.0,204885.0,321942.0,213651.0
2026-04-14 18:05:08.550341,729353,1609507402157602,5002126901,0.8784,-0.374784,-0.115168,-9.7125,2.21375,-2.38875,-6.144,27.592001,-24.368002,none,8,3.0,121432.0,337795.0,204885.0,321942.0,213651.0
2026-04-14 18:05:08.552920,729354,1609507402172268,5002141941,0.8296,-0.443104,-0.359168,-11.1125,1.05,-0.35875,-6.344,27.744001,-24.048,none,8,3.0,121432.0,337795.0,204885.0,321942.0,213651.0
2026-04-14 18:05:08.555450,729355,1609507402181326,5002150723,0.8296,-0.443104,-0.359168,-11.3575,-1.56625,0.74375,-6.344,27.744001,-24.048,none,8,3.0,121432.0,337795.0,204885.0,321942.0,213651.0
2026-04-14 18:05:08.557986,729356,1609507402195874,5002165657,0.778848,-0.355264,-0.33184,-7.56,-3.03625,0.245,-5.84,27.448002,-23.856,none,8,3.0,121432.0,337795.0,204885.0,321942.0,213651.0
2026-04-14 18:05:08.594085,729357,1609507402204871,5002174334,0.872544,-0.310368,-0.140544,-0.49875,-2.33625,-1.365,-6.000001,27.640001,-25.064001,none,8,3.0,121432.0,337795.0,204885.0,321942.0,213651.0
2026-04-14 18:05:08.596171,729358,1609507402219384,5002189250,0.872544,-0.310368,-0.140544,3.71875,-1.21625,-3.36,-6.000001,27.640001,-25.064001,none,8,3.0,121432.0,337795.0,204885.0,321942.0,213651.0
2026-04-14 18:05:08.599057,729359,1609507402228256,5002197912,0.89792,-0.407968,-0.232288,2.86125,0.14,-4.2,-6.008,27.560001,-23.952002,none,8,3.0,121432.0,337795.0,204885.0,321942.0,213651.0
2026-04-14 18:05:08.601594,729360,1609507402237168,5002206622,0.89792,-0.407968,-0.232288,-0.14875,0.4025,-3.1675,-6.008,27.560001,-23.952002,none,8,3.0,121432.0,337795.0,204885.0,321942.0,213651.0
2026-04-14 18:05:08.628763,729371,1609507402251892,5002221970,0.853024,-0.402112,-0.222528,-1.2775,0.06125,-1.8725,-6.064,27.768002,-21.728,none,8,3.0,136826.0,339931.0,223206.0,323847.0,230994.0
2026-04-14 18:05:08.631678,729372,1609507402261077,5002230793,0.853024,-0.402112,-0.222528,3.31625,0.11375,-1.88125,-6.064,27.768002,-21.728,none,8,3.0,136826.0,339931.0,223206.0,323847.0,230994.0
2026-04-14 18:05:08.633753,729373,1609507402275623,5002245767,0.827648,-0.327936,-0.212768,8.70625,1.86375,-3.21125,-6.504,27.608002,-23.064001,none,8,3.0,136826.0,339931.0,223206.0,323847.0,230994.0
2026-04-14 18:05:08.645409,729374,1609507402284628,5002254466,0.827648,-0.357216,-0.1952,11.83,4.06875,-4.31375,-6.504,27.608002,-24.816002,none,8,3.0,136826.0,339931.0,223206.0,323847.0,230994.0
2026-04-14 18:05:08.652927,729375,1609507402293697,5002263167,0.833504,-0.357216,-0.1952,10.85,6.09,-4.55,-5.848,27.456001,-24.816002,none,8,3.0,136826.0,339931.0,223206.0,323847.0,230994.0
2026-04-14 18:05:08.667923,729376,1609507402308197,5002278052,0.772992,-0.407968,-0.320128,8.91625,7.1575,-3.815,-5.16,27.640001,-24.720001,none,8,3.0,136826.0,339931.0,223206.0,323847.0,230994.0
2026-04-14 18:05:08.677449,729377,1609507402317184,5002286830,0.772992,-0.407968,-0.320128,9.8525,7.25375,-2.91375,-5.16,27.640001,-24.720001,none,8,3.0,136826.0,339931.0,223206.0,323847.0,230994.0
2026-04-14 18:05:08.696020,729378,1609507402331709,5002301749,0.813984,-0.316224,-0.17568,13.67625,7.1575,-2.02125,-5.432,28.12,-24.656002,none,8,3.0,136826.0,339931.0,223206.0,323847.0,230994.0
2026-04-14 18:05:08.699788,729379,1609507402340802,5002310454,0.813984,-0.316224,-0.17568,16.72125,7.6825,-2.7125,-5.432,28.12,-24.656002,none,8,3.0,136826.0,339931.0,223206.0,323847.0,230994.0
2026-04-14 18:05:08.731634,729390,1609507402355474,5002325461,0.81984,-0.36112,-0.251808,15.70625,8.7675,-4.10375,-5.24,27.696001,-24.432001,none,8,3.0,137460.0,340173.0,224109.0,324180.0,231902.0
2026-04-14 18:05:08.734130,729391,1609507402364498,5002334245,0.81984,-0.36112,-0.251808,12.59125,9.905,-4.33125,-5.24,27.696001,-24.432001,none,8,3.0,137460.0,340173.0,224109.0,324180.0,231902.0
2026-04-14 18:05:08.736565,729392,1609507402373467,5002343052,0.8784,-0.398208,-0.122976,10.0975,10.17625,-3.3425,-6.264,28.304,-22.096,none,8,3.0,137460.0,340173.0,224109.0,324180.0,231902.0
2026-04-14 18:05:08.747969,729393,1609507402387994,5002357957,0.84912,-0.325984,-0.1952,11.480001,10.78,-2.66875,-6.584,28.264002,-22.68,none,8,3.0,137460.0,340173.0,224109.0,324180.0,231902.0
2026-04-14 18:05:08.756688,729394,1609507402396930,5002366683,0.84912,-0.325984,-0.1952,14.55125,10.0975,-3.01,-6.584,28.264002,-22.68,none,8,3.0,137460.0,340173.0,224109.0,324180.0,231902.0
2026-04-14 18:05:08.771427,729395,1609507402411451,5002381662,0.86864,-0.329888,-0.103456,13.0025,8.75875,-3.85,-6.376,28.320002,-24.36,none,8,3.0,137460.0,340173.0,224109.0,324180.0,231902.0
2026-04-14 18:05:08.778623,729396,1609507402420388,5002390368,0.86864,-0.329888,-0.103456,8.1725,8.33,-3.885,-6.376,28.320002,-24.36,none,8,3.0,137460.0,340173.0,224109.0,324180.0,231902.0
2026-04-14 18:05:08.789062,729397,1609507402429341,5002399045,0.835456,-0.384544,-0.208864,2.31875,7.8925,-3.21125,-5.512,28.136002,-24.288002,none,8,3.0,137460.0,340173.0,224109.0,324180.0,231902.0
2026-04-14 18:05:08.805337,729398,1609507402443875,5002414001,0.835456,-0.384544,-0.208864,-0.35,7.65625,-2.3275,-5.512,28.136002,-24.288002,none,8,3.0,137460.0,340173.0,224109.0,324180.0,231902.0
2026-04-14 18:05:08.892447,729409,1609507402452954,5002423118,0.802272,-0.35136,-0.232288,0.6475,6.85125,-2.26625,-5.808,28.272001,-23.928001,none,8,3.0,137868.0,339747.0,224578.0,323772.0,232418.0
2026-04-14 18:05:08.895317,729410,1609507402467533,5002435968,0.827648,-0.316224,-0.158112,1.21625,4.92625,-2.21375,-6.528,28.568,-22.664001,none,8,3.0,137868.0,339747.0,224578.0,323772.0,232418.0
2026-04-14 18:05:08.897771,729411,1609507402476778,5002446737,0.827648,-0.316224,-0.158112,0.8925,4.165,-2.68625,-6.528,28.568,-22.664001,none,8,3.0,137868.0,339747.0,224578.0,323772.0,232418.0
2026-04-14 18:05:08.900306,729412,1609507402485764,5002455448,0.827648,-0.355264,-0.230336,-1.82875,4.2875,-3.4475,-6.528,28.568,-22.664001,none,8,3.0,137868.0,339747.0,224578.0,323772.0,232418.0
2026-04-14 18:05:08.902894,729413,1609507402500251,5002470367,0.860832,-0.355264,-0.230336,-4.05125,3.71875,-3.185,-7.408001,28.920002,-19.664001,none,8,3.0,137868.0,339747.0,224578.0,323772.0,232418.0
2026-04-14 18:05:08.905404,729414,1609507402509234,5002479048,0.825696,-0.378688,-0.294752,-5.7575,2.8875,-3.28125,-7.592001,28.680002,-22.536001,none,8,3.0,137868.0,339747.0,224578.0,323772.0,232418.0
2026-04-14 18:05:08.907987,729415,1609507402523766,5002493931,0.825696,-0.378688,-0.294752,-8.23375,1.6275,-2.2225,-7.592001,28.680002,-22.536001,none,8,3.0,137868.0,339747.0,224578.0,323772.0,232418.0
2026-04-14 18:05:08.910120,729416,1609507402532808,5002502701,0.864736,-0.347456,-0.122976,-9.59,1.61875,-1.95125,-6.704001,28.384,-23.304,none,8,3.0,137868.0,339747.0,224578.0,323772.0,232418.0
2026-04-14 18:05:08.937878,729427,1609507402547339,5002517576,0.833504,-0.357216,-0.290848,-9.02125,1.91625,-2.205,-6.432,28.536001,-22.720001,none,8,3.0,142187.0,340336.0,229972.0,324454.0,237565.0
2026-04-14 18:05:08.940095,729428,1609507402556430,5002526340,0.833504,-0.357216,-0.290848,-8.93375,3.43,-3.29875,-6.432,28.536001,-22.720001,none,8,3.0,142187.0,340336.0,229972.0,324454.0,237565.0
2026-04-14 18:05:08.942375,729429,1609507402565384,5002535122,0.833504,-0.357216,-0.290848,-10.5875,3.71875,-3.605,-6.432,28.536001,-22.720001,none,8,3.0,142187.0,340336.0,229972.0,324454.0,237565.0
2026-04-14 18:05:08.947915,729430,1609507402579886,5002550044,0.860832,-0.388448,-0.197152,-12.39875,3.1325,-2.7125,-7.168,28.272001,-22.512001,none,8,3.0,142187.0,340336.0,229972.0,324454.0,237565.0
2026-04-14 18:05:08.950401,729431,1609507402588817,5002558825,0.872544,-0.394304,-0.18544,-14.65625,2.31875,-1.70625,-7.048,28.504002,-23.384,none,8,3.0,142187.0,340336.0,229972.0,324454.0,237565.0
2026-04-14 18:05:08.961221,729432,1609507402603326,5002571711,0.872544,-0.394304,-0.18544,-15.30375,2.07375,-1.30375,-7.048,28.504002,-23.384,none,8,3.0,142187.0,340336.0,229972.0,324454.0,237565.0
2026-04-14 18:05:08.972719,729433,1609507402612539,5002582485,0.831552,-0.325984,-0.083936,-13.79,2.52875,-1.04125,-6.520001,27.552002,-24.208002,none,8,3.0,142187.0,340336.0,229972.0,324454.0,237565.0
2026-04-14 18:05:08.980254,729434,1609507402621523,5002591192,0.831552,-0.325984,-0.083936,-11.97875,2.52875,-1.12875,-6.520001,27.552002,-24.208002,none,8,3.0,142187.0,340336.0,229972.0,324454.0,237565.0
2026-04-14 18:05:08.999007,729435,1609507402636063,5002606077,0.895968,-0.37088,-0.16592,-10.6225,2.52875,-1.28625,-5.792,27.632002,-24.36,none,8,3.0,142187.0,340336.0,229972.0,324454.0,237565.0
2026-04-14 18:05:09.002420,729436,1609507402645175,5002614814,0.895968,-0.37088,-0.16592,-10.28125,1.61875,-0.27125,-5.792,27.632002,-24.36,none,8,3.0,142187.0,340336.0,229972.0,324454.0,237565.0
2026-04-14 18:05:09.031592,729447,1609507402659789,5002629946,0.837408,-0.347456,-0.132736,-10.70125,0.56875,0.91,-6.784,27.968,-23.552002,none,8,3.0,147458.0,342639.0,236360.0,326735.0,243341.0
2026-04-14 18:05:09.033771,729448,1609507402668875,5002638696,0.841312,-0.347456,-0.181536,-10.045,0.16625,0.76125,-7.104001,28.208002,-22.792002,none,8,3.0,147458.0,342639.0,236360.0,326735.0,243341.0
2026-04-14 18:05:09.042514,729449,1609507402683466,5002653701,0.841312,-0.347456,-0.181536,-9.72125,0.13125,0.0,-7.104001,28.208002,-22.792002,none,8,3.0,147458.0,342639.0,236360.0,326735.0,243341.0
2026-04-14 18:05:09.052502,729450,1609507402692476,5002662415,0.88816,-0.3416,-0.15616,-7.525,0.6825,-0.28,-5.76,27.344002,-24.488,none,8,3.0,147458.0,342639.0,236360.0,326735.0,243341.0
2026-04-14 18:05:09.062891,729451,1609507402701416,5002671100,0.88816,-0.3416,-0.15616,-5.83625,1.05875,-1.47875,-5.76,27.344002,-24.488,none,8,3.0,147458.0,342639.0,236360.0,326735.0,243341.0
2026-04-14 18:05:09.077876,729452,1609507402716079,5002685977,0.8784,-0.38064,-0.18544,-6.265,1.82875,-1.855,-6.776001,27.648,-24.632002,none,8,3.0,147458.0,342639.0,236360.0,326735.0,243341.0
2026-04-14 18:05:09.083995,729453,1609507402725184,5002694736,0.8784,-0.38064,-0.18544,-5.83625,0.90125,-1.51375,-6.776001,27.648,-24.632002,none,8,3.0,147458.0,342639.0,236360.0,326735.0,243341.0
2026-04-14 18:05:09.102872,729454,1609507402739660,5002709645,0.845216,-0.376736,-0.121024,-4.6375,-0.27125,-1.05,-5.92,27.776001,-25.624,none,8,3.0,147458.0,342639.0,236360.0,326735.0,243341.0
2026-04-14 18:05:09.133719,729465,1609507402748564,5002718397,0.796416,-0.324032,-0.16592,-2.47625,-0.93625,-0.665,-5.744,27.6,-26.248001,none,8,3.0,146437.0,341650.0,234955.0,325748.0,241955.0
2026-04-14 18:05:09.136643,729466,1609507402757698,5002727118,0.796416,-0.324032,-0.16592,-0.34125,-0.1225,-1.4175,-5.744,27.6,-26.248001,none,8,3.0,146437.0,341650.0,234955.0,325748.0,241955.0
2026-04-14 18:05:09.139123,729467,1609507402772428,5002742126,0.841312,-0.335744,-0.109312,1.8375,0.42,-2.59875,-6.904,28.024002,-23.376001,none,8,3.0,146437.0,341650.0,234955.0,325748.0,241955.0
2026-04-14 18:05:09.141460,729468,1609507402781439,5002750863,0.841312,-0.335744,-0.109312,1.30375,0.35,-2.9575,-6.904,28.024002,-23.376001,none,8,3.0,146437.0,341650.0,234955.0,325748.0,241955.0
2026-04-14 18:05:09.156733,729469,1609507402796044,5002765775,0.853024,-0.427488,-0.306464,0.035,0.5775,-1.785,-6.576,27.864002,-24.064001,none,8,3.0,146437.0,341650.0,234955.0,325748.0,241955.0
2026-04-14 18:05:09.163590,729470,1609507402804995,5002774481,0.853024,-0.427488,-0.306464,-0.9275,-0.02625,-0.51625,-6.576,27.864002,-24.064001,none,8,3.0,146437.0,341650.0,234955.0,325748.0,241955.0
2026-04-14 18:05:09.173601,729471,1609507402813969,5002783169,0.892064,-0.35136,-0.040992,1.58375,-0.04375,0.28875,-6.616,27.792002,-24.6,none,8,3.0,146437.0,341650.0,234955.0,325748.0,241955.0
2026-04-14 18:05:09.186502,729472,1609507402828487,5002798076,0.84912,-0.320128,-0.206912,4.06,0.805,-0.4725,-5.832,27.984001,-23.944,none,8,3.0,146437.0,341650.0,234955.0,325748.0,241955.0
2026-04-14 18:05:09.201329,729473,1609507402837459,5002806793,0.84912,-0.320128,-0.206912,5.06625,0.76125,-1.9775,-5.832,27.984001,-23.944,none,8,3.0,146437.0,341650.0,234955.0,325748.0,241955.0
2026-04-14 18:05:09.325044,729484,1609507402852476,5002821808,0.884256,-0.394304,-0.228384,5.11,1.32125,-3.4475,-5.936,27.944002,-24.76,none,8,3.0,146160.0,341451.0,234829.0,325660.0,242034.0
2026-04-14 18:05:09.327870,729485,1609507402861473,5002830610,0.884256,-0.394304,-0.228384,2.79125,1.1375,-3.75375,-5.936,27.944002,-24.76,none,8,3.0,146160.0,341451.0,234829.0,325660.0,242034.0
2026-04-14 18:05:09.333783,729486,1609507402876011,5002845482,0.862784,-0.38064,-0.0488,-0.02625,-0.0175,-2.91375,-6.824,28.592001,-22.664001,none,8,3.0,146160.0,341451.0,234829.0,325660.0,242034.0
2026-04-14 18:05:09.334108,729487,1609507402885018,5002854168,0.862784,-0.38064,-0.0488,0.48125,-1.04125,-1.505,-6.824,28.592001,-22.664001,none,8,3.0,146160.0,341451.0,234829.0,325660.0,242034.0
2026-04-14 18:05:09.334867,729488,1609507402894112,5002862970,0.851072,-0.316224,-0.056608,4.27,-1.53125,-0.81375,-7.328001,28.640001,-22.336,none,8,3.0,146160.0,341451.0,234829.0,325660.0,242034.0
2026-04-14 18:05:09.337163,729489,1609507402908614,5002877856,0.796416,-0.320128,-0.220576,5.04,-2.485,-1.75,-7.328001,28.640001,-21.672,none,8,3.0,146160.0,341451.0,234829.0,325660.0,242034.0
2026-04-14 18:05:09.340432,729490,1609507402917572,5002886706,0.796416,-0.320128,-0.220576,4.305,-2.91375,-2.51125,-7.56,29.008001,-21.672,none,8,3.0,146160.0,341451.0,234829.0,325660.0,242034.0
2026-04-14 18:05:09.342655,729491,1609507402932034,5002901610,0.847168,-0.35136,-0.085888,2.51125,-3.4475,-3.33375,-7.192,28.032001,-23.552002,none,8,3.0,146160.0,341451.0,234829.0,325660.0,242034.0
2026-04-14 18:05:09.344996,729492,1609507402940981,5002910292,0.847168,-0.35136,-0.085888,0.77,-3.99875,-3.0625,-7.192,28.032001,-23.552002,none,8,3.0,146160.0,341451.0,234829.0,325660.0,242034.0
2026-04-14 18:05:09.347703,729493,1609507402949913,5002919002,0.89792,-0.353312,-0.0488,1.21625,-4.6025,-2.26625,-6.480001,28.352001,-24.888,none,8,3.0,146160.0,341451.0,234829.0,325660.0,242034.0
2026-04-14 18:05:09.374974,729504,1609507402964456,5002933935,0.89792,-0.353312,-0.0488,2.00375,-5.215,-1.54875,-6.480001,28.352001,-24.888,none,8,3.0,147063.0,341334.0,235937.0,325554.0,243073.0
2026-04-14 18:05:09.377403,729505,1609507402973476,5002942788,0.821792,-0.343552,-0.17568,0.55125,-6.6675,-0.14,-6.24,28.04,-23.152,none,8,3.0,147063.0,341334.0,235937.0,325554.0,243073.0
2026-04-14 18:05:09.380021,729506,1609507402988110,5002957780,0.821792,-0.343552,-0.17568,-0.97125,-8.32125,0.7875,-6.24,28.04,-23.152,none,8,3.0,147063.0,341334.0,235937.0,325554.0,243073.0
2026-04-14 18:05:09.382420,729507,1609507402997196,5002966530,0.823744,-0.388448,-0.294752,-3.17625,-8.3475,-0.0175,-6.664001,28.112001,-24.192001,none,8,3.0,147063.0,341334.0,235937.0,325554.0,243073.0
2026-04-14 18:05:09.385326,729508,1609507403011761,5002981553,0.794464,-0.316224,-0.2928,-2.6425,-7.28875,-0.5075,-6.144,28.28,-24.592001,none,8,3.0,147063.0,341334.0,235937.0,325554.0,243073.0
2026-04-14 18:05:09.387873,729509,1609507403020714,5002990298,0.794464,-0.316224,-0.2928,0.175,-5.425,-3.4825,-6.144,28.28,-24.592001,none,8,3.0,147063.0,341334.0,235937.0,325554.0,243073.0
2026-04-14 18:05:09.390315,729510,1609507403029820,5002999179,0.778848,-0.320128,-0.25376,-0.245,-4.585,-5.915,-5.824,27.872002,-23.584002,none,8,3.0,147063.0,341334.0,235937.0,325554.0,243073.0
2026-04-14 18:05:09.405355,729511,1609507403044317,5003014104,0.778848,-0.320128,-0.25376,-1.575,-5.6,-6.57125,-5.824,27.872002,-23.584002,none,8,3.0,147063.0,341334.0,235937.0,325554.0,243073.0
2026-04-14 18:05:09.437088,729522,1609507403053366,5003023051,0.794464,-0.41968,-0.189344,-5.17125,-7.5775,-6.02,-5.520001,27.488,-23.752,none,8,3.0,146130.0,340505.0,234850.0,324790.0,242088.0
2026-04-14 18:05:09.438723,729523,1609507403068091,5003038022,0.794464,-0.41968,-0.189344,-7.875,-8.225,-3.57,-5.520001,27.488,-23.752,none,8,3.0,146130.0,340505.0,234850.0,324790.0,242088.0
2026-04-14 18:05:09.441244,729524,1609507403077043,5003046745,0.847168,-0.406016,-0.247904,-7.6125,-7.74375,-1.58375,-6.440001,28.952002,-24.944,none,8,3.0,146130.0,340505.0,234850.0,324790.0,242088.0
2026-04-14 18:05:09.443590,729525,1609507403086079,5003055457,0.847168,-0.406016,-0.247904,-3.54375,-5.985,0.28875,-6.440001,28.952002,-24.944,none,8,3.0,146130.0,340505.0,234850.0,324790.0,242088.0
2026-04-14 18:05:09.460287,729526,1609507403100579,5003070406,0.831552,-0.320128,-0.298656,-0.58625,-4.3225,-0.02625,-7.408001,28.448002,-22.160002,none,8,3.0,146130.0,340505.0,234850.0,324790.0,242088.0
2026-04-14 18:05:09.469044,729527,1609507403109499,5003079118,0.831552,-0.320128,-0.296704,-0.18375,-3.1325,-0.875,-7.408001,28.448002,-22.160002,none,8,3.0,146130.0,340505.0,234850.0,324790.0,242088.0
2026-04-14 18:05:09.484141,729528,1609507403124001,5003094006,0.854976,-0.368928,-0.296704,-2.40625,-2.7475,-1.4875,-5.544,27.616001,-23.480001,none,8,3.0,146130.0,340505.0,234850.0,324790.0,242088.0
2026-04-14 18:05:09.497737,729529,1609507403132982,5003102806,0.831552,-0.427488,-0.300608,-4.71625,-3.29,-1.23375,-5.32,27.568,-24.720001,none,8,3.0,146130.0,340505.0,234850.0,324790.0,242088.0
2026-04-14 18:05:09.507519,729530,1609507403147658,5003117726,0.831552,-0.427488,-0.300608,-6.76375,-3.66625,0.32375,-5.32,27.568,-24.720001,none,8,3.0,146130.0,340505.0,234850.0,324790.0,242088.0
2026-04-14 18:05:09.537449,729541,1609507403156755,5003126509,0.8784,-0.347456,-0.265472,-4.20875,-3.35125,1.39125,-5.368,27.816002,-24.552002,none,8,3.0,144117.0,338035.0,232276.0,322319.0,239775.0
2026-04-14 18:05:09.539992,729542,1609507403165809,5003135268,0.8784,-0.347456,-0.265472,0.14875,-1.51375,-0.14875,-5.368,27.816002,-24.552002,none,8,3.0,144117.0,338035.0,232276.0,322319.0,239775.0
2026-04-14 18:05:09.542351,729543,1609507403180344,5003150287,0.892064,-0.31232,-0.101504,-0.175,0.23625,-2.44125,-5.256,28.36,-23.576,none,8,3.0,144117.0,338035.0,232276.0,322319.0,239775.0
2026-04-14 18:05:09.549986,729544,1609507403189265,5003158996,0.892064,-0.31232,-0.101504,-2.94,0.245,-3.395,-5.256,28.36,-23.576,none,8,3.0,144117.0,338035.0,232276.0,322319.0,239775.0
2026-04-14 18:05:09.585126,729545,1609507403203879,5003173984,0.8784,-0.413824,-0.210816,-5.0925,-0.48125,-3.77125,-6.072001,28.072,-23.824001,none,8,3.0,144117.0,338035.0,232276.0,322319.0,239775.0
2026-04-14 18:05:09.587583,729546,1609507403212831,5003182679,0.784704,-0.378688,-0.2928,-4.6375,-1.75875,-3.29875,-6.208,27.976002,-23.800001,none,8,3.0,144117.0,338035.0,232276.0,322319.0,239775.0
2026-04-14 18:05:09.590147,729547,1609507403221779,5003191361,0.784704,-0.378688,-0.2928,-2.6425,-2.84375,-2.52,-6.208,27.976002,-23.800001,none,8,3.0,144117.0,338035.0,232276.0,322319.0,239775.0
2026-04-14 18:05:09.615146,729548,1609507403236345,5003206335,0.825696,-0.355264,-0.31232,-0.735,-3.33375,-2.03,-6.144,28.184002,-23.480001,none,8,3.0,144117.0,338035.0,232276.0,322319.0,239775.0
2026-04-14 18:05:09.620120,729549,1609507403245350,5003215016,0.825696,-0.355264,-0.31232,-1.39125,-3.49125,-1.7675,-6.144,28.184002,-23.480001,none,8,3.0,144117.0,338035.0,232276.0,322319.0,239775.0
2026-04-14 18:05:09.650032,729560,1609507403259955,5003230053,0.802272,-0.359168,-0.318176,-3.28125,-3.14125,-1.54875,-6.152,27.936,-23.192001,none,8,3.0,143480.0,338375.0,231657.0,322738.0,239276.0
2026-04-14 18:05:09.652380,729561,1609507403268961,5003238805,0.802272,-0.359168,-0.318176,-4.48875,-3.59625,-1.51375,-6.152,27.936,-23.192001,none,8,3.0,143480.0,338375.0,231657.0,322738.0,239276.0
2026-04-14 18:05:09.655025,729562,1609507403283475,5003253770,0.85888,-0.40992,-0.300608,-3.78875,-3.87625,-1.53125,-6.288,28.568,-23.168001,none,8,3.0,143480.0,338375.0,231657.0,322738.0,239276.0
2026-04-14 18:05:09.657492,729563,1609507403292414,5003262461,0.860832,-0.366976,-0.113216,-4.9,-3.80625,-0.44625,-6.76,28.488,-24.872002,none,8,3.0,143480.0,338375.0,231657.0,322738.0,239276.0
2026-04-14 18:05:09.661126,729564,1609507403301350,5003271154,0.860832,-0.366976,-0.113216,-5.03125,-3.98125,0.25375,-6.76,28.488,-24.872002,none,8,3.0,143480.0,338375.0,231657.0,322738.0,239276.0
2026-04-14 18:05:09.676090,729565,1609507403315865,5003286066,0.860832,-0.38064,-0.290848,-3.99,-3.64,0.25375,-5.12,27.736002,-24.6,none,8,3.0,143480.0,338375.0,231657.0,322738.0,239276.0
2026-04-14 18:05:09.683786,729566,1609507403324799,5003294763,0.860832,-0.38064,-0.290848,-3.7975,-3.3425,0.32375,-5.12,27.736002,-24.6,none,8,3.0,143480.0,338375.0,231657.0,322738.0,239276.0
2026-04-14 18:05:09.698813,729567,1609507403339325,5003309633,0.8784,-0.353312,-0.099552,-4.8475,-3.4475,0.16625,-4.92,27.752,-24.696001,none,8,3.0,143480.0,338375.0,231657.0,322738.0,239276.0
2026-04-14 18:05:09.710384,729568,1609507403348375,5003318318,0.8784,-0.353312,-0.099552,-4.83,-3.47375,-0.20125,-4.92,27.752,-24.696001,none,8,3.0,143480.0,338375.0,231657.0,322738.0,239276.0
2026-04-14 18:05:09.743661,729579,1609507403357582,5003327085,0.874496,-0.357216,-0.089792,-5.425,-2.835,-1.3125,-4.776,27.776001,-24.848001,none,8,3.0,142045.0,337247.0,229905.0,321650.0,237668.0
2026-04-14 18:05:09.745954,729580,1609507403372125,5003342008,0.802272,-0.372832,-0.22448,-6.1075,-2.4675,-1.46125,-6.056,28.136002,-24.352001,none,8,3.0,142045.0,337247.0,229905.0,321650.0,237668.0
2026-04-14 18:05:09.747209,729581,1609507403381083,5003350760,0.802272,-0.372832,-0.22448,-7.42,-2.79125,-1.25125,-6.056,28.136002,-24.352001,none,8,3.0,142045.0,337247.0,229905.0,321650.0,237668.0
2026-04-14 18:05:09.753993,729582,1609507403395615,5003365710,0.827648,-0.378688,-0.325984,-7.315,-2.765,-0.27125,-5.816001,28.248001,-24.808,none,8,3.0,142045.0,337247.0,229905.0,321650.0,237668.0
2026-04-14 18:05:09.765317,729583,1609507403404632,5003374445,0.827648,-0.378688,-0.325984,-5.4075,-2.98375,0.14,-5.816001,28.248001,-24.808,none,8,3.0,142045.0,337247.0,229905.0,321650.0,237668.0
2026-04-14 18:05:09.778823,729584,1609507403419268,5003389361,0.788608,-0.35136,-0.314272,-4.3225,-3.6925,0.84,-4.888,28.04,-24.672,none,8,3.0,142045.0,337247.0,229905.0,321650.0,237668.0
2026-04-14 18:05:09.789097,729585,1609507403428247,5003398044,0.788608,-0.35136,-0.314272,-4.7075,-4.26125,1.1375,-4.888,28.04,-24.672,none,8,3.0,142045.0,337247.0,229905.0,321650.0,237668.0
2026-04-14 18:05:09.795126,729586,1609507403437230,5003406783,0.864736,-0.407968,-0.306464,-6.2125,-3.87625,1.28625,-5.312,27.800001,-24.896002,none,8,3.0,142045.0,337247.0,229905.0,321650.0,237668.0
2026-04-14 18:05:09.813392,729587,1609507403451737,5003421678,0.864736,-0.376736,-0.378688,-5.87125,-2.555,0.875,-5.312,27.800001,-24.896002,none,8,3.0,142045.0,337247.0,229905.0,321650.0,237668.0
2026-04-14 18:05:09.842123,729598,1609507403460711,5003430483,0.804224,-0.378688,-0.378688,-3.885,-1.58375,-0.0875,-4.848,27.848001,-23.928001,none,8,3.0,139989.0,335872.0,227429.0,320271.0,235359.0
2026-04-14 18:05:09.869125,729599,1609507403475260,5003445472,0.825696,-0.333792,-0.142496,-3.535,-1.225,-1.21625,-6.272,28.448002,-22.76,none,8,3.0,139989.0,335872.0,227429.0,320271.0,235359.0
2026-04-14 18:05:09.871990,729600,1609507403484227,5003454172,0.825696,-0.333792,-0.142496,-3.47375,-1.015,-1.54875,-6.272,28.448002,-22.76,none,8,3.0,139989.0,335872.0,227429.0,320271.0,235359.0
2026-04-14 18:05:09.874188,729601,1609507403493197,5003462921,0.769088,-0.36112,-0.306464,-3.82375,-0.9625,-1.74125,-6.216,28.504002,-24.320002,none,8,3.0,139989.0,335872.0,227429.0,320271.0,235359.0
2026-04-14 18:05:09.876626,729602,1609507403507693,5003477812,0.769088,-0.36112,-0.306464,-3.885,-0.7875,-1.79375,-6.216,28.504002,-24.320002,none,8,3.0,139989.0,335872.0,227429.0,320271.0,235359.0
2026-04-14 18:05:09.879149,729603,1609507403516593,5003486663,0.767136,-0.402112,-0.355264,-3.42125,0.07875,-1.61875,-6.144,28.064001,-23.792002,none,8,3.0,139989.0,335872.0,227429.0,320271.0,235359.0
2026-04-14 18:05:09.888827,729604,1609507403531086,5003499498,0.767136,-0.402112,-0.355264,-3.885,-0.3675,-0.06125,-6.144,28.064001,-23.792002,none,8,3.0,139989.0,335872.0,227429.0,320271.0,235359.0
2026-04-14 18:05:09.899099,729605,1609507403540335,5003510338,0.856928,-0.366976,-0.115168,-2.93125,-0.6475,1.3125,-5.064,27.504002,-26.144001,none,8,3.0,139989.0,335872.0,227429.0,320271.0,235359.0
2026-04-14 18:05:10.002399,729616,1609507403554922,5003525301,0.823744,-0.329888,-0.142496,-0.4725,-0.88375,1.30375,-4.704,27.832,-24.088001,none,8,3.0,139010.0,335521.0,226261.0,319988.0,234304.0
2026-04-14 18:05:10.004906,729617,1609507403563988,5003534054,0.823744,-0.329888,-0.142496,0.91,-1.2075,1.4,-4.704,27.832,-24.088001,none,8,3.0,139010.0,335521.0,226261.0,319988.0,234304.0
2026-04-14 18:05:10.011966,729618,1609507403573025,5003542792,0.841312,-0.368928,-0.18544,-0.37625,-1.085,1.1025,-4.704,27.504002,-24.464,none,8,3.0,139010.0,335521.0,226261.0,319988.0,234304.0
2026-04-14 18:05:10.012054,729619,1609507403587525,5003557650,0.841312,-0.368928,-0.18544,-2.89625,-0.63875,0.44625,-5.16,27.504002,-24.464,none,8,3.0,139010.0,335521.0,226261.0,319988.0,234304.0
2026-04-14 18:05:10.012113,729620,1609507403596599,5003566400,0.827648,-0.378688,-0.257664,-3.36,0.0875,-0.23625,-5.968,27.736002,-23.6,none,8,3.0,139010.0,335521.0,226261.0,319988.0,234304.0
2026-04-14 18:05:10.015198,729621,1609507403611100,5003581327,0.827648,-0.378688,-0.257664,-3.2025,1.505,-1.61,-5.968,27.736002,-23.6,none,8,3.0,139010.0,335521.0,226261.0,319988.0,234304.0
2026-04-14 18:05:10.017756,729622,1609507403620210,5003590047,0.894016,-0.40016,-0.238144,-3.3775,3.36875,-2.84375,-5.808,28.088001,-23.328001,none,8,3.0,139010.0,335521.0,226261.0,319988.0,234304.0
2026-04-14 18:05:10.020247,729623,1609507403629341,5003598825,0.894016,-0.40016,-0.238144,-3.59625,5.22375,-3.8325,-5.808,28.088001,-23.328001,none,8,3.0,139010.0,335521.0,226261.0,319988.0,234304.0
2026-04-14 18:05:10.022765,729624,1609507403643809,5003613753,0.831552,-0.394304,-0.216672,-3.70125,6.5975,-4.97,-5.6,28.080002,-23.776001,none,8,3.0,139010.0,335521.0,226261.0,319988.0,234304.0
2026-04-14 18:05:10.024867,729625,1609507403652817,5003622466,0.831552,-0.394304,-0.26352,-4.33125,7.91,-5.25,-5.6,28.080002,-23.776001,none,8,3.0,139010.0,335521.0,226261.0,319988.0,234304.0
2026-04-14 18:05:10.057925,729636,1609507403667653,5003637457,0.882304,-0.431392,-0.255712,-2.5025,8.30375,-5.775,-6.000001,28.256,-22.448002,none,8,3.0,125926.0,334992.0,210217.0,319480.0,218769.0
2026-04-14 18:05:10.060120,729637,1609507403676603,5003646193,0.769088,-0.374784,-0.31232,-0.41125,9.345,-7.00875,-6.744,28.312002,-22.464,none,8,3.0,125926.0,334992.0,210217.0,319480.0,218769.0
2026-04-14 18:05:10.062517,729638,1609507403685635,5003654911,0.769088,-0.374784,-0.31232,1.58375,11.69,-8.00625,-6.744,28.312002,-22.464,none,8,3.0,125926.0,334992.0,210217.0,319480.0,218769.0
2026-04-14 18:05:10.065388,729639,1609507403700237,5003669809,0.864736,-0.413824,-0.300608,3.325,14.27125,-9.765,-7.224001,28.152,-22.84,none,8,3.0,125926.0,334992.0,210217.0,319480.0,218769.0
2026-04-14 18:05:10.067622,729640,1609507403709242,5003678518,0.864736,-0.413824,-0.300608,3.01875,16.52875,-11.585,-7.224001,28.152,-22.84,none,8,3.0,125926.0,334992.0,210217.0,319480.0,218769.0
2026-04-14 18:05:10.084037,729641,1609507403723741,5003693405,0.831552,-0.376736,-0.20496,3.45625,18.27875,-12.06625,-6.984,27.896002,-23.584002,none,8,3.0,125926.0,334992.0,210217.0,319480.0,218769.0
2026-04-14 18:05:10.090383,729642,1609507403732658,5003702167,0.831552,-0.376736,-0.20496,4.40125,19.52125,-11.655,-6.984,27.896002,-23.584002,none,8,3.0,125926.0,334992.0,210217.0,319480.0,218769.0
2026-04-14 18:05:10.106601,729643,1609507403747174,5003717054,0.833504,-0.433344,-0.435296,4.48,20.93,-10.87625,-5.672,27.744001,-23.616001,none,8,3.0,125926.0,334992.0,210217.0,319480.0,218769.0
2026-04-14 18:05:10.138710,729654,1609507403756612,5003726238,0.786656,-0.384544,-0.396256,3.325,22.63625,-10.3775,-6.000001,27.632002,-23.944,none,8,3.0,104226.0,325713.0,183936.0,310763.0,193250.0
2026-04-14 18:05:10.141084,729655,1609507403765711,5003735060,0.786656,-0.384544,-0.396256,3.14125,24.99,-10.89375,-6.000001,27.632002,-23.944,none,8,3.0,104226.0,325713.0,183936.0,310763.0,193250.0
2026-04-14 18:05:10.144140,729656,1609507403780319,5003749994,0.890112,-0.339648,-0.220576,6.18625,28.65625,-11.375,-6.928001,28.136002,-23.088001,none,8,3.0,104226.0,325713.0,183936.0,310763.0,193250.0
2026-04-14 18:05:10.152881,729657,1609507403789321,5003758726,0.890112,-0.339648,-0.220576,8.40875,32.27875,-12.36375,-6.928001,28.136002,-23.088001,none,8,3.0,104226.0,325713.0,183936.0,310763.0,193250.0
2026-04-14 18:05:10.161662,729658,1609507403803868,5003773677,0.899872,-0.345504,-0.384544,8.2075,34.7375,-13.1075,-7.36,28.36,-24.144001,none,8,3.0,104226.0,325713.0,183936.0,310763.0,193250.0
2026-04-14 18:05:10.171634,729659,1609507403812820,5003782424,0.899872,-0.345504,-0.384544,6.50125,37.485,-13.23875,-7.36,28.36,-24.144001,none,8,3.0,104226.0,325713.0,183936.0,310763.0,193250.0
2026-04-14 18:05:10.181655,729660,1609507403821795,5003791117,0.81984,-0.333792,-0.201056,1.72375,39.27875,-12.74875,-7.256001,27.6,-23.864,none,8,3.0,104226.0,325713.0,183936.0,310763.0,193250.0
2026-04-14 18:05:10.195054,729661,1609507403836391,5003806157,0.81984,-0.357216,-0.337696,-4.26125,40.7925,-11.66375,-7.896,28.024002,-25.408,none,8,3.0,104226.0,325713.0,183936.0,310763.0,193250.0
2026-04-14 18:05:10.206125,729662,1609507403845350,5003814871,0.81984,-0.357216,-0.337696,-6.2825,43.28625,-9.8,-7.896,28.024002,-25.408,none,8,3.0,104226.0,325713.0,183936.0,310763.0,193250.0
2026-04-14 18:05:10.239947,729673,1609507403860030,5003829992,0.843264,-0.281088,-0.12688,-3.40375,46.31375,-9.695,-7.896,27.784,-23.944,none,8,3.0,101866.0,326600.0,181607.0,312662.0,190987.0
2026-04-14 18:05:10.242284,729674,1609507403869033,5003838756,0.843264,-0.281088,-0.12688,-2.1875,48.30875,-10.92,-7.896,27.784,-23.944,none,8,3.0,101866.0,326600.0,181607.0,312662.0,190987.0
2026-04-14 18:05:10.245379,729675,1609507403883529,5003853657,0.71248,-0.257664,-0.261568,-3.92875,49.91,-11.12125,-8.352,27.808,-23.800001,none,8,3.0,101866.0,326600.0,181607.0,312662.0,190987.0
2026-04-14 18:05:10.252816,729676,1609507403892533,5003862450,0.71248,-0.257664,-0.261568,-7.86625,50.8725,-9.485,-8.352,27.808,-23.800001,none,8,3.0,101866.0,326600.0,181607.0,312662.0,190987.0
2026-04-14 18:05:10.263174,729677,1609507403901473,5003871142,0.808128,-0.30256,-0.015616,-12.48625,51.07375,-6.51875,-8.8,27.952002,-24.168001,none,8,3.0,101866.0,326600.0,181607.0,312662.0,190987.0
2026-04-14 18:05:10.275058,729678,1609507403916145,5003886035,0.765184,-0.306464,0.035136,-17.29,50.98625,-2.42375,-9.080001,27.6,-24.352001,none,8,3.0,101866.0,326600.0,181607.0,312662.0,190987.0
2026-04-14 18:05:10.282305,729679,1609507403925108,5003894778,0.765184,-0.306464,0.035136,-20.8775,50.96875,1.84625,-9.080001,27.6,-24.352001,none,8,3.0,101866.0,326600.0,181607.0,312662.0,190987.0
2026-04-14 18:05:10.319116,729680,1609507403939661,5003909665,0.714432,-0.2928,0.044896,-22.09375,50.53125,5.85375,-9.344001,27.112001,-23.584002,none,8,3.0,101866.0,326600.0,181607.0,312662.0,190987.0
2026-04-14 18:05:10.341315,729681,1609507403948577,5003918353,0.714432,-0.2928,0.044896,-20.71125,49.72625,11.042501,-9.344001,27.112001,-23.584002,none,8,3.0,101866.0,326600.0,181607.0,312662.0,190987.0
2026-04-14 18:05:10.371654,729692,1609507403957982,5003927384,0.730048,-0.275232,0.091744,-18.92625,47.670002,16.16125,-9.976001,27.744001,-23.432001,none,8,3.0,135614.0,339081.0,223463.0,324531.0,232066.0
2026-04-14 18:05:10.376363,729693,1609507403972539,5003942443,0.730048,-0.275232,0.091744,-19.11875,45.0625,21.65625,-9.976001,27.744001,-23.432001,none,8,3.0,135614.0,339081.0,223463.0,324531.0,232066.0
2026-04-14 18:05:10.376879,729694,1609507403981555,5003951136,0.72224,-0.2928,-0.003904,-22.4525,41.50125,25.2175,-10.56,27.568,-22.944,none,8,3.0,135614.0,339081.0,223463.0,324531.0,232066.0
2026-04-14 18:05:10.378597,729695,1609507403996148,5003966106,0.841312,-0.349408,0.052704,-28.210001,37.7825,28.83125,-9.984,27.424002,-24.632002,none,8,3.0,135614.0,339081.0,223463.0,324531.0,232066.0
2026-04-14 18:05:10.381127,729696,1609507404005156,5003974884,0.841312,-0.349408,0.052704,-34.8075,36.076252,27.86875,-9.984,27.424002,-24.632002,none,8,3.0,135614.0,339081.0,223463.0,324531.0,232066.0
2026-04-14 18:05:10.383601,729697,1609507404014111,5003983568,0.841312,-0.349408,0.052704,-32.01625,30.56375,26.71375,-9.984,27.424002,-24.632002,none,8,3.0,135614.0,339081.0,223463.0,324531.0,232066.0
2026-04-14 18:05:10.386502,729698,1609507404028634,5003998580,0.817888,-0.28304,-0.015616,-28.67375,27.65875,28.5775,-9.864,26.984001,-25.536001,none,8,3.0,135614.0,339081.0,223463.0,324531.0,232066.0
2026-04-14 18:05:10.396510,729699,1609507404037581,5004007310,0.864736,-0.345504,0.054656,-29.8025,25.82125,26.6175,-9.384001,26.704,-24.880001,none,8,3.0,135614.0,339081.0,223463.0,324531.0,232066.0
2026-04-14 18:05:10.412751,729700,1609507404052135,5004022202,0.864736,-0.345504,0.054656,-32.76875,22.18125,28.70875,-9.384001,26.704,-24.880001,none,8,3.0,135614.0,339081.0,223463.0,324531.0,232066.0
2026-04-14 18:05:10.440456,729711,1609507404061289,5004030972,0.765184,-0.421632,-0.142496,-34.0375,19.27625,30.9225,-9.088,26.936,-24.064001,none,8,3.0,160887.0,340683.0,253434.0,325962.0,258954.0
2026-04-14 18:05:10.442920,729712,1609507404075818,5004045942,0.765184,-0.423584,-0.03904,-33.87125,16.38,32.1475,-9.088,26.936,-24.064001,none,8,3.0,160887.0,340683.0,253434.0,325962.0,258954.0
2026-04-14 18:05:10.445304,729713,1609507404084832,5004054629,0.837408,-0.423584,-0.03904,-30.45,13.8075,32.12125,-10.736,27.288002,-23.552002,none,8,3.0,160887.0,340683.0,253434.0,325962.0,258954.0
2026-04-14 18:05:10.451285,729714,1609507404093780,5004063355,0.837408,-0.423584,-0.03904,-22.5575,12.97625,31.07125,-10.736,27.288002,-23.552002,none,8,3.0,160887.0,340683.0,253434.0,325962.0,258954.0
2026-04-14 18:05:10.470255,729715,1609507404108356,5004078281,0.714432,-0.3416,-0.208864,-15.81125,13.69375,30.02125,-9.68,26.864002,-25.336,none,8,3.0,160887.0,340683.0,253434.0,325962.0,258954.0
2026-04-14 18:05:10.481654,729716,1609507404117326,5004086980,0.708576,-0.347456,-0.142496,-11.1125,15.2075,29.68875,-9.432,27.016,-23.064001,none,8,3.0,160887.0,340683.0,253434.0,325962.0,258954.0
2026-04-14 18:05:10.508514,729717,1609507404131801,5004101842,0.708576,-0.347456,-0.142496,-8.3475,16.178751,29.47875,-9.432,27.016,-23.064001,none,8,3.0,160887.0,340683.0,253434.0,325962.0,258954.0
2026-04-14 18:05:10.511902,729718,1609507404140783,5004110593,0.759328,-0.421632,0.03904,-6.18625,15.8375,29.785,-8.432,26.680002,-25.184002,none,8,3.0,160887.0,340683.0,253434.0,325962.0,258954.0
2026-04-14 18:05:10.513600,729719,1609507404149726,5004119298,0.759328,-0.421632,0.03904,-3.115,16.1175,30.7125,-8.432,26.680002,-25.184002,none,8,3.0,160887.0,340683.0,253434.0,325962.0,258954.0
2026-04-14 18:05:10.541360,729730,1609507404164355,5004134659,0.691008,-0.472384,-0.11712,-1.56625,15.93375,31.59625,-8.08,27.000002,-24.44,none,8,3.0,130661.0,334617.0,216566.0,319908.0,224929.0
2026-04-14 18:05:10.544131,729731,1609507404173345,5004143381,0.691008,-0.472384,-0.11712,4.48875,15.0325,32.50625,-8.08,27.000002,-24.44,none,8,3.0,130661.0,334617.0,216566.0,319908.0,224929.0
2026-04-14 18:05:10.546675,729732,1609507404187872,5004156248,0.601216,-0.407968,-0.06832,15.3825,15.1025,33.10125,-8.76,27.52,-23.672,none,8,3.0,130661.0,334617.0,216566.0,319908.0,224929.0
2026-04-14 18:05:10.557934,729733,1609507404197126,5004167097,0.661728,-0.396256,-0.10736,22.84625,15.18125,33.075,-8.824,27.808,-22.048,none,8,3.0,130661.0,334617.0,216566.0,319908.0,224929.0
2026-04-14 18:05:10.571348,729734,1609507404211675,5004181982,0.661728,-0.396256,-0.10736,29.015,16.905,34.125,-8.824,27.808,-22.048,none,8,3.0,130661.0,334617.0,216566.0,319908.0,224929.0
2026-04-14 18:05:10.581511,729735,1609507404220782,5004190735,0.552416,-0.388448,-0.033184,31.465,18.165,36.5925,-7.632,27.848001,-24.608002,none,8,3.0,130661.0,334617.0,216566.0,319908.0,224929.0
2026-04-14 18:05:10.587748,729736,1609507404229833,5004199439,0.552416,-0.388448,-0.033184,25.75125,19.0925,38.22875,-7.632,27.848001,-24.608002,none,8,3.0,130661.0,334617.0,216566.0,319908.0,224929.0
2026-04-14 18:05:10.604031,729737,1609507404244332,5004214338,0.482144,-0.45872,-0.212768,23.9925,20.27375,39.41,-7.376,28.576002,-25.008001,none,8,3.0,130661.0,334617.0,216566.0,319908.0,224929.0
2026-04-14 18:05:10.612873,729738,1609507404253347,5004223063,0.482144,-0.45872,-0.212768,29.6975,20.18625,39.55875,-7.376,28.576002,-25.008001,none,8,3.0,130661.0,334617.0,216566.0,319908.0,224929.0
2026-04-14 18:05:10.641182,729749,1609507404268076,5004238118,0.6344,-0.38064,-0.212768,39.585,20.3,39.24375,-6.992,28.832,-23.36,none,8,3.0,77463.0,310477.0,151662.0,298188.0,160754.0
2026-04-14 18:05:10.643574,729750,1609507404277056,5004246848,0.6344,-0.294752,0.11712,53.40125,21.90125,38.71,-6.992,28.832,-21.312,none,8,3.0,77463.0,310477.0,151662.0,298188.0,160754.0
2026-04-14 18:05:10.646077,729751,1609507404286068,5004255569,0.54656,-0.294752,0.11712,60.2875,24.24625,38.22875,-8.440001,29.816002,-20.872002,none,8,3.0,77463.0,310477.0,151662.0,298188.0,160754.0
2026-04-14 18:05:10.663575,729752,1609507404300698,5004270512,0.35136,-0.431392,0.083936,50.225,23.2925,37.73875,-6.888001,29.680002,-22.904001,none,8,3.0,77463.0,310477.0,151662.0,298188.0,160754.0
2026-04-14 18:05:10.687712,729753,1609507404309817,5004279252,0.35136,-0.431392,0.083936,32.34,22.303751,41.16,-6.888001,29.680002,-22.904001,none,8,3.0,77463.0,310477.0,151662.0,298188.0,160754.0
2026-04-14 18:05:10.713315,729754,1609507404324341,5004294169,0.437248,-0.523136,-0.130784,22.855,18.62,49.21875,-6.008,29.912,-21.856,none,8,3.0,77463.0,310477.0,151662.0,298188.0,160754.0
2026-04-14 18:05:10.744166,729755,1609507404333260,5004302872,0.437248,-0.523136,-0.130784,24.92,15.6975,52.01,-6.008,29.912,-21.856,none,8,3.0,77463.0,310477.0,151662.0,298188.0,160754.0
2026-04-14 18:05:10.746644,729756,1609507404342389,5004311689,0.534848,-0.378688,0.128832,44.40625,16.70375,45.28125,-5.592001,30.272001,-21.944,none,8,3.0,77463.0,310477.0,151662.0,298188.0,160754.0
2026-04-14 18:05:10.749187,729757,1609507404356868,5004326638,0.534848,-0.378688,0.128832,68.59125,19.1975,39.20875,-5.592001,30.272001,-21.944,none,8,3.0,77463.0,310477.0,151662.0,298188.0,160754.0
2026-04-14 18:05:10.781604,729768,1609507404365813,5004335352,0.384544,-0.304512,0.0,76.16875,21.67375,35.42875,-5.824,31.192001,-19.832,none,8,3.0,52186.0,270493.0,115983.0,266328.0,123761.0
2026-04-14 18:05:10.789086,729769,1609507404380549,5004350278,0.333792,-0.372832,0.130784,66.325,21.07,29.91625,-5.976,31.352001,-19.6,none,8,3.0,52186.0,270493.0,115983.0,266328.0,123761.0
2026-04-14 18:05:10.791353,729770,1609507404389529,5004358979,0.333792,-0.372832,0.130784,52.28125,18.83875,27.8775,-5.976,31.352001,-19.6,none,8,3.0,52186.0,270493.0,115983.0,266328.0,123761.0
2026-04-14 18:05:10.794114,729771,1609507404404078,5004374017,0.525088,-0.366976,0.072224,45.17625,19.06625,28.455,-5.608,31.264002,-20.184,none,8,3.0,52186.0,270493.0,115983.0,266328.0,123761.0
2026-04-14 18:05:10.796654,729772,1609507404413214,5004382772,0.525088,-0.366976,0.072224,51.17875,20.4575,25.41875,-5.608,31.264002,-20.184,none,8,3.0,52186.0,270493.0,115983.0,266328.0,123761.0
2026-04-14 18:05:10.798644,729773,1609507404422181,5004391497,0.349408,-0.365024,0.16592,64.65375,24.1325,21.79625,-5.296001,31.744001,-19.624,none,8,3.0,52186.0,270493.0,115983.0,266328.0,123761.0
2026-04-14 18:05:10.801079,729774,1609507404436680,5004406421,0.349408,-0.365024,0.16592,61.95875,26.565,15.1375,-5.296001,31.744001,-19.624,none,8,3.0,52186.0,270493.0,115983.0,266328.0,123761.0
2026-04-14 18:05:10.803644,729775,1609507404445675,5004415122,0.18544,-0.554368,0.216672,45.482502,20.3875,13.15125,-4.792,32.152,-17.152,none,8,3.0,52186.0,270493.0,115983.0,266328.0,123761.0
2026-04-14 18:05:10.842642,729786,1609507404460543,5004430229,0.40992,-0.51728,0.119072,29.225,17.57,15.53125,-4.68,32.4,-19.6,none,8,3.0,43226.0,210360.0,101381.0,218449.0,107565.0
2026-04-14 18:05:10.845396,729787,1609507404469741,5004439117,0.40992,-0.51728,0.119072,35.9275,19.775,16.205,-4.68,32.4,-19.6,none,8,3.0,43226.0,210360.0,101381.0,218449.0,107565.0
2026-04-14 18:05:10.847812,729788,1609507404478789,5004447984,0.474336,-0.32208,0.308416,69.3175,26.01375,13.440001,-6.728,33.664,-15.256001,none,8,3.0,43226.0,210360.0,101381.0,218449.0,107565.0
2026-04-14 18:05:10.871510,729789,1609507404493339,5004462902,0.474336,-0.32208,0.308416,102.340004,32.73375,-1.05,-6.584,33.664,-15.256001,none,8,3.0,43226.0,210360.0,101381.0,218449.0,107565.0
2026-04-14 18:05:10.871622,729790,1609507404502426,5004471576,0.386496,-0.425536,0.325984,106.925,36.53125,-16.695,-5.424,33.472,-16.568,none,8,3.0,43226.0,210360.0,101381.0,218449.0,107565.0
2026-04-14 18:05:10.876153,729791,1609507404516925,5004486512,0.386496,-0.425536,0.325984,83.06375,33.36375,-22.2425,-5.424,33.472,-16.568,none,8,3.0,43226.0,210360.0,101381.0,218449.0,107565.0
2026-04-14 18:05:10.887452,729792,1609507404525880,5004495231,0.603168,-0.607072,0.435296,54.5475,31.5175,-19.39875,-5.808,33.616,-15.984001,none,8,3.0,43226.0,210360.0,101381.0,218449.0,107565.0
2026-04-14 18:05:10.894885,729793,1609507404534812,5004503916,0.603168,-0.607072,0.435296,50.96,37.905,-17.40375,-5.808,33.616,-15.984001,none,8,3.0,43226.0,210360.0,101381.0,218449.0,107565.0
2026-04-14 18:05:10.907780,729794,1609507404549316,5004518892,0.685152,-0.470432,0.191296,73.07125,49.805,-21.42,-6.440001,33.656002,-15.008,none,8,3.0,43226.0,210360.0,101381.0,218449.0,107565.0
2026-04-14 18:05:10.917606,729795,1609507404558387,5004527581,0.685152,-0.470432,0.191296,105.44625,61.6525,-43.32125,-6.440001,33.656002,-15.008,none,8,3.0,43226.0,210360.0,101381.0,218449.0,107565.0
2026-04-14 18:05:10.947611,729807,1609507404573081,5004542564,0.679296,-0.347456,0.708576,125.18625,68.145,-68.3725,-7.56,33.864002,-15.68,none,8,3.0,37605.0,191390.0,90041.0,200418.0,95895.0
2026-04-14 18:05:10.950151,729808,1609507404582084,5004551297,0.630496,-0.679296,0.75152,104.8075,68.5475,-77.735,-9.488001,34.296,-12.248,none,8,3.0,37605.0,191390.0,90041.0,200418.0,95895.0
2026-04-14 18:05:10.957047,729809,1609507404596621,5004566277,0.630496,-0.679296,0.75152,65.61625,68.005,-75.355,-9.488001,34.296,-12.248,none,8,3.0,37605.0,191390.0,90041.0,200418.0,95895.0
2026-04-14 18:05:10.963502,729810,1609507404605589,5004574986,0.935008,-0.640256,0.36112,60.13,76.95625,-70.48125,-10.016001,33.816,-11.728001,none,8,3.0,37605.0,191390.0,90041.0,200418.0,95895.0
2026-04-14 18:05:10.973700,729811,1609507404614515,5004583675,0.935008,-0.640256,0.36112,97.83375,95.38375,-78.4,-10.016001,33.816,-11.728001,none,8,3.0,37605.0,191390.0,90041.0,200418.0,95895.0
2026-04-14 18:05:10.992645,729812,1609507404629007,5004598571,0.96624,-0.456768,0.464576,147.69125,115.33375,-98.0875,-11.376,33.904003,-9.432,none,8,3.0,37605.0,191390.0,90041.0,200418.0,95895.0
2026-04-14 18:05:10.995139,729813,1609507404637959,5004607294,0.96624,-0.456768,0.464576,176.09375,124.57375,-116.03375,-11.376,33.904003,-9.432,none,8,3.0,37605.0,191390.0,90041.0,200418.0,95895.0
2026-04-14 18:05:11.011354,729814,1609507404652515,5004622247,0.632448,-0.27328,0.921344,171.89375,126.34125,-124.18,-12.992001,33.464,-5.992,none,8,3.0,37605.0,191390.0,90041.0,200418.0,95895.0
2026-04-14 18:05:11.099149,729825,1609507404661813,5004631457,0.77104,-0.247904,0.601216,143.40375,128.58125,-126.34125,-16.048,33.480003,-4.952,none,8,3.0,43534.0,217886.0,100570.0,227185.0,106272.0
2026-04-14 18:05:11.101670,729826,1609507404670883,5004640264,0.77104,-0.247904,0.601216,118.0375,133.58626,-126.7525,-16.048,33.480003,-4.952,none,8,3.0,43534.0,217886.0,100570.0,227185.0,106272.0
2026-04-14 18:05:11.104167,729827,1609507404685416,5004655315,0.804224,-0.21472,0.648064,110.83625,140.21,-129.26375,-18.008001,32.792,-1.096,none,8,3.0,43534.0,217886.0,100570.0,227185.0,106272.0
2026-04-14 18:05:11.106660,729828,1609507404694334,5004664014,0.804224,-0.21472,0.648064,124.0925,150.85,-131.635,-18.008001,32.792,-1.096,none,8,3.0,43534.0,217886.0,100570.0,227185.0,106272.0
2026-04-14 18:05:11.108806,729829,1609507404709008,5004678913,0.542656,0.109312,0.833504,135.94,158.0075,-137.33125,-19.624,31.488,-0.152,none,8,3.0,43534.0,217886.0,100570.0,227185.0,106272.0
2026-04-14 18:05:11.111239,729830,1609507404717997,5004687552,0.542656,0.109312,0.833504,145.74875,160.93875,-144.9,-19.624,31.488,-0.152,none,8,3.0,43534.0,217886.0,100570.0,227185.0,106272.0
2026-04-14 18:05:11.114174,729831,1609507404732500,5004702455,0.411872,0.0488,1.138016,132.27376,162.2775,-150.49126,-20.096,30.208002,1.536,none,8,3.0,43534.0,217886.0,100570.0,227185.0,106272.0
2026-04-14 18:05:11.116657,729832,1609507404741568,5004711155,0.476288,0.00976,1.009184,102.725,163.2925,-144.55,-21.256,29.144001,5.68,none,8,3.0,43534.0,217886.0,100570.0,227185.0,106272.0
2026-04-14 18:05:11.118683,729833,1609507404750667,5004719842,0.476288,0.00976,1.009184,91.3675,165.40125,-133.62125,-21.256,29.144001,5.68,none,8,3.0,43534.0,217886.0,100570.0,227185.0,106272.0
2026-04-14 18:05:11.176294,729844,1609507404765344,5004734840,0.489952,0.441152,0.989664,111.04625,165.64626,-134.56625,-22.464,27.544,6.096,none,8,3.0,73090.0,301686.0,147277.0,296811.0,156392.0
2026-04-14 18:05:11.179200,729845,1609507404774321,5004743551,0.489952,0.441152,0.989664,128.5375,163.7475,-145.6,-22.464,27.544,6.096,none,8,3.0,73090.0,301686.0,147277.0,296811.0,156392.0
2026-04-14 18:05:11.181656,729846,1609507404788787,5004758413,0.396256,0.421632,1.128256,122.75375,160.29124,-149.625,-23.128,25.928001,7.072001,none,8,3.0,73090.0,301686.0,147277.0,296811.0,156392.0
2026-04-14 18:05:11.184156,729847,1609507404797735,5004767131,0.396256,0.421632,1.128256,107.73,155.72375,-145.15375,-23.128,25.928001,7.072001,none,8,3.0,73090.0,301686.0,147277.0,296811.0,156392.0
2026-04-14 18:05:11.186687,729848,1609507404806699,5004775888,0.255712,0.197152,1.098976,102.6725,148.81125,-139.23875,-22.968,24.264002,9.176001,none,8,3.0,73090.0,301686.0,147277.0,296811.0,156392.0
2026-04-14 18:05:11.188776,729849,1609507404821241,5004790819,0.17568,0.64416,0.993568,106.89,142.3275,-135.52,-23.480001,22.880001,12.56,none,8,3.0,73090.0,301686.0,147277.0,296811.0,156392.0
2026-04-14 18:05:11.191387,729850,1609507404830283,5004799526,0.17568,0.64416,0.993568,117.78375,139.5975,-133.42,-23.480001,22.880001,12.56,none,8,3.0,73090.0,301686.0,147277.0,296811.0,156392.0
2026-04-14 18:05:11.204176,729851,1609507404844952,5004814426,0.220576,0.630496,0.974048,119.7525,140.5425,-131.62625,-23.344002,20.944,12.496,none,8,3.0,73090.0,301686.0,147277.0,296811.0,156392.0
2026-04-14 18:05:11.212954,729852,1609507404853936,5004823174,0.220576,0.630496,0.974048,103.1275,141.645,-128.70375,-23.344002,20.944,12.496,none,8,3.0,73090.0,301686.0,147277.0,296811.0,156392.0
2026-04-14 18:05:11.246489,729863,1609507404868464,5004838156,0.1952,0.562176,1.192672,86.93125,142.415,-123.19125,-25.168001,19.696001,15.808001,none,8,3.0,95105.0,320445.0,174659.0,309015.0,184512.0
2026-04-14 18:05:11.248991,729864,1609507404877437,5004846917,0.1952,0.562176,1.192672,83.3,141.5575,-120.56625,-25.168001,19.696001,15.808001,none,8,3.0,95105.0,320445.0,174659.0,309015.0,184512.0
2026-04-14 18:05:11.251431,729865,1609507404886368,5004855716,0.189344,0.56608,1.253184,84.0,139.11626,-118.57125,-23.640001,17.208,15.656001,none,8,3.0,95105.0,320445.0,174659.0,309015.0,184512.0
2026-04-14 18:05:11.258549,729866,1609507404900914,5004870681,0.189344,0.56608,0.98576,76.85125,134.61,-115.31625,-23.640001,17.208,15.656001,none,8,3.0,95105.0,320445.0,174659.0,309015.0,184512.0
2026-04-14 18:05:11.268518,729867,1609507404909894,5004879505,0.181536,0.571936,0.98576,70.42875,128.47626,-110.285,-23.352001,16.336,16.720001,none,8,3.0,95105.0,320445.0,174659.0,309015.0,184512.0
2026-04-14 18:05:11.285452,729868,1609507404924406,5004894412,0.179584,0.61488,1.009184,74.865,121.19625,-107.1175,-23.032001,14.944,18.088001,none,8,3.0,95105.0,320445.0,174659.0,309015.0,184512.0
2026-04-14 18:05:11.292912,729869,1609507404933336,5004903105,0.179584,0.61488,1.009184,84.55125,113.51375,-104.23875,-23.032001,14.944,18.088001,none,8,3.0,95105.0,320445.0,174659.0,309015.0,184512.0
2026-04-14 18:05:11.304195,729870,1609507404942326,5004911801,0.085888,0.74176,1.136064,89.145,107.26625,-104.11625,-23.592001,13.6,18.400002,none,8,3.0,95105.0,320445.0,174659.0,309015.0,184512.0
2026-04-14 18:05:11.317840,729871,1609507404956817,5004926735,0.085888,0.74176,1.136064,91.07,103.81,-101.84125,-23.592001,13.6,18.400002,none,8,3.0,95105.0,320445.0,174659.0,309015.0,184512.0
2026-04-14 18:05:11.345048,729882,1609507404966304,5004935489,0.040992,0.630496,0.913536,88.69,99.95125,-99.7325,-23.296001,11.568001,20.480001,none,8,3.0,108396.0,320063.0,190436.0,306956.0,200970.0
2026-04-14 18:05:11.347412,729883,1609507404980883,5004950437,0.040992,0.630496,0.913536,84.07875,95.03375,-95.47125,-23.296001,11.568001,20.480001,none,8,3.0,108396.0,320063.0,190436.0,306956.0,200970.0
2026-04-14 18:05:11.350303,729884,1609507404989894,5004959153,0.00976,0.815936,0.94672,77.20125,88.78625,-91.53375,-22.984001,9.832001,23.008001,none,8,3.0,108396.0,320063.0,190436.0,306956.0,200970.0
2026-04-14 18:05:11.356512,729885,1609507404998992,5004967888,0.00976,0.815936,0.94672,62.60625,84.35,-89.0575,-22.984001,9.832001,23.008001,none,8,3.0,108396.0,320063.0,190436.0,306956.0,200970.0
2026-04-14 18:05:11.372792,729886,1609507405013548,5004982819,-0.023424,0.739808,1.087264,47.3025,83.01125,-86.1875,-22.032001,9.024,21.816002,none,8,3.0,108396.0,320063.0,190436.0,306956.0,200970.0
2026-04-14 18:05:11.380389,729887,1609507405022578,5004991534,-0.025376,0.548512,1.003328,42.875,83.405,-84.83125,-21.352001,7.576,25.216002,none,8,3.0,108396.0,320063.0,190436.0,306956.0,200970.0
2026-04-14 18:05:11.396654,729888,1609507405037093,5005006464,-0.025376,0.548512,1.003328,53.15625,82.635,-82.31125,-21.352001,7.576,25.216002,none,8,3.0,108396.0,320063.0,190436.0,306956.0,200970.0
2026-04-14 18:05:11.422747,729889,1609507405046000,5005015215,-0.1464,0.76128,0.993568,69.58875,79.8,-79.87,-20.712002,5.968,23.424002,none,8,3.0,108396.0,320063.0,190436.0,306956.0,200970.0
2026-04-14 18:05:11.424819,729890,1609507405060520,5005030154,-0.1464,0.76128,0.993568,83.55375,76.4925,-72.05625,-20.712002,5.968,23.424002,none,8,3.0,108396.0,320063.0,190436.0,306956.0,200970.0
2026-04-14 18:05:11.480050,729901,1609507405069476,5005038931,-0.242048,0.874496,0.905728,84.79625,72.44125,-68.81875,-20.016,5.056,24.432001,none,8,3.0,107924.0,313932.0,189581.0,300649.0,200187.0
2026-04-14 18:05:11.482892,729902,1609507405078405,5005047646,-0.242048,0.874496,0.905728,79.35375,68.13625,-67.935,-20.016,5.056,24.432001,none,8,3.0,107924.0,313932.0,189581.0,300649.0,200187.0
2026-04-14 18:05:11.485432,729903,1609507405092900,5005062603,-0.257664,0.84912,0.710528,72.79125,64.5575,-65.70375,-19.592001,3.552,24.248001,none,8,3.0,107924.0,313932.0,189581.0,300649.0,200187.0
2026-04-14 18:05:11.487891,729904,1609507405101947,5005071310,-0.257664,0.84912,0.710528,64.98625,60.62,-64.84625,-19.592001,3.552,24.248001,none,8,3.0,107924.0,313932.0,189581.0,300649.0,200187.0
2026-04-14 18:05:11.490364,729905,1609507405116525,5005086275,-0.265472,0.753472,0.71248,56.67375,57.365,-64.4,-19.064001,2.608,24.68,none,8,3.0,107924.0,313932.0,189581.0,300649.0,200187.0
2026-04-14 18:05:11.492921,729906,1609507405125499,5005094982,-0.298656,0.691008,0.710528,51.7475,54.5475,-61.03125,-18.696001,1.592,25.424002,none,8,3.0,107924.0,313932.0,189581.0,300649.0,200187.0
2026-04-14 18:05:11.499161,729907,1609507405140033,5005109948,-0.298656,0.691008,0.710528,57.75,52.29875,-55.67625,-18.696001,1.592,25.424002,none,8,3.0,107924.0,313932.0,189581.0,300649.0,200187.0
2026-04-14 18:05:11.511112,729908,1609507405149023,5005118681,-0.333792,0.823744,0.776896,67.87375,51.94875,-50.84625,-18.12,0.456,26.408,none,8,3.0,107924.0,313932.0,189581.0,300649.0,200187.0
2026-04-14 18:05:11.517495,729909,1609507405157966,5005127375,-0.333792,0.823744,0.776896,75.53875,51.98375,-46.06875,-18.12,0.456,26.408,none,8,3.0,107924.0,313932.0,189581.0,300649.0,200187.0
2026-04-14 18:05:11.545412,729920,1609507405173173,5005142686,-0.296704,0.856928,0.66368,78.61875,52.675,-42.49875,-18.104,-0.776,26.224,none,8,3.0,101745.0,300839.0,181437.0,288158.0,191911.0
2026-04-14 18:05:11.547914,729921,1609507405182206,5005151382,-0.296704,0.856928,0.66368,73.82375,52.29,-40.425,-18.104,-0.776,26.224,none,8,3.0,101745.0,300839.0,181437.0,288158.0,191911.0
2026-04-14 18:05:11.555468,729922,1609507405196749,5005166277,-0.343552,0.884256,0.784704,64.51375,50.89875,-39.52375,-17.392,-1.664,27.560001,none,8,3.0,101745.0,300839.0,181437.0,288158.0,191911.0
2026-04-14 18:05:11.565069,729923,1609507405205712,5005174962,-0.425536,0.786656,0.685152,53.4275,48.27375,-41.0375,-17.112001,-2.696,27.304,none,8,3.0,101745.0,300839.0,181437.0,288158.0,191911.0
2026-04-14 18:05:11.572960,729924,1609507405214692,5005183684,-0.425536,0.786656,0.685152,51.2575,46.6025,-40.25,-17.112001,-2.696,27.304,none,8,3.0,101745.0,300839.0,181437.0,288158.0,191911.0
2026-04-14 18:05:11.587883,729925,1609507405229179,5005198587,-0.339648,0.847168,0.812032,56.21875,44.9575,-37.49375,-15.944001,-4.032,27.080002,none,8,3.0,101745.0,300839.0,181437.0,288158.0,191911.0
2026-04-14 18:05:11.599075,729926,1609507405238103,5005207286,-0.339648,0.847168,0.812032,61.64375,43.00625,-37.4675,-15.944001,-4.032,27.080002,none,8,3.0,101745.0,300839.0,181437.0,288158.0,191911.0
2026-04-14 18:05:11.612744,729927,1609507405252552,5005222239,-0.406016,0.843264,0.75152,64.47875,41.62375,-37.19625,-16.072,-4.504,27.808,none,8,3.0,101745.0,300839.0,181437.0,288158.0,191911.0
2026-04-14 18:05:11.620249,729928,1609507405261539,5005230935,-0.406016,0.843264,0.75152,60.357502,39.31375,-36.155,-16.072,-4.504,27.808,none,8,3.0,101745.0,300839.0,181437.0,288158.0,191911.0
2026-04-14 18:05:11.647919,729939,1609507405270527,5005239729,-0.441152,0.772992,0.396256,51.065,36.5925,-34.545002,-15.760001,-5.184,26.736002,none,8,3.0,88198.0,280370.0,164542.0,270148.0,173773.0
2026-04-14 18:05:11.650416,729940,1609507405285253,5005254632,-0.443104,0.759328,0.560224,39.0775,34.825,-32.08625,-15.752001,-5.344,28.024002,none,8,3.0,88198.0,280370.0,164542.0,270148.0,173773.0
2026-04-14 18:05:11.652903,729941,1609507405294256,5005263334,-0.443104,0.759328,0.560224,30.56375,34.0025,-28.76125,-15.752001,-5.344,28.024002,none,8,3.0,88198.0,280370.0,164542.0,270148.0,173773.0
2026-04-14 18:05:11.669165,729942,1609507405308751,5005278246,-0.398208,0.813984,0.558272,33.59125,34.982502,-26.705,-13.832001,-6.584,26.832,none,8,3.0,88198.0,280370.0,164542.0,270148.0,173773.0
2026-04-14 18:05:11.676258,729943,1609507405317659,5005286913,-0.398208,0.813984,0.558272,37.10875,35.16625,-27.58,-13.832001,-6.584,26.832,none,8,3.0,88198.0,280370.0,164542.0,270148.0,173773.0
2026-04-14 18:05:11.692995,729944,1609507405332151,5005301851,-0.384544,0.827648,0.534848,37.75625,34.8425,-27.67625,-13.256001,-7.2,27.632002,none,8,3.0,88198.0,280370.0,164542.0,270148.0,173773.0
2026-04-14 18:05:11.698756,729945,1609507405341171,5005310547,-0.384544,0.827648,0.534848,34.0725,34.48375,-27.317501,-13.256001,-7.2,27.632002,none,8,3.0,88198.0,280370.0,164542.0,270148.0,173773.0
2026-04-14 18:05:11.712798,729946,1609507405350095,5005319278,-0.486048,0.75152,0.427488,26.1975,32.24375,-28.35,-12.664001,-7.576,27.168001,none,8,3.0,88198.0,280370.0,164542.0,270148.0,173773.0
2026-04-14 18:05:11.748754,729957,1609507405365016,5005334215,-0.525088,0.714432,0.392352,17.8325,30.397501,-30.89625,-13.408001,-7.344,25.736002,none,8,3.0,91478.0,275897.0,167759.0,266393.0,177527.0
2026-04-14 18:05:11.751331,729958,1609507405374068,5005343034,-0.525088,0.714432,0.392352,12.1975,27.58,-28.69125,-13.408001,-7.344,25.736002,none,8,3.0,91478.0,275897.0,167759.0,266393.0,177527.0
2026-04-14 18:05:11.756643,729959,1609507405388592,5005358090,-0.538752,0.83936,0.470432,13.55375,24.57875,-25.1825,-12.616,-7.544,28.376001,none,8,3.0,91478.0,275897.0,167759.0,266393.0,177527.0
2026-04-14 18:05:11.758802,729960,1609507405397518,5005366795,-0.538752,0.83936,0.470432,15.33875,22.9075,-24.7975,-12.616,-7.544,28.376001,none,8,3.0,91478.0,275897.0,167759.0,266393.0,177527.0
2026-04-14 18:05:11.787549,729961,1609507405406392,5005375557,-0.431392,0.860832,0.558272,12.8975,22.68,-25.22625,-12.392,-8.176001,28.864002,none,8,3.0,91478.0,275897.0,167759.0,266393.0,177527.0
2026-04-14 18:05:11.812782,729962,1609507405420896,5005390489,-0.431392,0.860832,0.558272,6.88625,22.3825,-24.29875,-12.392,-8.176001,28.864002,none,8,3.0,91478.0,275897.0,167759.0,266393.0,177527.0
2026-04-14 18:05:11.837906,729963,1609507405429815,5005399182,-0.525088,0.788608,0.427488,1.44375,22.3825,-23.0125,-11.216001,-8.6,28.112001,none,8,3.0,91478.0,275897.0,167759.0,266393.0,177527.0
2026-04-14 18:05:11.850390,729964,1609507405444330,5005414089,-0.525088,0.788608,0.281088,-3.00125,22.4525,-21.805,-11.216001,-8.6,28.112001,none,8,3.0,91478.0,275897.0,167759.0,266393.0,177527.0
2026-04-14 18:05:11.852879,729965,1609507405453283,5005422814,-0.655872,0.7808,0.281088,-4.10375,22.40875,-21.42,-10.952001,-8.312,27.960001,none,8,3.0,91478.0,275897.0,167759.0,266393.0,177527.0
2026-04-14 18:05:11.881252,729976,1609507405468345,5005438043,-0.650016,0.769088,0.284992,-6.3525,22.89,-20.69375,-10.416,-8.536,28.640001,none,8,3.0,100102.0,284285.0,177451.0,273391.0,187623.0
2026-04-14 18:05:11.882357,729977,1609507405477308,5005446772,-0.650016,0.769088,0.284992,-7.2625,22.925,-19.241251,-10.416,-8.536,28.640001,none,8,3.0,100102.0,284285.0,177451.0,273391.0,187623.0
2026-04-14 18:05:11.886717,729978,1609507405486403,5005455466,-0.579744,0.8296,0.532896,-5.18875,23.178751,-18.375,-10.328,-8.272,28.416002,none,8,3.0,100102.0,284285.0,177451.0,273391.0,187623.0
2026-04-14 18:05:11.887183,729979,1609507405500913,5005470372,-0.579744,0.8296,0.532896,-4.13875,26.022501,-18.40125,-10.328,-8.272,28.416002,none,8,3.0,100102.0,284285.0,177451.0,273391.0,187623.0
2026-04-14 18:05:11.889704,729980,1609507405509867,5005479151,-0.62464,0.767136,0.50752,-6.25625,29.21625,-18.22625,-9.264001,-8.712001,28.760002,none,8,3.0,100102.0,284285.0,177451.0,273391.0,187623.0
2026-04-14 18:05:11.892367,729981,1609507405524393,5005494130,-0.62464,0.767136,0.50752,-6.11625,31.955,-17.59625,-9.264001,-8.712001,28.760002,none,8,3.0,100102.0,284285.0,177451.0,273391.0,187623.0
2026-04-14 18:05:11.894830,729982,1609507405533426,5005502898,-0.640256,0.737856,0.472384,-3.56125,34.01125,-16.8525,-9.128,-8.512,30.208002,none,8,3.0,100102.0,284285.0,177451.0,273391.0,187623.0
2026-04-14 18:05:11.901357,729983,1609507405542386,5005511786,-0.640256,0.737856,0.472384,-2.835,34.88625,-17.08875,-9.128,-8.512,30.208002,none,8,3.0,100102.0,284285.0,177451.0,273391.0,187623.0
2026-04-14 18:05:11.916534,729984,1609507405556886,5005526670,-0.689056,0.798368,0.423584,-2.73875,34.93,-16.5725,-8.8,-8.448,29.840002,none,8,3.0,100102.0,284285.0,177451.0,273391.0,187623.0
2026-04-14 18:05:11.951665,729995,1609507405566173,5005535344,-0.640256,0.782752,0.349408,-1.96875,34.97375,-16.84375,-8.424001,-8.624001,31.416002,none,8,3.0,108960.0,293815.0,188020.0,281450.0,198546.0
2026-04-14 18:05:11.954139,729996,1609507405580830,5005550328,-0.640256,0.782752,0.349408,-2.44125,35.27125,-16.68625,-8.424001,-8.624001,31.416002,none,8,3.0,108960.0,293815.0,188020.0,281450.0,198546.0
2026-04-14 18:05:11.956252,729997,1609507405589746,5005559031,-0.646112,0.747616,0.49776,-2.6775,35.665,-17.45625,-6.888001,-8.768001,29.336,none,8,3.0,108960.0,293815.0,188020.0,281450.0,198546.0
2026-04-14 18:05:11.958725,729998,1609507405598799,5005567722,-0.646112,0.747616,0.49776,-6.055,35.77875,-17.43875,-6.888001,-8.768001,29.336,none,8,3.0,108960.0,293815.0,188020.0,281450.0,198546.0
2026-04-14 18:05:11.974765,729999,1609507405613305,5005582631,-0.612928,0.69296,0.50752,-4.34875,35.09625,-17.01,-6.936,-8.728001,29.2,none,8,3.0,108960.0,293815.0,188020.0,281450.0,198546.0
2026-04-14 18:05:11.983226,730000,1609507405622385,5005591365,-0.612928,0.69296,0.50752,1.295,33.845,-18.0075,-6.936,-8.728001,29.2,none,8,3.0,108960.0,293815.0,188020.0,281450.0,198546.0
2026-04-14 18:05:11.996473,730001,1609507405636916,5005606250,-0.714432,0.925248,0.550464,3.21125,26.62625,-16.8,-6.68,-8.784,30.584002,none,8,3.0,108960.0,293815.0,188020.0,281450.0,198546.0
2026-04-14 18:05:12.003551,730002,1609507405645875,5005614975,-0.76128,0.962336,0.626592,-1.05,15.54875,-12.32,-6.68,-8.784,30.048002,none,8,3.0,108960.0,293815.0,188020.0,281450.0,198546.0
2026-04-14 18:05:12.020283,730003,1609507405660382,5005629855,-0.753472,0.962336,0.626592,-11.76875,8.4875,-4.8125,-6.000001,-8.976001,30.048002,none,8,3.0,108960.0,293815.0,188020.0,281450.0,198546.0
2026-04-14 18:05:12.051208,730014,1609507405669888,5005638738,-0.650016,0.70272,0.363072,-16.54625,8.05875,3.0275,-5.912,-8.6,29.664001,none,8,3.0,114093.0,298538.0,193612.0,285190.0,204314.0
2026-04-14 18:05:12.054168,730015,1609507405679407,5005649533,-0.650016,0.70272,0.363072,-15.68875,8.82,2.8,-5.912,-8.6,29.664001,none,8,3.0,114093.0,298538.0,193612.0,285190.0,204314.0
2026-04-14 18:05:12.056657,730016,1609507405693994,5005662424,-0.609024,0.636352,0.269376,-13.86,9.75625,3.91125,-5.952,-8.152,29.576002,none,8,3.0,114093.0,298538.0,193612.0,285190.0,204314.0
2026-04-14 18:05:12.062895,730017,1609507405703528,5005673232,-0.609024,0.636352,0.269376,-14.752501,11.27875,3.45625,-5.952,-8.152,29.576002,none,8,3.0,114093.0,298538.0,193612.0,285190.0,204314.0
2026-04-14 18:05:12.070003,730018,1609507405712491,5005681991,-0.62464,0.66368,0.238144,-11.97875,12.8625,2.7825,-5.64,-8.472,29.616001,none,8,3.0,114093.0,298538.0,193612.0,285190.0,204314.0
2026-04-14 18:05:12.086386,730019,1609507405727170,5005696883,-0.650016,0.739808,0.437248,-7.58625,14.27125,0.175,-5.408001,-8.592,26.544,none,8,3.0,114093.0,298538.0,193612.0,285190.0,204314.0
2026-04-14 18:05:12.096236,730020,1609507405736117,5005705570,-0.650016,0.739808,0.437248,-6.50125,14.84,-1.58375,-5.408001,-8.592,26.544,none,8,3.0,114093.0,298538.0,193612.0,285190.0,204314.0
2026-04-14 18:05:12.108626,730021,1609507405750619,5005720504,-0.675392,0.714432,0.398208,-7.95375,14.971251,-2.80875,-6.216,-7.768001,30.768002,none,8,3.0,114093.0,298538.0,193612.0,285190.0,204314.0
2026-04-14 18:05:12.117595,730022,1609507405759556,5005729251,-0.675392,0.714432,0.398208,-10.21125,14.2275,-2.905,-6.216,-7.768001,30.768002,none,8,3.0,114093.0,298538.0,193612.0,285190.0,204314.0
2026-04-14 18:05:12.198713,730033,1609507405774317,5005744224,-0.700768,0.69296,0.261568,-10.465,13.36125,-2.86125,-6.2,-8.232,29.408,none,8,3.0,123108.0,302533.0,204874.0,288811.0,216205.0
2026-04-14 18:05:12.201246,730034,1609507405783415,5005753023,-0.700768,0.69296,0.261568,-9.6775,12.53875,-2.835,-6.2,-8.232,29.408,none,8,3.0,123108.0,302533.0,204874.0,288811.0,216205.0
2026-04-14 18:05:12.203744,730035,1609507405792363,5005761752,-0.648064,0.718336,0.534848,-9.24,11.75125,-2.4325,-6.424,-7.896,30.944002,none,8,3.0,123108.0,302533.0,204874.0,288811.0,216205.0
2026-04-14 18:05:12.206283,730036,1609507405807002,5005776798,-0.650016,0.720288,0.523136,-7.70875,10.73625,-2.24,-6.424,-7.896,31.064001,none,8,3.0,123108.0,302533.0,204874.0,288811.0,216205.0
2026-04-14 18:05:12.208669,730037,1609507405815932,5005785492,-0.650016,0.720288,0.523136,-5.04,10.185,-0.88375,-6.008,-7.56,31.064001,none,8,3.0,123108.0,302533.0,204874.0,288811.0,216205.0
2026-04-14 18:05:12.211327,730038,1609507405830418,5005800378,-0.714432,0.708576,0.265472,-2.75625,9.68625,0.3675,-6.176,-7.664001,32.16,none,8,3.0,123108.0,302533.0,204874.0,288811.0,216205.0
2026-04-14 18:05:12.213804,730039,1609507405839400,5005809099,-0.714432,0.708576,0.265472,-1.35625,8.925,0.6125,-6.176,-7.664001,32.16,none,8,3.0,123108.0,302533.0,204874.0,288811.0,216205.0
2026-04-14 18:05:12.216323,730040,1609507405848328,5005817789,-0.646112,0.733952,0.509472,0.0875,8.54875,0.70875,-6.024,-7.584001,30.528002,none,8,3.0,123108.0,302533.0,204874.0,288811.0,216205.0
2026-04-14 18:05:12.222667,730041,1609507405862837,5005832891,-0.646112,0.733952,0.509472,0.5775,7.74375,0.46375,-6.024,-7.584001,30.528002,none,8,3.0,123108.0,302533.0,204874.0,288811.0,216205.0
2026-04-14 18:05:12.255174,730052,1609507405871939,5005841675,-0.718336,0.747616,0.347456,1.3125,7.3675,0.455,-4.776,-8.312,30.000002,none,8,3.0,133522.0,309712.0,218424.0,295905.0,229477.0
2026-04-14 18:05:12.257720,730053,1609507405886564,5005856678,-0.718336,0.747616,0.347456,0.805,6.1425,0.77875,-4.776,-8.312,30.000002,none,8,3.0,133522.0,309712.0,218424.0,295905.0,229477.0
2026-04-14 18:05:12.260164,730054,1609507405895669,5005865375,-0.675392,0.6832,0.261568,0.0,5.29375,0.86625,-4.584,-8.496,30.304,none,8,3.0,133522.0,309712.0,218424.0,295905.0,229477.0
2026-04-14 18:05:12.268429,730055,1609507405904783,5005874099,-0.675392,0.6832,0.261568,-2.03,4.89125,1.39125,-4.584,-8.496,30.304,none,8,3.0,133522.0,309712.0,218424.0,295905.0,229477.0
2026-04-14 18:05:12.277290,730056,1609507405919291,5005889099,-0.626592,0.69296,0.40016,-4.20875,3.6575,2.135,-4.648,-8.336,30.536001,none,8,3.0,133522.0,309712.0,218424.0,295905.0,229477.0
2026-04-14 18:05:12.287572,730057,1609507405928267,5005897814,-0.716384,0.716384,0.226432,-4.585,3.22,2.33625,-4.92,-7.920001,31.320002,none,8,3.0,133522.0,309712.0,218424.0,295905.0,229477.0
2026-04-14 18:05:12.303790,730058,1609507405942792,5005912740,-0.716384,0.716384,0.226432,-3.42125,2.31875,2.2575,-4.92,-7.920001,31.320002,none,8,3.0,133522.0,309712.0,218424.0,295905.0,229477.0
2026-04-14 18:05:12.310161,730059,1609507405951704,5005921369,-0.696864,0.755424,0.454816,-3.115,1.35625,2.9225,-4.976,-8.392,30.240002,none,8,3.0,133522.0,309712.0,218424.0,295905.0,229477.0
2026-04-14 18:05:12.356346,730070,1609507405966267,5005936530,-0.696864,0.755424,0.454816,-3.745,0.9625,3.36875,-4.976,-8.392,30.240002,none,8,3.0,127693.0,308089.0,212409.0,294618.0,223143.0
2026-04-14 18:05:12.362336,730071,1609507405975205,5005945269,-0.626592,0.714432,0.374784,-3.885,-0.175,4.13,-3.944,-8.624001,31.424002,none,8,3.0,127693.0,308089.0,212409.0,294618.0,223143.0
2026-04-14 18:05:12.362724,730072,1609507405984207,5005954044,-0.626592,0.714432,0.374784,-3.77125,-0.56,5.11,-3.944,-8.624001,31.424002,none,8,3.0,127693.0,308089.0,212409.0,294618.0,223143.0
2026-04-14 18:05:12.363610,730073,1609507405998770,5005968939,-0.66368,0.708576,0.284992,-3.5875,-0.81375,6.43125,-4.536,-8.752001,30.296001,none,8,3.0,127693.0,308089.0,212409.0,294618.0,223143.0
2026-04-14 18:05:12.366052,730074,1609507406007795,5005977644,-0.66368,0.708576,0.269376,-3.50875,-0.9625,6.1075,-4.536,-8.752001,30.296001,none,8,3.0,127693.0,308089.0,212409.0,294618.0,223143.0
2026-04-14 18:05:12.381195,730075,1609507406022304,5005992606,-0.714432,0.739808,0.271328,-3.78875,-1.51375,6.615,-4.376,-8.472,29.2,none,8,3.0,127693.0,308089.0,212409.0,294618.0,223143.0
2026-04-14 18:05:12.393767,730076,1609507406031245,5006001284,-0.579744,0.76128,0.52704,-4.55,-1.6625,6.92125,-4.584,-8.232,30.176,none,8,3.0,127693.0,308089.0,212409.0,294618.0,223143.0
2026-04-14 18:05:12.428902,730077,1609507406045735,5006014174,-0.579744,0.76128,0.52704,-7.00875,-1.40875,5.7925,-4.584,-8.232,30.176,none,8,3.0,127693.0,308089.0,212409.0,294618.0,223143.0
2026-04-14 18:05:12.431680,730078,1609507406055025,5006024933,-0.642208,0.776896,0.505568,-11.935,-1.19,5.99375,-4.448,-8.152,30.096,none,8,3.0,127693.0,308089.0,212409.0,294618.0,223143.0
2026-04-14 18:05:12.434169,730079,1609507406063984,5006033624,-0.642208,0.776896,0.505568,-16.68625,-1.96875,7.69125,-4.448,-8.152,30.096,none,8,3.0,127693.0,308089.0,212409.0,294618.0,223143.0
2026-04-14 18:05:12.466674,730090,1609507406078614,5006048630,-0.642208,0.724192,0.347456,-19.18875,-2.00375,8.785,-4.312,-8.184,30.392002,none,8,3.0,120489.0,304207.0,204222.0,291004.0,214911.0
2026-04-14 18:05:12.467442,730091,1609507406087622,5006057429,-0.642208,0.724192,0.347456,-18.96125,-2.6775,7.9975,-4.312,-8.184,30.392002,none,8,3.0,120489.0,304207.0,204222.0,291004.0,214911.0
2026-04-14 18:05:12.468456,730092,1609507406102083,5006072367,-0.581696,0.714432,0.413824,-16.8875,-2.9925,8.12,-4.48,-8.224,29.680002,none,8,3.0,120489.0,304207.0,204222.0,291004.0,214911.0
2026-04-14 18:05:12.471558,730093,1609507406111045,5006081063,-0.679296,0.755424,0.339648,-15.198751,-2.73,8.5575,-4.656,-7.336,31.128002,none,8,3.0,120489.0,304207.0,204222.0,291004.0,214911.0
2026-04-14 18:05:12.479128,730094,1609507406119994,5006089757,-0.679296,0.755424,0.339648,-14.60375,-2.3275,8.54875,-4.656,-7.336,31.128002,none,8,3.0,120489.0,304207.0,204222.0,291004.0,214911.0
2026-04-14 18:05:12.494144,730095,1609507406134472,5006104688,-0.616832,0.757376,0.306464,-14.58625,-1.68875,8.16375,-5.504,-7.76,30.192001,none,8,3.0,120489.0,304207.0,204222.0,291004.0,214911.0
2026-04-14 18:05:12.525070,730096,1609507406143414,5006113374,-0.616832,0.757376,0.306464,-13.667501,-0.63,6.7025,-5.504,-7.76,30.192001,none,8,3.0,120489.0,304207.0,204222.0,291004.0,214911.0
2026-04-14 18:05:12.550077,730097,1609507406157904,5006126260,-0.6344,0.794464,0.318176,-14.245,-0.35,5.565,-4.496,-7.688,30.448002,none,8,3.0,120489.0,304207.0,204222.0,291004.0,214911.0
2026-04-14 18:05:12.574958,730098,1609507406167060,5006137030,-0.6344,0.794464,0.318176,-17.70125,0.42875,4.31375,-4.496,-7.688,30.448002,none,8,3.0,120489.0,304207.0,204222.0,291004.0,214911.0
2026-04-14 18:05:12.612480,730109,1609507406181544,5006149912,-0.61488,0.772992,0.41968,-21.7875,1.19875,4.64625,-4.432,-7.496,31.12,none,8,3.0,123541.0,303767.0,208044.0,290479.0,218728.0
2026-04-14 18:05:12.615395,730110,1609507406190749,5006160709,-0.56608,0.730048,0.501664,-24.5,2.00375,4.97875,-4.8,-7.232,31.640001,none,8,3.0,123541.0,303767.0,208044.0,290479.0,218728.0
2026-04-14 18:05:12.617891,730111,1609507406199664,5006169425,-0.56608,0.730048,0.501664,-23.9225,3.22875,4.4975,-4.8,-7.232,31.640001,none,8,3.0,123541.0,303767.0,208044.0,290479.0,218728.0
2026-04-14 18:05:12.620391,730112,1609507406214272,5006184489,-0.558272,0.772992,0.568032,-22.2425,3.9025,4.2875,-4.512,-7.048,30.368002,none,8,3.0,123541.0,303767.0,208044.0,290479.0,218728.0
2026-04-14 18:05:12.622863,730113,1609507406223201,5006193181,-0.558272,0.772992,0.568032,-21.3325,4.89125,3.52625,-4.512,-7.048,30.368002,none,8,3.0,123541.0,303767.0,208044.0,290479.0,218728.0
2026-04-14 18:05:12.625027,730114,1609507406238108,5006208160,-0.609024,0.808128,0.554368,-21.385,5.81875,2.4675,-4.32,-6.856,30.312002,none,8,3.0,123541.0,303767.0,208044.0,290479.0,218728.0
2026-04-14 18:05:12.627919,730115,1609507406247079,5006216955,-0.609024,0.808128,0.554368,-22.05,7.2275,0.91875,-4.32,-6.856,30.312002,none,8,3.0,123541.0,303767.0,208044.0,290479.0,218728.0
2026-04-14 18:05:12.630420,730116,1609507406256030,5006225654,-0.5368,0.76128,0.548512,-22.68,7.8225,-0.70875,-4.032,-6.576,30.144001,none,8,3.0,123541.0,303767.0,208044.0,290479.0,218728.0
2026-04-14 18:05:12.658867,730127,1609507406271147,5006240632,-0.568032,0.743712,0.447008,-21.84,9.35375,-3.045,-4.12,-6.096,32.072002,none,8,3.0,133460.0,306722.0,219927.0,293324.0,230265.0
2026-04-14 18:05:12.661183,730128,1609507406280136,5006249395,-0.568032,0.743712,0.447008,-20.64125,9.9925,-5.145,-4.12,-6.096,32.072002,none,8,3.0,133460.0,306722.0,219927.0,293324.0,230265.0
2026-04-14 18:05:12.663281,730129,1609507406294839,5006264435,-0.59536,0.774944,0.618784,-18.92625,11.41,-5.48625,-4.448,-5.520001,31.248001,none,8,3.0,133460.0,306722.0,219927.0,293324.0,230265.0
2026-04-14 18:05:12.666039,730130,1609507406303825,5006273126,-0.59536,0.774944,0.618784,-18.2875,12.88875,-7.0,-4.448,-5.520001,31.248001,none,8,3.0,133460.0,306722.0,219927.0,293324.0,230265.0
2026-04-14 18:05:12.671299,730131,1609507406312737,5006281868,-0.568032,0.726144,0.6344,-18.8825,13.658751,-6.405,-4.544,-5.136,31.512001,none,8,3.0,133460.0,306722.0,219927.0,293324.0,230265.0
2026-04-14 18:05:12.685267,730132,1609507406327267,5006297042,-0.568032,0.726144,0.6344,-19.565,13.545,-3.87625,-4.544,-5.136,31.512001,none,8,3.0,133460.0,306722.0,219927.0,293324.0,230265.0
2026-04-14 18:05:12.696621,730133,1609507406336264,5006305735,-0.581696,0.70272,0.609024,-18.025,13.825,-1.925,-3.168,-5.664,30.392002,none,8,3.0,133460.0,306722.0,219927.0,293324.0,230265.0
2026-04-14 18:05:12.710402,730134,1609507406350827,5006320823,-0.55632,0.646112,0.511424,-15.190001,14.2275,-1.58375,-3.168,-5.128,29.600002,none,8,3.0,133460.0,306722.0,219927.0,293324.0,230265.0
2026-04-14 18:05:12.720405,730135,1609507406359949,5006329520,-0.55632,0.646112,0.511424,-11.935,14.11375,-0.60375,-3.336,-5.128,29.600002,none,8,3.0,133460.0,306722.0,219927.0,293324.0,230265.0
2026-04-14 18:05:12.727915,730136,1609507406369080,5006338250,-0.55632,0.646112,0.511424,-10.01,13.4575,1.3125,-3.336,-5.128,29.600002,none,8,3.0,133460.0,306722.0,219927.0,293324.0,230265.0
2026-04-14 18:05:12.755235,730147,1609507406383799,5006353248,-0.599264,0.657824,0.372832,-8.19,12.95,3.6575,-3.328,-5.016,31.04,none,8,3.0,120983.0,303398.0,204950.0,290681.0,215666.0
2026-04-14 18:05:12.757827,730148,1609507406392758,5006361998,-0.599264,0.677344,0.466528,-6.69375,12.17125,4.97,-4.552,-4.248,32.672,none,8,3.0,120983.0,303398.0,204950.0,290681.0,215666.0
2026-04-14 18:05:12.764893,730149,1609507406407459,5006376927,-0.599264,0.677344,0.466528,-4.85625,11.24375,5.55625,-4.552,-4.248,32.672,none,8,3.0,120983.0,303398.0,204950.0,290681.0,215666.0
2026-04-14 18:05:12.774073,730150,1609507406416598,5006385662,-0.700768,0.747616,0.515328,-2.1175,9.8,5.6175,-2.744,-5.16,30.36,none,8,3.0,120983.0,303398.0,204950.0,290681.0,215666.0
2026-04-14 18:05:12.783741,730151,1609507406425534,5006394351,-0.700768,0.747616,0.515328,0.32375,8.785,4.17375,-2.744,-5.16,30.36,none,8,3.0,120983.0,303398.0,204950.0,290681.0,215666.0
2026-04-14 18:05:12.798809,730152,1609507406440038,5006409252,-0.61488,0.70272,0.573888,-0.13125,8.155,2.87,-2.856,-5.184,30.080002,none,8,3.0,120983.0,303398.0,204950.0,290681.0,215666.0
2026-04-14 18:05:12.806307,730153,1609507406448997,5006417934,-0.61488,0.70272,0.573888,-1.68875,7.6475,2.59,-2.856,-5.184,30.080002,none,8,3.0,120983.0,303398.0,204950.0,290681.0,215666.0
2026-04-14 18:05:12.822576,730154,1609507406463500,5006432847,-0.626592,0.632448,0.407968,-2.73875,7.5775,1.98625,-2.552,-5.264,29.752,none,8,3.0,120983.0,303398.0,204950.0,290681.0,215666.0
2026-04-14 18:05:12.853617,730165,1609507406472449,5006441857,-0.70272,0.651968,0.38064,-1.68,7.49,0.88375,-3.608,-4.624,31.144001,none,8,3.0,110889.0,295698.0,192730.0,283514.0,203638.0
2026-04-14 18:05:12.856060,730166,1609507406487045,5006456829,-0.70272,0.651968,0.38064,1.4175,7.21875,-0.0175,-3.608,-4.624,31.144001,none,8,3.0,110889.0,295698.0,192730.0,283514.0,203638.0
2026-04-14 18:05:12.858493,730167,1609507406496003,5006465582,-0.648064,0.636352,0.343552,5.04875,6.34375,-0.8225,-3.216,-4.792,31.328001,none,8,3.0,110889.0,295698.0,192730.0,283514.0,203638.0
2026-04-14 18:05:12.863785,730168,1609507406505015,5006474328,-0.648064,0.636352,0.343552,7.76125,5.36375,-1.23375,-3.216,-4.792,31.328001,none,8,3.0,110889.0,295698.0,192730.0,283514.0,203638.0
2026-04-14 18:05:12.893799,730169,1609507406519533,5006489316,-0.642208,0.657824,0.365024,7.32375,4.2875,-1.14625,-3.408,-5.184,31.296001,none,8,3.0,110889.0,295698.0,192730.0,283514.0,203638.0
2026-04-14 18:05:12.921288,730170,1609507406528596,5006498043,-0.642208,0.657824,0.365024,7.09625,2.66,-1.7675,-3.408,-5.184,31.296001,none,8,3.0,110889.0,295698.0,192730.0,283514.0,203638.0
2026-04-14 18:05:12.921663,730171,1609507406543101,5006512950,-0.681248,0.714432,0.513376,8.68875,1.53125,-2.44125,-3.064,-5.32,31.2,none,8,3.0,110889.0,295698.0,192730.0,283514.0,203638.0
2026-04-14 18:05:12.923556,730172,1609507406552014,5006521656,-0.675392,0.714432,0.441152,11.01625,-0.3325,-3.6575,-3.064,-5.32,31.368002,none,8,3.0,110889.0,295698.0,192730.0,283514.0,203638.0
2026-04-14 18:05:12.927089,730173,1609507406560938,5006530350,-0.675392,0.714432,0.441152,12.8975,-2.17875,-5.0575,-3.152,-5.592001,31.368002,none,8,3.0,110889.0,295698.0,192730.0,283514.0,203638.0
2026-04-14 18:05:12.955115,730184,1609507406575782,5006545461,-0.597312,0.708576,0.503616,14.04375,-4.2175,-6.1075,-3.872,-5.832,31.944002,none,8,3.0,106121.0,291945.0,186783.0,279789.0,197728.0
2026-04-14 18:05:12.957405,730185,1609507406584810,5006554279,-0.597312,0.708576,0.503616,13.5275,-5.8275,-7.21,-3.872,-5.832,31.944002,none,8,3.0,106121.0,291945.0,186783.0,279789.0,197728.0
2026-04-14 18:05:12.960126,730186,1609507406599369,5006569267,-0.583648,0.706624,0.515328,12.34625,-7.32375,-8.30375,-3.048,-6.032,28.416002,none,8,3.0,106121.0,291945.0,186783.0,279789.0,197728.0
2026-04-14 18:05:12.967356,730187,1609507406608330,5006578012,-0.583648,0.706624,0.515328,10.823751,-9.2225,-8.5225,-3.048,-6.032,28.416002,none,8,3.0,106121.0,291945.0,186783.0,279789.0,197728.0
2026-04-14 18:05:12.990186,730188,1609507406622843,5006592992,-0.587552,0.708576,0.505568,10.42125,-10.255,-8.19,-2.8,-6.704001,29.928001,none,8,3.0,106121.0,291945.0,186783.0,279789.0,197728.0
2026-04-14 18:05:12.992549,730189,1609507406631756,5006601812,-0.587552,0.708576,0.505568,9.695,-10.465,-8.6975,-2.8,-6.704001,29.928001,none,8,3.0,106121.0,291945.0,186783.0,279789.0,197728.0
2026-04-14 18:05:13.000245,730190,1609507406640701,5006610507,-0.620736,0.716384,0.482144,9.40625,-10.386251,-8.8025,-2.528,-6.648,30.544,none,8,3.0,106121.0,291945.0,186783.0,279789.0,197728.0
2026-04-14 18:05:13.015413,730191,1609507406655216,5006625422,-0.607072,0.728096,0.540704,9.17875,-10.2725,-7.98,-3.152,-6.864,30.424002,none,8,3.0,106121.0,291945.0,186783.0,279789.0,197728.0
2026-04-14 18:05:13.022425,730192,1609507406664152,5006634149,-0.607072,0.728096,0.540704,8.61,-9.75625,-7.9625,-3.152,-6.864,30.424002,none,8,3.0,106121.0,291945.0,186783.0,279789.0,197728.0
2026-04-14 18:05:13.080126,730203,1609507406678771,5006647174,-0.587552,0.737856,0.493856,8.8025,-8.8725,-7.9275,-3.432,-7.008,31.264002,none,8,3.0,94617.0,286954.0,172718.0,275253.0,183248.0
2026-04-14 18:05:13.082597,730204,1609507406687999,5006657954,-0.587552,0.737856,0.493856,8.21625,-7.665,-7.06125,-3.432,-7.008,31.264002,none,8,3.0,94617.0,286954.0,172718.0,275253.0,183248.0
2026-04-14 18:05:13.085093,730205,1609507406696992,5006666660,-0.669536,0.776896,0.431392,7.14875,-6.755,-6.79875,-4.048,-6.896,31.2,none,8,3.0,94617.0,286954.0,172718.0,275253.0,183248.0
2026-04-14 18:05:13.092570,730206,1609507406711520,5006681590,-0.669536,0.776896,0.431392,6.4225,-6.34375,-5.74875,-4.048,-6.896,31.2,none,8,3.0,94617.0,286954.0,172718.0,275253.0,183248.0
2026-04-14 18:05:13.095133,730207,1609507406720513,5006690299,-0.59536,0.737856,0.392352,4.83,-5.4775,-4.41875,-3.864,-7.128,32.352,none,8,3.0,94617.0,286954.0,172718.0,275253.0,183248.0
2026-04-14 18:05:13.097600,730208,1609507406735071,5006705193,-0.603168,0.755424,0.552416,2.905,-4.19125,-4.7425,-3.744,-7.072001,31.104002,none,8,3.0,94617.0,286954.0,172718.0,275253.0,183248.0
2026-04-14 18:05:13.103886,730209,1609507406744009,5006713906,-0.603168,0.755424,0.552416,2.17,-3.185,-4.5325,-3.744,-7.072001,31.104002,none,8,3.0,94617.0,286954.0,172718.0,275253.0,183248.0
2026-04-14 18:05:13.118607,730210,1609507406758697,5006728901,-0.60512,0.72224,0.366976,1.56625,-2.96625,-3.745,-3.12,-7.6,29.672,none,8,3.0,94617.0,286954.0,172718.0,275253.0,183248.0
2026-04-14 18:05:13.127542,730211,1609507406767809,5006737597,-0.60512,0.72224,0.366976,1.33875,-2.905,-4.08625,-3.12,-7.6,29.672,none,8,3.0,94617.0,286954.0,172718.0,275253.0,183248.0
2026-04-14 18:05:13.155061,730222,1609507406777041,5006746421,-0.66368,0.774944,0.3904,3.255,-2.3975,-4.26125,-3.896,-7.328001,31.016,none,8,3.0,92595.0,284675.0,170395.0,273222.0,180791.0
2026-04-14 18:05:13.157576,730223,1609507406791637,5006761425,-0.66368,0.774944,0.3904,4.45375,-2.03875,-4.48875,-3.896,-7.328001,31.016,none,8,3.0,92595.0,284675.0,170395.0,273222.0,180791.0
2026-04-14 18:05:13.160126,730224,1609507406800627,5006770189,-0.610976,0.755424,0.337696,4.2175,-1.5225,-5.18,-5.008,-7.224001,32.824,none,8,3.0,92595.0,284675.0,170395.0,273222.0,180791.0
2026-04-14 18:05:13.176369,730225,1609507406815181,5006785187,-0.626592,0.786656,0.530944,2.8175,-1.3475,-5.39,-3.224,-7.904,29.424002,none,8,3.0,92595.0,284675.0,170395.0,273222.0,180791.0
2026-04-14 18:05:13.183660,730226,1609507406824090,5006793881,-0.626592,0.786656,0.530944,0.6475,-1.015,-5.48625,-3.224,-7.904,29.424002,none,8,3.0,92595.0,284675.0,170395.0,273222.0,180791.0
2026-04-14 18:05:13.193855,730227,1609507406833036,5006802596,-0.626592,0.786656,0.530944,-1.09375,-0.74375,-5.76625,-3.224,-7.904,29.424002,none,8,3.0,92595.0,284675.0,170395.0,273222.0,180791.0
2026-04-14 18:05:13.208327,730228,1609507406847542,5006817502,-0.642208,0.728096,0.335744,-2.3625,-0.0875,-6.09875,-3.024,-7.728,29.984001,none,8,3.0,92595.0,284675.0,170395.0,273222.0,180791.0
2026-04-14 18:05:13.216093,730229,1609507406856501,5006826190,-0.626592,0.70272,0.324032,-2.02125,0.91,-5.95875,-3.096,-7.872,30.376001,none,8,3.0,92595.0,284675.0,170395.0,273222.0,180791.0
2026-04-14 18:05:13.232552,730230,1609507406871036,5006841064,-0.626592,0.70272,0.324032,-0.53375,2.47625,-5.6525,-3.096,-7.872,30.376001,none,8,3.0,92595.0,284675.0,170395.0,273222.0,180791.0
2026-04-14 18:05:13.305281,730241,1609507406880164,5006849877,-0.667584,0.720288,0.304512,0.84,4.40125,-5.845,-3.2,-7.784,29.920002,none,8,3.0,96662.0,286016.0,175537.0,274638.0,186077.0
2026-04-14 18:05:13.311551,730242,1609507406894659,5006864840,-0.648064,0.728096,0.300608,1.8725,5.3725,-5.7925,-4.064,-7.520001,29.872002,none,8,3.0,96662.0,286016.0,175537.0,274638.0,186077.0
2026-04-14 18:05:13.314064,730243,1609507406903586,5006873557,-0.648064,0.728096,0.300608,3.2375,6.72875,-4.94375,-4.064,-7.520001,29.872002,none,8,3.0,96662.0,286016.0,175537.0,274638.0,186077.0
2026-04-14 18:05:13.316484,730244,1609507406912520,5006882234,-0.648064,0.728096,0.300608,2.65125,7.805,-4.3575,-4.064,-7.520001,29.872002,none,8,3.0,96662.0,286016.0,175537.0,274638.0,186077.0
2026-04-14 18:05:13.319071,730245,1609507406927037,5006897125,-0.626592,0.710528,0.33184,1.09375,7.98875,-4.38375,-3.488,-8.064,29.032001,none,8,3.0,96662.0,286016.0,175537.0,274638.0,186077.0
2026-04-14 18:05:13.321580,730246,1609507406935975,5006905838,-0.589504,0.710528,0.523136,-0.70875,8.785,-4.235,-2.808,-7.848001,31.008001,none,8,3.0,96662.0,286016.0,175537.0,274638.0,186077.0
2026-04-14 18:05:13.324108,730247,1609507406950623,5006920872,-0.589504,0.710528,0.523136,-1.11125,8.98625,-3.4125,-2.808,-7.848001,31.008001,none,8,3.0,96662.0,286016.0,175537.0,274638.0,186077.0
2026-04-14 18:05:13.326115,730248,1609507406959557,5006929586,-0.607072,0.724192,0.511424,-0.0525,8.9425,-2.56375,-2.744,-8.064,30.168001,none,8,3.0,96662.0,286016.0,175537.0,274638.0,186077.0
2026-04-14 18:05:13.357953,730259,1609507406974237,5006944600,-0.607072,0.724192,0.402112,1.14625,8.9775,-2.16125,-2.744,-8.064,30.168001,none,8,3.0,104050.0,289262.0,184622.0,277705.0,195563.0
2026-04-14 18:05:13.360050,730260,1609507406983299,5006953409,-0.603168,0.71248,0.402112,1.51375,8.49625,-1.39125,-3.88,-7.464,30.960001,none,8,3.0,104050.0,289262.0,184622.0,277705.0,195563.0
2026-04-14 18:05:13.362678,730261,1609507406992312,5006962100,-0.603168,0.71248,0.402112,1.86375,8.1025,-0.60375,-3.88,-7.464,30.960001,none,8,3.0,104050.0,289262.0,184622.0,277705.0,195563.0
2026-04-14 18:05:13.367891,730262,1609507407006849,5006977041,-0.628544,0.730048,0.474336,0.70875,7.175,-0.23625,-2.616,-7.632,30.232002,none,8,3.0,104050.0,289262.0,184622.0,277705.0,195563.0
2026-04-14 18:05:13.375099,730263,1609507407015793,5006985768,-0.628544,0.694912,0.316224,-0.51625,6.09875,-0.14875,-2.008,-7.992001,29.712002,none,8,3.0,104050.0,289262.0,184622.0,277705.0,195563.0
2026-04-14 18:05:13.392132,730264,1609507407030336,5007000639,-0.628544,0.694912,0.316224,-0.79625,4.725,-0.2975,-2.008,-7.992001,29.712002,none,8,3.0,104050.0,289262.0,184622.0,277705.0,195563.0
2026-04-14 18:05:13.398578,730265,1609507407039239,5007009334,-0.640256,0.739808,0.513376,-1.1375,3.675,-0.74375,-2.344,-7.736001,30.296001,none,8,3.0,104050.0,289262.0,184622.0,277705.0,195563.0
2026-04-14 18:05:13.407283,730266,1609507407048271,5007018024,-0.640256,0.739808,0.513376,-0.21,3.10625,-1.61875,-2.344,-7.736001,30.296001,none,8,3.0,104050.0,289262.0,184622.0,277705.0,195563.0
2026-04-14 18:05:13.421605,730267,1609507407062809,5007032944,-0.72224,0.755424,0.357216,0.76125,2.3275,-2.6775,-2.384,-7.952,30.912,none,8,3.0,104050.0,289262.0,184622.0,277705.0,195563.0
2026-04-14 18:05:13.432872,730268,1609507407071769,5007041646,-0.72224,0.755424,0.357216,1.53125,1.26875,-3.6925,-2.384,-7.952,30.912,none,8,3.0,104050.0,289262.0,184622.0,277705.0,195563.0
2026-04-14 18:05:13.460420,730279,1609507407086359,5007056616,-0.655872,0.749568,0.493856,1.785,0.18375,-4.89125,-2.992,-7.792,31.176,none,8,3.0,102812.0,288180.0,183108.0,276419.0,193814.0
2026-04-14 18:05:13.462913,730280,1609507407095292,5007065354,-0.718336,0.714432,0.25376,1.575,-0.35,-5.22375,-2.992,-7.792,31.104002,none,8,3.0,102812.0,288180.0,183108.0,276419.0,193814.0
2026-04-14 18:05:13.466725,730281,1609507407109840,5007078279,-0.710528,0.714432,0.25376,1.155,-0.595,-5.94125,-2.856,-7.792,31.104002,none,8,3.0,102812.0,288180.0,183108.0,276419.0,193814.0
2026-04-14 18:05:13.477915,730282,1609507407119127,5007089035,-0.607072,0.694912,0.417728,0.77,-1.12,-5.88,-1.744,-8.256001,30.088001,none,8,3.0,102812.0,288180.0,183108.0,276419.0,193814.0
2026-04-14 18:05:13.487473,730283,1609507407128163,5007097733,-0.607072,0.694912,0.417728,1.14625,-0.84875,-6.2475,-1.744,-8.256001,30.088001,none,8,3.0,102812.0,288180.0,183108.0,276419.0,193814.0
2026-04-14 18:05:13.504036,730284,1609507407142689,5007112624,-0.716384,0.74176,0.353312,2.0475,-0.77,-6.615,-3.16,-8.08,31.224,none,8,3.0,102812.0,288180.0,183108.0,276419.0,193814.0
2026-04-14 18:05:13.510233,730285,1609507407151795,5007121358,-0.716384,0.74176,0.353312,2.66875,-0.18375,-7.35875,-3.16,-8.08,31.224,none,8,3.0,102812.0,288180.0,183108.0,276419.0,193814.0
2026-04-14 18:05:13.526194,730286,1609507407166303,5007136286,-0.714432,0.735904,0.28304,3.0625,0.14,-7.6475,-2.256,-8.088,31.128002,none,8,3.0,102812.0,288180.0,183108.0,276419.0,193814.0
2026-04-14 18:05:13.557500,730297,1609507407175334,5007145000,-0.714432,0.735904,0.28304,3.08875,0.7525,-7.62125,-2.256,-8.088,31.128002,none,8,3.0,102878.0,288469.0,183192.0,276573.0,194027.0
2026-04-14 18:05:13.560454,730298,1609507407184298,5007153825,-0.599264,0.706624,0.415776,2.07375,1.085,-6.92125,-2.312,-8.336,30.104002,none,8,3.0,102878.0,288469.0,183192.0,276573.0,194027.0
2026-04-14 18:05:13.562414,730299,1609507407198911,5007168826,-0.622688,0.72224,0.464576,0.97125,1.81125,-5.9675,-3.312,-7.624001,31.288002,none,8,3.0,102878.0,288469.0,183192.0,276573.0,194027.0
2026-04-14 18:05:13.567909,730300,1609507407208020,5007177640,-0.622688,0.72224,0.464576,-0.35875,3.14125,-5.46875,-3.312,-7.624001,31.288002,none,8,3.0,102878.0,288469.0,183192.0,276573.0,194027.0
2026-04-14 18:05:13.588168,730301,1609507407222729,5007192568,-0.61488,0.69296,0.366976,-0.4725,3.84125,-5.39875,-2.52,-8.008,31.344002,none,8,3.0,102878.0,288469.0,183192.0,276573.0,194027.0
2026-04-14 18:05:13.589939,730302,1609507407231782,5007201292,-0.61488,0.69296,0.366976,0.13125,4.62875,-5.145,-2.52,-8.008,31.344002,none,8,3.0,102878.0,288469.0,183192.0,276573.0,194027.0
2026-04-14 18:05:13.600018,730303,1609507407240715,5007210039,-0.603168,0.724192,0.474336,0.27125,4.8125,-4.75125,-1.736,-8.464001,30.032001,none,8,3.0,102878.0,288469.0,183192.0,276573.0,194027.0
2026-04-14 18:05:13.628832,730304,1609507407255177,5007224952,-0.603168,0.724192,0.474336,0.49875,5.3025,-4.27875,-1.736,-8.464001,30.032001,none,8,3.0,102878.0,288469.0,183192.0,276573.0,194027.0
2026-04-14 18:05:13.631373,730305,1609507407264063,5007233630,-0.638304,0.75152,0.50752,0.91,5.36375,-4.7425,-1.952,-7.984,31.832,none,8,3.0,102878.0,288469.0,183192.0,276573.0,194027.0
2026-04-14 18:05:13.681032,730316,1609507407279091,5007248594,-0.616832,0.733952,0.484096,1.19,5.24125,-5.0225,-2.464,-7.952,31.224,none,8,3.0,109415.0,291672.0,190959.0,279415.0,202120.0
2026-04-14 18:05:13.708533,730317,1609507407288200,5007257336,-0.616832,0.733952,0.484096,1.26,5.85375,-5.1625,-2.464,-7.952,31.224,none,8,3.0,109415.0,291672.0,190959.0,279415.0,202120.0
2026-04-14 18:05:13.711217,730318,1609507407297129,5007266012,-0.630496,0.724192,0.3904,1.65375,5.39875,-4.99625,-2.432,-8.328,30.832,none,8,3.0,109415.0,291672.0,190959.0,279415.0,202120.0
2026-04-14 18:05:13.716352,730319,1609507407311666,5007280904,-0.630496,0.724192,0.3904,1.98625,5.18875,-5.18875,-2.432,-8.328,30.832,none,8,3.0,109415.0,291672.0,190959.0,279415.0,202120.0
2026-04-14 18:05:13.718825,730320,1609507407320801,5007289658,-0.700768,0.733952,0.267424,2.59,4.9175,-5.83625,-2.824,-8.512,31.28,none,8,3.0,109415.0,291672.0,190959.0,279415.0,202120.0
2026-04-14 18:05:13.721231,730321,1609507407335310,5007304606,-0.700768,0.733952,0.267424,2.765,4.59375,-6.06375,-2.824,-8.512,31.28,none,8,3.0,109415.0,291672.0,190959.0,279415.0,202120.0
2026-04-14 18:05:13.723844,730322,1609507407344213,5007313286,-0.646112,0.71248,0.2928,1.98625,4.2175,-6.37,-2.448,-8.256001,29.984001,none,8,3.0,109415.0,291672.0,190959.0,279415.0,202120.0
2026-04-14 18:05:13.726367,730323,1609507407358966,5007328241,-0.681248,0.720288,0.238144,2.21375,3.9025,-6.60625,-2.76,-8.088,32.216003,none,8,3.0,109415.0,291672.0,190959.0,279415.0,202120.0
2026-04-14 18:05:13.728849,730324,1609507407367903,5007336974,-0.681248,0.720288,0.238144,2.2575,3.2375,-7.245,-2.76,-8.088,32.216003,none,8,3.0,109415.0,291672.0,190959.0,279415.0,202120.0
2026-04-14 18:05:13.762871,730335,1609507407377585,5007347763,-0.681248,0.720288,0.472384,2.5725,3.36875,-7.6125,-2.76,-8.088,32.216003,none,8,3.0,113658.0,293576.0,196001.0,281111.0,207179.0
2026-04-14 18:05:13.763356,730336,1609507407392316,5007360684,-0.66368,0.757376,0.472384,1.70625,3.0275,-8.05875,-2.984,-8.032001,31.416002,none,8,3.0,113658.0,293576.0,196001.0,281111.0,207179.0
2026-04-14 18:05:13.764874,730337,1609507407401760,5007371483,-0.70272,0.724192,0.247904,0.7,2.9925,-7.84,-1.104,-8.864,30.000002,none,8,3.0,113658.0,293576.0,196001.0,281111.0,207179.0
2026-04-14 18:05:13.772019,730338,1609507407410784,5007380235,-0.70272,0.724192,0.247904,-0.09625,3.395,-8.2775,-1.104,-8.864,30.000002,none,8,3.0,113658.0,293576.0,196001.0,281111.0,207179.0
2026-04-14 18:05:13.785027,730339,1609507407425323,5007395141,-0.691008,0.714432,0.265472,-0.56,3.54375,-8.0325,-1.048,-8.664001,30.016,none,8,3.0,113658.0,293576.0,196001.0,281111.0,207179.0
2026-04-14 18:05:13.793629,730340,1609507407434295,5007403944,-0.691008,0.714432,0.265472,-0.91875,4.2,-7.98,-1.048,-8.664001,30.016,none,8,3.0,113658.0,293576.0,196001.0,281111.0,207179.0
2026-04-14 18:05:13.807379,730341,1609507407448886,5007418864,-0.665632,0.708576,0.290848,-0.49875,4.515,-8.0325,-1.376,-8.904,31.152002,none,8,3.0,113658.0,293576.0,196001.0,281111.0,207179.0
2026-04-14 18:05:13.820382,730342,1609507407457833,5007427572,-0.626592,0.72224,0.456768,0.72625,3.9375,-8.2425,-1.376,-8.904,32.592003,none,8,3.0,113658.0,293576.0,196001.0,281111.0,207179.0
2026-04-14 18:05:13.826188,730343,1609507407466781,5007436269,-0.626592,0.72224,0.456768,1.51375,3.7275,-8.015,-2.0,-8.736,32.592003,none,8,3.0,113658.0,293576.0,196001.0,281111.0,207179.0
2026-04-14 18:05:13.862138,730354,1609507407481417,5007451718,-0.628544,0.718336,0.398208,1.96,4.24375,-7.4725,-2.072,-9.016001,30.520002,none,8,3.0,114639.0,294785.0,197075.0,282284.0,208227.0
2026-04-14 18:05:13.862488,730355,1609507407490412,5007460482,-0.628544,0.718336,0.398208,1.81125,4.445,-7.175,-2.072,-9.016001,30.520002,none,8,3.0,114639.0,294785.0,197075.0,282284.0,208227.0
2026-04-14 18:05:13.863581,730356,1609507407504934,5007473349,-0.632448,0.714432,0.407968,1.33875,4.73375,-7.3675,-1.152,-8.784,30.384,none,8,3.0,114639.0,294785.0,197075.0,282284.0,208227.0
2026-04-14 18:05:13.874813,730357,1609507407514196,5007484108,-0.632448,0.714432,0.407968,0.28,4.8475,-7.5075,-1.152,-8.784,30.384,none,8,3.0,114639.0,294785.0,197075.0,282284.0,208227.0
2026-04-14 18:05:13.887750,730358,1609507407528844,5007499206,-0.681248,0.747616,0.47824,0.32375,5.0925,-7.1925,-0.936,-8.736,30.352001,none,8,3.0,114639.0,294785.0,197075.0,282284.0,208227.0
2026-04-14 18:05:13.897846,730359,1609507407537780,5007507911,-0.681248,0.747616,0.407968,0.14,5.18875,-7.28875,-0.936,-8.736,30.352001,none,8,3.0,114639.0,294785.0,197075.0,282284.0,208227.0
2026-04-14 18:05:13.906597,730360,1609507407546762,5007516598,-0.6832,0.735904,0.407968,0.77,5.25875,-7.1575,-0.832,-8.384001,29.368002,none,8,3.0,114639.0,294785.0,197075.0,282284.0,208227.0
2026-04-14 18:05:13.922871,730361,1609507407561312,5007531614,-0.679296,0.747616,0.476288,0.83125,5.5125,-7.1225,-0.48,-9.120001,30.216002,none,8,3.0,114639.0,294785.0,197075.0,282284.0,208227.0
2026-04-14 18:05:13.929126,730362,1609507407570235,5007540312,-0.679296,0.747616,0.476288,0.55125,5.81,-6.9825,-0.48,-9.120001,30.216002,none,8,3.0,114639.0,294785.0,197075.0,282284.0,208227.0
2026-04-14 18:05:13.960217,730373,1609507407584894,5007553294,-0.675392,0.71248,0.300608,0.42,5.97625,-6.83375,-0.504,-9.312,30.384,none,8,3.0,118253.0,296696.0,201378.0,284142.0,212575.0
2026-04-14 18:05:13.962644,730374,1609507407594169,5007564155,-0.675392,0.71248,0.300608,0.06125,5.74875,-6.78125,-0.504,-9.312,30.384,none,8,3.0,118253.0,296696.0,201378.0,284142.0,212575.0
2026-04-14 18:05:13.965261,730375,1609507407603122,5007572848,-0.677344,0.743712,0.464576,-0.04375,5.985,-6.69375,-2.072,-8.848001,31.632002,none,8,3.0,118253.0,296696.0,201378.0,284142.0,212575.0
2026-04-14 18:05:13.996653,730376,1609507407617632,5007587819,-0.677344,0.743712,0.464576,-0.07,5.71375,-6.3,-2.072,-8.848001,31.632002,none,8,3.0,118253.0,296696.0,201378.0,284142.0,212575.0
2026-04-14 18:05:13.999039,730377,1609507407626540,5007596497,-0.665632,0.732,0.447008,-0.63,6.04625,-5.88875,-0.208,-8.888001,32.84,none,8,3.0,118253.0,296696.0,201378.0,284142.0,212575.0
2026-04-14 18:05:14.001667,730378,1609507407641025,5007609498,-0.675392,0.728096,0.423584,-0.595,6.15125,-5.92375,-0.288,-9.208,31.128002,none,8,3.0,118253.0,296696.0,201378.0,284142.0,212575.0
2026-04-14 18:05:14.030391,730379,1609507407650366,5007620272,-0.675392,0.728096,0.423584,-1.05,6.08125,-5.775,-0.288,-9.208,31.128002,none,8,3.0,118253.0,296696.0,201378.0,284142.0,212575.0
2026-04-14 18:05:14.032918,730380,1609507407659354,5007629001,-0.726144,0.757376,0.417728,-0.7175,6.335,-6.09875,-1.184,-9.096001,30.896002,none,8,3.0,118253.0,296696.0,201378.0,284142.0,212575.0
2026-04-14 18:05:14.035350,730381,1609507407673833,5007643881,-0.726144,0.757376,0.417728,-0.91875,6.2475,-7.44625,-1.184,-9.096001,30.896002,none,8,3.0,118253.0,296696.0,201378.0,284142.0,212575.0
2026-04-14 18:05:14.085386,730392,1609507407683112,5007652825,-0.675392,0.737856,0.435296,-0.7,6.04625,-7.42875,-0.592,-8.896001,30.584002,none,8,3.0,122995.0,298562.0,207017.0,285853.0,218207.0
2026-04-14 18:05:14.087884,730393,1609507407697594,5007667760,-0.675392,0.737856,0.435296,-1.5225,6.16,-6.92125,-0.592,-8.896001,30.584002,none,8,3.0,122995.0,298562.0,207017.0,285853.0,218207.0
2026-04-14 18:05:14.090391,730394,1609507407706523,5007676463,-0.657824,0.710528,0.345504,-2.2925,6.13375,-6.825,0.08,-8.984,31.144001,none,8,3.0,122995.0,298562.0,207017.0,285853.0,218207.0
2026-04-14 18:05:14.092891,730395,1609507407721193,5007691532,-0.648064,0.718336,0.431392,-3.395,6.51875,-6.9825,0.296,-8.976001,32.536003,none,8,3.0,122995.0,298562.0,207017.0,285853.0,218207.0
2026-04-14 18:05:14.094980,730396,1609507407730187,5007700263,-0.648064,0.718336,0.431392,-4.1825,6.65875,-6.965,0.296,-8.976001,32.536003,none,8,3.0,122995.0,298562.0,207017.0,285853.0,218207.0
2026-04-14 18:05:14.097534,730397,1609507407739248,5007709016,-0.648064,0.687104,0.28304,-4.97,6.71125,-7.91,0.296,-8.976001,32.536003,none,8,3.0,122995.0,298562.0,207017.0,285853.0,218207.0
2026-04-14 18:05:14.114160,730398,1609507407753901,5007723974,-0.704672,0.69296,0.28304,-6.97375,7.8225,-10.115,0.056,-8.688001,30.616001,none,8,3.0,122995.0,298562.0,207017.0,285853.0,218207.0
2026-04-14 18:05:14.122914,730399,1609507407762842,5007732672,-0.743712,0.706624,0.201056,-5.74875,6.0375,-7.56,-0.8,-8.64,31.320002,none,8,3.0,122995.0,298562.0,207017.0,285853.0,218207.0
2026-04-14 18:05:14.161551,730410,1609507407777341,5007747601,-0.743712,0.706624,0.201056,-5.145,6.2825,-6.1425,-0.8,-8.64,31.320002,none,8,3.0,127049.0,300267.0,211689.0,287296.0,222813.0
2026-04-14 18:05:14.164058,730411,1609507407786306,5007756518,-0.757376,0.735904,0.314272,-4.40125,6.55375,-5.8275,-0.608,-8.808001,30.624,none,8,3.0,127049.0,300267.0,211689.0,287296.0,222813.0
2026-04-14 18:05:14.166570,730412,1609507407795340,5007765223,-0.757376,0.735904,0.314272,-3.78875,6.755,-5.4425,-0.608,-8.808001,30.624,none,8,3.0,127049.0,300267.0,211689.0,287296.0,222813.0
2026-04-14 18:05:14.170282,730413,1609507407809986,5007780213,-0.675392,0.728096,0.462624,-4.13875,6.9125,-4.7425,-0.784,-8.456,31.912,none,8,3.0,127049.0,300267.0,211689.0,287296.0,222813.0
2026-04-14 18:05:14.177503,730414,1609507407818978,5007788950,-0.675392,0.728096,0.462624,-4.97,7.21875,-4.54125,-0.784,-8.456,31.912,none,8,3.0,127049.0,300267.0,211689.0,287296.0,222813.0
2026-04-14 18:05:14.192889,730415,1609507407833497,5007801907,-0.772992,0.735904,0.265472,-5.27625,7.3675,-4.17375,0.336,-8.576,30.184002,none,8,3.0,127049.0,300267.0,211689.0,287296.0,222813.0
2026-04-14 18:05:14.203780,730416,1609507407842729,5007812663,-0.691008,0.71248,0.404064,-6.02,7.55125,-3.64875,0.728,-8.328,31.624,none,8,3.0,127049.0,300267.0,211689.0,287296.0,222813.0
2026-04-14 18:05:14.211697,730417,1609507407851647,5007821352,-0.691008,0.71248,0.404064,-5.83625,7.84,-3.5,0.728,-8.328,31.624,none,8,3.0,127049.0,300267.0,211689.0,287296.0,222813.0
2026-04-14 18:05:14.225058,730418,1609507407866196,5007836302,-0.675392,0.70272,0.427488,-5.22375,7.8225,-3.115,0.04,-7.920001,31.208002,none,8,3.0,127049.0,300267.0,211689.0,287296.0,222813.0
2026-04-14 18:05:14.237001,730419,1609507407875232,5007844995,-0.675392,0.70272,0.427488,-5.0575,7.98875,-2.6075,0.04,-7.920001,31.208002,none,8,3.0,127049.0,300267.0,211689.0,287296.0,222813.0
2026-04-14 18:05:14.262175,730430,1609507407889857,5007860203,-0.671488,0.696864,0.417728,-5.285,8.2775,-2.485,0.088,-8.432,30.616001,none,8,3.0,132740.0,301613.0,218252.0,288479.0,229185.0
2026-04-14 18:05:14.264922,730431,1609507407898850,5007868927,-0.671488,0.696864,0.417728,-5.18875,8.75875,-3.17625,0.088,-8.432,30.616001,none,8,3.0,132740.0,301613.0,218252.0,288479.0,229185.0
2026-04-14 18:05:14.272760,730432,1609507407913485,5007881892,-0.75152,0.730048,0.404064,-5.705,8.645,-3.21125,0.376,-7.744,29.864002,none,8,3.0,132740.0,301613.0,218252.0,288479.0,229185.0
2026-04-14 18:05:14.283977,730433,1609507407922872,5007892645,-0.6832,0.671488,0.324032,-5.88,8.6625,-2.89625,0.416,-8.008,31.768002,none,8,3.0,132740.0,301613.0,218252.0,288479.0,229185.0
2026-04-14 18:05:14.290263,730434,1609507407931900,5007901401,-0.6832,0.671488,0.324032,-6.13375,8.715,-2.14375,0.416,-8.008,31.768002,none,8,3.0,132740.0,301613.0,218252.0,288479.0,229185.0
2026-04-14 18:05:14.306658,730435,1609507407946404,5007916444,-0.677344,0.6832,0.363072,-5.95,9.3275,-1.49625,1.048,-8.456,31.704002,none,8,3.0,132740.0,301613.0,218252.0,288479.0,229185.0
2026-04-14 18:05:14.313647,730436,1609507407955335,5007925152,-0.677344,0.6832,0.363072,-6.37,8.7325,-2.7475,1.048,-8.456,31.704002,none,8,3.0,132740.0,301613.0,218252.0,288479.0,229185.0
2026-04-14 18:05:14.352845,730437,1609507407969812,5007940095,-0.769088,0.724192,0.363072,-6.895,8.16375,-2.91375,0.648,-7.928001,30.304,none,8,3.0,132740.0,301613.0,218252.0,288479.0,229185.0
2026-04-14 18:05:14.424080,730448,1609507407978738,5007948844,-0.769088,0.724192,0.363072,-6.9825,7.70875,-3.185,0.648,-7.928001,30.304,none,8,3.0,130193.0,302716.0,215004.0,289639.0,225899.0
2026-04-14 18:05:14.424896,730449,1609507407987673,5007957607,-0.681248,0.671488,0.363072,-6.16875,6.8775,-3.54375,-0.128,-7.736001,31.448002,none,8,3.0,130193.0,302716.0,215004.0,289639.0,225899.0
2026-04-14 18:05:14.427245,730450,1609507408002211,5007972575,-0.691008,0.687104,0.402112,-5.67,5.985,-3.43,0.864,-7.816001,31.088001,none,8,3.0,130193.0,302716.0,215004.0,289639.0,225899.0
2026-04-14 18:05:14.431059,730451,1609507408011160,5007981253,-0.691008,0.687104,0.402112,-4.62,5.705,-3.40375,0.864,-7.816001,31.088001,none,8,3.0,130193.0,302716.0,215004.0,289639.0,225899.0
2026-04-14 18:05:14.433025,730452,1609507408025690,5007994125,-0.772992,0.72224,0.349408,-3.6925,5.215,-3.7625,0.512,-7.776001,31.640001,none,8,3.0,130193.0,302716.0,215004.0,289639.0,225899.0
2026-04-14 18:05:14.435961,730453,1609507408034963,5008004890,-0.772992,0.72224,0.349408,-2.73,4.7075,-3.9025,0.512,-7.776001,31.640001,none,8,3.0,130193.0,302716.0,215004.0,289639.0,225899.0
2026-04-14 18:05:14.441607,730454,1609507408049432,5008019787,-0.681248,0.696864,0.431392,-1.8725,4.01625,-3.98125,0.68,-7.664001,31.560001,none,8,3.0,130193.0,302716.0,215004.0,289639.0,225899.0
2026-04-14 18:05:14.444171,730455,1609507408058375,5008028488,-0.681248,0.696864,0.431392,-1.8025,3.325,-4.1475,0.68,-7.664001,31.560001,none,8,3.0,130193.0,302716.0,215004.0,289639.0,225899.0
2026-04-14 18:05:14.445769,730456,1609507408067558,5008037214,-0.69296,0.67344,0.31232,-2.37125,2.52875,-3.89375,0.88,-7.808001,31.536001,none,8,3.0,130193.0,302716.0,215004.0,289639.0,225899.0
2026-04-14 18:05:14.472853,730467,1609507408082530,5008052221,-0.732,0.714432,0.427488,-2.49375,2.30125,-3.80625,1.584,-8.216001,29.912,none,8,3.0,125449.0,303410.0,209178.0,290452.0,220116.0
2026-04-14 18:05:14.474901,730468,1609507408091807,5008060934,-0.732,0.714432,0.427488,-1.67125,1.7325,-3.70125,1.584,-8.216001,29.912,none,8,3.0,125449.0,303410.0,209178.0,290452.0,220116.0
2026-04-14 18:05:14.477562,730469,1609507408100960,5008069704,-0.732,0.714432,0.427488,0.14,1.14625,-3.7275,1.584,-8.216001,29.912,none,8,3.0,125449.0,303410.0,209178.0,290452.0,220116.0
2026-04-14 18:05:14.480349,730470,1609507408115939,5008084663,-0.718336,0.671488,0.220576,1.02375,0.385,-3.70125,1.88,-8.168,29.928001,none,8,3.0,125449.0,303410.0,209178.0,290452.0,220116.0
2026-04-14 18:05:14.485084,730471,1609507408125286,5008095422,-0.77104,0.720288,0.30256,1.54,-0.8225,-3.24625,1.568,-8.216001,30.672,none,8,3.0,125449.0,303410.0,209178.0,290452.0,220116.0
2026-04-14 18:05:14.496611,730472,1609507408139848,5008108283,-0.77104,0.720288,0.30256,1.91625,-1.63625,-3.2375,1.568,-8.216001,30.672,none,8,3.0,125449.0,303410.0,209178.0,290452.0,220116.0
2026-04-14 18:05:14.507912,730473,1609507408149107,5008119032,-0.767136,0.733952,0.349408,2.1175,-2.02125,-3.75375,1.12,-7.920001,32.032,none,8,3.0,125449.0,303410.0,209178.0,290452.0,220116.0
2026-04-14 18:05:14.518721,730474,1609507408158052,5008127726,-0.767136,0.733952,0.349408,2.26625,-2.47625,-3.3075,1.12,-7.920001,32.032,none,8,3.0,125449.0,303410.0,209178.0,290452.0,220116.0
2026-04-14 18:05:14.539276,730475,1609507408172572,5008142660,-0.724192,0.726144,0.42944,1.49625,-2.77375,-3.29,0.816,-8.232,30.792002,none,8,3.0,125449.0,303410.0,209178.0,290452.0,220116.0
2026-04-14 18:05:14.566619,730486,1609507408182073,5008151469,-0.724192,0.726144,0.42944,1.25125,-2.61625,-3.08875,0.816,-8.232,30.792002,none,8,3.0,121350.0,302097.0,204309.0,289241.0,215440.0
2026-04-14 18:05:14.569100,730487,1609507408191082,5008160327,-0.763232,0.70272,0.228384,1.33,-2.5725,-2.9225,1.48,-8.432,30.368002,none,8,3.0,121350.0,302097.0,204309.0,289241.0,215440.0
2026-04-14 18:05:14.571636,730488,1609507408205743,5008175298,-0.704672,0.718336,0.443104,0.27125,-2.30125,-2.68625,1.024,-8.096001,31.864002,none,8,3.0,121350.0,302097.0,204309.0,289241.0,215440.0
2026-04-14 18:05:14.574051,730489,1609507408214862,5008184040,-0.704672,0.718336,0.443104,-0.46375,-1.6625,-2.51125,1.024,-8.096001,31.864002,none,8,3.0,121350.0,302097.0,204309.0,289241.0,215440.0
2026-04-14 18:05:14.587892,730490,1609507408229358,5008199012,-0.735904,0.737856,0.437248,-0.58625,-1.435,-2.35375,1.016,-8.048,31.784002,none,8,3.0,121350.0,302097.0,204309.0,289241.0,215440.0
2026-04-14 18:05:14.597919,730491,1609507408238319,5008207744,-0.735904,0.737856,0.437248,-0.9625,-1.54875,-2.3975,1.016,-8.048,31.784002,none,8,3.0,121350.0,302097.0,204309.0,289241.0,215440.0
2026-04-14 18:05:14.611822,730492,1609507408252877,5008222652,-0.739808,0.739808,0.41968,-0.7175,-0.95375,-2.17875,1.776,-8.08,31.856,none,8,3.0,121350.0,302097.0,204309.0,289241.0,215440.0
2026-04-14 18:05:14.622779,730493,1609507408261825,5008231363,-0.739808,0.739808,0.41968,-1.54,-0.65625,-1.9075,1.776,-8.08,31.856,none,8,3.0,121350.0,302097.0,204309.0,289241.0,215440.0
2026-04-14 18:05:14.631115,730494,1609507408270768,5008240075,-0.77104,0.735904,0.35136,-2.68625,-0.805,-1.56625,0.864,-8.184,30.680002,none,8,3.0,121350.0,302097.0,204309.0,289241.0,215440.0
2026-04-14 18:05:14.667497,730505,1609507408285470,5008255144,-0.696864,0.6832,0.288896,-2.63375,-0.60375,-1.4525,1.568,-8.304001,30.376001,none,8,3.0,122715.0,301824.0,205946.0,289027.0,217104.0
2026-04-14 18:05:14.670389,730506,1609507408294529,5008263952,-0.696864,0.6832,0.288896,-2.17875,-0.735,-0.81375,1.568,-8.304001,30.376001,none,8,3.0,122715.0,301824.0,205946.0,289027.0,217104.0
2026-04-14 18:05:14.672329,730507,1609507408309054,5008278897,-0.747616,0.726144,0.398208,-2.54625,-1.19,-0.4375,0.904,-8.288,31.840002,none,8,3.0,122715.0,301824.0,205946.0,289027.0,217104.0
2026-04-14 18:05:14.676547,730508,1609507408317983,5008287602,-0.747616,0.726144,0.398208,-2.82625,-1.4,-0.0175,0.904,-8.288,31.840002,none,8,3.0,122715.0,301824.0,205946.0,289027.0,217104.0
2026-04-14 18:05:14.686460,730509,1609507408326953,5008296332,-0.724192,0.691008,0.249856,-2.02125,-1.19,0.6825,1.784,-8.128,31.432001,none,8,3.0,122715.0,301824.0,205946.0,289027.0,217104.0
2026-04-14 18:05:14.700425,730510,1609507408341461,5008311240,-0.724192,0.691008,0.249856,-2.05625,-1.26,1.47875,1.784,-8.128,31.432001,none,8,3.0,122715.0,301824.0,205946.0,289027.0,217104.0
2026-04-14 18:05:14.730260,730511,1609507408350442,5008319917,-0.786656,0.724192,0.257664,-1.82875,-1.2425,1.505,1.16,-7.896,31.800001,none,8,3.0,122715.0,301824.0,205946.0,289027.0,217104.0
2026-04-14 18:05:14.755395,730512,1609507408365075,5008334899,-0.687104,0.70272,0.452864,-0.91875,-1.645,1.61,0.096,-8.120001,32.272003,none,8,3.0,122715.0,301824.0,205946.0,289027.0,217104.0
2026-04-14 18:05:14.780364,730513,1609507408374172,5008343601,-0.687104,0.70272,0.452864,-1.12875,-2.135,1.37375,0.096,-8.120001,32.272003,none,8,3.0,122715.0,301824.0,205946.0,289027.0,217104.0
2026-04-14 18:05:14.823642,730524,1609507408388749,5008358771,-0.7808,0.718336,0.257664,-1.2425,-2.6425,1.8375,0.416,-8.088,31.592001,none,8,3.0,122722.0,300543.0,205870.0,287787.0,217056.0
2026-04-14 18:05:14.826356,730525,1609507408397678,5008367476,-0.7808,0.718336,0.257664,-0.37625,-2.94875,1.72375,0.416,-8.088,31.592001,none,8,3.0,122722.0,300543.0,205870.0,287787.0,217056.0
2026-04-14 18:05:14.827168,730526,1609507408406825,5008376211,-0.769088,0.732,0.339648,-0.1575,-3.28125,1.47,0.456,-8.096001,31.960001,none,8,3.0,122722.0,300543.0,205870.0,287787.0,217056.0
2026-04-14 18:05:14.829909,730527,1609507408421322,5008391139,-0.769088,0.732,0.339648,-0.665,-3.73625,1.40875,0.456,-8.096001,31.960001,none,8,3.0,122722.0,300543.0,205870.0,287787.0,217056.0
2026-04-14 18:05:14.832770,730528,1609507408430265,5008399832,-0.694912,0.706624,0.42944,-0.56875,-4.1825,1.4525,0.272,-7.888001,31.416002,none,8,3.0,122722.0,300543.0,205870.0,287787.0,217056.0
2026-04-14 18:05:14.834902,730529,1609507408444773,5008414756,-0.733952,0.728096,0.3904,-0.3325,-4.45375,1.18125,0.312,-8.168,31.136002,none,8,3.0,122722.0,300543.0,205870.0,287787.0,217056.0
2026-04-14 18:05:14.837799,730530,1609507408453806,5008423525,-0.733952,0.728096,0.3904,0.25375,-4.655,1.05875,0.312,-8.168,31.136002,none,8,3.0,122722.0,300543.0,205870.0,287787.0,217056.0
2026-04-14 18:05:14.840283,730531,1609507408468324,5008438474,-0.72224,0.726144,0.3904,0.62125,-5.31125,1.2775,0.216,-8.52,31.816002,none,8,3.0,122722.0,300543.0,205870.0,287787.0,217056.0
2026-04-14 18:05:14.842415,730532,1609507408477381,5008447184,-0.72224,0.726144,0.3904,0.48125,-6.08125,0.65625,0.216,-8.52,31.816002,none,8,3.0,122722.0,300543.0,205870.0,287787.0,217056.0
2026-04-14 18:05:14.872920,730543,1609507408486739,5008455977,-0.772992,0.71248,0.206912,-0.11375,-5.9675,0.805,1.464,-8.872001,30.416002,none,8,3.0,119096.0,298217.0,201497.0,285706.0,212843.0
2026-04-14 18:05:14.875090,730544,1609507408501385,5008470913,-0.772992,0.71248,0.206912,-0.4375,-6.15125,0.8925,1.464,-8.872001,30.416002,none,8,3.0,119096.0,298217.0,201497.0,285706.0,212843.0
2026-04-14 18:05:14.877925,730545,1609507408510480,5008479588,-0.720288,0.691008,0.201056,-0.175,-6.48375,0.315,1.128,-8.400001,30.104002,none,8,3.0,119096.0,298217.0,201497.0,285706.0,212843.0
2026-04-14 18:05:14.880370,730546,1609507408519494,5008488293,-0.720288,0.691008,0.201056,-0.7,-6.30875,0.105,1.128,-8.400001,30.104002,none,8,3.0,119096.0,298217.0,201497.0,285706.0,212843.0
2026-04-14 18:05:14.894897,730547,1609507408534443,5008503219,-0.767136,0.735904,0.300608,-0.7875,-5.985,0.34125,1.088,-8.72,30.664001,none,8,3.0,119096.0,298217.0,201497.0,285706.0,212843.0
2026-04-14 18:05:14.904005,730548,1609507408543819,5008513969,-0.767136,0.735904,0.300608,-0.93625,-5.90625,0.735,1.088,-8.72,30.664001,none,8,3.0,119096.0,298217.0,201497.0,285706.0,212843.0
2026-04-14 18:05:14.915263,730549,1609507408558327,5008526814,-0.733952,0.745664,0.402112,-0.84875,-5.76625,1.05,0.968,-8.52,29.328001,none,8,3.0,119096.0,298217.0,201497.0,285706.0,212843.0
2026-04-14 18:05:14.926145,730550,1609507408567629,5008537566,-0.763232,0.728096,0.218624,-1.02375,-5.67,1.05,0.792,-8.792001,30.560001,none,8,3.0,119096.0,298217.0,201497.0,285706.0,212843.0
2026-04-14 18:05:14.935391,730551,1609507408576624,5008546256,-0.763232,0.728096,0.218624,-1.4175,-5.425,1.0675,0.792,-8.792001,30.560001,none,8,3.0,119096.0,298217.0,201497.0,285706.0,212843.0
2026-04-14 18:05:14.992271,730562,1609507408591133,5008561202,-0.661728,0.706624,0.357216,-1.26875,-5.39,1.19875,0.96,-8.712001,30.608002,none,8,3.0,115644.0,296594.0,197377.0,284314.0,208808.0
2026-04-14 18:05:14.995041,730563,1609507408600144,5008569911,-0.661728,0.706624,0.357216,-1.1025,-5.0575,1.25125,0.96,-8.712001,30.608002,none,8,3.0,115644.0,296594.0,197377.0,284314.0,208808.0
2026-04-14 18:05:14.997373,730564,1609507408614706,5008585044,-0.710528,0.724192,0.316224,-1.3825,-4.13875,1.56625,0.352,-8.992001,30.416002,none,8,3.0,115644.0,296594.0,197377.0,284314.0,208808.0
2026-04-14 18:05:14.999964,730565,1609507408623717,5008593739,-0.710528,0.724192,0.316224,-1.56625,-4.19125,1.46125,0.352,-8.992001,30.416002,none,8,3.0,115644.0,296594.0,197377.0,284314.0,208808.0
2026-04-14 18:05:15.002436,730566,1609507408632809,5008602440,-0.65392,0.726144,0.447008,-1.0675,-4.2,1.44375,0.752,-8.912001,31.600002,none,8,3.0,115644.0,296594.0,197377.0,284314.0,208808.0
2026-04-14 18:05:15.007459,730567,1609507408647348,5008617320,-0.69296,0.745664,0.454816,-1.1725,-3.91125,1.6275,0.264,-8.736,31.384,none,8,3.0,115644.0,296594.0,197377.0,284314.0,208808.0
2026-04-14 18:05:15.015054,730568,1609507408656482,5008626054,-0.69296,0.745664,0.454816,-1.4,-4.24375,1.68875,0.264,-8.736,31.384,none,8,3.0,115644.0,296594.0,197377.0,284314.0,208808.0
2026-04-14 18:05:15.030077,730569,1609507408670991,5008641078,-0.75152,0.728096,0.220576,-0.9275,-3.94625,1.46125,0.184,-8.84,30.232002,none,8,3.0,115644.0,296594.0,197377.0,284314.0,208808.0
2026-04-14 18:05:15.041274,730570,1609507408679918,5008649789,-0.75152,0.728096,0.220576,-0.5425,-4.29625,1.3475,0.184,-8.84,30.232002,none,8,3.0,115644.0,296594.0,197377.0,284314.0,208808.0
2026-04-14 18:05:15.068789,730581,1609507408694649,5008665025,-0.759328,0.74176,0.257664,-0.16625,-4.31375,1.44375,0.592,-9.008,30.848001,none,8,3.0,112241.0,294620.0,193329.0,282576.0,204812.0
2026-04-14 18:05:15.093692,730582,1609507408703598,5008673746,-0.759328,0.74176,0.257664,0.00875,-4.26125,1.785,0.592,-9.008,30.848001,none,8,3.0,112241.0,294620.0,193329.0,282576.0,204812.0
2026-04-14 18:05:15.118789,730583,1609507408712632,5008682443,-0.665632,0.706624,0.314272,0.07875,-4.1475,1.46125,0.456,-9.288,30.392002,none,8,3.0,112241.0,294620.0,193329.0,282576.0,204812.0
2026-04-14 18:05:15.121382,730584,1609507408727300,5008697330,-0.74176,0.753472,0.339648,-0.00875,-4.34,0.98875,0.32,-9.144,29.576002,none,8,3.0,112241.0,294620.0,193329.0,282576.0,204812.0
2026-04-14 18:05:15.123675,730585,1609507408736233,5008706035,-0.74176,0.753472,0.339648,0.1575,-4.4975,0.805,0.32,-9.144,29.576002,none,8,3.0,112241.0,294620.0,193329.0,282576.0,204812.0
2026-04-14 18:05:15.126309,730586,1609507408750710,5008720939,-0.759328,0.74176,0.244,1.02375,-4.94375,0.58625,0.032,-9.096001,30.320002,none,8,3.0,112241.0,294620.0,193329.0,282576.0,204812.0
2026-04-14 18:05:15.128849,730587,1609507408759630,5008729659,-0.759328,0.74176,0.244,0.28875,-4.87375,0.97125,0.032,-9.096001,30.320002,none,8,3.0,112241.0,294620.0,193329.0,282576.0,204812.0
2026-04-14 18:05:15.131338,730588,1609507408768560,5008738334,-0.718336,0.708576,0.201056,0.18375,-4.62875,1.00625,0.224,-9.208,30.240002,none,8,3.0,112241.0,294620.0,193329.0,282576.0,204812.0
2026-04-14 18:05:15.167599,730599,1609507408783096,5008753293,-0.718336,0.708576,0.201056,0.63875,-4.9,0.63875,0.224,-9.208,30.240002,none,8,3.0,107555.0,291698.0,187695.0,279958.0,199257.0
2026-04-14 18:05:15.172044,730600,1609507408792054,5008762047,-0.759328,0.747616,0.267424,0.525,-4.5325,0.4375,0.072,-9.52,30.368002,none,8,3.0,107555.0,291698.0,187695.0,279958.0,199257.0
2026-04-14 18:05:15.174897,730601,1609507408806712,5008777060,-0.706624,0.755424,0.402112,0.6825,-4.515,-0.0175,-0.88,-9.0,30.344002,none,8,3.0,107555.0,291698.0,187695.0,279958.0,199257.0
2026-04-14 18:05:15.180238,730602,1609507408815771,5008785762,-0.706624,0.755424,0.402112,0.60375,-4.41875,-0.4025,-0.88,-9.0,30.344002,none,8,3.0,107555.0,291698.0,187695.0,279958.0,199257.0
2026-04-14 18:05:15.188731,730603,1609507408830294,5008798652,-0.747616,0.753472,0.324032,-0.14,-4.305,-0.77,-0.96,-9.184,31.408,none,8,3.0,107555.0,291698.0,187695.0,279958.0,199257.0
2026-04-14 18:05:15.198732,730604,1609507408839463,5008809441,-0.747616,0.753472,0.324032,-0.49,-3.89375,-0.875,-0.96,-9.184,31.408,none,8,3.0,107555.0,291698.0,187695.0,279958.0,199257.0
2026-04-14 18:05:15.207565,730605,1609507408848416,5008818168,-0.698816,0.749568,0.441152,-0.3675,-3.57875,-0.84,-0.72,-9.128,31.416002,none,8,3.0,107555.0,291698.0,187695.0,279958.0,199257.0
2026-04-14 18:05:15.223889,730606,1609507408862990,5008833049,-0.698816,0.749568,0.441152,-0.4025,-3.71,-0.95375,-0.72,-9.128,31.416002,none,8,3.0,107555.0,291698.0,187695.0,279958.0,199257.0
2026-04-14 18:05:15.230192,730607,1609507408871924,5008841798,-0.743712,0.743712,0.26352,-0.77,-3.22,-1.32125,-0.496,-9.552,30.416002,none,8,3.0,107555.0,291698.0,187695.0,279958.0,199257.0
2026-04-14 18:05:15.266410,730618,1609507408886886,5008855297,-0.743712,0.71248,0.353312,-0.16625,-2.52875,-1.3825,-0.496,-9.552,29.560001,none,8,3.0,103598.0,289752.0,182969.0,278284.0,194563.0
2026-04-14 18:05:15.270777,730619,1609507408896320,5008866102,-0.64416,0.71248,0.353312,-0.72625,-2.12625,-0.9275,-0.112,-9.216001,29.560001,none,8,3.0,103598.0,289752.0,182969.0,278284.0,194563.0
2026-04-14 18:05:15.271868,730620,1609507408905408,5008874838,-0.64416,0.71248,0.353312,-0.58625,-1.75875,-0.76125,-0.112,-9.216001,29.560001,none,8,3.0,103598.0,289752.0,182969.0,278284.0,194563.0
2026-04-14 18:05:15.281226,730621,1609507408919947,5008889935,-0.651968,0.706624,0.327936,-1.2425,-1.015,-0.77875,-1.192,-9.208,33.416,none,8,3.0,103598.0,289752.0,182969.0,278284.0,194563.0
2026-04-14 18:05:15.287514,730622,1609507408928877,5008898684,-0.65392,0.732,0.441152,-1.54875,-0.90125,-0.595,-1.952,-8.888001,30.816002,none,8,3.0,103598.0,289752.0,182969.0,278284.0,194563.0
2026-04-14 18:05:15.304095,730623,1609507408943374,5008913582,-0.65392,0.732,0.441152,-1.8025,-1.04125,-0.4725,-1.952,-8.888001,30.816002,none,8,3.0,103598.0,289752.0,182969.0,278284.0,194563.0
2026-04-14 18:05:15.311686,730624,1609507408952302,5008922296,-0.726144,0.724192,0.203008,-1.07625,-1.0675,-1.11125,-1.088,-9.320001,30.288002,none,8,3.0,103598.0,289752.0,182969.0,278284.0,194563.0
2026-04-14 18:05:15.321740,730625,1609507408961276,5008930993,-0.726144,0.724192,0.203008,-0.83125,-0.70875,-1.1725,-1.088,-9.320001,30.288002,none,8,3.0,103598.0,289752.0,182969.0,278284.0,194563.0
2026-04-14 18:05:15.335428,730626,1609507408975762,5008945962,-0.743712,0.757376,0.32208,-1.02375,-0.69125,-1.19,0.232,-9.472,30.256,none,8,3.0,103598.0,289752.0,182969.0,278284.0,194563.0
2026-04-14 18:05:15.373043,730637,1609507408984758,5008954619,-0.743712,0.757376,0.32208,-1.61875,-0.55125,-1.53125,0.232,-9.472,30.256,none,8,3.0,102176.0,289201.0,181207.0,277797.0,192821.0
2026-04-14 18:05:15.378051,730638,1609507408999776,5008969554,-0.655872,0.706624,0.296704,-1.7675,-0.7,-1.645,-0.32,-9.64,31.416002,none,8,3.0,102176.0,289201.0,181207.0,277797.0,192821.0
2026-04-14 18:05:15.378129,730639,1609507409008884,5008978245,-0.696864,0.71248,0.208864,-1.30375,-0.77875,-1.54,0.048,-9.336,30.472002,none,8,3.0,102176.0,289201.0,181207.0,277797.0,192821.0
2026-04-14 18:05:15.378179,730640,1609507409017861,5008986967,-0.696864,0.71248,0.208864,-1.6275,-0.51625,-1.505,0.048,-9.336,30.472002,none,8,3.0,102176.0,289201.0,181207.0,277797.0,192821.0
2026-04-14 18:05:15.390314,730641,1609507409032348,5009001935,-0.675392,0.749568,0.441152,-1.40875,-0.63875,-1.575,-0.384,-9.472,30.536001,none,8,3.0,102176.0,289201.0,181207.0,277797.0,192821.0
2026-04-14 18:05:15.401540,730642,1609507409041345,5009010685,-0.675392,0.749568,0.441152,-1.4,-0.46375,-2.0475,-0.384,-9.472,30.536001,none,8,3.0,102176.0,289201.0,181207.0,277797.0,192821.0
2026-04-14 18:05:15.415498,730643,1609507409055870,5009025609,-0.65392,0.71248,0.296704,-1.23375,-0.7175,-2.3625,-0.064,-9.488001,30.12,none,8,3.0,102176.0,289201.0,181207.0,277797.0,192821.0
2026-04-14 18:05:15.425086,730644,1609507409064877,5009034328,-0.65392,0.71248,0.296704,-1.9075,-0.63,-2.19625,-0.064,-9.488001,30.12,none,8,3.0,102176.0,289201.0,181207.0,277797.0,192821.0
2026-04-14 18:05:15.439118,730645,1609507409079391,5009049217,-0.675392,0.716384,0.265472,-2.17,-0.14,-2.4325,-0.312,-9.936001,30.488,none,8,3.0,102176.0,289201.0,181207.0,277797.0,192821.0
2026-04-14 18:05:15.554062,730656,1609507409089079,5009058430,-0.665632,0.708576,0.269376,-1.93375,0.035,-2.9225,-0.24,-9.56,28.448002,none,8,3.0,101569.0,289081.0,180496.0,277640.0,192184.0
2026-04-14 18:05:15.554780,730657,1609507409098038,5009067166,-0.665632,0.708576,0.269376,-2.065,-0.25375,-2.765,-0.24,-9.56,28.448002,none,8,3.0,101569.0,289081.0,180496.0,277640.0,192184.0
2026-04-14 18:05:15.554860,730658,1609507409112500,5009082138,-0.648064,0.710528,0.333792,-2.30125,0.0875,-2.7125,-0.928,-9.160001,32.344,none,8,3.0,101569.0,289081.0,180496.0,277640.0,192184.0
2026-04-14 18:05:15.554929,730659,1609507409121449,5009090842,-0.648064,0.710528,0.333792,-2.2925,0.14875,-2.695,-0.928,-9.160001,32.344,none,8,3.0,101569.0,289081.0,180496.0,277640.0,192184.0
2026-04-14 18:05:15.554995,730660,1609507409135954,5009105707,-0.636352,0.730048,0.433344,-2.45,0.105,-2.45,-1.832,-9.080001,32.616,none,8,3.0,101569.0,289081.0,180496.0,277640.0,192184.0
2026-04-14 18:05:15.555056,730661,1609507409144935,5009114526,-0.636352,0.730048,0.433344,-2.3275,0.44625,-2.28375,-1.832,-9.080001,32.616,none,8,3.0,101569.0,289081.0,180496.0,277640.0,192184.0
2026-04-14 18:05:15.558163,730662,1609507409153907,5009123216,-0.75152,0.753472,0.275232,-2.58125,0.77,-2.05625,-1.64,-8.976001,31.608002,none,8,3.0,101569.0,289081.0,180496.0,277640.0,192184.0
2026-04-14 18:05:15.559919,730663,1609507409168408,5009138140,-0.75152,0.730048,0.35136,-2.24875,0.39375,-2.555,-1.64,-8.976001,31.608002,none,8,3.0,101569.0,289081.0,180496.0,277640.0,192184.0
2026-04-14 18:05:15.562444,730664,1609507409177478,5009146902,-0.677344,0.730048,0.35136,-1.9775,0.5775,-2.63375,-1.216,-9.304001,30.032001,none,8,3.0,101569.0,289081.0,180496.0,277640.0,192184.0
2026-04-14 18:05:15.590388,730675,1609507409192108,5009161885,-0.728096,0.765184,0.386496,-1.86375,0.81375,-2.625,-0.952,-9.56,31.376001,none,8,3.0,101491.0,289048.0,180325.0,277530.0,192034.0
2026-04-14 18:05:15.595510,730676,1609507409201054,5009170582,-0.728096,0.765184,0.386496,-1.95125,1.18125,-2.66875,-0.952,-9.56,31.376001,none,8,3.0,101491.0,289048.0,180325.0,277530.0,192034.0
2026-04-14 18:05:15.597873,730677,1609507409210010,5009179372,-0.737856,0.749568,0.288896,-1.84625,0.8925,-2.89625,-1.184,-9.128,31.480001,none,8,3.0,101491.0,289048.0,180325.0,277530.0,192034.0
2026-04-14 18:05:15.600413,730678,1609507409224516,5009194288,-0.737856,0.749568,0.288896,-2.21375,0.7875,-3.00125,-1.184,-9.128,31.480001,none,8,3.0,101491.0,289048.0,180325.0,277530.0,192034.0
2026-04-14 18:05:15.627934,730679,1609507409233522,5009203067,-0.677344,0.745664,0.437248,-1.60125,0.76125,-2.84375,-0.944,-9.384001,31.592001,none,8,3.0,101491.0,289048.0,180325.0,277530.0,192034.0
2026-04-14 18:05:15.632552,730680,1609507409248046,5009218027,-0.677344,0.745664,0.437248,-1.8025,0.77,-2.75625,-0.944,-9.384001,31.592001,none,8,3.0,101491.0,289048.0,180325.0,277530.0,192034.0
2026-04-14 18:05:15.633080,730681,1609507409257000,5009226716,-0.657824,0.71248,0.316224,-1.82,0.77,-2.45875,-0.056,-9.576,31.704002,none,8,3.0,101491.0,289048.0,180325.0,277530.0,192034.0
2026-04-14 18:05:15.635023,730682,1609507409271543,5009241617,-0.710528,0.75152,0.396256,-1.65375,1.1375,-2.9575,-0.12,-9.432,30.352001,none,8,3.0,101491.0,289048.0,180325.0,277530.0,192034.0
2026-04-14 18:05:15.640625,730683,1609507409280506,5009250334,-0.710528,0.75152,0.396256,-1.67125,0.81375,-2.94,-0.12,-9.432,30.352001,none,8,3.0,101491.0,289048.0,180325.0,277530.0,192034.0
2026-04-14 18:05:15.671666,730694,1609507409290211,5009259464,-0.737856,0.743712,0.259616,-1.75,0.91,-2.84375,-0.016,-9.632001,28.36,none,8,3.0,101599.0,289216.0,180475.0,277669.0,192232.0
2026-04-14 18:05:15.674220,730695,1609507409304795,5009274442,-0.737856,0.743712,0.259616,-1.65375,0.70875,-3.24625,-0.016,-9.632001,28.36,none,8,3.0,101599.0,289216.0,180475.0,277669.0,192232.0
2026-04-14 18:05:15.676314,730696,1609507409313764,5009283156,-0.74176,0.743712,0.244,-2.02125,0.84875,-3.3075,-1.304,-8.448,32.52,none,8,3.0,101599.0,289216.0,180475.0,277669.0,192232.0
2026-04-14 18:05:15.687893,730697,1609507409328285,5009298039,-0.74176,0.743712,0.244,-2.23125,0.665,-3.01875,-1.304,-8.448,32.52,none,8,3.0,101599.0,289216.0,180475.0,277669.0,192232.0
2026-04-14 18:05:15.697955,730698,1609507409337213,5009306802,-0.708576,0.716384,0.212768,-2.7825,0.49,-3.22875,-0.064,-9.616,29.824001,none,8,3.0,101599.0,289216.0,180475.0,277669.0,192232.0
2026-04-14 18:05:15.704190,730699,1609507409346210,5009315516,-0.708576,0.716384,0.212768,-3.115,0.20125,-3.12375,-0.064,-9.616,29.824001,none,8,3.0,101599.0,289216.0,180475.0,277669.0,192232.0
2026-04-14 18:05:15.720516,730700,1609507409360716,5009330456,-0.696864,0.743712,0.40992,-2.7475,0.5075,-3.10625,-0.232,-9.328,30.368002,none,8,3.0,101599.0,289216.0,180475.0,277669.0,192232.0
2026-04-14 18:05:15.732467,730701,1609507409369690,5009339132,-0.696864,0.728096,0.240096,-2.59875,0.41125,-2.975,-0.232,-9.328,30.368002,none,8,3.0,101599.0,289216.0,180475.0,277669.0,192232.0
2026-04-14 18:05:15.742452,730702,1609507409384266,5009354086,-0.718336,0.728096,0.240096,-1.86375,0.5775,-3.3425,-0.136,-9.384001,28.432001,none,8,3.0,101599.0,289216.0,180475.0,277669.0,192232.0
2026-04-14 18:05:15.772942,730714,1609507409393305,5009362874,-0.708576,0.735904,0.27328,-2.1175,0.0,-3.54375,-0.12,-9.440001,30.728,none,8,3.0,101985.0,289462.0,180980.0,277827.0,192792.0
2026-04-14 18:05:15.775034,730715,1609507409407910,5009377824,-0.708576,0.735904,0.27328,-2.35375,-0.0875,-3.31625,-0.12,-9.440001,30.728,none,8,3.0,101985.0,289462.0,180980.0,277827.0,192792.0
2026-04-14 18:05:15.777939,730716,1609507409416948,5009386566,-0.72224,0.75152,0.363072,-2.96625,0.28875,-3.36,0.0,-9.464001,31.392002,none,8,3.0,101985.0,289462.0,180980.0,277827.0,192792.0
2026-04-14 18:05:15.784143,730717,1609507409425996,5009395296,-0.72224,0.75152,0.363072,-3.49125,0.77,-3.66625,0.0,-9.464001,31.392002,none,8,3.0,101985.0,289462.0,180980.0,277827.0,192792.0
2026-04-14 18:05:15.802962,730718,1609507409440549,5009410300,-0.655872,0.732,0.445056,-3.7625,0.4725,-3.7975,-0.256,-9.424001,30.528002,none,8,3.0,101985.0,289462.0,180980.0,277827.0,192792.0
2026-04-14 18:05:15.834412,730719,1609507409449483,5009419018,-0.655872,0.732,0.445056,-2.5025,0.63,-3.98125,-0.256,-9.424001,30.528002,none,8,3.0,101985.0,289462.0,180980.0,277827.0,192792.0
2026-04-14 18:05:15.835970,730720,1609507409463967,5009433935,-0.648064,0.706624,0.320128,-2.84375,0.97125,-3.38625,-0.608,-9.008,30.352001,none,8,3.0,101985.0,289462.0,180980.0,277827.0,192792.0
2026-04-14 18:05:15.838496,730721,1609507409472902,5009442654,-0.700768,0.716384,0.226432,-2.9575,1.2775,-3.255,-0.016,-9.456,30.744001,none,8,3.0,101985.0,289462.0,180980.0,277827.0,192792.0
2026-04-14 18:05:15.858646,730722,1609507409481820,5009451335,-0.700768,0.716384,0.226432,-3.2725,0.7,-3.36,-0.016,-9.456,30.744001,none,8,3.0,101985.0,289462.0,180980.0,277827.0,192792.0
2026-04-14 18:05:15.890168,730733,1609507409496461,5009466296,-0.681248,0.74176,0.415776,-3.7275,0.9975,-2.8175,0.04,-8.848001,30.376001,none,8,3.0,101457.0,289841.0,180213.0,278179.0,192065.0
2026-04-14 18:05:15.892824,730734,1609507409505401,5009474982,-0.681248,0.74176,0.415776,-3.45625,0.91875,-2.63375,0.04,-8.848001,30.376001,none,8,3.0,101457.0,289841.0,180213.0,278179.0,192065.0
2026-04-14 18:05:15.895512,730735,1609507409519994,5009489975,-0.675392,0.720288,0.300608,-3.3425,0.98,-2.56375,-0.168,-9.552,30.368002,none,8,3.0,101457.0,289841.0,180213.0,278179.0,192065.0
2026-04-14 18:05:15.897929,730736,1609507409528951,5009498716,-0.675392,0.720288,0.300608,-3.94625,1.0675,-2.58125,-0.168,-9.552,30.368002,none,8,3.0,101457.0,289841.0,180213.0,278179.0,192065.0
2026-04-14 18:05:15.904172,730737,1609507409543468,5009513612,-0.679296,0.739808,0.3904,-4.725,1.47,-2.695,-1.432,-9.032001,32.528,none,8,3.0,101457.0,289841.0,180213.0,278179.0,192065.0
2026-04-14 18:05:15.911683,730738,1609507409552404,5009522332,-0.681248,0.708576,0.251808,-5.1975,1.8375,-2.86125,0.176,-8.992001,30.448002,none,8,3.0,101457.0,289841.0,180213.0,278179.0,192065.0
2026-04-14 18:05:15.927597,730739,1609507409561485,5009531042,-0.681248,0.708576,0.251808,-4.83875,2.35375,-2.6425,0.176,-8.992001,30.448002,none,8,3.0,101457.0,289841.0,180213.0,278179.0,192065.0
2026-04-14 18:05:15.939408,730740,1609507409576169,5009546006,-0.749568,0.749568,0.30256,-5.03125,2.56375,-2.12625,0.456,-9.168,30.44,none,8,3.0,101457.0,289841.0,180213.0,278179.0,192065.0
2026-04-14 18:05:15.945974,730741,1609507409585244,5009554694,-0.749568,0.749568,0.30256,-5.99375,2.7475,-2.26625,0.456,-9.168,30.44,none,8,3.0,101457.0,289841.0,180213.0,278179.0,192065.0
2026-04-14 18:05:15.974127,730752,1609507409599885,5009569830,-0.661728,0.708576,0.441152,-6.3,2.91375,-1.91625,0.056,-9.104,30.432001,none,8,3.0,100958.0,290127.0,179528.0,278489.0,191435.0
2026-04-14 18:05:15.976206,730753,1609507409608840,5009578605,-0.661728,0.708576,0.441152,-5.915,2.73875,-1.47875,0.056,-9.104,30.432001,none,8,3.0,100958.0,290127.0,179528.0,278489.0,191435.0
2026-04-14 18:05:15.978656,730754,1609507409617920,5009587296,-0.726144,0.724192,0.415776,-4.7425,1.79375,-0.8925,0.592,-8.872001,31.28,none,8,3.0,100958.0,290127.0,179528.0,278489.0,191435.0
2026-04-14 18:05:15.991409,730755,1609507409632458,5009602272,-0.677344,0.665632,0.257664,-3.115,0.56875,0.21,-0.296,-8.968,30.624,none,8,3.0,100958.0,290127.0,179528.0,278489.0,191435.0
2026-04-14 18:05:16.001178,730756,1609507409641433,5009610989,-0.677344,0.665632,0.257664,-1.18125,-1.09375,1.19875,-0.296,-8.968,30.624,none,8,3.0,100958.0,290127.0,179528.0,278489.0,191435.0
2026-04-14 18:05:16.018247,730757,1609507409655935,5009625908,-0.75152,0.694912,0.16592,0.93625,-2.87,2.73,-0.368,-9.488001,30.296001,none,8,3.0,100958.0,290127.0,179528.0,278489.0,191435.0
2026-04-14 18:05:16.024858,730758,1609507409664845,5009634592,-0.75152,0.694912,0.16592,3.6925,-5.4075,2.94,-0.368,-9.488001,30.296001,none,8,3.0,100958.0,290127.0,179528.0,278489.0,191435.0
2026-04-14 18:05:16.037759,730759,1609507409679364,5009649549,-0.74176,0.75152,0.288896,6.92125,-7.6475,2.94,0.096,-9.664001,30.488,none,8,3.0,100958.0,290127.0,179528.0,278489.0,191435.0
2026-04-14 18:05:16.072924,730770,1609507409688309,5009658205,-0.74176,0.75152,0.288896,10.6225,-10.6225,2.0475,0.096,-9.664001,30.488,none,8,3.0,92080.0,284976.0,168427.0,273539.0,179885.0
2026-04-14 18:05:16.075122,730771,1609507409697279,5009666974,-0.648064,0.778848,0.394304,11.3225,-12.9325,0.55125,0.12,-9.592,30.816002,none,8,3.0,92080.0,284976.0,168427.0,273539.0,179885.0
2026-04-14 18:05:16.077911,730772,1609507409711849,5009681908,-0.648064,0.813984,0.427488,8.435,-14.07875,-1.04125,0.12,-9.592,30.816002,none,8,3.0,92080.0,284976.0,168427.0,273539.0,179885.0
2026-04-14 18:05:16.080431,730773,1609507409720985,5009690733,-0.716384,0.813984,0.427488,4.4275,-13.5625,-3.14125,-0.424,-9.480001,30.760002,none,8,3.0,92080.0,284976.0,168427.0,273539.0,179885.0
2026-04-14 18:05:16.094181,730774,1609507409735511,5009705711,-0.636352,0.737856,0.433344,-0.735,-11.85625,-4.80375,-0.288,-9.856001,29.768002,none,8,3.0,92080.0,284976.0,168427.0,273539.0,179885.0
2026-04-14 18:05:16.106854,730775,1609507409744446,5009714416,-0.636352,0.737856,0.433344,-4.4975,-10.01,-6.06375,-0.288,-9.856001,29.768002,none,8,3.0,92080.0,284976.0,168427.0,273539.0,179885.0
2026-04-14 18:05:16.114820,730776,1609507409753394,5009723119,-0.730048,0.75152,0.337696,-6.53625,-7.02625,-6.6325,-1.832,-9.480001,27.752,none,8,3.0,92080.0,284976.0,168427.0,273539.0,179885.0
2026-04-14 18:05:16.129021,730777,1609507409767892,5009737982,-0.730048,0.75152,0.337696,-7.035,-3.605,-7.0175,-1.832,-9.480001,27.752,none,8,3.0,92080.0,284976.0,168427.0,273539.0,179885.0
2026-04-14 18:05:16.135005,730778,1609507409776867,5009746735,-0.630496,0.718336,0.445056,-7.875,-0.4025,-6.825,-0.376,-9.728001,30.28,none,8,3.0,92080.0,284976.0,168427.0,273539.0,179885.0
2026-04-14 18:05:16.171406,730789,1609507409792009,5009761671,-0.630496,0.718336,0.445056,-8.30375,2.625,-5.85375,-0.376,-9.728001,30.28,none,8,3.0,93371.0,287239.0,170045.0,275670.0,181832.0
2026-04-14 18:05:16.174252,730790,1609507409801024,5009770463,-0.691008,0.732,0.365024,-8.33,4.64625,-4.9875,-0.512,-9.144,30.424002,none,8,3.0,93371.0,287239.0,170045.0,275670.0,181832.0
2026-04-14 18:05:16.200542,730791,1609507409809975,5009779244,-0.691008,0.732,0.365024,-8.12,6.4575,-4.19125,-0.512,-9.144,30.424002,none,8,3.0,93371.0,287239.0,170045.0,275670.0,181832.0
2026-04-14 18:05:16.224023,730792,1609507409824468,5009794151,-0.706624,0.72224,0.232288,-7.525,7.65625,-3.6925,-0.8,-8.864,31.136002,none,8,3.0,93371.0,287239.0,170045.0,275670.0,181832.0
2026-04-14 18:05:16.249054,730793,1609507409833393,5009802833,-0.6832,0.745664,0.466528,-7.245,7.98,-2.84375,-0.48,-9.032001,29.384,none,8,3.0,93371.0,287239.0,170045.0,275670.0,181832.0
2026-04-14 18:05:16.251677,730794,1609507409847878,5009817852,-0.6832,0.745664,0.466528,-6.83375,9.09125,-1.68875,-0.48,-9.032001,29.384,none,8,3.0,93371.0,287239.0,170045.0,275670.0,181832.0
2026-04-14 18:05:16.274176,730795,1609507409856876,5009826503,-0.6344,0.689056,0.343552,-5.50375,9.05625,-0.7175,0.024,-9.208,30.248001,none,8,3.0,93371.0,287239.0,170045.0,275670.0,181832.0
2026-04-14 18:05:16.276297,730796,1609507409871407,5009841403,-0.6344,0.689056,0.343552,-4.92625,9.42375,0.25375,0.024,-9.208,30.248001,none,8,3.0,93371.0,287239.0,170045.0,275670.0,181832.0
2026-04-14 18:05:16.278600,730797,1609507409880462,5009850133,-0.732,0.708576,0.232288,-3.42125,8.925,1.785,0.088,-9.216001,27.936,none,8,3.0,93371.0,287239.0,170045.0,275670.0,181832.0
2026-04-14 18:05:16.306445,730808,1609507409889554,5009859018,-0.732,0.708576,0.232288,-1.74125,8.085,3.21125,0.088,-9.216001,27.936,none,8,3.0,102451.0,290617.0,180994.0,278723.0,193015.0
2026-04-14 18:05:16.318498,730809,1609507409904117,5009873960,-0.71248,0.698816,0.201056,-0.74375,7.53375,4.17375,0.088,-9.416,30.632002,none,8,3.0,102451.0,290617.0,180994.0,278723.0,193015.0
2026-04-14 18:05:16.318639,730810,1609507409913046,5009882662,-0.71248,0.718336,0.435296,0.525,6.36125,5.0575,0.088,-9.416,30.632002,none,8,3.0,102451.0,290617.0,180994.0,278723.0,193015.0
2026-04-14 18:05:16.318695,730811,1609507409927677,5009897660,-0.669536,0.718336,0.435296,1.23375,4.83875,5.5475,0.312,-9.448001,29.688002,none,8,3.0,102451.0,290617.0,180994.0,278723.0,193015.0
2026-04-14 18:05:16.318743,730812,1609507409936665,5009906426,-0.689056,0.691008,0.275232,3.1675,2.7475,5.24125,0.408,-9.392,30.488,none,8,3.0,102451.0,290617.0,180994.0,278723.0,193015.0
2026-04-14 18:05:16.319056,730813,1609507409945769,5009915157,-0.689056,0.691008,0.275232,5.81,0.84,5.005,0.408,-9.392,30.488,none,8,3.0,102451.0,290617.0,180994.0,278723.0,193015.0
2026-04-14 18:05:16.321246,730814,1609507409960338,5009930160,-0.76128,0.75152,0.294752,9.00375,-1.505,4.6375,0.056,-9.400001,30.264002,none,8,3.0,102451.0,290617.0,180994.0,278723.0,193015.0
2026-04-14 18:05:16.327447,730815,1609507409969293,5009938868,-0.76128,0.75152,0.294752,12.005,-4.305,4.27,0.056,-9.400001,30.264002,none,8,3.0,102451.0,290617.0,180994.0,278723.0,193015.0
2026-04-14 18:05:16.343830,730816,1609507409983844,5009953812,-0.679296,0.714432,0.20496,12.32875,-7.385,3.47375,-0.28,-10.032001,30.056002,none,8,3.0,102451.0,290617.0,180994.0,278723.0,193015.0
2026-04-14 18:05:16.375110,730827,1609507409993316,5009962664,-0.679296,0.714432,0.20496,11.515,-10.50875,3.19375,-0.28,-10.032001,30.056002,none,8,3.0,90563.0,283705.0,165972.0,272262.0,177295.0
2026-04-14 18:05:16.377643,730828,1609507410002439,5009971431,-0.757376,0.745664,0.183488,10.66625,-13.58,2.86125,-0.32,-10.072001,30.352001,none,8,3.0,90563.0,283705.0,165972.0,272262.0,177295.0
2026-04-14 18:05:16.380137,730829,1609507410017044,5009986533,-0.70272,0.772992,0.325984,10.36,-16.2575,1.645,-1.224,-10.048,31.792002,none,8,3.0,90563.0,283705.0,165972.0,272262.0,177295.0
2026-04-14 18:05:16.384986,730830,1609507410025989,5009995230,-0.70272,0.772992,0.325984,11.3575,-18.01625,-0.0875,-1.224,-10.048,31.792002,none,8,3.0,90563.0,283705.0,165972.0,272262.0,177295.0
2026-04-14 18:05:16.398486,730831,1609507410040501,5010010185,-0.735904,0.812032,0.242048,11.57625,-19.215,-2.4325,-1.24,-10.264001,30.184002,none,8,3.0,90563.0,283705.0,165972.0,272262.0,177295.0
2026-04-14 18:05:16.408546,730832,1609507410049431,5010018893,-0.735904,0.812032,0.242048,9.5375,-19.4775,-4.52375,-1.24,-10.264001,30.184002,none,8,3.0,90563.0,283705.0,165972.0,272262.0,177295.0
2026-04-14 18:05:16.422512,730833,1609507410063932,5010033939,-0.739808,0.817888,0.275232,5.11,-18.55875,-6.475,-1.296,-10.568001,30.080002,none,8,3.0,90563.0,283705.0,165972.0,272262.0,177295.0
2026-04-14 18:05:16.432622,730834,1609507410072947,5010042630,-0.739808,0.817888,0.275232,-0.72625,-17.01,-7.7525,-1.296,-10.568001,30.080002,none,8,3.0,90563.0,283705.0,165972.0,272262.0,177295.0
2026-04-14 18:05:16.440201,730835,1609507410081998,5010051381,-0.70272,0.767136,0.275232,-5.57375,-14.4375,-9.19625,-1.024,-10.488001,29.44,none,8,3.0,90563.0,283705.0,165972.0,272262.0,177295.0
2026-04-14 18:05:16.478134,730846,1609507410096630,5010066487,-0.64416,0.735904,0.36112,-8.96,-11.05125,-10.1325,-1.288,-10.472,30.928001,none,8,3.0,77725.0,279289.0,150128.0,268622.0,161278.0
2026-04-14 18:05:16.478574,730847,1609507410105667,5010075189,-0.64416,0.735904,0.36112,-11.5325,-7.63,-10.14125,-1.288,-10.472,30.928001,none,8,3.0,77725.0,279289.0,150128.0,268622.0,161278.0
2026-04-14 18:05:16.481167,730848,1609507410120404,5010090231,-0.685152,0.755424,0.445056,-13.2825,-3.7975,-9.4675,-2.376,-9.576,32.144,none,8,3.0,77725.0,279289.0,150128.0,268622.0,161278.0
2026-04-14 18:05:16.487484,730849,1609507410129373,5010098953,-0.685152,0.755424,0.445056,-14.0175,0.455,-8.40875,-2.376,-9.576,32.144,none,8,3.0,77725.0,279289.0,150128.0,268622.0,161278.0
2026-04-14 18:05:16.498582,730850,1609507410138455,5010107652,-0.612928,0.698816,0.38064,-13.3,4.48875,-6.5975,-0.736,-9.912001,30.248001,none,8,3.0,77725.0,279289.0,150128.0,268622.0,161278.0
2026-04-14 18:05:16.511274,730851,1609507410153092,5010122529,-0.612928,0.698816,0.38064,-12.78375,7.805,-4.41875,-0.736,-9.912001,30.248001,none,8,3.0,77725.0,279289.0,150128.0,268622.0,161278.0
2026-04-14 18:05:16.521296,730852,1609507410162034,5010131229,-0.603168,0.733952,0.491904,-11.41875,10.4475,-2.38,-0.616,-9.816001,30.560001,none,8,3.0,77725.0,279289.0,150128.0,268622.0,161278.0
2026-04-14 18:05:16.535471,730853,1609507410176516,5010146131,-0.612928,0.730048,0.464576,-10.92,12.7225,-0.14875,-0.416,-9.888001,29.952002,none,8,3.0,77725.0,279289.0,150128.0,268622.0,161278.0
2026-04-14 18:05:16.592397,730854,1609507410185460,5010154820,-0.612928,0.730048,0.464576,-10.92875,14.4725,1.785,-0.416,-9.888001,29.952002,none,8,3.0,77725.0,279289.0,150128.0,268622.0,161278.0
2026-04-14 18:05:16.620474,730865,1609507410200028,5010169833,-0.708576,0.739808,0.337696,-10.47375,16.24,2.8525,-0.232,-9.8,30.840002,none,8,3.0,91802.0,287436.0,167804.0,275954.0,179757.0
2026-04-14 18:05:16.622959,730866,1609507410208958,5010178514,-0.708576,0.739808,0.337696,-9.4325,16.54625,4.55875,-0.232,-9.8,30.840002,none,8,3.0,91802.0,287436.0,167804.0,275954.0,179757.0
2026-04-14 18:05:16.625136,730867,1609507410217895,5010187193,-0.6344,0.694912,0.36112,-7.93625,16.19625,6.1425,-0.248,-9.032001,31.272001,none,8,3.0,91802.0,287436.0,167804.0,275954.0,179757.0
2026-04-14 18:05:16.627744,730868,1609507410232447,5010202185,-0.6344,0.694912,0.36112,-5.39875,15.58375,7.21875,-0.248,-9.032001,31.272001,none,8,3.0,91802.0,287436.0,167804.0,275954.0,179757.0
2026-04-14 18:05:16.630107,730869,1609507410241403,5010210962,-0.732,0.739808,0.327936,-1.72375,14.105001,7.93625,-0.4,-9.272,31.560001,none,8,3.0,91802.0,287436.0,167804.0,275954.0,179757.0
2026-04-14 18:05:16.632909,730870,1609507410256019,5010225922,-0.706624,0.706624,0.163968,1.46125,12.11875,8.3825,-0.728,-9.552,32.904003,none,8,3.0,91802.0,287436.0,167804.0,275954.0,179757.0
2026-04-14 18:05:16.635020,730871,1609507410264971,5010234748,-0.706624,0.706624,0.163968,5.3025,10.10625,7.9975,-0.728,-9.552,32.904003,none,8,3.0,91802.0,287436.0,167804.0,275954.0,179757.0
2026-04-14 18:05:16.638768,730872,1609507410279531,5010249666,-0.753472,0.765184,0.261568,9.00375,6.90375,6.79875,-0.816,-9.56,31.576002,none,8,3.0,91802.0,287436.0,167804.0,275954.0,179757.0
2026-04-14 18:05:16.649151,730873,1609507410288483,5010258356,-0.753472,0.765184,0.261568,10.7975,3.57875,5.53,-0.816,-9.56,31.576002,none,8,3.0,91802.0,287436.0,167804.0,275954.0,179757.0
2026-04-14 18:05:16.679148,730884,1609507410297567,5010267190,-0.716384,0.728096,0.134688,12.36375,0.1225,3.85875,-0.064,-10.104,30.784002,none,8,3.0,95579.0,286491.0,172010.0,274699.0,183801.0
2026-04-14 18:05:16.680894,730885,1609507410312256,5010282152,-0.716384,0.728096,0.134688,12.915,-2.9225,2.51125,-0.064,-10.104,30.784002,none,8,3.0,95579.0,286491.0,172010.0,274699.0,183801.0
2026-04-14 18:05:16.683470,730886,1609507410321373,5010290810,-0.677344,0.776896,0.40016,13.09875,-5.55625,0.95375,0.064,-10.552,30.520002,none,8,3.0,95579.0,286491.0,172010.0,274699.0,183801.0
2026-04-14 18:05:16.695375,730887,1609507410335909,5010305746,-0.730048,0.77104,0.222528,12.50375,-8.60125,-0.67375,0.064,-10.552,30.336002,none,8,3.0,95579.0,286491.0,172010.0,274699.0,183801.0
2026-04-14 18:05:16.705518,730888,1609507410344874,5010314444,-0.730048,0.77104,0.222528,10.255,-11.38375,-1.93375,0.112,-10.448001,30.336002,none,8,3.0,95579.0,286491.0,172010.0,274699.0,183801.0
2026-04-14 18:05:16.713232,730889,1609507410353908,5010323124,-0.730048,0.77104,0.222528,8.89,-12.97625,-3.05375,0.112,-10.448001,30.336002,none,8,3.0,95579.0,286491.0,172010.0,274699.0,183801.0
2026-04-14 18:05:16.726666,730890,1609507410368420,5010338076,-0.669536,0.753472,0.228384,7.76125,-15.05875,-4.55875,-0.68,-10.488001,31.544,none,8,3.0,95579.0,286491.0,172010.0,274699.0,183801.0
2026-04-14 18:05:16.736656,730891,1609507410377619,5010347135,-0.714432,0.778848,0.1952,6.55375,-16.0825,-6.55375,-1.104,-10.912001,29.464,none,8,3.0,95579.0,286491.0,172010.0,274699.0,183801.0
2026-04-14 18:05:16.781577,730902,1609507410392239,5010361981,-0.714432,0.778848,0.1952,4.585,-16.5025,-8.0675,-1.104,-10.912001,29.464,none,8,3.0,80427.0,280497.0,153048.0,269345.0,164306.0
2026-04-14 18:05:16.784049,730903,1609507410401404,5010370730,-0.675392,0.759328,0.216672,2.205,-16.6425,-9.17875,-0.704,-11.096001,31.128002,none,8,3.0,80427.0,280497.0,153048.0,269345.0,164306.0
2026-04-14 18:05:16.786565,730904,1609507410410461,5010379418,-0.675392,0.759328,0.216672,-0.06125,-15.365,-10.0275,-0.704,-11.096001,31.128002,none,8,3.0,80427.0,280497.0,153048.0,269345.0,164306.0
2026-04-14 18:05:16.788633,730905,1609507410425058,5010394387,-0.716384,0.774944,0.277184,-3.31625,-14.00875,-10.01,-1.072,-10.320001,31.240002,none,8,3.0,80427.0,280497.0,153048.0,269345.0,164306.0
2026-04-14 18:05:16.794100,730906,1609507410434181,5010403290,-0.716384,0.774944,0.277184,-5.48625,-11.7775,-10.21125,-1.072,-10.320001,31.240002,none,8,3.0,80427.0,280497.0,153048.0,269345.0,164306.0
2026-04-14 18:05:16.807485,730907,1609507410448693,5010418204,-0.700768,0.776896,0.3904,-6.335,-9.8175,-10.255,-2.016,-10.176001,30.904001,none,8,3.0,80427.0,280497.0,153048.0,269345.0,164306.0
2026-04-14 18:05:16.817611,730908,1609507410457633,5010426883,-0.71248,0.772992,0.345504,-6.7375,-7.06125,-9.4675,-0.968,-10.392,30.904001,none,8,3.0,80427.0,280497.0,153048.0,269345.0,164306.0
2026-04-14 18:05:16.823817,730909,1609507410466544,5010435684,-0.71248,0.772992,0.345504,-6.64125,-4.375,-8.42625,-0.968,-10.392,30.904001,none,8,3.0,80427.0,280497.0,153048.0,269345.0,164306.0
2026-04-14 18:05:16.840117,730910,1609507410481067,5010450610,-0.607072,0.747616,0.482144,-6.71125,-1.75875,-7.41125,-0.944,-10.792001,29.984001,none,8,3.0,80427.0,280497.0,153048.0,269345.0,164306.0
2026-04-14 18:05:16.849194,730911,1609507410490044,5010459315,-0.607072,0.747616,0.482144,-7.3675,1.47,-4.80375,-0.944,-10.792001,29.984001,none,8,3.0,80427.0,280497.0,153048.0,269345.0,164306.0
2026-04-14 18:05:16.886669,730922,1609507410504710,5010474308,-0.636352,0.755424,0.49776,-7.7175,4.375,-2.94875,-1.688,-9.896001,32.096,none,8,3.0,81295.0,282602.0,154427.0,271427.0,166031.0
2026-04-14 18:05:16.888406,730923,1609507410513716,5010483016,-0.636352,0.755424,0.49776,-7.34125,6.83375,-1.4,-1.688,-9.896001,32.096,none,8,3.0,81295.0,282602.0,154427.0,271427.0,166031.0
2026-04-14 18:05:16.907888,730924,1609507410528200,5010498000,-0.618784,0.755424,0.50752,-6.78125,9.05625,0.20125,-2.08,-9.904,32.288002,none,8,3.0,81295.0,282602.0,154427.0,271427.0,166031.0
2026-04-14 18:05:16.910421,730925,1609507410537076,5010506701,-0.603168,0.733952,0.460672,-7.35,11.2525,1.9425,-2.08,-9.904,31.784002,none,8,3.0,81295.0,282602.0,154427.0,271427.0,166031.0
2026-04-14 18:05:16.912880,730926,1609507410546053,5010515383,-0.607072,0.733952,0.460672,-7.525,11.865,3.31625,-0.56,-10.248,31.784002,none,8,3.0,81295.0,282602.0,154427.0,271427.0,166031.0
2026-04-14 18:05:16.939172,730927,1609507410560584,5010530346,-0.630496,0.708576,0.337696,-7.07875,12.55625,4.83875,-0.32,-10.248,30.520002,none,8,3.0,81295.0,282602.0,154427.0,271427.0,166031.0
2026-04-14 18:05:16.941364,730928,1609507410569648,5010539032,-0.630496,0.708576,0.337696,-5.6875,12.5475,5.775,-0.32,-10.248,30.520002,none,8,3.0,81295.0,282602.0,154427.0,271427.0,166031.0
2026-04-14 18:05:16.943775,730929,1609507410584165,5010553936,-0.745664,0.74176,0.228384,-3.94625,12.27625,5.74875,-1.264,-9.864,31.344002,none,8,3.0,81295.0,282602.0,154427.0,271427.0,166031.0
2026-04-14 18:05:17.011294,730940,1609507410593245,5010562981,-0.745664,0.74176,0.228384,-1.54875,11.1475,5.55625,-1.264,-9.864,31.344002,none,8,3.0,92446.0,286211.0,168268.0,274532.0,180274.0
2026-04-14 18:05:17.013674,730941,1609507410607768,5010577969,-0.753472,0.749568,0.191296,0.86625,9.59,4.90875,-0.48,-10.52,31.248001,none,8,3.0,92446.0,286211.0,168268.0,274532.0,180274.0
2026-04-14 18:05:17.016660,730942,1609507410616692,5010586693,-0.753472,0.749568,0.191296,1.8725,7.7,4.27875,-0.48,-10.52,31.248001,none,8,3.0,92446.0,286211.0,168268.0,274532.0,180274.0
2026-04-14 18:05:17.019176,730943,1609507410625614,5010595373,-0.64416,0.728096,0.320128,2.8175,5.59125,3.3075,-0.72,-9.984,31.600002,none,8,3.0,92446.0,286211.0,168268.0,274532.0,180274.0
2026-04-14 18:05:17.021679,730944,1609507410640190,5010610318,-0.64416,0.743712,0.37088,3.28125,2.80875,2.205,-0.76,-10.480001,30.792002,none,8,3.0,92446.0,286211.0,168268.0,274532.0,180274.0
2026-04-14 18:05:17.023761,730945,1609507410649147,5010619017,-0.64416,0.743712,0.37088,4.025,0.1925,0.37625,-0.76,-10.480001,30.792002,none,8,3.0,92446.0,286211.0,168268.0,274532.0,180274.0
2026-04-14 18:05:17.026682,730946,1609507410663731,5010634029,-0.718336,0.759328,0.181536,4.4275,-1.925,-0.95375,-0.504,-10.728001,30.12,none,8,3.0,92446.0,286211.0,168268.0,274532.0,180274.0
2026-04-14 18:05:17.031676,730947,1609507410672678,5010642774,-0.718336,0.759328,0.181536,3.40375,-3.98125,-2.17,-0.504,-10.728001,30.12,none,8,3.0,92446.0,286211.0,168268.0,274532.0,180274.0
2026-04-14 18:05:17.040508,730948,1609507410681653,5010651472,-0.661728,0.772992,0.3416,2.54625,-6.0375,-3.85,-0.096,-10.392,30.696001,none,8,3.0,92446.0,286211.0,168268.0,274532.0,180274.0
2026-04-14 18:05:17.077778,730959,1609507410696322,5010666526,-0.661728,0.772992,0.3416,0.3325,-7.20125,-5.62625,-0.096,-10.392,30.696001,none,8,3.0,86931.0,284223.0,161122.0,272610.0,172827.0
2026-04-14 18:05:17.080351,730960,1609507410705348,5010675268,-0.636352,0.772992,0.406016,-1.53125,-7.81375,-6.965,-0.696,-10.272,33.248,none,8,3.0,86931.0,284223.0,161122.0,272610.0,172827.0
2026-04-14 18:05:17.082796,730961,1609507410719907,5010690200,-0.650016,0.745664,0.26352,-2.9925,-8.53125,-8.26,-1.824,-9.944,32.328003,none,8,3.0,86931.0,284223.0,161122.0,272610.0,172827.0
2026-04-14 18:05:17.089059,730962,1609507410728861,5010698902,-0.650016,0.745664,0.26352,-3.815,-8.4525,-9.205,-1.824,-9.944,32.328003,none,8,3.0,86931.0,284223.0,161122.0,272610.0,172827.0
2026-04-14 18:05:17.104165,730963,1609507410743481,5010713820,-0.720288,0.772992,0.271328,-5.24125,-7.7175,-9.87875,-0.592,-10.376,30.368002,none,8,3.0,86931.0,284223.0,161122.0,272610.0,172827.0
2026-04-14 18:05:17.111687,730964,1609507410752389,5010722602,-0.720288,0.772992,0.271328,-6.95625,-6.7725,-10.0275,-0.592,-10.376,30.368002,none,8,3.0,86931.0,284223.0,161122.0,272610.0,172827.0
2026-04-14 18:05:17.121170,730965,1609507410761377,5010731320,-0.698816,0.782752,0.417728,-8.09375,-5.18,-9.6425,-0.4,-10.592001,30.576002,none,8,3.0,86931.0,284223.0,161122.0,272610.0,172827.0
2026-04-14 18:05:17.134190,730966,1609507410775903,5010744380,-0.698816,0.782752,0.417728,-8.6275,-3.14125,-9.09125,-0.4,-10.592001,30.576002,none,8,3.0,86931.0,284223.0,161122.0,272610.0,172827.0
2026-04-14 18:05:17.146019,730967,1609507410785355,5010755134,-0.612928,0.726144,0.363072,-8.67125,-1.72375,-8.53125,-0.256,-10.224001,31.680002,none,8,3.0,86931.0,284223.0,161122.0,272610.0,172827.0
2026-04-14 18:05:17.177470,730978,1609507410799947,5010768410,-0.648064,0.759328,0.499712,-8.47,0.4725,-7.665,-0.256,-10.240001,31.528002,none,8,3.0,84263.0,285172.0,157785.0,273620.0,169563.0
2026-04-14 18:05:17.180050,730979,1609507410809369,5010779188,-0.648064,0.759328,0.499712,-8.28625,2.2925,-6.09,-0.256,-10.240001,31.528002,none,8,3.0,84263.0,285172.0,157785.0,273620.0,169563.0
2026-04-14 18:05:17.182628,730980,1609507410818297,5010787855,-0.648064,0.759328,0.484096,-7.595,4.235,-4.375,-0.256,-10.240001,31.528002,none,8,3.0,84263.0,285172.0,157785.0,273620.0,169563.0
2026-04-14 18:05:17.191178,730981,1609507410833166,5010802771,-0.62464,0.745664,0.495808,-6.81625,6.37,-3.03625,-0.864,-9.984,31.28,none,8,3.0,84263.0,285172.0,157785.0,273620.0,169563.0
2026-04-14 18:05:17.200185,730982,1609507410842203,5010811469,-0.685152,0.76128,0.431392,-6.265,7.74375,-2.19625,-1.08,-9.808001,31.232002,none,8,3.0,84263.0,285172.0,157785.0,273620.0,169563.0
2026-04-14 18:05:17.215201,730983,1609507410856675,5010826433,-0.685152,0.76128,0.431392,-5.90625,8.995,-0.56875,-1.08,-9.808001,31.232002,none,8,3.0,84263.0,285172.0,157785.0,273620.0,169563.0
2026-04-14 18:05:17.229786,730984,1609507410865662,5010835118,-0.716384,0.757376,0.388448,-5.88875,10.1325,0.7525,0.056,-9.92,30.160002,none,8,3.0,84263.0,285172.0,157785.0,273620.0,169563.0
2026-04-14 18:05:17.232410,730985,1609507410874621,5010843862,-0.716384,0.757376,0.388448,-5.8625,10.29,2.28375,0.056,-9.92,30.160002,none,8,3.0,84263.0,285172.0,157785.0,273620.0,169563.0
2026-04-14 18:05:17.248751,730986,1609507410889140,5010858923,-0.681248,0.747616,0.447008,-4.0775,10.535,2.79125,-0.072,-9.88,30.272001,none,8,3.0,84263.0,285172.0,157785.0,273620.0,169563.0
2026-04-14 18:05:17.301347,730997,1609507410898486,5010867651,-0.681248,0.747616,0.447008,-2.6075,10.85875,3.045,-0.072,-9.88,30.272001,none,8,3.0,91503.0,287414.0,166871.0,275669.0,179010.0
2026-04-14 18:05:17.326269,730998,1609507410913282,5010882602,-0.679296,0.718336,0.25376,-1.0675,9.98375,3.255,0.296,-9.664001,31.576002,none,8,3.0,91503.0,287414.0,166871.0,275669.0,179010.0
2026-04-14 18:05:17.338319,730999,1609507410922357,5010891447,-0.65392,0.704672,0.271328,-0.0875,8.98625,3.325,-1.32,-9.328,32.456,none,8,3.0,91503.0,287414.0,166871.0,275669.0,179010.0
2026-04-14 18:05:17.350179,731000,1609507410931326,5010900164,-0.65392,0.704672,0.271328,0.6125,7.4375,3.2375,-1.32,-9.328,32.456,none,8,3.0,91503.0,287414.0,166871.0,275669.0,179010.0
2026-04-14 18:05:17.350264,731001,1609507410946331,5010915093,-0.749568,0.733952,0.15616,1.575,5.99375,2.31,-1.336,-9.848001,31.288002,none,8,3.0,91503.0,287414.0,166871.0,275669.0,179010.0
2026-04-14 18:05:17.350327,731002,1609507410955728,5010925877,-0.749568,0.733952,0.15616,3.3425,3.6575,1.225,-1.336,-9.848001,31.288002,none,8,3.0,91503.0,287414.0,166871.0,275669.0,179010.0
2026-04-14 18:05:17.350518,731003,1609507410964662,5010934572,-0.739808,0.7808,0.325984,4.1475,1.61875,-0.2975,-0.592,-9.936001,31.600002,none,8,3.0,91503.0,287414.0,166871.0,275669.0,179010.0
2026-04-14 18:05:17.350593,731004,1609507410979204,5010949492,-0.739808,0.7808,0.325984,3.8325,-0.63875,-1.02375,-0.592,-9.936001,31.600002,none,8,3.0,91503.0,287414.0,166871.0,275669.0,179010.0
2026-04-14 18:05:17.350646,731005,1609507410988155,5010958193,-0.743712,0.792512,0.318176,2.51125,-2.52,-1.75875,-0.504,-9.92,31.928001,none,8,3.0,91503.0,287414.0,166871.0,275669.0,179010.0
2026-04-14 18:05:17.378845,731016,1609507411002851,5010971544,-0.704672,0.733952,0.160064,0.77875,-3.99,-2.73,0.136,-9.76,31.344002,none,8,3.0,90960.0,286175.0,166003.0,274368.0,177980.0
2026-04-14 18:05:17.381314,731017,1609507411012210,5010982362,-0.704672,0.733952,0.160064,-0.6825,-5.64375,-3.6575,0.136,-9.76,31.344002,none,8,3.0,90960.0,286175.0,166003.0,274368.0,177980.0
2026-04-14 18:05:17.383640,731018,1609507411021237,5010991137,-0.665632,0.739808,0.242048,-1.575,-6.88625,-5.005,-0.656,-9.952001,31.888002,none,8,3.0,90960.0,286175.0,166003.0,274368.0,177980.0
2026-04-14 18:05:17.396643,731019,1609507411035768,5011006042,-0.665632,0.739808,0.242048,-1.91625,-7.3325,-6.51,-0.656,-9.952001,31.888002,none,8,3.0,90960.0,286175.0,166003.0,274368.0,177980.0
2026-04-14 18:05:17.408877,731020,1609507411044871,5011014771,-0.671488,0.782752,0.425536,-2.3975,-7.56875,-7.9625,-0.104,-10.328,30.592001,none,8,3.0,90960.0,286175.0,166003.0,274368.0,177980.0
2026-04-14 18:05:17.418675,731021,1609507411059386,5011029671,-0.671488,0.782752,0.425536,-3.955,-7.30625,-8.61,-0.104,-10.328,30.592001,none,8,3.0,90960.0,286175.0,166003.0,274368.0,177980.0
2026-04-14 18:05:17.427574,731022,1609507411068322,5011038356,-0.6344,0.759328,0.452864,-5.78375,-6.8775,-9.415,-0.096,-10.184,30.392002,none,8,3.0,90960.0,286175.0,166003.0,274368.0,177980.0
2026-04-14 18:05:17.441039,731023,1609507411082840,5011051204,-0.671488,0.726144,0.249856,-7.95375,-5.78375,-9.87,-0.016,-10.144,31.008001,none,8,3.0,90960.0,286175.0,166003.0,274368.0,177980.0
2026-04-14 18:05:17.452548,731024,1609507411092218,5011062024,-0.671488,0.726144,0.249856,-8.84625,-4.31375,-9.9225,-0.016,-10.144,31.008001,none,8,3.0,90960.0,286175.0,166003.0,274368.0,177980.0
2026-04-14 18:05:17.480195,731035,1609507411101378,5011070771,-0.714432,0.759328,0.35136,-9.0125,-3.08,-9.3975,-1.464,-9.096001,31.712002,none,8,3.0,88226.0,287259.0,162668.0,275507.0,174698.0
2026-04-14 18:05:17.482420,731036,1609507411116092,5011085752,-0.714432,0.759328,0.35136,-8.98625,-1.505,-8.88125,-1.464,-9.096001,31.712002,none,8,3.0,88226.0,287259.0,162668.0,275507.0,174698.0
2026-04-14 18:05:17.485153,731037,1609507411125123,5011094463,-0.732,0.743712,0.279136,-8.715,-0.175,-7.525,-1.616,-9.112,32.112003,none,8,3.0,88226.0,287259.0,162668.0,275507.0,174698.0
2026-04-14 18:05:17.498878,731038,1609507411139612,5011109364,-0.732,0.743712,0.279136,-7.6825,1.32125,-7.00875,-1.616,-9.112,32.112003,none,8,3.0,88226.0,287259.0,162668.0,275507.0,174698.0
2026-04-14 18:05:17.510194,731039,1609507411148541,5011118083,-0.628544,0.70272,0.355264,-6.86,2.61625,-5.9325,-0.008,-9.744,30.576002,none,8,3.0,88226.0,287259.0,162668.0,275507.0,174698.0
2026-04-14 18:05:17.516957,731040,1609507411157464,5011126774,-0.628544,0.70272,0.355264,-6.8775,4.5325,-5.48625,-0.008,-9.744,30.576002,none,8,3.0,88226.0,287259.0,162668.0,275507.0,174698.0
2026-04-14 18:05:17.546271,731041,1609507411172026,5011141720,-0.691008,0.710528,0.255712,-6.37,5.8975,-4.55875,-0.096,-9.624001,30.592001,none,8,3.0,88226.0,287259.0,162668.0,275507.0,174698.0
2026-04-14 18:05:17.548742,731042,1609507411180898,5011150408,-0.691008,0.710528,0.240096,-5.94125,6.79,-3.36,-0.096,-9.624001,30.592001,none,8,3.0,88226.0,287259.0,162668.0,275507.0,174698.0
2026-04-14 18:05:17.561340,731043,1609507411195428,5011165345,-0.6832,0.704672,0.240096,-5.95875,7.93625,-2.835,0.28,-9.52,31.440002,none,8,3.0,88226.0,287259.0,162668.0,275507.0,174698.0
2026-04-14 18:05:17.588771,731054,1609507411204543,5011174126,-0.687104,0.755424,0.447008,-5.355,9.03,-2.80875,-0.496,-9.088,31.704002,none,8,3.0,93953.0,290777.0,169793.0,278852.0,182071.0
2026-04-14 18:05:17.591261,731055,1609507411219078,5011189055,-0.687104,0.755424,0.447008,-5.635,9.52875,-2.2225,-0.496,-9.088,31.704002,none,8,3.0,93953.0,290777.0,169793.0,278852.0,182071.0
2026-04-14 18:05:17.593885,731056,1609507411228045,5011197734,-0.646112,0.714432,0.386496,-5.39875,9.49375,-2.56375,-0.192,-9.256001,31.184002,none,8,3.0,93953.0,290777.0,169793.0,278852.0,182071.0
2026-04-14 18:05:17.596309,731057,1609507411237013,5011206574,-0.646112,0.714432,0.386496,-4.50625,9.0475,-3.1325,-0.192,-9.256001,31.184002,none,8,3.0,93953.0,290777.0,169793.0,278852.0,182071.0
2026-04-14 18:05:17.610019,731058,1609507411251552,5011221522,-0.710528,0.70272,0.183488,-3.115,8.61875,-3.56125,-0.168,-9.376,31.216002,none,8,3.0,93953.0,290777.0,169793.0,278852.0,182071.0
2026-04-14 18:05:17.620976,731059,1609507411260500,5011230231,-0.710528,0.70272,0.183488,-2.07375,7.07,-3.885,-0.168,-9.376,31.216002,none,8,3.0,93953.0,290777.0,169793.0,278852.0,182071.0
2026-04-14 18:05:17.640349,731060,1609507411275039,5011245112,-0.708576,0.749568,0.368928,-0.2625,6.11625,-4.585,0.968,-9.416,33.248,none,8,3.0,93953.0,290777.0,169793.0,278852.0,182071.0
2026-04-14 18:05:17.642187,731061,1609507411283980,5011253834,-0.657824,0.733952,0.314272,1.435,5.24125,-5.55625,0.12,-9.104,31.256002,none,8,3.0,93953.0,290777.0,169793.0,278852.0,182071.0
2026-04-14 18:05:17.678111,731062,1609507411292955,5011262551,-0.657824,0.733952,0.314272,2.16125,4.03375,-6.265,0.12,-9.104,31.256002,none,8,3.0,93953.0,290777.0,169793.0,278852.0,182071.0
2026-04-14 18:05:17.726092,731073,1609507411307540,5011277522,-0.747616,0.794464,0.281088,1.93375,3.36875,-7.48125,-0.576,-8.808001,31.568,none,8,3.0,96832.0,293428.0,173154.0,281285.0,185404.0
2026-04-14 18:05:17.728849,731074,1609507411316541,5011286344,-0.747616,0.794464,0.281088,0.16625,2.695,-8.4,-0.576,-8.808001,31.568,none,8,3.0,96832.0,293428.0,173154.0,281285.0,185404.0
2026-04-14 18:05:17.731364,731075,1609507411331069,5011301341,-0.71248,0.833504,0.407968,-4.0075,2.345,-9.6075,-1.392,-9.288,31.504002,none,8,3.0,96832.0,293428.0,173154.0,281285.0,185404.0
2026-04-14 18:05:17.733887,731076,1609507411339984,5011310061,-0.71248,0.833504,0.407968,-11.165,1.19875,-10.35125,-1.392,-9.288,31.504002,none,8,3.0,96832.0,293428.0,173154.0,281285.0,185404.0
2026-04-14 18:05:17.736308,731077,1609507411354483,5011322999,-0.69296,0.880352,0.413824,-17.59625,0.0,-11.31375,0.256,-8.968,31.640001,none,8,3.0,96832.0,293428.0,173154.0,281285.0,185404.0
2026-04-14 18:05:17.738890,731078,1609507411364048,5011333761,-0.743712,0.755424,0.236192,-21.4025,-1.435,-14.245,-0.2,-8.424001,31.000002,none,8,3.0,96832.0,293428.0,173154.0,281285.0,185404.0
2026-04-14 18:05:17.741271,731079,1609507411373048,5011342513,-0.743712,0.755424,0.236192,-28.27125,-2.66875,-14.95375,-0.2,-8.424001,31.000002,none,8,3.0,96832.0,293428.0,173154.0,281285.0,185404.0
2026-04-14 18:05:17.746393,731080,1609507411387585,5011357463,-0.628544,0.630496,0.345504,-31.9375,-2.9575,-12.9675,0.16,-8.008,31.672,none,8,3.0,96832.0,293428.0,173154.0,281285.0,185404.0
2026-04-14 18:05:17.756326,731081,1609507411396571,5011366154,-0.628544,0.630496,0.345504,-29.785,-2.40625,-12.27625,0.16,-8.008,31.672,none,8,3.0,96832.0,293428.0,173154.0,281285.0,185404.0
2026-04-14 18:05:17.783896,731092,1609507411411121,5011381113,-0.591456,0.632448,0.5368,-22.11125,-1.995,-12.6875,1.104,-7.76,30.832,none,8,3.0,93949.0,303117.0,169238.0,290374.0,180728.0
2026-04-14 18:05:17.786393,731093,1609507411420060,5011389796,-0.591456,0.632448,0.5368,-11.08625,-1.40875,-13.440001,1.104,-7.76,30.832,none,8,3.0,93949.0,303117.0,169238.0,290374.0,180728.0
2026-04-14 18:05:17.791074,731094,1609507411429038,5011398498,-0.737856,0.732,0.368928,3.3075,-1.19875,-13.755,0.904,-7.84,30.720001,none,8,3.0,93949.0,303117.0,169238.0,290374.0,180728.0
2026-04-14 18:05:17.803639,731095,1609507411443592,5011413417,-0.767136,0.757376,0.210816,15.12875,-0.84875,-13.1775,1.192,-8.464001,30.472002,none,8,3.0,93949.0,303117.0,169238.0,290374.0,180728.0
2026-04-14 18:05:17.816238,731096,1609507411452541,5011422130,-0.767136,0.757376,0.210816,18.83875,0.4375,-12.775,1.192,-8.464001,30.472002,none,8,3.0,93949.0,303117.0,169238.0,290374.0,180728.0
2026-04-14 18:05:17.826286,731097,1609507411467256,5011437173,-0.767136,0.681248,0.191296,14.23625,3.24625,-11.90875,1.416,-8.152,30.656002,none,8,3.0,93949.0,303117.0,169238.0,290374.0,180728.0
2026-04-14 18:05:17.835114,731098,1609507411476366,5011445882,-0.767136,0.681248,0.191296,6.4225,5.7575,-10.78,1.416,-8.152,30.656002,none,8,3.0,93949.0,303117.0,169238.0,290374.0,180728.0
2026-04-14 18:05:17.850146,731099,1609507411490846,5011460778,-0.691008,0.646112,0.31232,3.22,7.65625,-10.045,-0.288,-7.808001,32.336002,none,8,3.0,93949.0,303117.0,169238.0,290374.0,180728.0
2026-04-14 18:05:17.884776,731110,1609507411500217,5011469894,-0.691008,0.646112,0.31232,4.165,9.30125,-9.555,-0.288,-7.808001,32.336002,none,8,3.0,81219.0,291211.0,153452.0,279275.0,164945.0
2026-04-14 18:05:17.885306,731111,1609507411509223,5011478681,-0.708576,0.648064,0.218624,4.97875,11.261251,-9.09125,1.24,-8.480001,30.872002,none,8,3.0,81219.0,291211.0,153452.0,279275.0,164945.0
2026-04-14 18:05:17.887453,731112,1609507411523785,5011493646,-0.691008,0.65392,0.384544,2.695,12.81,-8.26875,-0.808,-8.280001,33.656002,none,8,3.0,81219.0,291211.0,153452.0,279275.0,164945.0
2026-04-14 18:05:17.893652,731113,1609507411532793,5011502378,-0.691008,0.65392,0.384544,0.25375,13.97375,-7.20125,-0.296,-8.280001,33.656002,none,8,3.0,81219.0,291211.0,153452.0,279275.0,164945.0
2026-04-14 18:05:17.906533,731114,1609507411547326,5011517336,-0.812032,0.710528,0.218624,1.12,14.65625,-6.99125,1.864,-8.384001,30.704002,none,8,3.0,81219.0,291211.0,153452.0,279275.0,164945.0
2026-04-14 18:05:17.916608,731115,1609507411556450,5011526036,-0.812032,0.710528,0.218624,2.70375,15.30375,-7.2625,1.864,-8.384001,30.704002,none,8,3.0,81219.0,291211.0,153452.0,279275.0,164945.0
2026-04-14 18:05:17.924077,731116,1609507411565542,5011534728,-0.776896,0.737856,0.36112,3.15875,15.89,-7.525,2.2,-8.248,31.448002,none,8,3.0,81219.0,291211.0,153452.0,279275.0,164945.0
2026-04-14 18:05:17.939170,731117,1609507411580039,5011549625,-0.776896,0.737856,0.36112,2.485,15.81125,-6.8075,2.2,-8.248,31.448002,none,8,3.0,81219.0,291211.0,153452.0,279275.0,164945.0
2026-04-14 18:05:17.950509,731118,1609507411588978,5011558312,-0.685152,0.669536,0.374784,1.015,15.96875,-6.4225,1.912,-8.264,31.576002,none,8,3.0,81219.0,291211.0,153452.0,279275.0,164945.0
2026-04-14 18:05:17.983030,731129,1609507411603716,5011573287,-0.685152,0.669536,0.21472,1.02375,15.645,-5.81875,1.912,-8.264,31.576002,none,8,3.0,88245.0,292406.0,162188.0,280011.0,174227.0
2026-04-14 18:05:17.984872,731130,1609507411612712,5011582059,-0.759328,0.679296,0.21472,2.10875,14.42875,-5.9325,1.48,-8.352,30.44,none,8,3.0,88245.0,292406.0,162188.0,280011.0,174227.0
2026-04-14 18:05:17.987787,731131,1609507411621666,5011590813,-0.759328,0.679296,0.21472,2.415,13.440001,-5.95875,1.48,-8.352,30.44,none,8,3.0,88245.0,292406.0,162188.0,280011.0,174227.0
2026-04-14 18:05:17.995383,731132,1609507411636240,5011605863,-0.812032,0.714432,0.242048,2.03875,11.8825,-5.17125,2.176,-8.552,30.400002,none,8,3.0,88245.0,292406.0,162188.0,280011.0,174227.0
2026-04-14 18:05:18.004038,731133,1609507411645182,5011614562,-0.704672,0.677344,0.345504,1.995,10.3425,-5.355,2.896,-8.416,30.408,none,8,3.0,88245.0,292406.0,162188.0,280011.0,174227.0
2026-04-14 18:05:18.049194,731134,1609507411659670,5011629569,-0.704672,0.677344,0.345504,1.72375,8.26875,-5.81875,2.896,-8.416,30.408,none,8,3.0,88245.0,292406.0,162188.0,280011.0,174227.0
2026-04-14 18:05:18.051651,731135,1609507411668686,5011638258,-0.81008,0.710528,0.269376,0.91875,7.23625,-5.7225,2.96,-8.744,31.376001,none,8,3.0,88245.0,292406.0,162188.0,280011.0,174227.0
2026-04-14 18:05:18.054085,731136,1609507411683198,5011653198,-0.81008,0.710528,0.269376,0.55125,5.67875,-5.59125,2.96,-8.744,31.376001,none,8,3.0,88245.0,292406.0,162188.0,280011.0,174227.0
2026-04-14 18:05:18.072398,731137,1609507411692128,5011661871,-0.747616,0.687104,0.349408,0.41125,4.0425,-5.34625,1.664,-8.328,32.336002,none,8,3.0,88245.0,292406.0,162188.0,280011.0,174227.0
2026-04-14 18:05:18.096542,731148,1609507411701545,5011670924,-0.747616,0.687104,0.349408,0.60375,2.61625,-4.92625,1.664,-8.328,32.336002,none,8,3.0,90314.0,292598.0,164541.0,280003.0,176561.0
2026-04-14 18:05:18.098712,731149,1609507411716210,5011686083,-0.76128,0.698816,0.38064,0.525,1.2775,-4.375,0.848,-7.920001,31.840002,none,8,3.0,90314.0,292598.0,164541.0,280003.0,176561.0
2026-04-14 18:05:18.101345,731150,1609507411725331,5011694872,-0.767136,0.6832,0.2928,0.385,0.13125,-4.06875,1.096,-8.480001,30.664001,none,8,3.0,90314.0,292598.0,164541.0,280003.0,176561.0
2026-04-14 18:05:18.104168,731151,1609507411739859,5011709935,-0.767136,0.6832,0.2928,-0.56,-0.93625,-3.26375,1.096,-8.480001,30.664001,none,8,3.0,90314.0,292598.0,164541.0,280003.0,176561.0
2026-04-14 18:05:18.108839,731152,1609507411748879,5011718696,-0.815936,0.698816,0.242048,-1.1025,-2.12625,-2.98375,1.848,-8.6,31.696001,none,8,3.0,90314.0,292598.0,164541.0,280003.0,176561.0
2026-04-14 18:05:18.116181,731153,1609507411757914,5011727419,-0.815936,0.698816,0.242048,-1.14625,-2.8,-2.3975,1.848,-8.6,31.696001,none,8,3.0,90314.0,292598.0,164541.0,280003.0,176561.0
2026-04-14 18:05:18.133827,731154,1609507411772389,5011742380,-0.733952,0.698816,0.386496,-0.95375,-4.19125,-2.03,1.984,-8.256001,31.784002,none,8,3.0,90314.0,292598.0,164541.0,280003.0,176561.0
2026-04-14 18:05:18.140580,731155,1609507411781285,5011751081,-0.733952,0.698816,0.386496,-0.91,-4.935,-1.6625,1.984,-8.256001,31.784002,none,8,3.0,90314.0,292598.0,164541.0,280003.0,176561.0
2026-04-14 18:05:18.156707,731156,1609507411795771,5011765959,-0.788608,0.698816,0.21472,-1.8025,-5.9675,-1.8025,2.64,-8.848001,30.688002,none,8,3.0,90314.0,292598.0,164541.0,280003.0,176561.0
2026-04-14 18:05:18.209112,731167,1609507411804831,5011774757,-0.788608,0.698816,0.199104,-3.82375,-7.23625,-1.75875,2.64,-8.848001,30.688002,none,8,3.0,86948.0,291114.0,160369.0,278705.0,172326.0
2026-04-14 18:05:18.211359,731168,1609507411813944,5011783537,-0.827648,0.700768,0.187392,-5.005,-8.07625,-1.435,1.952,-8.824,32.072002,none,8,3.0,86948.0,291114.0,160369.0,278705.0,172326.0
2026-04-14 18:05:18.213998,731169,1609507411828496,5011798438,-0.735904,0.69296,0.347456,-5.32875,-9.38875,-1.53125,2.128,-8.552,30.624,none,8,3.0,86948.0,291114.0,160369.0,278705.0,172326.0
2026-04-14 18:05:18.216727,731170,1609507411837498,5011807096,-0.735904,0.69296,0.347456,-4.62875,-9.72125,-1.63625,2.128,-8.552,30.624,none,8,3.0,86948.0,291114.0,160369.0,278705.0,172326.0
2026-04-14 18:05:18.219205,731171,1609507411852018,5011822017,-0.706624,0.669536,0.281088,-4.0075,-10.4125,-1.6975,2.328,-8.872001,30.976002,none,8,3.0,86948.0,291114.0,160369.0,278705.0,172326.0
2026-04-14 18:05:18.221696,731172,1609507411860952,5011830707,-0.706624,0.669536,0.281088,-4.305,-11.2175,-1.365,2.328,-8.872001,30.976002,none,8,3.0,86948.0,291114.0,160369.0,278705.0,172326.0
2026-04-14 18:05:18.234193,731173,1609507411875458,5011845658,-0.704672,0.689056,0.368928,-5.03125,-11.17375,-1.05,2.392,-8.68,30.632002,none,8,3.0,86948.0,291114.0,160369.0,278705.0,172326.0
2026-04-14 18:05:18.245516,731174,1609507411884493,5011854364,-0.704672,0.689056,0.368928,-6.02875,-11.64625,-1.35625,2.392,-8.68,30.632002,none,8,3.0,86948.0,291114.0,160369.0,278705.0,172326.0
2026-04-14 18:05:18.252954,731175,1609507411893520,5011863042,-0.747616,0.679296,0.199104,-5.915,-12.03125,-1.25125,1.208,-8.424001,31.256002,none,8,3.0,86948.0,291114.0,160369.0,278705.0,172326.0
2026-04-14 18:05:18.283784,731186,1609507411908180,5011878221,-0.753472,0.685152,0.17568,-5.8625,-12.635,-1.11125,1.304,-8.632,30.832,none,8,3.0,81948.0,290637.0,154125.0,278589.0,165901.0
2026-04-14 18:05:18.286561,731187,1609507411917178,5011887066,-0.753472,0.685152,0.17568,-5.81,-13.125,-0.63875,1.304,-8.632,30.832,none,8,3.0,81948.0,290637.0,154125.0,278589.0,165901.0
2026-04-14 18:05:18.291184,731188,1609507411931684,5011901977,-0.70272,0.6832,0.26352,-5.64375,-13.55375,-0.18375,1.496,-8.784,30.664001,none,8,3.0,81948.0,290637.0,154125.0,278589.0,165901.0
2026-04-14 18:05:18.301605,731189,1609507411940649,5011910695,-0.70272,0.6832,0.26352,-6.09,-14.07875,0.4375,1.496,-8.784,30.664001,none,8,3.0,81948.0,290637.0,154125.0,278589.0,165901.0
2026-04-14 18:05:18.310350,731190,1609507411949581,5011919372,-0.772992,0.728096,0.33184,-6.11625,-14.28,0.62125,1.424,-8.752001,30.632002,none,8,3.0,81948.0,290637.0,154125.0,278589.0,165901.0
2026-04-14 18:05:18.322960,731191,1609507411964160,5011934429,-0.772992,0.728096,0.33184,-6.3875,-14.37625,1.25125,1.424,-8.752001,30.632002,none,8,3.0,81948.0,290637.0,154125.0,278589.0,165901.0
2026-04-14 18:05:18.332929,731192,1609507411973112,5011943133,-0.67344,0.70272,0.433344,-6.53625,-14.945,1.82,1.4,-8.656,30.808,none,8,3.0,81948.0,290637.0,154125.0,278589.0,165901.0
2026-04-14 18:05:18.345492,731193,1609507411987622,5011955993,-0.730048,0.74176,0.443104,-5.13625,-15.14625,1.47,0.552,-8.528001,30.080002,none,8,3.0,81948.0,290637.0,154125.0,278589.0,165901.0
2026-04-14 18:05:18.356276,731194,1609507411996993,5011966776,-0.730048,0.74176,0.443104,-3.535,-14.945,1.72375,0.552,-8.528001,30.080002,none,8,3.0,81948.0,290637.0,154125.0,278589.0,165901.0
2026-04-14 18:05:18.434225,731205,1609507412011639,5011981786,-0.767136,0.730048,0.261568,-3.17625,-15.33875,2.2225,-0.096,-8.792001,30.448002,none,8,3.0,75964.0,288188.0,146632.0,276703.0,158159.0
2026-04-14 18:05:18.436749,731206,1609507412020620,5011990482,-0.767136,0.730048,0.261568,-2.86125,-15.4875,2.8525,-0.096,-8.792001,30.448002,none,8,3.0,75964.0,288188.0,146632.0,276703.0,158159.0
2026-04-14 18:05:18.441343,731207,1609507412029560,5011999188,-0.6832,0.728096,0.476288,-2.47625,-15.75,3.59625,-0.344,-8.360001,31.208002,none,8,3.0,75964.0,288188.0,146632.0,276703.0,158159.0
2026-04-14 18:05:18.448610,731208,1609507412044045,5012014048,-0.6832,0.728096,0.476288,-2.00375,-15.95125,4.29625,-0.344,-8.360001,31.208002,none,8,3.0,75964.0,288188.0,146632.0,276703.0,158159.0
2026-04-14 18:05:18.452915,731209,1609507412053001,5012022807,-0.718336,0.698816,0.240096,-1.0325,-16.31,4.64625,-0.424,-8.536,31.400002,none,8,3.0,75964.0,288188.0,146632.0,276703.0,158159.0
2026-04-14 18:05:18.454663,731210,1609507412067492,5012037702,-0.691008,0.730048,0.480192,0.315,-16.345,4.48,-0.896,-8.496,33.152,none,8,3.0,75964.0,288188.0,146632.0,276703.0,158159.0
2026-04-14 18:05:18.456073,731211,1609507412076583,5012046396,-0.691008,0.730048,0.480192,1.77625,-15.95125,4.655,-0.896,-8.496,33.152,none,8,3.0,75964.0,288188.0,146632.0,276703.0,158159.0
2026-04-14 18:05:18.458469,731212,1609507412085541,5012055104,-0.691008,0.730048,0.480192,3.29,-16.24,4.9875,-0.896,-8.496,33.152,none,8,3.0,75964.0,288188.0,146632.0,276703.0,158159.0
2026-04-14 18:05:18.461168,731213,1609507412100067,5012070056,-0.655872,0.70272,0.394304,5.76625,-16.38875,4.48875,-1.536,-8.400001,31.160002,none,8,3.0,75964.0,288188.0,146632.0,276703.0,158159.0
2026-04-14 18:05:18.489202,731224,1609507412109199,5012078916,-0.75152,0.72224,0.220576,8.05,-16.485,4.095,-1.544,-9.016001,29.880001,none,8,3.0,67922.0,280231.0,136266.0,269978.0,147542.0
2026-04-14 18:05:18.491265,731225,1609507412123821,5012093944,-0.75152,0.72224,0.220576,8.12,-16.8525,4.15625,-1.544,-9.016001,29.880001,none,8,3.0,67922.0,280231.0,136266.0,269978.0,147542.0
2026-04-14 18:05:18.494198,731226,1609507412132764,5012102671,-0.759328,0.74176,0.279136,7.1925,-17.0625,3.4475,-1.352,-9.160001,31.440002,none,8,3.0,67922.0,280231.0,136266.0,269978.0,147542.0
2026-04-14 18:05:18.506511,731227,1609507412147278,5012117562,-0.759328,0.704672,0.474336,5.495,-16.80875,3.01,-1.352,-9.160001,31.440002,none,8,3.0,67922.0,280231.0,136266.0,269978.0,147542.0
2026-04-14 18:05:18.516707,731228,1609507412156227,5012126277,-0.650016,0.704672,0.474336,4.52375,-16.91375,2.8875,-0.776,-9.432,30.392002,none,8,3.0,67922.0,280231.0,136266.0,269978.0,147542.0
2026-04-14 18:05:18.523692,731229,1609507412165287,5012135159,-0.650016,0.704672,0.474336,4.095,-17.35125,2.17875,-0.776,-9.432,30.392002,none,8,3.0,67922.0,280231.0,136266.0,269978.0,147542.0
2026-04-14 18:05:18.539902,731230,1609507412179768,5012150083,-0.718336,0.726144,0.454816,4.2525,-17.4125,0.8925,-1.232,-9.352,31.432001,none,8,3.0,67922.0,280231.0,136266.0,269978.0,147542.0
2026-04-14 18:05:18.549058,731231,1609507412188710,5012158804,-0.691008,0.698816,0.476288,4.445,-17.115,-1.1725,-2.024,-9.808001,34.120003,none,8,3.0,67922.0,280231.0,136266.0,269978.0,147542.0
2026-04-14 18:05:18.584873,731242,1609507412203239,5012171696,-0.691008,0.698816,0.476288,4.4275,-17.08,-2.09125,-2.024,-9.808001,34.120003,none,8,3.0,56448.0,268489.0,120471.0,260294.0,131451.0
2026-04-14 18:05:18.587833,731243,1609507412212624,5012182514,-0.726144,0.661728,0.249856,5.11875,-16.75625,-3.5175,-2.28,-9.928,31.208002,none,8,3.0,56448.0,268489.0,120471.0,260294.0,131451.0
2026-04-14 18:05:18.590429,731244,1609507412221538,5012191232,-0.726144,0.661728,0.249856,6.86875,-16.30125,-5.3025,-2.28,-9.928,31.208002,none,8,3.0,56448.0,268489.0,120471.0,260294.0,131451.0
2026-04-14 18:05:18.596527,731245,1609507412236150,5012206161,-0.642208,0.687104,0.503616,8.47,-15.82875,-6.62375,-2.392,-9.776,31.304,none,8,3.0,56448.0,268489.0,120471.0,260294.0,131451.0
2026-04-14 18:05:18.605052,731246,1609507412245139,5012214834,-0.642208,0.687104,0.503616,10.325,-14.595,-7.76125,-2.392,-9.776,31.304,none,8,3.0,56448.0,268489.0,120471.0,260294.0,131451.0
2026-04-14 18:05:18.620434,731247,1609507412259784,5012229789,-0.636352,0.696864,0.445056,12.1625,-14.5775,-8.295,-1.568,-10.432,30.728,none,8,3.0,56448.0,268489.0,120471.0,260294.0,131451.0
2026-04-14 18:05:18.627979,731248,1609507412268724,5012238485,-0.648064,0.685152,0.333792,11.13,-13.50125,-9.87,-3.456,-9.96,34.336002,none,8,3.0,56448.0,268489.0,120471.0,260294.0,131451.0
2026-04-14 18:05:18.642864,731249,1609507412283199,5012253373,-0.648064,0.685152,0.333792,11.13,-12.67,-11.7775,-3.456,-9.96,34.336002,none,8,3.0,56448.0,268489.0,120471.0,260294.0,131451.0
2026-04-14 18:05:18.651584,731250,1609507412292125,5012262068,-0.648064,0.679296,0.318176,10.94625,-11.57625,-13.4225,-2.928,-10.928,30.2,none,8,3.0,56448.0,268489.0,120471.0,260294.0,131451.0
2026-04-14 18:05:18.662975,731251,1609507412301176,5012270785,-0.648064,0.679296,0.318176,11.76,-10.19375,-14.41125,-2.928,-10.928,30.2,none,8,3.0,56448.0,268489.0,120471.0,260294.0,131451.0
2026-04-14 18:05:18.690489,731262,1609507412315920,5012285786,-0.618784,0.694912,0.427488,13.440001,-8.5575,-15.65375,-2.288,-11.304001,29.760002,none,8,3.0,46446.0,255957.0,105068.0,251347.0,115520.0
2026-04-14 18:05:18.692948,731263,1609507412324905,5012294508,-0.618784,0.694912,0.427488,15.155,-6.55375,-16.91375,-2.288,-11.304001,29.760002,none,8,3.0,46446.0,255957.0,105068.0,251347.0,115520.0
2026-04-14 18:05:18.700472,731264,1609507412339397,5012309431,-0.720288,0.728096,0.236192,16.5025,-4.3225,-17.6925,-2.968,-11.008,31.528002,none,8,3.0,46446.0,255957.0,105068.0,251347.0,115520.0
2026-04-14 18:05:18.707960,731265,1609507412348502,5012318134,-0.720288,0.728096,0.269376,16.5375,-1.365,-18.27875,-2.968,-11.008,31.528002,none,8,3.0,46446.0,255957.0,105068.0,251347.0,115520.0
2026-04-14 18:05:18.716705,731266,1609507412357546,5012326823,-0.728096,0.743712,0.269376,15.5575,0.56875,-19.005,-2.584,-11.344001,31.688002,none,8,3.0,46446.0,255957.0,105068.0,251347.0,115520.0
2026-04-14 18:05:18.730054,731267,1609507412372060,5012341732,-0.659776,0.724192,0.337696,14.6825,3.01,-19.5825,-2.616,-11.768001,31.432001,none,8,3.0,46446.0,255957.0,105068.0,251347.0,115520.0
2026-04-14 18:05:18.740949,731268,1609507412381048,5012350462,-0.659776,0.724192,0.337696,15.8025,5.4075,-19.915,-2.616,-11.768001,31.432001,none,8,3.0,46446.0,255957.0,105068.0,251347.0,115520.0
2026-04-14 18:05:18.775004,731269,1609507412395537,5012365367,-0.749568,0.765184,0.304512,16.178751,7.1575,-20.1425,-2.616,-11.824,31.168001,none,8,3.0,46446.0,255957.0,105068.0,251347.0,115520.0
2026-04-14 18:05:18.850348,731280,1609507412405037,5012374692,-0.749568,0.765184,0.304512,15.5225,9.17,-20.405,-2.616,-11.824,31.168001,none,8,3.0,41197.0,250897.0,96189.0,249528.0,106083.0
2026-04-14 18:05:18.852314,731281,1609507412414006,5012383434,-0.75152,0.72224,0.181536,13.7025,11.0775,-19.97625,-1.896,-12.288,30.464,none,8,3.0,41197.0,250897.0,96189.0,249528.0,106083.0
2026-04-14 18:05:18.855426,731282,1609507412428540,5012398341,-0.75152,0.72224,0.181536,11.76875,11.85625,-20.02,-1.896,-12.288,30.464,none,8,3.0,41197.0,250897.0,96189.0,249528.0,106083.0
2026-04-14 18:05:18.860529,731283,1609507412437461,5012407030,-0.743712,0.720288,0.261568,11.025,12.4775,-20.76375,-1.272,-12.080001,31.656002,none,8,3.0,41197.0,250897.0,96189.0,249528.0,106083.0
2026-04-14 18:05:18.862964,731284,1609507412452141,5012421911,-0.720288,0.749568,0.421632,12.285,13.877501,-21.2625,-0.992,-12.64,30.576002,none,8,3.0,41197.0,250897.0,96189.0,249528.0,106083.0
2026-04-14 18:05:18.865302,731285,1609507412461058,5012430589,-0.720288,0.749568,0.421632,14.1575,14.84,-21.98,-0.992,-12.64,30.576002,none,8,3.0,41197.0,250897.0,96189.0,249528.0,106083.0
2026-04-14 18:05:18.867952,731286,1609507412475566,5012445546,-0.765184,0.769088,0.35136,15.35625,15.7325,-22.56625,-0.552,-12.584001,30.712002,none,8,3.0,41197.0,250897.0,96189.0,249528.0,106083.0
2026-04-14 18:05:18.870498,731287,1609507412484542,5012454283,-0.765184,0.769088,0.35136,13.93,16.0475,-23.135,-0.552,-12.584001,30.712002,none,8,3.0,41197.0,250897.0,96189.0,249528.0,106083.0
2026-04-14 18:05:18.872960,731288,1609507412493557,5012462999,-0.774944,0.700768,0.162016,12.24125,15.1375,-24.045,0.12,-12.704,30.872002,none,8,3.0,41197.0,250897.0,96189.0,249528.0,106083.0
2026-04-14 18:05:18.900041,731299,1609507412508247,5012477960,-0.774944,0.700768,0.162016,9.555,14.323751,-25.26125,0.12,-12.704,30.872002,none,8,3.0,40905.0,260804.0,95073.0,257609.0,105163.0
2026-04-14 18:05:18.902849,731300,1609507412517319,5012486774,-0.737856,0.67344,0.238144,8.2075,14.28,-26.62625,-0.392,-12.792001,30.848001,none,8,3.0,40905.0,260804.0,95073.0,257609.0,105163.0
2026-04-14 18:05:18.905264,731301,1609507412532016,5012501711,-0.743712,0.714432,0.333792,11.17375,14.21,-26.71375,0.152,-12.784,31.184002,none,8,3.0,40905.0,260804.0,95073.0,257609.0,105163.0
2026-04-14 18:05:18.907849,731302,1609507412541279,5012510472,-0.743712,0.714432,0.333792,14.34125,14.4725,-27.44875,0.152,-12.784,31.184002,none,8,3.0,40905.0,260804.0,95073.0,257609.0,105163.0
2026-04-14 18:05:18.910345,731303,1609507412550302,5012519309,-0.823744,0.739808,0.171776,15.5575,13.86875,-28.0875,0.56,-12.784,31.840002,none,8,3.0,40905.0,260804.0,95073.0,257609.0,105163.0
2026-04-14 18:05:18.922301,731304,1609507412564863,5012534209,-0.823744,0.739808,0.171776,14.7,12.95,-28.95375,0.56,-12.784,31.840002,none,8,3.0,40905.0,260804.0,95073.0,257609.0,105163.0
2026-04-14 18:05:18.934039,731305,1609507412573803,5012542929,-0.815936,0.737856,0.298656,12.635,12.25,-29.6625,-0.424,-12.528001,32.488003,none,8,3.0,40905.0,260804.0,95073.0,257609.0,105163.0
2026-04-14 18:05:18.947928,731306,1609507412588381,5012557812,-0.815936,0.737856,0.298656,8.3475,11.1125,-30.178751,-0.424,-12.528001,32.488003,none,8,3.0,40905.0,260804.0,95073.0,257609.0,105163.0
2026-04-14 18:05:18.955465,731307,1609507412597354,5012566694,-0.769088,0.70272,0.33184,5.075,10.6925,-30.9575,-0.152,-12.712001,31.600002,none,8,3.0,40905.0,260804.0,95073.0,257609.0,105163.0
2026-04-14 18:05:18.990583,731318,1609507412606442,5012575850,-0.769088,0.70272,0.33184,2.09125,10.21125,-31.28125,-0.152,-12.712001,31.600002,none,8,3.0,42537.0,271639.0,97273.0,265515.0,107924.0
2026-04-14 18:05:18.992464,731319,1609507412621251,5012591059,-0.831552,0.724192,0.28304,1.015,10.0625,-30.45,-0.056,-12.312,32.728,none,8,3.0,42537.0,271639.0,97273.0,265515.0,107924.0
2026-04-14 18:05:18.994974,731320,1609507412630249,5012599788,-0.831552,0.69296,0.160064,-0.21875,10.3775,-30.6075,-0.056,-12.312,32.728,none,8,3.0,42537.0,271639.0,97273.0,265515.0,107924.0
2026-04-14 18:05:19.004203,731321,1609507412644783,5012614682,-0.862784,0.69296,0.160064,-1.785,11.06875,-30.2225,0.416,-12.016001,32.832,none,8,3.0,42537.0,271639.0,97273.0,265515.0,107924.0
2026-04-14 18:05:19.011311,731322,1609507412653785,5012623403,-0.769088,0.679296,0.314272,-3.045,11.89125,-29.505001,1.568,-12.016001,32.752003,none,8,3.0,42537.0,271639.0,97273.0,265515.0,107924.0
2026-04-14 18:05:19.021058,731323,1609507412662824,5012632137,-0.769088,0.679296,0.314272,-4.33125,13.08125,-27.86,1.568,-12.016001,32.752003,none,8,3.0,42537.0,271639.0,97273.0,265515.0,107924.0
2026-04-14 18:05:19.036285,731324,1609507412677350,5012647068,-0.872544,0.716384,0.232288,-5.85375,13.41375,-26.5125,1.936,-12.216001,33.56,none,8,3.0,42537.0,271639.0,97273.0,265515.0,107924.0
2026-04-14 18:05:19.045155,731325,1609507412686336,5012655757,-0.872544,0.716384,0.232288,-9.0125,12.915,-25.4975,1.936,-12.216001,33.56,none,8,3.0,42537.0,271639.0,97273.0,265515.0,107924.0
2026-04-14 18:05:19.060184,731326,1609507412700879,5012670698,-0.866688,0.6832,0.21472,-12.69625,13.195,-25.34875,1.336,-11.928,32.128002,none,8,3.0,42537.0,271639.0,97273.0,265515.0,107924.0
2026-04-14 18:05:19.092572,731337,1609507412709957,5012679474,-0.866688,0.6832,0.21472,-14.2275,13.99125,-25.366251,1.336,-11.928,32.128002,none,8,3.0,54874.0,298729.0,115532.0,287608.0,127377.0
2026-04-14 18:05:19.095185,731338,1609507412724462,5012694424,-0.84912,0.665632,0.249856,-12.41625,15.65375,-24.675,1.008,-11.512,32.688,none,8,3.0,54874.0,298729.0,115532.0,287608.0,127377.0
2026-04-14 18:05:19.100473,731339,1609507412733418,5012703123,-0.77104,0.65392,0.329888,-9.2575,17.10625,-22.70625,1.48,-11.160001,33.064003,none,8,3.0,54874.0,298729.0,115532.0,287608.0,127377.0
2026-04-14 18:05:19.101122,731340,1609507412742382,5012711834,-0.77104,0.65392,0.329888,-6.16,17.6575,-20.22125,1.48,-11.160001,33.064003,none,8,3.0,54874.0,298729.0,115532.0,287608.0,127377.0
2026-04-14 18:05:19.138823,731341,1609507412756887,5012726748,-0.895968,0.675392,0.171776,-6.95625,17.91125,-18.85625,3.112,-11.392,33.256,none,8,3.0,54874.0,298729.0,115532.0,287608.0,127377.0
2026-04-14 18:05:19.163901,731342,1609507412765802,5012735505,-0.895968,0.675392,0.171776,-9.24,18.31375,-17.1325,3.112,-11.392,33.256,none,8,3.0,54874.0,298729.0,115532.0,287608.0,127377.0
2026-04-14 18:05:19.168871,731343,1609507412780298,5012750402,-0.806176,0.62464,0.238144,-10.395,18.6725,-15.25125,2.512,-11.112,33.216003,none,8,3.0,54874.0,298729.0,115532.0,287608.0,127377.0
2026-04-14 18:05:19.171393,731344,1609507412789221,5012759096,-0.806176,0.62464,0.238144,-10.7275,19.5125,-12.8275,2.512,-11.112,33.216003,none,8,3.0,54874.0,298729.0,115532.0,287608.0,127377.0
2026-04-14 18:05:19.173820,731345,1609507412803736,5012773994,-0.786656,0.622688,0.325984,-10.15875,20.265,-11.20875,2.552,-10.744,34.320004,none,8,3.0,54874.0,298729.0,115532.0,287608.0,127377.0
2026-04-14 18:05:19.203790,731356,1609507412812784,5012782779,-0.784704,0.607072,0.320128,-9.975,20.6675,-9.730001,2.84,-10.464001,33.288002,none,8,3.0,77578.0,315763.0,144884.0,301182.0,157053.0
2026-04-14 18:05:19.206228,731357,1609507412821850,5012791637,-0.784704,0.607072,0.320128,-8.70625,21.1575,-8.40875,2.84,-10.464001,33.288002,none,8,3.0,77578.0,315763.0,144884.0,301182.0,157053.0
2026-04-14 18:05:19.208652,731358,1609507412836463,5012806564,-0.823744,0.591456,0.152256,-7.7525,21.11375,-6.99125,3.16,-10.248,33.600002,none,8,3.0,77578.0,315763.0,144884.0,301182.0,157053.0
2026-04-14 18:05:19.211253,731359,1609507412845374,5012815276,-0.823744,0.591456,0.152256,-5.80125,22.04125,-5.55625,3.16,-10.248,33.600002,none,8,3.0,77578.0,315763.0,144884.0,301182.0,157053.0
2026-04-14 18:05:19.218758,731360,1609507412860025,5012830281,-0.862784,0.636352,0.271328,-4.83875,21.23625,-5.01375,3.4,-10.288,34.304,none,8,3.0,77578.0,315763.0,144884.0,301182.0,157053.0
2026-04-14 18:05:19.227505,731361,1609507412869012,5012838983,-0.862784,0.636352,0.271328,-4.55,19.81875,-5.03125,3.4,-10.288,34.304,none,8,3.0,77578.0,315763.0,144884.0,301182.0,157053.0
2026-04-14 18:05:19.237501,731362,1609507412878060,5012847683,-0.813984,0.607072,0.247904,-4.27,19.18875,-4.08625,4.552,-10.504001,31.968002,none,8,3.0,77578.0,315763.0,144884.0,301182.0,157053.0
2026-04-14 18:05:19.253707,731363,1609507412892600,5012862586,-0.81008,0.5856,0.22448,-4.57625,18.0425,-4.3925,4.28,-10.544001,30.400002,none,8,3.0,77578.0,315763.0,144884.0,301182.0,157053.0
2026-04-14 18:05:19.260423,731364,1609507412901547,5012871308,-0.81008,0.5856,0.22448,-4.75125,16.59875,-3.885,4.28,-10.544001,30.400002,none,8,3.0,77578.0,315763.0,144884.0,301182.0,157053.0
2026-04-14 18:05:19.294699,731375,1609507412916092,5012886280,-0.905728,0.601216,0.189344,-4.97875,15.085,-3.61375,4.968,-10.536,32.4,none,8,3.0,92533.0,318221.0,163068.0,302402.0,175649.0
2026-04-14 18:05:19.297478,731376,1609507412925052,5012895007,-0.905728,0.601216,0.189344,-5.36375,13.9125,-3.2375,4.968,-10.536,32.4,none,8,3.0,92533.0,318221.0,163068.0,302402.0,175649.0
2026-04-14 18:05:19.298647,731377,1609507412939628,5012909941,-0.812032,0.577792,0.30256,-3.8325,12.705,-2.91375,4.408,-10.224001,32.656002,none,8,3.0,92533.0,318221.0,163068.0,302402.0,175649.0
2026-04-14 18:05:19.307873,731378,1609507412948584,5012918699,-0.812032,0.577792,0.30256,-1.14625,11.34,-3.22,4.408,-10.224001,32.656002,none,8,3.0,92533.0,318221.0,163068.0,302402.0,175649.0
2026-04-14 18:05:19.317812,731379,1609507412957599,5012927405,-0.884256,0.6344,0.275232,1.18125,9.6075,-3.2375,5.064,-10.208,33.224003,none,8,3.0,92533.0,318221.0,163068.0,302402.0,175649.0
2026-04-14 18:05:19.332498,731380,1609507412972118,5012942376,-0.884256,0.6344,0.290848,2.03,7.88375,-3.6575,5.064,-10.208,33.224003,none,8,3.0,92533.0,318221.0,163068.0,302402.0,175649.0
2026-04-14 18:05:19.340477,731381,1609507412981039,5012951077,-0.880352,0.620736,0.284992,1.37375,6.65,-3.6925,4.36,-10.176001,33.56,none,8,3.0,92533.0,318221.0,163068.0,302402.0,175649.0
2026-04-14 18:05:19.356714,731382,1609507412995631,5012965963,-0.890112,0.560224,0.060512,-0.27125,5.60875,-3.115,5.144,-10.6,32.328003,none,8,3.0,92533.0,318221.0,163068.0,302402.0,175649.0
2026-04-14 18:05:19.365486,731383,1609507413004537,5012974641,-0.890112,0.560224,0.060512,-0.84,4.7075,-3.2025,5.144,-10.6,32.328003,none,8,3.0,92533.0,318221.0,163068.0,302402.0,175649.0
2026-04-14 18:05:19.395351,731394,1609507413019137,5012987553,-0.856928,0.609024,0.314272,-0.84,3.9725,-2.77375,4.624,-10.112,33.072002,none,8,3.0,97518.0,317303.0,169159.0,301276.0,181636.0
2026-04-14 18:05:19.397950,731395,1609507413028410,5012998341,-0.856928,0.609024,0.314272,-0.0175,4.01625,-2.3625,4.624,-10.112,33.072002,none,8,3.0,97518.0,317303.0,169159.0,301276.0,181636.0
2026-04-14 18:05:19.400323,731396,1609507413037423,5013007061,-0.931104,0.622688,0.130784,0.25375,3.3425,-1.995,4.552,-10.552,34.152,none,8,3.0,97518.0,317303.0,169159.0,301276.0,181636.0
2026-04-14 18:05:19.411077,731397,1609507413051946,5013021996,-0.931104,0.622688,0.130784,-0.44625,2.38875,-1.16375,4.552,-10.552,34.152,none,8,3.0,97518.0,317303.0,169159.0,301276.0,181636.0
2026-04-14 18:05:19.420123,731398,1609507413060999,5013030717,-0.874496,0.60512,0.232288,-2.17,1.40875,-0.21,5.456,-10.896001,32.032,none,8,3.0,97518.0,317303.0,169159.0,301276.0,181636.0
2026-04-14 18:05:19.435516,731399,1609507413075505,5013045607,-0.86864,0.573888,0.05856,-3.115,0.35875,0.39375,4.464,-10.784,32.176003,none,8,3.0,97518.0,317303.0,169159.0,301276.0,181636.0
2026-04-14 18:05:19.469187,731400,1609507413084452,5013054291,-0.86864,0.573888,0.05856,-3.045,-0.56,1.09375,4.464,-10.784,32.176003,none,8,3.0,97518.0,317303.0,169159.0,301276.0,181636.0
2026-04-14 18:05:19.471770,731401,1609507413093514,5013062974,-0.929152,0.620736,0.109312,-2.135,-1.54,1.8025,4.464,-10.784,32.936,none,8,3.0,97518.0,317303.0,169159.0,301276.0,181636.0
2026-04-14 18:05:19.544181,731412,1609507413108151,5013077951,-0.929152,0.620736,0.109312,-2.02125,-2.38875,2.09125,5.16,-10.824,32.936,none,8,3.0,96609.0,315495.0,168138.0,299511.0,180465.0
2026-04-14 18:05:19.546698,731413,1609507413117231,5013086644,-0.890112,0.62464,0.240096,-1.79375,-3.59625,2.4325,5.208,-10.832001,32.064003,none,8,3.0,96609.0,315495.0,168138.0,299511.0,180465.0
2026-04-14 18:05:19.549175,731414,1609507413131762,5013101565,-0.890112,0.62464,0.240096,-2.135,-4.64625,3.64875,5.208,-10.832001,32.064003,none,8,3.0,96609.0,315495.0,168138.0,299511.0,180465.0
2026-04-14 18:05:19.551184,731415,1609507413140710,5013110282,-0.915488,0.60512,0.052704,-1.9075,-5.32,4.12125,5.304,-10.992001,32.944,none,8,3.0,96609.0,315495.0,168138.0,299511.0,180465.0
2026-04-14 18:05:19.553615,731416,1609507413149675,5013118970,-0.915488,0.60512,0.052704,-1.7325,-6.3175,4.48875,5.304,-10.992001,32.944,none,8,3.0,96609.0,315495.0,168138.0,299511.0,180465.0
2026-04-14 18:05:19.556368,731417,1609507413164345,5013133857,-0.837408,0.581696,0.105408,-1.7675,-7.525,5.27625,4.88,-10.632001,33.464,none,8,3.0,96609.0,315495.0,168138.0,299511.0,180465.0
2026-04-14 18:05:19.558805,731418,1609507413173323,5013142584,-0.837408,0.581696,0.21472,-1.9075,-8.2775,6.09,4.88,-10.632001,33.464,none,8,3.0,96609.0,315495.0,168138.0,299511.0,180465.0
2026-04-14 18:05:19.561331,731419,1609507413187876,5013157514,-0.870592,0.62464,0.216672,-1.96,-9.52,7.00875,3.872,-10.752001,33.104,none,8,3.0,96609.0,315495.0,168138.0,299511.0,180465.0
2026-04-14 18:05:19.564210,731420,1609507413196803,5013166210,-0.89792,0.616832,0.064416,-1.6275,-10.4825,8.198751,3.896,-11.072001,33.232002,none,8,3.0,96609.0,315495.0,168138.0,299511.0,180465.0
2026-04-14 18:05:19.591189,731431,1609507413212037,5013181176,-0.89792,0.616832,0.064416,-1.84625,-11.0775,9.28375,3.896,-11.072001,33.232002,none,8,3.0,87018.0,309748.0,156748.0,294425.0,168726.0
2026-04-14 18:05:19.594061,731432,1609507413221045,5013189957,-0.851072,0.646112,0.279136,-1.88125,-11.55,10.1325,3.456,-10.864,33.696003,none,8,3.0,87018.0,309748.0,156748.0,294425.0,168726.0
2026-04-14 18:05:19.596568,731433,1609507413230039,5013198732,-0.851072,0.646112,0.279136,-1.785,-12.39,10.85,3.456,-10.864,33.696003,none,8,3.0,87018.0,309748.0,156748.0,294425.0,168726.0
2026-04-14 18:05:19.602850,731434,1609507413245122,5013213801,-0.899872,0.642208,0.072224,-1.18125,-13.1775,11.698751,3.52,-10.408001,33.912003,none,8,3.0,87018.0,309748.0,156748.0,294425.0,168726.0
2026-04-14 18:05:19.613785,731435,1609507413254363,5013224582,-0.79056,0.640256,0.325984,-1.56625,-13.7375,12.67,3.52,-10.408001,31.864002,none,8,3.0,87018.0,309748.0,156748.0,294425.0,168726.0
2026-04-14 18:05:19.622998,731436,1609507413263427,5013233269,-0.788608,0.640256,0.325984,-1.96,-14.525,13.06375,3.312,-10.960001,31.744001,none,8,3.0,87018.0,309748.0,156748.0,294425.0,168726.0
2026-04-14 18:05:19.637971,731437,1609507413277929,5013248174,-0.823744,0.650016,0.261568,-2.065,-15.65375,14.35,4.336,-11.344001,32.048,none,8,3.0,87018.0,309748.0,156748.0,294425.0,168726.0
2026-04-14 18:05:19.645517,731438,1609507413286870,5013256902,-0.823744,0.650016,0.261568,-1.9775,-16.00375,15.12875,4.336,-11.344001,32.048,none,8,3.0,87018.0,309748.0,156748.0,294425.0,168726.0
2026-04-14 18:05:19.662993,731439,1609507413301361,5013269774,-0.81984,0.628544,0.12688,-2.09125,-16.3275,15.72375,3.48,-11.424001,30.936,none,8,3.0,87018.0,309748.0,156748.0,294425.0,168726.0
2026-04-14 18:05:19.691051,731450,1609507413311049,5013280663,-0.81984,0.628544,0.12688,-1.295,-17.053751,15.925,3.48,-11.424001,30.936,none,8,3.0,68972.0,297165.0,134688.0,283378.0,145899.0
2026-04-14 18:05:19.693513,731451,1609507413320032,5013289419,-0.776896,0.659776,0.329888,-1.8375,-17.6925,16.51125,2.296,-11.160001,33.416,none,8,3.0,68972.0,297165.0,134688.0,283378.0,145899.0
2026-04-14 18:05:19.696724,731452,1609507413334551,5013304353,-0.776896,0.659776,0.212768,-1.645,-18.7075,17.115,2.296,-11.160001,33.416,none,8,3.0,68972.0,297165.0,134688.0,283378.0,145899.0
2026-04-14 18:05:19.702923,731453,1609507413343557,5013313048,-0.772992,0.648064,0.212768,-0.035,-19.59125,17.7625,2.128,-11.696,32.04,none,8,3.0,68972.0,297165.0,134688.0,283378.0,145899.0
2026-04-14 18:05:19.717644,731454,1609507413358052,5013328071,-0.853024,0.679296,0.132736,0.27125,-20.44,17.5875,2.56,-11.648001,32.072002,none,8,3.0,68972.0,297165.0,134688.0,283378.0,145899.0
2026-04-14 18:05:19.726748,731455,1609507413366981,5013336752,-0.853024,0.679296,0.132736,1.05875,-21.32375,18.19125,2.56,-11.648001,32.072002,none,8,3.0,68972.0,297165.0,134688.0,283378.0,145899.0
2026-04-14 18:05:19.736736,731456,1609507413375910,5013345777,-0.853024,0.72224,0.152256,0.84,-22.51375,18.2525,1.456,-12.104001,29.936,none,8,3.0,68972.0,297165.0,134688.0,283378.0,145899.0
2026-04-14 18:05:19.752975,731457,1609507413390505,5013360676,-0.853024,0.72224,0.152256,-0.0525,-22.86375,18.17375,1.456,-12.104001,29.936,none,8,3.0,68972.0,297165.0,134688.0,283378.0,145899.0
2026-04-14 18:05:19.758747,731458,1609507413399619,5013369526,-0.76128,0.728096,0.355264,-0.86625,-24.22875,18.48875,2.016,-12.016001,31.712002,none,8,3.0,68972.0,297165.0,134688.0,283378.0,145899.0
2026-04-14 18:05:19.792429,731469,1609507413414264,5013384477,-0.76128,0.728096,0.355264,-3.22,-25.2175,18.095,2.016,-12.016001,31.712002,none,8,3.0,50862.0,280315.0,110405.0,268770.0,121337.0
2026-04-14 18:05:19.795137,731470,1609507413423433,5013393245,-0.79056,0.706624,0.349408,-5.46,-26.845,18.22625,0.56,-12.056001,33.256,none,8,3.0,50862.0,280315.0,110405.0,268770.0,121337.0
2026-04-14 18:05:19.797900,731471,1609507413438023,5013408233,-0.743712,0.681248,0.394304,-5.3375,-28.0175,18.48,0.464,-11.656,33.888,none,8,3.0,50862.0,280315.0,110405.0,268770.0,121337.0
2026-04-14 18:05:19.806680,731472,1609507413447064,5013416932,-0.743712,0.681248,0.394304,-2.7475,-28.30625,18.1825,0.464,-11.656,33.888,none,8,3.0,50862.0,280315.0,110405.0,268770.0,121337.0
2026-04-14 18:05:19.819199,731473,1609507413455988,5013425611,-0.786656,0.669536,0.167872,1.0325,-28.8925,18.57625,0.464,-12.504001,30.720001,none,8,3.0,50862.0,280315.0,110405.0,268770.0,121337.0
2026-04-14 18:05:19.830522,731474,1609507413470522,5013440480,-0.786656,0.669536,0.167872,6.3175,-28.8225,19.145,0.68,-12.504001,30.720001,none,8,3.0,50862.0,280315.0,110405.0,268770.0,121337.0
2026-04-14 18:05:19.837966,731475,1609507413479495,5013449170,-0.796416,0.694912,0.148352,9.68625,-28.58625,19.18875,-0.352,-13.232,31.056002,none,8,3.0,50862.0,280315.0,110405.0,268770.0,121337.0
2026-04-14 18:05:19.876710,731476,1609507413494162,5013464058,-0.796416,0.694912,0.148352,12.495,-28.848751,18.8825,-0.352,-13.232,31.056002,none,8,3.0,50862.0,280315.0,110405.0,268770.0,121337.0
2026-04-14 18:05:19.878674,731477,1609507413503255,5013472773,-0.784704,0.716384,0.158112,13.615,-29.95125,19.285,-0.192,-13.408001,31.064001,none,8,3.0,50862.0,280315.0,110405.0,268770.0,121337.0
2026-04-14 18:05:19.931728,731488,1609507413512351,5013481520,-0.784704,0.716384,0.158112,14.00875,-31.2025,19.60875,-0.192,-13.408001,31.064001,none,8,3.0,41931.0,252402.0,97378.0,245986.0,107388.0
2026-04-14 18:05:19.934138,731489,1609507413526937,5013496481,-0.714432,0.730048,0.415776,12.11875,-31.0975,18.5325,-0.632,-13.328001,31.472002,none,8,3.0,41931.0,252402.0,97378.0,245986.0,107388.0
2026-04-14 18:05:19.936699,731490,1609507413535848,5013505154,-0.714432,0.730048,0.294752,9.1525,-30.9925,17.66625,-0.632,-13.328001,31.472002,none,8,3.0,41931.0,252402.0,97378.0,245986.0,107388.0
2026-04-14 18:05:19.939209,731491,1609507413550455,5013520131,-0.677344,0.700768,0.294752,6.13375,-31.395,16.24875,-1.032,-13.464001,31.864002,none,8,3.0,41931.0,252402.0,97378.0,245986.0,107388.0
2026-04-14 18:05:19.944374,731492,1609507413559455,5013528851,-0.776896,0.743712,0.300608,5.1975,-31.17625,14.07875,-2.272,-13.608001,31.976002,none,8,3.0,41931.0,252402.0,97378.0,245986.0,107388.0
2026-04-14 18:05:19.944821,731493,1609507413568390,5013537563,-0.776896,0.743712,0.300608,6.50125,-30.86125,15.155,-2.272,-13.608001,31.976002,none,8,3.0,41931.0,252402.0,97378.0,245986.0,107388.0
2026-04-14 18:05:19.946167,731494,1609507413582960,5013552684,-0.5856,0.669536,0.355264,3.68375,-30.75625,16.135,-3.176,-13.408001,31.712002,none,8,3.0,41931.0,252402.0,97378.0,245986.0,107388.0
2026-04-14 18:05:19.952354,731495,1609507413591922,5013561420,-0.5856,0.669536,0.355264,-0.6825,-37.065,20.08125,-3.176,-13.408001,31.712002,none,8,3.0,41931.0,252402.0,97378.0,245986.0,107388.0
2026-04-14 18:05:19.968930,731496,1609507413606429,5013576432,-0.7808,0.6832,0.181536,-3.3075,-40.29375,19.46875,-2.672,-13.832001,30.616001,none,8,3.0,41931.0,252402.0,97378.0,245986.0,107388.0
2026-04-14 18:05:19.995383,731507,1609507413615543,5013585450,-0.7808,0.6832,0.181536,-0.5775,-32.2,14.4025,-2.672,-13.832001,30.616001,none,8,3.0,39591.0,233811.0,93783.0,231131.0,103388.0
2026-04-14 18:05:19.997857,731508,1609507413630073,5013600417,-0.735904,0.685152,0.152256,-0.23625,-30.94,13.58,-3.032,-14.168,30.400002,none,8,3.0,39591.0,233811.0,93783.0,231131.0,103388.0
2026-04-14 18:05:20.000225,731509,1609507413638997,5013609172,-0.755424,0.767136,0.365024,2.2575,-26.915,15.79375,-3.472,-14.368001,30.920002,none,8,3.0,39591.0,233811.0,93783.0,231131.0,103388.0
2026-04-14 18:05:20.007512,731510,1609507413647939,5013617867,-0.755424,0.767136,0.365024,1.015,-25.20875,15.98625,-3.472,-14.368001,30.920002,none,8,3.0,39591.0,233811.0,93783.0,231131.0,103388.0
2026-04-14 18:05:20.020506,731511,1609507413662439,5013630820,-0.657824,0.739808,0.3904,-1.63625,-24.50875,14.06125,-3.624,-13.952001,30.456001,none,8,3.0,39591.0,233811.0,93783.0,231131.0,103388.0
2026-04-14 18:05:20.031707,731512,1609507413671645,5013641576,-0.657824,0.739808,0.3904,-4.94375,-22.93375,13.1775,-3.624,-13.952001,30.456001,none,8,3.0,39591.0,233811.0,93783.0,231131.0,103388.0
2026-04-14 18:05:20.045272,731513,1609507413686181,5013656544,-0.630496,0.769088,0.425536,-8.8025,-21.2625,14.13125,-4.448,-14.416,30.36,none,8,3.0,39591.0,233811.0,93783.0,231131.0,103388.0
2026-04-14 18:05:20.054057,731514,1609507413695312,5013665304,-0.630496,0.769088,0.425536,-13.2825,-18.935,15.21625,-4.448,-14.416,30.36,none,8,3.0,39591.0,233811.0,93783.0,231131.0,103388.0
2026-04-14 18:05:20.064100,731515,1609507413704268,5013673989,-0.710528,0.776896,0.232288,-17.82375,-17.01,14.63,-4.328,-14.160001,30.152002,none,8,3.0,39591.0,233811.0,93783.0,231131.0,103388.0
2026-04-14 18:05:20.119251,731526,1609507413718864,5013688934,-0.6832,0.77104,0.407968,-19.460001,-15.14625,13.265,-5.12,-13.008,31.504002,none,8,3.0,37567.0,226903.0,90327.0,226988.0,99406.0
2026-04-14 18:05:20.121730,731527,1609507413727871,5013697725,-0.6832,0.77104,0.407968,-19.705,-13.60625,12.08375,-5.12,-13.008,31.504002,none,8,3.0,37567.0,226903.0,90327.0,226988.0,99406.0
2026-04-14 18:05:20.124328,731528,1609507413742427,5013712613,-0.696864,0.706624,0.308416,-19.4425,-11.62,10.80625,-5.504,-13.320001,31.408,none,8,3.0,37567.0,226903.0,90327.0,226988.0,99406.0
2026-04-14 18:05:20.126329,731529,1609507413751384,5013721387,-0.696864,0.706624,0.308416,-15.995,-8.12875,12.59125,-5.504,-13.320001,31.408,none,8,3.0,37567.0,226903.0,90327.0,226988.0,99406.0
2026-04-14 18:05:20.128868,731530,1609507413765929,5013734289,-0.603168,0.74176,0.515328,-12.0225,-6.29125,14.21,-5.808,-12.968,31.136002,none,8,3.0,37567.0,226903.0,90327.0,226988.0,99406.0
2026-04-14 18:05:20.133974,731531,1609507413775162,5013745179,-0.603168,0.74176,0.515328,-6.92125,-3.99875,13.825,-5.808,-12.968,31.136002,none,8,3.0,37567.0,226903.0,90327.0,226988.0,99406.0
2026-04-14 18:05:20.147801,731532,1609507413784247,5013753885,-0.638304,0.80032,0.281088,-2.3275,-2.40625,13.41375,-4.96,-13.76,30.184002,none,8,3.0,37567.0,226903.0,90327.0,226988.0,99406.0
2026-04-14 18:05:20.157853,731533,1609507413798738,5013768776,-0.583648,0.825696,0.433344,-2.23125,-0.84875,12.792501,-5.064,-13.552001,27.848001,none,8,3.0,37567.0,226903.0,90327.0,226988.0,99406.0
2026-04-14 18:05:20.169108,731534,1609507413807676,5013777491,-0.583648,0.825696,0.433344,-5.38125,-0.02625,11.8825,-5.064,-13.552001,27.848001,none,8,3.0,37567.0,226903.0,90327.0,226988.0,99406.0
2026-04-14 18:05:20.196295,731545,1609507413822357,5013790763,-0.6832,0.765184,0.212768,-9.275,0.44625,8.82875,-4.68,-13.68,30.424002,none,8,3.0,36438.0,220105.0,88341.0,222177.0,97172.0
2026-04-14 18:05:20.199185,731546,1609507413831871,5013801557,-0.6832,0.765184,0.212768,-11.27,-0.09625,6.32625,-4.68,-13.68,30.424002,none,8,3.0,36438.0,220105.0,88341.0,222177.0,97172.0
2026-04-14 18:05:20.201381,731547,1609507413840881,5013810308,-0.610976,0.745664,0.327936,-11.27875,-0.8225,5.7925,-4.776,-13.360001,30.264002,none,8,3.0,36438.0,220105.0,88341.0,222177.0,97172.0
2026-04-14 18:05:20.215508,731548,1609507413855454,5013825263,-0.610976,0.745664,0.327936,-11.445,-1.14625,5.95,-4.776,-13.360001,30.264002,none,8,3.0,36438.0,220105.0,88341.0,222177.0,97172.0
2026-04-14 18:05:20.244038,731549,1609507413864373,5013833946,-0.677344,0.763232,0.388448,-10.15875,-0.69125,5.71375,-6.128,-13.408001,30.488,none,8,3.0,36438.0,220105.0,88341.0,222177.0,97172.0
2026-04-14 18:05:20.246550,731550,1609507413878848,5013848823,-0.603168,0.694912,0.3416,-7.7525,-0.86625,5.59125,-5.248,-13.408001,30.800001,none,8,3.0,36438.0,220105.0,88341.0,222177.0,97172.0
2026-04-14 18:05:20.249069,731551,1609507413887821,5013857512,-0.603168,0.694912,0.3416,-2.68625,-0.0525,5.04875,-5.248,-13.408001,30.800001,none,8,3.0,36438.0,220105.0,88341.0,222177.0,97172.0
2026-04-14 18:05:20.274985,731552,1609507413896743,5013866216,-0.603168,0.694912,0.3416,3.7625,0.56875,4.55,-5.248,-13.408001,30.800001,none,8,3.0,36438.0,220105.0,88341.0,222177.0,97172.0
2026-04-14 18:05:20.317932,731563,1609507413911445,5013881022,-0.710528,0.782752,0.310368,9.02125,0.16625,4.85625,-5.008,-13.536,31.216002,none,8,3.0,32975.0,200314.0,82051.0,206281.0,90011.0
2026-04-14 18:05:20.320478,731564,1609507413920517,5013889734,-0.659776,0.769088,0.203008,11.54125,-2.0475,4.97875,-5.968,-13.104001,30.456001,none,8,3.0,32975.0,200314.0,82051.0,206281.0,90011.0
2026-04-14 18:05:20.325559,731565,1609507413935110,5013904671,-0.659776,0.769088,0.203008,12.71375,-5.8975,5.17125,-5.968,-13.104001,30.456001,none,8,3.0,32975.0,200314.0,82051.0,206281.0,90011.0
2026-04-14 18:05:20.326041,731566,1609507413944152,5013913527,-0.632448,0.81008,0.406016,9.835,-9.05625,4.62875,-6.304,-13.408001,31.256002,none,8,3.0,32975.0,200314.0,82051.0,206281.0,90011.0
2026-04-14 18:05:20.327389,731567,1609507413958698,5013928425,-0.632448,0.763232,0.431392,4.1475,-11.1475,3.00125,-6.304,-13.408001,31.256002,none,8,3.0,32975.0,200314.0,82051.0,206281.0,90011.0
2026-04-14 18:05:20.329974,731568,1609507413967682,5013937192,-0.591456,0.763232,0.431392,0.8925,-15.05875,3.08875,-6.592001,-13.336,28.112001,none,8,3.0,32975.0,200314.0,82051.0,206281.0,90011.0
2026-04-14 18:05:20.337071,731569,1609507413976686,5013945897,-0.591456,0.763232,0.431392,-2.765,-15.5575,1.505,-6.592001,-13.336,28.112001,none,8,3.0,32975.0,200314.0,82051.0,206281.0,90011.0
2026-04-14 18:05:20.350368,731570,1609507413991183,5013960820,-0.706624,0.728096,0.284992,-5.24125,-15.68,-2.00375,-5.888001,-13.576,29.992,none,8,3.0,32975.0,200314.0,82051.0,206281.0,90011.0
2026-04-14 18:05:20.360388,731571,1609507414000122,5013969494,-0.69296,0.728096,0.251808,-4.3575,-19.145,-1.37375,-5.832,-13.616,29.400002,none,8,3.0,32975.0,200314.0,82051.0,206281.0,90011.0
2026-04-14 18:05:20.396627,731582,1609507414015095,5013984483,-0.69296,0.728096,0.251808,-1.67125,-18.9175,-1.33875,-5.832,-13.616,29.400002,none,8,3.0,30594.0,190279.0,77190.0,196937.0,84600.0
2026-04-14 18:05:20.398780,731583,1609507414024135,5013993210,-0.5368,0.732,0.296704,0.6825,-19.075,-2.1875,-7.392,-13.584001,32.208,none,8,3.0,30594.0,190279.0,77190.0,196937.0,84600.0
2026-04-14 18:05:20.401353,731584,1609507414033096,5014001974,-0.5368,0.732,0.296704,6.16,-29.715,2.205,-7.392,-13.584001,32.208,none,8,3.0,30594.0,190279.0,77190.0,196937.0,84600.0
2026-04-14 18:05:20.407669,731585,1609507414048105,5014016902,-0.75152,0.76128,0.421632,11.9875,-24.82375,2.38,-8.240001,-14.000001,32.112003,none,8,3.0,30594.0,190279.0,77190.0,196937.0,84600.0
2026-04-14 18:05:20.419293,731586,1609507414057555,5014027659,-0.75152,0.76128,0.421632,7.76125,-14.805,-7.09625,-8.240001,-14.000001,32.112003,none,8,3.0,30594.0,190279.0,77190.0,196937.0,84600.0
2026-04-14 18:05:20.424925,731587,1609507414066503,5014036360,-0.72224,0.70272,0.257664,-3.08,-17.5875,-9.205,-7.2,-14.016001,27.464,none,8,3.0,30594.0,190279.0,77190.0,196937.0,84600.0
2026-04-14 18:05:20.441138,731588,1609507414081021,5014051261,-0.568032,0.700768,0.325984,-9.38875,-17.43875,-4.27,-6.912,-14.176001,27.352001,none,8,3.0,30594.0,190279.0,77190.0,196937.0,84600.0
2026-04-14 18:05:20.448826,731589,1609507414089947,5014059982,-0.568032,0.700768,0.325984,-9.2225,-16.31875,-1.05,-6.912,-14.176001,27.352001,none,8,3.0,30594.0,190279.0,77190.0,196937.0,84600.0
2026-04-14 18:05:20.465185,731590,1609507414104627,5014074878,-0.651968,0.753472,0.279136,-4.6025,-13.11625,-1.155,-6.952,-13.976001,29.872002,none,8,3.0,30594.0,190279.0,77190.0,196937.0,84600.0
2026-04-14 18:05:20.495133,731601,1609507414113994,5014084176,-0.651968,0.753472,0.279136,0.8925,-9.79125,-2.135,-6.952,-13.976001,29.872002,none,8,3.0,31754.0,196154.0,79016.0,202930.0,86676.0
2026-04-14 18:05:20.497649,731602,1609507414123108,5014092939,-0.569984,0.772992,0.374784,5.48625,-7.14875,-1.8025,-6.816001,-14.040001,30.832,none,8,3.0,31754.0,196154.0,79016.0,202930.0,86676.0
2026-04-14 18:05:20.500185,731603,1609507414137771,5014107900,-0.569984,0.772992,0.374784,8.68,-4.22625,-0.34125,-6.816001,-14.040001,30.832,none,8,3.0,31754.0,196154.0,79016.0,202930.0,86676.0
2026-04-14 18:05:20.505199,731604,1609507414146838,5014116669,-0.626592,0.80032,0.25376,9.23125,-1.785,0.16625,-8.208,-14.160001,31.128002,none,8,3.0,31754.0,196154.0,79016.0,202930.0,86676.0
2026-04-14 18:05:20.520012,731605,1609507414161357,5014131593,-0.609024,0.786656,0.290848,7.39375,0.1575,-0.385,-7.952,-14.896001,32.904003,none,8,3.0,31754.0,196154.0,79016.0,202930.0,86676.0
2026-04-14 18:05:20.531283,731606,1609507414170286,5014140290,-0.609024,0.786656,0.290848,4.2525,1.4875,-1.14625,-7.952,-14.896001,32.904003,none,8,3.0,31754.0,196154.0,79016.0,202930.0,86676.0
2026-04-14 18:05:20.543871,731607,1609507414184922,5014155164,-0.62464,0.792512,0.269376,2.00375,2.28375,-1.44375,-7.16,-14.568001,29.800001,none,8,3.0,31754.0,196154.0,79016.0,202930.0,86676.0
2026-04-14 18:05:20.553692,731608,1609507414194016,5014163856,-0.62464,0.792512,0.269376,1.12,3.9375,-2.1,-7.16,-14.568001,29.800001,none,8,3.0,31754.0,196154.0,79016.0,202930.0,86676.0
2026-04-14 18:05:20.561369,731609,1609507414202987,5014172571,-0.583648,0.8296,0.511424,1.07625,5.7925,-2.54625,-7.152,-14.624001,29.544,none,8,3.0,31754.0,196154.0,79016.0,202930.0,86676.0
2026-04-14 18:05:20.641294,731620,1609507414217794,5014187480,-0.583648,0.8296,0.511424,1.4175,7.37625,-3.0625,-7.152,-14.624001,29.544,none,8,3.0,29968.0,188902.0,75825.0,196227.0,83130.0
2026-04-14 18:05:20.644020,731621,1609507414226871,5014196238,-0.554368,0.772992,0.349408,0.20125,8.53125,-3.36,-6.856,-14.416,29.800001,none,8,3.0,29968.0,188902.0,75825.0,196227.0,83130.0
2026-04-14 18:05:20.646330,731622,1609507414241379,5014211146,-0.609024,0.802272,0.42944,-0.86625,8.67125,-3.07125,-6.664001,-14.272,31.536001,none,8,3.0,29968.0,188902.0,75825.0,196227.0,83130.0
2026-04-14 18:05:20.648707,731623,1609507414250290,5014219820,-0.609024,0.802272,0.42944,-3.0975,6.44875,0.88375,-6.664001,-14.272,31.536001,none,8,3.0,29968.0,188902.0,75825.0,196227.0,83130.0
2026-04-14 18:05:20.651729,731624,1609507414259228,5014228543,-0.609024,0.802272,0.42944,-4.17375,6.8075,4.3925,-6.664001,-14.272,31.536001,none,8,3.0,29968.0,188902.0,75825.0,196227.0,83130.0
2026-04-14 18:05:20.654131,731625,1609507414273722,5014243486,-0.612928,0.735904,0.491904,-7.1575,5.32875,2.415,-6.696,-14.128,30.192001,none,8,3.0,29968.0,188902.0,75825.0,196227.0,83130.0
2026-04-14 18:05:20.656705,731626,1609507414282739,5014252192,-0.64416,0.714432,0.38064,-7.945,5.18,-0.9275,-6.704001,-14.480001,32.616,none,8,3.0,29968.0,188902.0,75825.0,196227.0,83130.0
2026-04-14 18:05:20.658835,731627,1609507414297350,5014267112,-0.64416,0.714432,0.38064,-2.415,5.2325,-0.07,-6.704001,-14.480001,32.616,none,8,3.0,29968.0,188902.0,75825.0,196227.0,83130.0
2026-04-14 18:05:20.664179,731628,1609507414306352,5014275855,-0.661728,0.788608,0.257664,5.0575,3.7275,1.4875,-6.912,-14.200001,30.44,none,8,3.0,29968.0,188902.0,75825.0,196227.0,83130.0
2026-04-14 18:05:20.704575,731640,1609507414321012,5014290840,-0.661728,0.788608,0.355264,9.6425,2.42375,2.61625,-6.912,-14.200001,30.44,none,8,3.0,28941.0,185389.0,73878.0,192800.0,80897.0
2026-04-14 18:05:20.704726,731641,1609507414330034,5014299556,-0.6344,0.788608,0.355264,10.9375,0.55125,3.745,-8.024,-14.152,29.088001,none,8,3.0,28941.0,185389.0,73878.0,192800.0,80897.0
2026-04-14 18:05:20.707224,731642,1609507414338998,5014308337,-0.6344,0.788608,0.355264,9.8525,2.02125,3.19375,-8.024,-14.152,29.088001,none,8,3.0,28941.0,185389.0,73878.0,192800.0,80897.0
2026-04-14 18:05:20.712843,731643,1609507414353501,5014323316,-0.67344,0.755424,0.411872,11.3925,2.09125,-0.72625,-7.864,-14.416,30.704002,none,8,3.0,28941.0,185389.0,73878.0,192800.0,80897.0
2026-04-14 18:05:20.721560,731644,1609507414362544,5014332044,-0.571936,0.782752,0.476288,18.3925,3.08,-4.05125,-6.824,-14.960001,28.720001,none,8,3.0,28941.0,185389.0,73878.0,192800.0,80897.0
2026-04-14 18:05:20.749215,731645,1609507414377047,5014347060,-0.571936,0.782752,0.476288,25.66375,-0.30625,-3.29,-6.824,-14.960001,28.720001,none,8,3.0,28941.0,185389.0,73878.0,192800.0,80897.0
2026-04-14 18:05:20.751740,731646,1609507414385966,5014355755,-0.6344,0.890112,0.5856,28.46375,-4.0075,-1.39125,-7.432,-15.288001,29.904001,none,8,3.0,28941.0,185389.0,73878.0,192800.0,80897.0
2026-04-14 18:05:20.754234,731647,1609507414395006,5014364449,-0.6344,0.890112,0.5856,26.53875,-9.1175,-2.73875,-7.432,-15.288001,29.904001,none,8,3.0,28941.0,185389.0,73878.0,192800.0,80897.0
2026-04-14 18:05:20.769226,731648,1609507414409877,5014379393,-0.630496,0.895968,0.525088,22.56625,-14.00875,-1.68875,-8.608001,-15.216001,31.968002,none,8,3.0,28941.0,185389.0,73878.0,192800.0,80897.0
2026-04-14 18:05:20.802054,731659,1609507414419196,5014388180,-0.630496,0.895968,0.525088,18.0075,-13.86875,3.3425,-8.608001,-15.216001,31.968002,none,8,3.0,24915.0,180193.0,65847.0,186599.0,71580.0
2026-04-14 18:05:20.804972,731660,1609507414433826,5014403146,-0.597312,0.772992,0.325984,12.8275,-13.3525,4.10375,-9.408,-14.832001,32.600002,none,8,3.0,24915.0,180193.0,65847.0,186599.0,71580.0
2026-04-14 18:05:20.807439,731661,1609507414442833,5014411881,-0.650016,0.757376,0.423584,9.52875,-12.38125,-0.91,-10.248,-15.000001,32.072002,none,8,3.0,24915.0,180193.0,65847.0,186599.0,71580.0
2026-04-14 18:05:20.812452,731662,1609507414451772,5014420577,-0.650016,0.757376,0.423584,11.9,-11.9875,-3.59625,-10.248,-15.000001,32.072002,none,8,3.0,24915.0,180193.0,65847.0,186599.0,71580.0
2026-04-14 18:05:20.824180,731663,1609507414466851,5014435535,-0.638304,0.75152,0.222528,18.69875,-12.81,0.49,-9.04,-16.096,30.576002,none,8,3.0,24915.0,180193.0,65847.0,186599.0,71580.0
2026-04-14 18:05:20.835485,731664,1609507414476120,5014446296,-0.638304,0.75152,0.222528,23.905,-10.823751,4.515,-9.04,-16.096,30.576002,none,8,3.0,24915.0,180193.0,65847.0,186599.0,71580.0
2026-04-14 18:05:20.849178,731665,1609507414490631,5014459142,-0.763232,0.833504,0.300608,30.87875,-6.4575,8.575,-9.168,-15.928,30.552002,none,8,3.0,24915.0,180193.0,65847.0,186599.0,71580.0
2026-04-14 18:05:20.860506,731666,1609507414499987,5014469895,-0.763232,0.833504,0.300608,25.33125,-7.0175,9.77375,-9.168,-15.928,30.552002,none,8,3.0,24915.0,180193.0,65847.0,186599.0,71580.0
2026-04-14 18:05:20.870123,731667,1609507414508916,5014478669,-0.735904,0.860832,0.484096,10.4825,-9.205,7.16625,-9.672001,-15.904,31.552002,none,8,3.0,24915.0,180193.0,65847.0,186599.0,71580.0
2026-04-14 18:05:20.900223,731678,1609507414523589,5014493616,-0.665632,0.833504,0.427488,0.315,-13.99125,6.50125,-10.952001,-14.784,29.528002,none,8,3.0,23726.0,187618.0,63167.0,194698.0,68105.0
2026-04-14 18:05:20.902207,731679,1609507414532568,5014502358,-0.665632,0.833504,0.427488,-4.62,-18.1125,8.225,-10.952001,-14.784,29.528002,none,8,3.0,23726.0,187618.0,63167.0,194698.0,68105.0
2026-04-14 18:05:20.905882,731680,1609507414547160,5014517331,-0.59536,0.753472,0.290848,-11.62,-20.79,8.61,-11.160001,-15.360001,31.224,none,8,3.0,23726.0,187618.0,63167.0,194698.0,68105.0
2026-04-14 18:05:20.916146,731681,1609507414556083,5014526035,-0.59536,0.753472,0.290848,-12.46875,-20.965,11.7075,-11.160001,-15.360001,31.224,none,8,3.0,23726.0,187618.0,63167.0,194698.0,68105.0
2026-04-14 18:05:20.924081,731682,1609507414565018,5014534742,-0.737856,0.759328,0.203008,-9.38,-21.4025,13.2825,-10.688001,-15.616001,30.088001,none,8,3.0,23726.0,187618.0,63167.0,194698.0,68105.0
2026-04-14 18:05:20.939074,731683,1609507414579627,5014549626,-0.737856,0.759328,0.203008,-7.06125,-25.4975,12.0225,-10.688001,-15.616001,30.088001,none,8,3.0,23726.0,187618.0,63167.0,194698.0,68105.0
2026-04-14 18:05:20.950387,731684,1609507414588568,5014558306,-0.714432,0.977952,0.474336,-1.4,-28.945,14.315001,-10.648001,-15.712001,29.856,none,8,3.0,23726.0,187618.0,63167.0,194698.0,68105.0
2026-04-14 18:05:20.978329,731685,1609507414603103,5014573242,-0.691008,1.009184,0.470432,-2.485,-35.86625,17.61375,-10.648001,-15.712001,29.616001,none,8,3.0,23726.0,187618.0,63167.0,194698.0,68105.0
2026-04-14 18:05:21.002826,731686,1609507414612032,5014581957,-0.691008,1.009184,0.470432,-16.0825,-45.57,18.12125,-11.192,-15.296001,29.616001,none,8,3.0,23726.0,187618.0,63167.0,194698.0,68105.0
2026-04-14 18:05:21.057634,731697,1609507414626644,5014596874,-0.562176,0.854976,0.425536,-38.80625,-53.99625,17.535,-14.048,-13.312,31.264002,none,8,3.0,24852.0,180545.0,65202.0,186941.0,70454.0
2026-04-14 18:05:21.060508,731698,1609507414635587,5014605584,-0.562176,0.854976,0.425536,-60.515,-60.89125,16.3625,-14.048,-13.312,31.264002,none,8,3.0,24852.0,180545.0,65202.0,186941.0,70454.0
2026-04-14 18:05:21.062969,731699,1609507414644525,5014614287,-0.447008,0.763232,0.69296,-74.61125,-64.54,14.13125,-14.920001,-12.432,31.688002,none,8,3.0,24852.0,180545.0,65202.0,186941.0,70454.0
2026-04-14 18:05:21.065498,731700,1609507414658994,5014629163,-0.447008,0.763232,0.69296,-80.61375,-67.27875,10.605001,-14.920001,-12.432,31.688002,none,8,3.0,24852.0,180545.0,65202.0,186941.0,70454.0
2026-04-14 18:05:21.067524,731701,1609507414667915,5014637835,-0.499712,0.735904,0.509472,-81.36625,-70.315,7.9975,-15.672001,-11.280001,29.704,none,8,3.0,24852.0,180545.0,65202.0,186941.0,70454.0
2026-04-14 18:05:21.070477,731702,1609507414682425,5014652730,-0.499712,0.735904,0.509472,-79.5725,-73.36,5.7575,-15.672001,-11.280001,29.704,none,8,3.0,24852.0,180545.0,65202.0,186941.0,70454.0
2026-04-14 18:05:21.076045,731703,1609507414691388,5014661460,-0.55632,0.77104,0.515328,-78.085,-77.56,3.01,-16.928001,-9.608001,29.336,none,8,3.0,24852.0,180545.0,65202.0,186941.0,70454.0
2026-04-14 18:05:21.076433,731704,1609507414700317,5014670383,-0.55632,0.77104,0.515328,-86.82625,-85.84625,-3.0975,-16.928001,-9.608001,29.336,none,8,3.0,24852.0,180545.0,65202.0,186941.0,70454.0
2026-04-14 18:05:21.077447,731705,1609507414714884,5014683262,-0.413824,0.708576,0.724192,-109.61125,-95.4975,-11.12125,-18.576,-7.696001,28.600002,none,8,3.0,24852.0,180545.0,65202.0,186941.0,70454.0
2026-04-14 18:05:21.107851,731716,1609507414724355,5014694276,-0.388448,0.579744,0.50752,-137.6725,-102.33125,-17.94625,-20.152,-5.6,29.824001,none,8,3.0,24523.0,179906.0,64717.0,187298.0,69879.0
2026-04-14 18:05:21.110396,731717,1609507414739063,5014709225,-0.388448,0.579744,0.50752,-162.23375,-106.12,-26.0575,-20.152,-5.6,29.824001,none,8,3.0,24523.0,179906.0,64717.0,187298.0,69879.0
2026-04-14 18:05:21.113001,731718,1609507414747990,5014717909,-0.230336,0.378688,0.70272,-177.80875,-105.98,-35.7,-21.408,-3.68,26.576002,none,8,3.0,24523.0,179906.0,64717.0,187298.0,69879.0
2026-04-14 18:05:21.117943,731719,1609507414757002,5014726608,-0.230336,0.378688,0.70272,-184.68625,-102.3925,-42.39375,-21.408,-3.68,26.576002,none,8,3.0,24523.0,179906.0,64717.0,187298.0,69879.0
2026-04-14 18:05:21.130508,731720,1609507414771469,5014741576,-0.183488,0.324032,0.716384,-180.90625,-95.996254,-48.23875,-21.800001,-2.168,26.000002,none,8,3.0,24523.0,179906.0,64717.0,187298.0,69879.0
2026-04-14 18:05:21.140490,731721,1609507414780403,5014750288,-0.183488,0.324032,0.716384,-163.14375,-84.83125,-54.76625,-21.800001,-2.168,26.000002,none,8,3.0,24523.0,179906.0,64717.0,187298.0,69879.0
2026-04-14 18:05:21.156724,731722,1609507414795074,5014765196,-0.173728,0.337696,0.540704,-135.135,-69.755,-60.64625,-22.664001,-1.32,26.352001,none,8,3.0,24523.0,179906.0,64717.0,187298.0,69879.0
2026-04-14 18:05:21.164237,731723,1609507414804014,5014773874,-0.173728,0.337696,0.560224,-108.7275,-55.16875,-68.2675,-22.664001,-1.32,26.352001,none,8,3.0,24523.0,179906.0,64717.0,187298.0,69879.0
2026-04-14 18:05:21.202925,731734,1609507414818984,5014789045,-0.21472,0.402112,0.560224,-88.9,-39.87375,-74.3575,-24.320002,-0.248,26.936,none,8,3.0,24083.0,177559.0,63835.0,185523.0,68793.0
2026-04-14 18:05:21.205456,731735,1609507414827998,5014797776,-0.298656,0.431392,0.607072,-76.195,-24.29,-75.39875,-23.544,-0.632,24.944,none,8,3.0,24083.0,177559.0,63835.0,185523.0,68793.0
2026-04-14 18:05:21.207919,731736,1609507414837029,5014806665,-0.298656,0.431392,0.607072,-67.36625,-10.03625,-74.6375,-23.544,-0.632,24.944,none,8,3.0,24083.0,177559.0,63835.0,185523.0,68793.0
2026-04-14 18:05:21.211680,731737,1609507414851564,5014821639,-0.359168,0.376736,0.3416,-56.72625,3.78875,-73.19375,-23.696001,-0.968,24.744001,none,8,3.0,24083.0,177559.0,63835.0,185523.0,68793.0
2026-04-14 18:05:21.219238,731738,1609507414860564,5014830411,-0.359168,0.376736,0.3416,-45.255,18.8475,-69.9125,-23.696001,-0.968,24.744001,none,8,3.0,24083.0,177559.0,63835.0,185523.0,68793.0
2026-04-14 18:05:21.235099,731739,1609507414875109,5014845336,-0.41968,0.489952,0.37088,-30.45,36.05,-64.70625,-23.800001,-1.368,24.736002,none,8,3.0,24083.0,177559.0,63835.0,185523.0,68793.0
2026-04-14 18:05:21.245195,731740,1609507414884079,5014854022,-0.41968,0.489952,0.37088,-18.69,52.36875,-60.73375,-23.800001,-1.368,24.736002,none,8,3.0,24083.0,177559.0,63835.0,185523.0,68793.0
2026-04-14 18:05:21.252679,731741,1609507414893012,5014862695,-0.573888,0.696864,0.45872,-21.8925,63.56,-58.9575,-23.384,-1.52,26.2,none,8,3.0,24083.0,177559.0,63835.0,185523.0,68793.0
2026-04-14 18:05:21.269778,731742,1609507414907614,5014877628,-0.489952,0.56608,0.59536,-40.2675,68.17125,-58.54625,-23.824001,-1.16,26.568,none,8,3.0,24083.0,177559.0,63835.0,185523.0,68793.0
2026-04-14 18:05:21.306264,731753,1609507414916554,5014886716,-0.489952,0.56608,0.59536,-66.49125,67.2,-58.58125,-23.824001,-1.16,26.568,none,8,3.0,26670.0,170820.0,68789.0,178687.0,74383.0
2026-04-14 18:05:21.308800,731754,1609507414931179,5014899676,-0.476288,0.382592,0.544608,-87.54375,65.5725,-57.65375,-23.792002,-1.056,25.888,none,8,3.0,26670.0,170820.0,68789.0,178687.0,74383.0
2026-04-14 18:05:21.311445,731755,1609507414940589,5014910470,-0.476288,0.382592,0.544608,-93.835,68.99375,-54.2675,-23.792002,-1.056,25.888,none,8,3.0,26670.0,170820.0,68789.0,178687.0,74383.0
2026-04-14 18:05:21.313934,731756,1609507414949567,5014919190,-0.486048,0.482144,0.59536,-83.02875,77.65625,-50.25125,-23.056002,-1.608,26.456001,none,8,3.0,26670.0,170820.0,68789.0,178687.0,74383.0
2026-04-14 18:05:21.345269,731757,1609507414964157,5014934143,-0.486048,0.482144,0.59536,-72.4675,85.5225,-49.02625,-23.056002,-1.608,26.456001,none,8,3.0,26670.0,170820.0,68789.0,178687.0,74383.0
2026-04-14 18:05:21.370170,731758,1609507414973073,5014942818,-0.749568,0.589504,0.456768,-81.865,86.66875,-53.725,-22.808,-1.512,26.968,none,8,3.0,26670.0,170820.0,68789.0,178687.0,74383.0
2026-04-14 18:05:21.395183,731759,1609507414987565,5014957717,-0.968192,0.66368,1.24928,-96.11875,84.9975,-57.02375,-24.136002,-0.952,29.504002,none,8,3.0,26670.0,170820.0,68789.0,178687.0,74383.0
2026-04-14 18:05:21.420083,731760,1609507414996487,5014966390,-0.968192,0.66368,1.24928,-110.41625,81.165,-40.451252,-24.136002,-0.952,29.504002,none,8,3.0,26670.0,170820.0,68789.0,178687.0,74383.0
2026-04-14 18:05:21.422429,731761,1609507415011073,5014981354,-1.052128,0.716384,1.253184,-79.14375,72.275,-10.73625,-25.248001,-1.576,28.392002,none,8,3.0,26670.0,170820.0,68789.0,178687.0,74383.0
2026-04-14 18:05:21.462897,731772,1609507415020143,5014990135,-1.052128,0.716384,1.253184,-35.81375,60.99625,2.35375,-25.248001,-1.576,28.392002,none,8,3.0,31530.0,169468.0,79512.0,177825.0,84880.0
2026-04-14 18:05:21.465266,731773,1609507415029167,5014998900,-0.95648,0.540704,1.186816,-17.21125,45.263752,-4.41875,-25.504002,-1.736,27.392002,none,8,3.0,31530.0,169468.0,79512.0,177825.0,84880.0
2026-04-14 18:05:21.467557,731774,1609507415043672,5015013814,-0.95648,0.540704,1.186816,-21.1225,18.64625,1.155,-25.504002,-1.736,27.392002,none,8,3.0,31530.0,169468.0,79512.0,177825.0,84880.0
2026-04-14 18:05:21.470457,731775,1609507415052608,5015022513,-0.724192,0.15616,1.030656,-22.225,0.4725,16.28375,-24.424002,-1.32,27.024002,none,8,3.0,31530.0,169468.0,79512.0,177825.0,84880.0
2026-04-14 18:05:21.472938,731776,1609507415067097,5015037426,-0.626592,0.080032,0.845216,-12.1275,-10.52625,16.7125,-24.848001,-1.848,29.2,none,8,3.0,31530.0,169468.0,79512.0,177825.0,84880.0
2026-04-14 18:05:21.474941,731777,1609507415076022,5015046152,-0.626592,0.080032,0.845216,7.14875,-13.86875,10.14125,-24.848001,-1.848,29.2,none,8,3.0,31530.0,169468.0,79512.0,177825.0,84880.0
2026-04-14 18:05:21.477498,731778,1609507415090566,5015059052,-0.558272,0.054656,0.610976,20.51,-13.79875,3.745,-24.984001,-2.776,26.44,none,8,3.0,31530.0,169468.0,79512.0,177825.0,84880.0
2026-04-14 18:05:21.480428,731779,1609507415100069,5015069824,-0.558272,0.054656,0.610976,36.6275,-8.26,2.73875,-24.984001,-2.776,26.44,none,8,3.0,31530.0,169468.0,79512.0,177825.0,84880.0
2026-04-14 18:05:21.482915,731780,1609507415109288,5015078569,-0.706624,0.18544,0.447008,53.85625,0.27125,2.96625,-25.2,-3.696,25.984001,none,8,3.0,31530.0,169468.0,79512.0,177825.0,84880.0
2026-04-14 18:05:21.512971,731791,1609507415123948,5015093519,-0.706624,0.18544,0.447008,67.3225,8.54,-1.18125,-25.2,-3.696,25.984001,none,8,3.0,39556.0,166053.0,93177.0,174438.0,100290.0
2026-04-14 18:05:21.515501,731792,1609507415133000,5015102291,-0.86864,0.3904,0.5368,68.39875,13.658751,-8.225,-25.248001,-5.92,24.76,none,8,3.0,39556.0,166053.0,93177.0,174438.0,100290.0
2026-04-14 18:05:21.517514,731793,1609507415142007,5015111112,-0.86864,0.3904,0.5368,56.0875,12.005,-10.8325,-25.248001,-5.92,24.76,none,8,3.0,39556.0,166053.0,93177.0,174438.0,100290.0
2026-04-14 18:05:21.520497,731794,1609507415156555,5015126043,-0.870592,0.534848,0.732,38.78,5.8975,-6.8775,-24.480001,-6.440001,25.088001,none,8,3.0,39556.0,166053.0,93177.0,174438.0,100290.0
2026-04-14 18:05:21.525079,731795,1609507415165570,5015134776,-0.870592,0.534848,0.732,26.1975,0.42875,-3.99,-24.480001,-6.440001,25.088001,none,8,3.0,39556.0,166053.0,93177.0,174438.0,100290.0
2026-04-14 18:05:21.541945,731796,1609507415180115,5015149678,-0.80032,0.538752,0.825696,18.61125,-4.305,-4.12125,-24.808,-6.88,25.216002,none,8,3.0,39556.0,166053.0,93177.0,174438.0,100290.0
2026-04-14 18:05:21.548573,731797,1609507415189166,5015158374,-0.835456,0.476288,0.694912,11.305,-8.3125,-3.75375,-26.064001,-6.76,27.232,none,8,3.0,39556.0,166053.0,93177.0,174438.0,100290.0
2026-04-14 18:05:21.561584,731798,1609507415203650,5015173251,-0.835456,0.476288,0.694912,6.755,-11.38375,-1.575,-26.064001,-6.76,27.232,none,8,3.0,39556.0,166053.0,93177.0,174438.0,100290.0
2026-04-14 18:05:21.571585,731799,1609507415212587,5015182106,-0.745664,0.378688,0.788608,6.09875,-12.55625,0.53375,-24.864,-7.248,25.016,none,8,3.0,39556.0,166053.0,93177.0,174438.0,100290.0
2026-04-14 18:05:21.602976,731810,1609507415221920,5015190840,-0.745664,0.378688,0.788608,10.50875,-11.1125,1.77625,-24.864,-7.248,25.016,none,8,3.0,34046.0,160850.0,83420.0,169246.0,89404.0
2026-04-14 18:05:21.605501,731811,1609507415237059,5015205951,-0.632448,0.3416,0.837408,16.87875,-8.085,1.30375,-25.664001,-7.576,25.000002,none,8,3.0,34046.0,160850.0,83420.0,169246.0,89404.0
2026-04-14 18:05:21.607938,731812,1609507415246553,5015216738,-0.632448,0.3416,0.837408,20.06375,-4.585,0.2975,-25.664001,-7.576,25.000002,none,8,3.0,34046.0,160850.0,83420.0,169246.0,89404.0
2026-04-14 18:05:21.617564,731813,1609507415255499,5015225437,-0.700768,0.392352,0.589504,18.52375,-3.0275,-0.7,-25.424002,-7.688,24.504002,none,8,3.0,34046.0,160850.0,83420.0,169246.0,89404.0
2026-04-14 18:05:21.630501,731814,1609507415270046,5015240372,-0.64416,0.37088,0.630496,13.34375,-3.675,-1.54,-25.008001,-7.928001,25.536001,none,8,3.0,34046.0,160850.0,83420.0,169246.0,89404.0
2026-04-14 18:05:21.637514,731815,1609507415279082,5015249079,-0.64416,0.37088,0.630496,7.16625,-4.96125,-2.23125,-25.008001,-7.928001,25.536001,none,8,3.0,34046.0,160850.0,83420.0,169246.0,89404.0
2026-04-14 18:05:21.652946,731816,1609507415293552,5015261913,-0.589504,0.378688,0.827648,3.71875,-5.71375,-2.16125,-25.472002,-7.568,25.952002,none,8,3.0,34046.0,160850.0,83420.0,169246.0,89404.0
2026-04-14 18:05:21.663663,731817,1609507415302811,5015272702,-0.589504,0.378688,0.827648,3.255,-4.73375,-1.5225,-25.472002,-7.568,25.952002,none,8,3.0,34046.0,160850.0,83420.0,169246.0,89404.0
2026-04-14 18:05:21.671475,731818,1609507415311736,5015281385,-0.636352,0.324032,0.601216,2.8,-3.22875,-1.6625,-26.136002,-7.544,25.104002,none,8,3.0,34046.0,160850.0,83420.0,169246.0,89404.0
2026-04-14 18:05:21.761162,731829,1609507415326587,5015296428,-0.636352,0.324032,0.601216,2.86125,-1.51375,-1.9775,-26.136002,-7.544,25.104002,none,8,3.0,33318.0,157781.0,81652.0,166079.0,87280.0
2026-04-14 18:05:21.763715,731830,1609507415335555,5015305117,-0.671488,0.345504,0.60512,3.0275,-0.3675,-1.7325,-26.064001,-8.096001,26.560001,none,8,3.0,33318.0,157781.0,81652.0,166079.0,87280.0
2026-04-14 18:05:21.766215,731831,1609507415350080,5015320036,-0.648064,0.347456,0.743712,2.2225,0.1225,-1.58375,-25.528002,-7.984,24.928001,none,8,3.0,33318.0,157781.0,81652.0,166079.0,87280.0
2026-04-14 18:05:21.768709,731832,1609507415359092,5015328733,-0.648064,0.347456,0.743712,-1.32125,-0.63,-0.86625,-25.528002,-7.984,24.928001,none,8,3.0,33318.0,157781.0,81652.0,166079.0,87280.0
2026-04-14 18:05:21.771004,731833,1609507415373586,5015343648,-0.681248,0.31232,0.632448,-3.78875,-2.0125,0.385,-25.736002,-8.136001,25.184002,none,8,3.0,33318.0,157781.0,81652.0,166079.0,87280.0
2026-04-14 18:05:21.773513,731834,1609507415382507,5015352364,-0.681248,0.31232,0.632448,-5.48625,-2.44125,1.225,-25.736002,-8.136001,25.184002,none,8,3.0,33318.0,157781.0,81652.0,166079.0,87280.0
2026-04-14 18:05:21.775979,731835,1609507415391422,5015361049,-0.743712,0.339648,0.626592,-5.60875,-2.03,0.62125,-25.392002,-7.816001,24.912,none,8,3.0,33318.0,157781.0,81652.0,166079.0,87280.0
2026-04-14 18:05:21.778740,731836,1609507415405911,5015375949,-0.743712,0.339648,0.626592,-5.4425,-0.83125,-0.65625,-25.392002,-7.816001,24.912,none,8,3.0,33318.0,157781.0,81652.0,166079.0,87280.0
2026-04-14 18:05:21.781319,731837,1609507415414910,5015384663,-0.71248,0.324032,0.599264,-5.24125,1.3825,-1.925,-25.6,-7.904,26.680002,none,8,3.0,33318.0,157781.0,81652.0,166079.0,87280.0
2026-04-14 18:05:21.811391,731848,1609507415429780,5015400096,-0.694912,0.343552,0.827648,-5.2675,2.7825,-3.43,-25.536001,-7.832,24.000002,none,8,3.0,32756.0,156215.0,80540.0,164542.0,85828.0
2026-04-14 18:05:21.813854,731849,1609507415438801,5015408851,-0.694912,0.343552,0.827648,-4.1125,3.29,-4.76,-25.536001,-7.832,24.000002,none,8,3.0,32756.0,156215.0,80540.0,164542.0,85828.0
2026-04-14 18:05:21.819190,731850,1609507415447756,5015417547,-0.694912,0.343552,0.827648,-1.86375,3.3075,-5.43375,-25.536001,-7.832,24.000002,none,8,3.0,32756.0,156215.0,80540.0,164542.0,85828.0
2026-04-14 18:05:21.822446,731851,1609507415462432,5015432483,-0.69296,0.30256,0.655872,0.20125,2.93125,-5.80125,-25.928001,-8.208,24.184002,none,8,3.0,32756.0,156215.0,80540.0,164542.0,85828.0
2026-04-14 18:05:21.831040,731852,1609507415471385,5015441265,-0.659776,0.349408,0.851072,1.05875,3.0975,-6.23,-25.704,-8.032001,25.760002,none,8,3.0,32756.0,156215.0,80540.0,164542.0,85828.0
2026-04-14 18:05:21.845084,731853,1609507415485887,5015456166,-0.659776,0.349408,0.851072,1.32125,3.43875,-6.95625,-25.704,-8.032001,25.760002,none,8,3.0,32756.0,156215.0,80540.0,164542.0,85828.0
2026-04-14 18:05:21.856373,731854,1609507415494853,5015464848,-0.75152,0.402112,0.650016,-0.00875,4.24375,-7.0175,-26.048,-7.544,26.28,none,8,3.0,32756.0,156215.0,80540.0,164542.0,85828.0
2026-04-14 18:05:21.867661,731855,1609507415509362,5015477743,-0.728096,0.392352,0.735904,-2.66875,3.71,-7.6475,-25.736002,-8.368,24.904001,none,8,3.0,32756.0,156215.0,80540.0,164542.0,85828.0
2026-04-14 18:05:21.878670,731856,1609507415518648,5015488498,-0.728096,0.392352,0.735904,-4.7075,3.0275,-8.4525,-25.736002,-8.368,24.904001,none,8,3.0,32756.0,156215.0,80540.0,164542.0,85828.0
2026-04-14 18:05:21.908863,731867,1609507415527653,5015497244,-0.728096,0.392352,0.735904,-5.81875,2.695,-8.225,-25.736002,-8.368,24.904001,none,8,3.0,32487.0,155221.0,79736.0,163380.0,85072.0
2026-04-14 18:05:21.913056,731868,1609507415542222,5015512253,-0.6344,0.329888,0.735904,-5.8975,2.905,-8.02375,-26.416,-7.448,25.480001,none,8,3.0,32487.0,155221.0,79736.0,163380.0,85072.0
2026-04-14 18:05:21.913588,731869,1609507415551214,5015520947,-0.630496,0.310368,0.698816,-5.25,3.42125,-7.91,-26.264002,-8.024,25.728,none,8,3.0,32487.0,155221.0,79736.0,163380.0,85072.0
2026-04-14 18:05:21.925710,731870,1609507415565742,5015535878,-0.630496,0.310368,0.698816,-3.85875,4.2,-8.0325,-26.264002,-8.024,25.728,none,8,3.0,32487.0,155221.0,79736.0,163380.0,85072.0
2026-04-14 18:05:21.935080,731871,1609507415574707,5015544520,-0.757376,0.365024,0.636352,-2.275,4.55875,-7.595,-25.496,-7.528,26.416,none,8,3.0,32487.0,155221.0,79736.0,163380.0,85072.0
2026-04-14 18:05:21.942551,731872,1609507415583661,5015553392,-0.757376,0.365024,0.636352,-0.97125,4.655,-7.525,-25.496,-7.528,26.416,none,8,3.0,32487.0,155221.0,79736.0,163380.0,85072.0
2026-04-14 18:05:21.957484,731873,1609507415598182,5015568305,-0.737856,0.376736,0.60512,-1.085,4.095,-6.99125,-25.904001,-8.104,25.480001,none,8,3.0,32487.0,155221.0,79736.0,163380.0,85072.0
2026-04-14 18:05:21.966426,731874,1609507415607117,5015577007,-0.737856,0.376736,0.60512,-2.8875,2.96625,-6.0375,-25.904001,-8.104,25.480001,none,8,3.0,32487.0,155221.0,79736.0,163380.0,85072.0
2026-04-14 18:05:22.031754,731885,1609507415621631,5015591807,-0.743712,0.392352,0.689056,-4.05125,1.37375,-5.39875,-25.656002,-8.232,24.752,none,8,3.0,32302.0,154720.0,79306.0,162767.0,84645.0
2026-04-14 18:05:22.033762,731886,1609507415631147,5015600622,-0.669536,0.318176,0.5856,-4.2,0.105,-6.32625,-26.320002,-7.960001,25.800001,none,8,3.0,32302.0,154720.0,79306.0,162767.0,84645.0
2026-04-14 18:05:22.041287,731887,1609507415640134,5015609432,-0.669536,0.318176,0.5856,-3.14125,-0.0525,-6.44875,-26.320002,-7.960001,25.800001,none,8,3.0,32302.0,154720.0,79306.0,162767.0,84645.0
2026-04-14 18:05:22.044226,731888,1609507415654602,5015624385,-0.743712,0.366976,0.569984,-1.82875,0.60375,-6.615,-26.208002,-8.056001,26.232,none,8,3.0,32302.0,154720.0,79306.0,162767.0,84645.0
2026-04-14 18:05:22.046828,731889,1609507415663520,5015633069,-0.743712,0.366976,0.569984,-0.37625,1.33,-7.245,-26.208002,-8.056001,26.232,none,8,3.0,32302.0,154720.0,79306.0,162767.0,84645.0
2026-04-14 18:05:22.049251,731890,1609507415678163,5015648011,-0.728096,0.357216,0.569984,0.06125,0.84875,-7.62125,-25.856,-8.176001,26.080002,none,8,3.0,32302.0,154720.0,79306.0,162767.0,84645.0
2026-04-14 18:05:22.051240,731891,1609507415687113,5015656725,-0.728096,0.357216,0.569984,-1.02375,-0.51625,-7.83125,-25.856,-8.176001,26.080002,none,8,3.0,32302.0,154720.0,79306.0,162767.0,84645.0
2026-04-14 18:05:22.101302,731892,1609507415701738,5015671694,-0.679296,0.355264,0.81008,-3.08875,-2.21375,-6.99125,-26.400002,-8.184,25.264002,none,8,3.0,32302.0,154720.0,79306.0,162767.0,84645.0
2026-04-14 18:05:22.103765,731893,1609507415710658,5015680358,-0.704672,0.359168,0.786656,-3.5,-3.38625,-6.8425,-26.032001,-8.368,24.264002,none,8,3.0,32302.0,154720.0,79306.0,162767.0,84645.0
2026-04-14 18:05:22.108309,731894,1609507415719609,5015689043,-0.704672,0.359168,0.786656,-2.1,-3.01875,-7.46375,-26.032001,-8.368,24.264002,none,8,3.0,32302.0,154720.0,79306.0,162767.0,84645.0
2026-04-14 18:05:22.133593,731905,1609507415734201,5015703992,-0.655872,0.35136,0.81008,-0.07875,-2.16125,-7.7875,-25.992,-8.424001,24.928001,none,8,3.0,32186.0,154341.0,78991.0,162312.0,84357.0
2026-04-14 18:05:22.136624,731906,1609507415743125,5015712670,-0.655872,0.35136,0.81008,0.16625,-2.02125,-7.49,-25.992,-8.424001,24.928001,none,8,3.0,32186.0,154341.0,78991.0,162312.0,84357.0
2026-04-14 18:05:22.139125,731907,1609507415757698,5015727791,-0.648064,0.343552,0.817888,-0.4725,-2.5725,-7.4375,-25.424002,-8.72,24.080002,none,8,3.0,32186.0,154341.0,78991.0,162312.0,84357.0
2026-04-14 18:05:22.144028,731908,1609507415766650,5015736541,-0.648064,0.343552,0.817888,-0.175,-4.1825,-7.1575,-25.424002,-8.72,24.080002,none,8,3.0,32186.0,154341.0,78991.0,162312.0,84357.0
2026-04-14 18:05:22.146691,731909,1609507415781286,5015751409,-0.696864,0.357216,0.765184,0.63875,-4.725,-7.07875,-25.52,-8.584001,25.240002,none,8,3.0,32186.0,154341.0,78991.0,162312.0,84357.0
2026-04-14 18:05:22.149088,731910,1609507415790309,5015760139,-0.696864,0.357216,0.667584,2.4675,-4.4275,-7.14875,-25.52,-8.584001,25.240002,none,8,3.0,32186.0,154341.0,78991.0,162312.0,84357.0
2026-04-14 18:05:22.157918,731911,1609507415799281,5015768865,-0.737856,0.382592,0.667584,4.47125,-3.21125,-7.16625,-25.68,-9.112,24.296001,none,8,3.0,32186.0,154341.0,78991.0,162312.0,84357.0
2026-04-14 18:05:22.174274,731912,1609507415813892,5015783745,-0.724192,0.357216,0.577792,4.48875,-2.73,-7.0875,-25.856,-8.496,24.752,none,8,3.0,32186.0,154341.0,78991.0,162312.0,84357.0
2026-04-14 18:05:22.206248,731923,1609507415822874,5015792433,-0.724192,0.357216,0.577792,2.555,-3.5175,-6.74625,-25.856,-8.496,24.752,none,8,3.0,32104.0,153963.0,78768.0,161889.0,84144.0
2026-04-14 18:05:22.208659,731924,1609507415837955,5015807454,-0.628544,0.337696,0.776896,0.9275,-5.15375,-6.5625,-25.880001,-8.784,25.296001,none,8,3.0,32104.0,153963.0,78768.0,161889.0,84144.0
2026-04-14 18:05:22.211120,731925,1609507415846916,5015816178,-0.628544,0.337696,0.776896,-0.2275,-6.0725,-6.6325,-25.880001,-8.784,25.296001,none,8,3.0,32104.0,153963.0,78768.0,161889.0,84144.0
2026-04-14 18:05:22.216273,731926,1609507415855863,5015824855,-0.700768,0.345504,0.62464,-0.735,-5.52125,-5.81,-26.056002,-8.776,25.624,none,8,3.0,32104.0,153963.0,78768.0,161889.0,84144.0
2026-04-14 18:05:22.228915,731927,1609507415870385,5015839823,-0.700768,0.345504,0.62464,-0.56875,-4.4975,-5.43375,-26.056002,-8.776,25.624,none,8,3.0,32104.0,153963.0,78768.0,161889.0,84144.0
2026-04-14 18:05:22.237654,731928,1609507415879322,5015848530,-0.735904,0.349408,0.560224,-0.41125,-3.40375,-4.96125,-26.232,-8.488001,24.52,none,8,3.0,32104.0,153963.0,78768.0,161889.0,84144.0
2026-04-14 18:05:22.253925,731929,1609507415893895,5015863416,-0.65392,0.327936,0.745664,-2.275,-3.15875,-4.0775,-26.904001,-8.912001,24.576,none,8,3.0,32104.0,153963.0,78768.0,161889.0,84144.0
2026-04-14 18:05:22.262662,731930,1609507415902896,5015872095,-0.65392,0.327936,0.745664,-3.01,-3.03625,-1.68875,-26.904001,-8.912001,24.576,none,8,3.0,32104.0,153963.0,78768.0,161889.0,84144.0
2026-04-14 18:05:22.268699,731931,1609507415911937,5015880823,-0.716384,0.259616,0.552416,-4.68125,-3.31625,-0.30625,-25.856,-8.736,26.832,none,8,3.0,32104.0,153963.0,78768.0,161889.0,84144.0
2026-04-14 18:05:22.304881,731942,1609507415927030,5015895764,-0.716384,0.259616,0.552416,-4.59375,-3.7275,0.28875,-25.856,-8.736,26.832,none,8,3.0,31488.0,155360.0,77633.0,163362.0,82840.0
2026-04-14 18:05:22.311322,731943,1609507415936395,5015906561,-0.609024,0.162016,0.821792,0.245,-3.24625,0.7875,-25.960001,-9.200001,24.752,none,8,3.0,31488.0,155360.0,77633.0,163362.0,82840.0
2026-04-14 18:05:22.312152,731944,1609507415951115,5015919527,-0.609024,0.162016,0.821792,11.7075,-0.69125,1.77625,-25.960001,-9.200001,24.752,none,8,3.0,31488.0,155360.0,77633.0,163362.0,82840.0
2026-04-14 18:05:22.318804,731945,1609507415960375,5015930290,-0.620736,0.154208,0.737856,28.2275,3.40375,0.805,-25.784,-10.056001,24.272001,none,8,3.0,31488.0,155360.0,77633.0,163362.0,82840.0
2026-04-14 18:05:22.328622,731946,1609507415969336,5015938992,-0.620736,0.154208,0.737856,50.05,6.4225,-1.72375,-25.784,-10.056001,24.272001,none,8,3.0,31488.0,155360.0,77633.0,163362.0,82840.0
2026-04-14 18:05:22.345112,731947,1609507415983864,5015953896,-0.69296,0.298656,0.823744,72.415,6.265,-4.90875,-26.176,-10.76,25.768002,none,8,3.0,31488.0,155360.0,77633.0,163362.0,82840.0
2026-04-14 18:05:22.351414,731948,1609507415993012,5015962615,-0.651968,0.38064,0.919392,90.685,4.1825,-7.58625,-25.28,-12.064,23.560001,none,8,3.0,31488.0,155360.0,77633.0,163362.0,82840.0
2026-04-14 18:05:22.366468,731949,1609507416007588,5015977574,-0.651968,0.38064,0.919392,92.53125,-1.86375,-11.06875,-25.28,-12.064,23.560001,none,8,3.0,31488.0,155360.0,77633.0,163362.0,82840.0
2026-04-14 18:05:22.377708,731950,1609507416016519,5015986299,-0.511424,0.413824,0.895968,84.35875,-7.98,-14.7,-25.104002,-13.216001,24.28,none,8,3.0,31488.0,155360.0,77633.0,163362.0,82840.0
2026-04-14 18:05:22.406379,731961,1609507416025668,5015995072,-0.511424,0.413824,0.895968,75.355,-11.0775,-16.72125,-25.104002,-13.216001,24.28,none,8,3.0,28840.0,166738.0,72296.0,174326.0,77173.0
2026-04-14 18:05:22.408712,731962,1609507416040340,5016009979,-0.540704,0.378688,0.716384,58.485,-17.29,-24.52625,-25.848001,-14.192,24.6,none,8,3.0,28840.0,166738.0,72296.0,174326.0,77173.0
2026-04-14 18:05:22.411697,731963,1609507416049318,5016018854,-0.540704,0.378688,0.716384,47.7225,-22.33875,-28.14875,-25.848001,-14.192,24.6,none,8,3.0,28840.0,166738.0,72296.0,174326.0,77173.0
2026-04-14 18:05:22.446706,731964,1609507416063893,5016033749,-0.460672,0.2928,0.749568,41.65,-25.7075,-32.2,-25.824001,-15.120001,24.128,none,8,3.0,28840.0,166738.0,72296.0,174326.0,77173.0
2026-04-14 18:05:22.471793,731965,1609507416072828,5016042438,-0.488,0.573888,0.925248,44.170002,-27.4925,-33.29375,-25.608002,-16.624,22.920002,none,8,3.0,28840.0,166738.0,72296.0,174326.0,77173.0
2026-04-14 18:05:22.476778,731966,1609507416081791,5016051168,-0.488,0.573888,0.925248,50.86375,-26.10125,-30.205,-25.608002,-16.624,22.920002,none,8,3.0,28840.0,166738.0,72296.0,174326.0,77173.0
2026-04-14 18:05:22.479278,731967,1609507416096310,5016066080,-0.61488,0.661728,0.856928,48.62375,-22.33,-28.7525,-24.952002,-17.984001,21.064001,none,8,3.0,28840.0,166738.0,72296.0,174326.0,77173.0
2026-04-14 18:05:22.481791,731968,1609507416105220,5016074773,-0.61488,0.661728,0.856928,36.96,-20.67625,-28.6125,-24.952002,-17.984001,21.064001,none,8,3.0,28840.0,166738.0,72296.0,174326.0,77173.0
2026-04-14 18:05:22.487617,731969,1609507416119715,5016089687,-0.657824,0.589504,0.52704,25.68125,-17.21125,-27.43125,-23.68,-18.128,19.784,none,8,3.0,28840.0,166738.0,72296.0,174326.0,77173.0
2026-04-14 18:05:22.511779,731980,1609507416128800,5016098450,-0.657824,0.589504,0.52704,17.59625,-15.75875,-21.69125,-23.68,-18.128,19.784,none,8,3.0,30988.0,160752.0,75652.0,168225.0,81464.0
2026-04-14 18:05:22.514063,731981,1609507416143493,5016113405,-0.503616,0.599264,0.710528,0.1925,-18.15625,-16.2925,-23.088001,-17.480001,19.496,none,8,3.0,30988.0,160752.0,75652.0,168225.0,81464.0
2026-04-14 18:05:22.516211,731982,1609507416152545,5016122115,-0.503616,0.599264,0.710528,-30.03875,-25.9,-18.8825,-23.088001,-17.480001,19.496,none,8,3.0,30988.0,160752.0,75652.0,168225.0,81464.0
2026-04-14 18:05:22.522777,731983,1609507416161630,5016130818,-0.220576,0.070272,0.657824,-73.5875,-37.56375,-29.723751,-21.328001,-16.288,18.888,none,8,3.0,30988.0,160752.0,75652.0,168225.0,81464.0
2026-04-14 18:05:22.535365,731984,1609507416176165,5016145804,-0.105408,0.046848,0.70272,-103.4775,-43.44375,-40.80125,-20.264002,-14.928,20.704,none,8,3.0,30988.0,160752.0,75652.0,168225.0,81464.0
2026-04-14 18:05:22.545301,731985,1609507416185128,5016154519,-0.105408,0.046848,0.70272,-91.88375,-29.435,-45.920002,-20.264002,-14.928,20.704,none,8,3.0,30988.0,160752.0,75652.0,168225.0,81464.0
2026-04-14 18:05:22.561783,731986,1609507416199723,5016169423,-0.396256,0.277184,0.640256,-57.12875,-1.6625,-59.35125,-19.112001,-14.064001,21.944,none,8,3.0,30988.0,160752.0,75652.0,168225.0,81464.0
2026-04-14 18:05:22.567688,731987,1609507416208650,5016178081,-0.396256,0.277184,0.640256,-38.9375,21.595,-80.35125,-19.112001,-14.064001,21.944,none,8,3.0,30988.0,160752.0,75652.0,168225.0,81464.0
2026-04-14 18:05:22.576761,731988,1609507416217614,5016186764,-0.681248,0.314272,0.610976,-38.92875,36.46125,-89.0575,-15.176001,-14.048,21.696001,none,8,3.0,30988.0,160752.0,75652.0,168225.0,81464.0
2026-04-14 18:05:22.607510,731999,1609507416232249,5016201705,-0.681248,0.314272,0.610976,-32.6725,42.9975,-82.433754,-15.176001,-14.048,21.696001,none,8,3.0,39246.0,157784.0,91403.0,165047.0,98217.0
2026-04-14 18:05:22.609918,732000,1609507416241210,5016210580,-0.925248,0.525088,0.856928,-12.3375,48.0025,-76.4225,-14.504001,-13.688001,22.720001,none,8,3.0,39246.0,157784.0,91403.0,165047.0,98217.0
2026-04-14 18:05:22.616825,732001,1609507416255741,5016225504,-1.126304,0.69296,0.573888,12.53875,53.55,-72.72125,-13.536,-13.240001,23.768002,none,8,3.0,39246.0,157784.0,91403.0,165047.0,98217.0
2026-04-14 18:05:22.624260,732002,1609507416264708,5016234188,-1.126304,0.69296,0.573888,25.0425,50.54,-65.2225,-13.536,-13.240001,23.768002,none,8,3.0,39246.0,157784.0,91403.0,165047.0,98217.0
2026-04-14 18:05:22.639214,732003,1609507416279216,5016249137,-0.89792,0.52704,0.482144,19.18,39.6025,-53.71625,-12.272,-13.256001,23.328001,none,8,3.0,39246.0,157784.0,91403.0,165047.0,98217.0
2026-04-14 18:05:22.670487,732004,1609507416288154,5016257837,-0.89792,0.52704,0.482144,-2.79125,23.07375,-48.37875,-12.272,-13.256001,23.328001,none,8,3.0,39246.0,157784.0,91403.0,165047.0,98217.0
2026-04-14 18:05:22.675129,732005,1609507416297038,5016266560,-0.726144,0.242048,0.609024,-27.51875,7.84875,-52.98125,-11.776001,-12.664001,23.208,none,8,3.0,39246.0,157784.0,91403.0,165047.0,98217.0
2026-04-14 18:05:22.675474,732006,1609507416311537,5016281478,-0.726144,0.242048,0.609024,-37.205,8.74125,-50.67125,-11.776001,-12.664001,23.208,none,8,3.0,39246.0,157784.0,91403.0,165047.0,98217.0
2026-04-14 18:05:22.682853,732007,1609507416320542,5016290226,-0.841312,0.325984,0.501664,-31.57,22.3825,-45.33375,-10.248,-12.328001,23.44,none,8,3.0,39246.0,157784.0,91403.0,165047.0,98217.0
2026-04-14 18:05:22.710481,732018,1609507416335239,5016305224,-1.089216,0.40992,0.431392,-19.18,41.763752,-44.56375,-9.200001,-12.112,23.776001,none,8,3.0,36056.0,156675.0,86294.0,164183.0,92728.0
2026-04-14 18:05:22.712977,732019,1609507416344310,5016313937,-1.089216,0.40992,0.431392,-16.79125,54.59125,-49.58625,-9.200001,-12.112,23.776001,none,8,3.0,36056.0,156675.0,86294.0,164183.0,92728.0
2026-04-14 18:05:22.715468,732020,1609507416353338,5016322670,-1.089216,0.40992,0.431392,-19.31125,52.605,-46.83,-9.200001,-12.112,23.776001,none,8,3.0,36056.0,156675.0,86294.0,164183.0,92728.0
2026-04-14 18:05:22.727963,732021,1609507416367946,5016337781,-1.179008,0.325984,0.306464,-31.9725,41.97375,-38.920002,-8.208,-11.592001,24.36,none,8,3.0,36056.0,156675.0,86294.0,164183.0,92728.0
2026-04-14 18:05:22.736259,732022,1609507416376897,5016346967,-1.155584,0.347456,0.372832,-36.77625,32.06,-27.37875,-8.408,-11.008,23.664001,none,8,3.0,36056.0,156675.0,86294.0,164183.0,92728.0
2026-04-14 18:05:22.751776,732023,1609507416391749,5016362094,-1.155584,0.347456,0.372832,-45.745,18.6375,-21.09625,-8.408,-11.008,23.664001,none,8,3.0,36056.0,156675.0,86294.0,164183.0,92728.0
2026-04-14 18:05:22.760526,732024,1609507416400710,5016370804,-0.91744,0.206912,0.671488,-52.77125,8.44375,-17.15875,-7.296001,-10.968,23.824001,none,8,3.0,36056.0,156675.0,86294.0,164183.0,92728.0
2026-04-14 18:05:22.776889,732025,1609507416415225,5016383633,-0.841312,0.054656,0.691008,-54.90625,3.6575,-12.31125,-7.480001,-10.264001,24.720001,none,8,3.0,36056.0,156675.0,86294.0,164183.0,92728.0
2026-04-14 18:05:22.855514,732036,1609507416424470,5016394986,-0.841312,0.054656,0.691008,-51.835,1.47,-6.30875,-7.480001,-10.264001,24.720001,none,8,3.0,28652.0,162880.0,71809.0,171299.0,76934.0
2026-04-14 18:05:22.857509,732037,1609507416433597,5016403721,-0.841312,0.054656,0.691008,-47.88,-0.58625,-3.92875,-7.480001,-10.264001,24.720001,none,8,3.0,28652.0,162880.0,71809.0,171299.0,76934.0
2026-04-14 18:05:22.862785,732038,1609507416448072,5016416739,-0.745664,-0.0488,0.67344,-44.33625,-0.84875,-5.11,-7.472,-9.976001,23.912,none,8,3.0,28652.0,162880.0,71809.0,171299.0,76934.0
2026-04-14 18:05:22.863174,732039,1609507416457295,5016427487,-0.732,0.103456,0.866688,-36.61,2.66,-4.2525,-7.296001,-9.176001,24.968,none,8,3.0,28652.0,162880.0,71809.0,171299.0,76934.0
2026-04-14 18:05:22.864901,732040,1609507416471997,5016440372,-0.732,0.103456,0.866688,-22.70625,9.03,-1.39125,-7.296001,-9.176001,24.968,none,8,3.0,28652.0,162880.0,71809.0,171299.0,76934.0
2026-04-14 18:05:22.870326,732041,1609507416481181,5016451123,-0.84912,0.1952,0.901824,-10.47375,14.6475,-2.49375,-7.624001,-9.008,25.144001,none,8,3.0,28652.0,162880.0,71809.0,171299.0,76934.0
2026-04-14 18:05:22.870404,732042,1609507416490356,5016459856,-0.84912,0.1952,0.901824,-5.36375,18.803751,-6.57125,-7.624001,-9.008,25.144001,none,8,3.0,28652.0,162880.0,71809.0,171299.0,76934.0
2026-04-14 18:05:22.872339,732043,1609507416504984,5016474817,-0.872544,0.406016,0.646112,-10.14125,23.555,-3.75375,-7.664001,-9.056001,25.216002,none,8,3.0,28652.0,162880.0,71809.0,171299.0,76934.0
2026-04-14 18:05:22.874816,732044,1609507416514138,5016483528,-0.872544,0.406016,0.646112,-24.19375,26.495,5.18,-7.664001,-9.056001,25.216002,none,8,3.0,28652.0,162880.0,71809.0,171299.0,76934.0
2026-04-14 18:05:22.884017,732045,1609507416523159,5016492225,-0.739808,0.491904,0.568032,-45.96375,21.49,5.2675,-7.376,-8.096001,24.896002,none,8,3.0,28652.0,162880.0,71809.0,171299.0,76934.0
2026-04-14 18:05:22.911762,732056,1609507416537705,5016507216,-0.618784,0.173728,0.716384,-70.55125,12.8625,-2.35375,-6.064,-7.384,24.392002,none,8,3.0,29561.0,154715.0,72766.0,162549.0,78481.0
2026-04-14 18:05:22.914117,732057,1609507416546644,5016515991,-0.618784,0.173728,0.716384,-93.66875,9.4675,-6.92125,-6.064,-7.384,24.392002,none,8,3.0,29561.0,154715.0,72766.0,162549.0,78481.0
2026-04-14 18:05:22.921523,732058,1609507416561348,5016531086,-0.786656,0.02928,0.489952,-105.49,10.6225,-11.29625,-5.304,-5.816001,24.640001,none,8,3.0,29561.0,154715.0,72766.0,162549.0,78481.0
2026-04-14 18:05:22.929271,732059,1609507416570323,5016539767,-0.786656,0.02928,0.489952,-100.23125,14.1925,-15.42625,-5.304,-5.816001,24.640001,none,8,3.0,29561.0,154715.0,72766.0,162549.0,78481.0
2026-04-14 18:05:22.944247,732060,1609507416584975,5016554790,-0.827648,-0.0488,0.441152,-84.00875,16.94875,-19.425,-6.12,-5.248,24.608002,none,8,3.0,29561.0,154715.0,72766.0,162549.0,78481.0
2026-04-14 18:05:22.953230,732061,1609507416594085,5016563519,-0.827648,-0.0488,0.441152,-68.145,15.54,-21.866251,-6.12,-5.248,24.608002,none,8,3.0,29561.0,154715.0,72766.0,162549.0,78481.0
2026-04-14 18:05:22.963685,732062,1609507416603165,5016572207,-0.931104,-0.013664,0.443104,-59.36875,12.74,-22.93375,-4.896,-4.296,22.112001,none,8,3.0,29561.0,154715.0,72766.0,162549.0,78481.0
2026-04-14 18:05:22.976732,732063,1609507416617715,5016587147,-0.892064,-0.056608,0.61488,-52.61375,10.57875,-23.5375,-4.744,-3.416,23.512001,none,8,3.0,29561.0,154715.0,72766.0,162549.0,78481.0
2026-04-14 18:05:23.014246,732074,1609507416626644,5016596091,-0.892064,-0.056608,0.61488,-45.42125,8.435,-23.9225,-4.744,-3.416,23.512001,none,8,3.0,28785.0,154877.0,71344.0,162929.0,76481.0
2026-04-14 18:05:23.016642,732075,1609507416641282,5016610988,-0.968192,-0.124928,0.421632,-36.82,7.175,-24.325,-4.608,-3.176,26.144001,none,8,3.0,28785.0,154877.0,71344.0,162929.0,76481.0
2026-04-14 18:05:23.019277,732076,1609507416650268,5016619679,-0.968192,-0.124928,0.421632,-28.848751,2.205,-25.34,-4.608,-3.176,26.144001,none,8,3.0,28785.0,154877.0,71344.0,162929.0,76481.0
2026-04-14 18:05:23.021794,732077,1609507416659195,5016628380,-1.026752,-0.021472,0.445056,-22.0325,1.4525,-24.6925,-5.072,-2.848,26.024002,none,8,3.0,28785.0,154877.0,71344.0,162929.0,76481.0
2026-04-14 18:05:23.033028,732078,1609507416673759,5016643492,-1.026752,-0.021472,0.445056,-13.7025,5.69625,-20.64125,-5.072,-2.848,26.024002,none,8,3.0,28785.0,154877.0,71344.0,162929.0,76481.0
2026-04-14 18:05:23.041282,732079,1609507416682760,5016652213,-0.93696,-0.091744,0.435296,-15.28625,1.79375,-20.90375,-5.056,-2.96,24.928001,none,8,3.0,28785.0,154877.0,71344.0,162929.0,76481.0
2026-04-14 18:05:23.056876,732080,1609507416697264,5016667282,-0.950624,-0.040992,0.648064,-19.81875,-1.5575,-20.7025,-4.592,-3.032,24.112001,none,8,3.0,28785.0,154877.0,71344.0,162929.0,76481.0
2026-04-14 18:05:23.068016,732081,1609507416706238,5016675975,-0.950624,-0.040992,0.648064,-12.25,-0.34125,-15.67125,-4.592,-3.032,24.112001,none,8,3.0,28785.0,154877.0,71344.0,162929.0,76481.0
2026-04-14 18:05:23.080430,732082,1609507416720757,5016690920,-0.983808,-0.179584,0.474336,0.455,1.72375,-16.3625,-4.392,-3.32,24.528002,none,8,3.0,28785.0,154877.0,71344.0,162929.0,76481.0
2026-04-14 18:05:23.115026,732093,1609507416730256,5016699697,-0.983808,-0.179584,0.474336,3.59625,-0.0175,-23.37125,-4.392,-3.32,24.528002,none,8,3.0,27466.0,156483.0,69072.0,164791.0,73438.0
2026-04-14 18:05:23.117458,732094,1609507416739205,5016708531,-0.833504,-0.01952,0.749568,7.35,-1.63625,-20.86875,-4.232,-3.92,24.696001,none,8,3.0,27466.0,156483.0,69072.0,164791.0,73438.0
2026-04-14 18:05:23.119845,732095,1609507416753725,5016723444,-0.833504,-0.01952,0.749568,15.2075,-0.6825,-13.2125,-4.232,-3.92,24.696001,none,8,3.0,27466.0,156483.0,69072.0,164791.0,73438.0
2026-04-14 18:05:23.122330,732096,1609507416762750,5016732164,-0.808128,0.074176,0.730048,19.460001,1.72375,-14.06125,-4.176,-3.728,24.584002,none,8,3.0,27466.0,156483.0,69072.0,164791.0,73438.0
2026-04-14 18:05:23.140125,732097,1609507416777366,5016747175,-0.872544,0.074176,0.519232,15.6975,6.475,-20.51875,-4.072,-3.864,26.296001,none,8,3.0,27466.0,156483.0,69072.0,164791.0,73438.0
2026-04-14 18:05:23.146718,732098,1609507416786304,5016755881,-0.872544,0.074176,0.519232,9.03875,11.01625,-23.03875,-4.072,-3.864,26.296001,none,8,3.0,27466.0,156483.0,69072.0,164791.0,73438.0
2026-04-14 18:05:23.153504,732099,1609507416795353,5016764612,-0.872544,0.074176,0.519232,2.14375,13.65,-22.61875,-4.072,-3.864,26.296001,none,8,3.0,27466.0,156483.0,69072.0,164791.0,73438.0
2026-04-14 18:05:23.181428,732100,1609507416809821,5016779498,-0.823744,0.16592,0.657824,-4.9525,14.6825,-23.66,-3.656,-3.752,24.464,none,8,3.0,27466.0,156483.0,69072.0,164791.0,73438.0
2026-04-14 18:05:23.206373,732101,1609507416818730,5016788190,-0.784704,0.11712,0.767136,-17.2375,17.10625,-26.32875,-4.24,-3.104,25.048,none,8,3.0,27466.0,156483.0,69072.0,164791.0,73438.0
2026-04-14 18:05:23.233747,732112,1609507416833391,5016803548,-0.784704,0.11712,0.767136,-40.04875,22.18125,-30.23125,-4.24,-3.104,25.048,none,8,3.0,27580.0,156154.0,68815.0,163904.0,73700.0
2026-04-14 18:05:23.240486,732113,1609507416842384,5016812258,-0.81984,-0.093696,0.696864,-70.74375,23.8,-35.04375,-3.712,-2.016,25.688002,none,8,3.0,27580.0,156154.0,68815.0,163904.0,73700.0
2026-04-14 18:05:23.240609,732114,1609507416851316,5016820933,-0.81984,-0.093696,0.696864,-90.7025,22.2075,-38.14125,-3.712,-2.016,25.688002,none,8,3.0,27580.0,156154.0,68815.0,163904.0,73700.0
2026-04-14 18:05:23.241290,732115,1609507416865845,5016835857,-0.935008,-0.177632,0.437248,-89.2325,19.2325,-40.62625,-3.352,-0.776,24.664001,none,8,3.0,27580.0,156154.0,68815.0,163904.0,73700.0
2026-04-14 18:05:23.245332,732116,1609507416874804,5016844560,-0.935008,-0.177632,0.437248,-69.44875,17.45625,-44.555,-3.352,-0.776,24.664001,none,8,3.0,27580.0,156154.0,68815.0,163904.0,73700.0
2026-04-14 18:05:23.251093,732117,1609507416889311,5016859483,-0.913536,-0.122976,0.47824,-43.085,17.5,-46.01625,-2.352,-1.12,24.6,none,8,3.0,27580.0,156154.0,68815.0,163904.0,73700.0
2026-04-14 18:05:23.258709,732118,1609507416898223,5016868186,-0.903776,-0.02928,0.421632,-19.81875,19.04875,-42.60375,-2.904,-0.856,25.352001,none,8,3.0,27580.0,156154.0,68815.0,163904.0,73700.0
2026-04-14 18:05:23.273851,732119,1609507416912937,5016883058,-0.903776,-0.02928,0.421632,-5.705,17.465,-37.33625,-2.904,-0.856,25.352001,none,8,3.0,27580.0,156154.0,68815.0,163904.0,73700.0
2026-04-14 18:05:23.280185,732120,1609507416922022,5016891891,-0.895968,-0.040992,0.388448,-2.80875,12.41625,-33.635,-1.928,-0.8,25.208002,none,8,3.0,27580.0,156154.0,68815.0,163904.0,73700.0
2026-04-14 18:05:23.337266,732131,1609507416931488,5016900640,-0.895968,-0.040992,0.388448,-7.27125,5.87125,-31.17625,-1.928,-0.8,25.208002,none,8,3.0,29553.0,154201.0,72061.0,160250.0,78265.0
2026-04-14 18:05:23.340050,732132,1609507416946066,5016915568,-0.86864,-0.11712,0.583648,-15.7325,-0.67375,-29.05875,-3.04,-0.112,26.312002,none,8,3.0,29553.0,154201.0,72061.0,160250.0,78265.0
2026-04-14 18:05:23.342549,732133,1609507416955006,5016924268,-0.86864,-0.11712,0.583648,-23.49375,-3.8675,-27.405,-3.04,-0.112,26.312002,none,8,3.0,29553.0,154201.0,72061.0,160250.0,78265.0
2026-04-14 18:05:23.345056,732134,1609507416969566,5016939207,-0.80032,-0.183488,0.81008,-22.39125,-4.1825,-24.955,-3.424,-0.12,25.592001,none,8,3.0,29553.0,154201.0,72061.0,160250.0,78265.0
2026-04-14 18:05:23.347536,732135,1609507416978508,5016947899,-0.892064,-0.189344,0.49776,-16.135,-2.3625,-23.28375,-3.424,-0.12,24.712002,none,8,3.0,29553.0,154201.0,72061.0,160250.0,78265.0
2026-04-14 18:05:23.350049,732136,1609507416987437,5016956601,-0.892064,-0.189344,0.49776,-6.85125,-1.33875,-21.23625,-2.904,-0.048,24.712002,none,8,3.0,29553.0,154201.0,72061.0,160250.0,78265.0
2026-04-14 18:05:23.361337,732137,1609507417002003,5016971544,-0.825696,-0.187392,0.573888,-0.02625,-0.56875,-18.64625,-2.464,-0.36,25.424002,none,8,3.0,29553.0,154201.0,72061.0,160250.0,78265.0
2026-04-14 18:05:23.370032,732138,1609507417010932,5016980310,-0.825696,-0.187392,0.573888,4.17375,-0.49875,-15.96875,-2.464,-0.36,25.424002,none,8,3.0,29553.0,154201.0,72061.0,160250.0,78265.0
2026-04-14 18:05:23.385027,732139,1609507417025584,5016995200,-0.935008,-0.163968,0.45872,5.36375,-1.35625,-11.89125,-2.8,-0.744,24.928001,none,8,3.0,29553.0,154201.0,72061.0,160250.0,78265.0
2026-04-14 18:05:23.419491,732150,1609507417034771,5017003951,-0.935008,-0.163968,0.45872,5.2325,-1.5925,-8.44375,-2.8,-0.744,24.928001,none,8,3.0,29635.0,157684.0,72133.0,163407.0,78616.0
2026-04-14 18:05:23.420060,732151,1609507417043762,5017012675,-0.862784,-0.220576,0.49776,6.895,-2.68625,-5.81,-2.416,-0.528,25.384,none,8,3.0,29635.0,157684.0,72133.0,163407.0,78616.0
2026-04-14 18:05:23.422491,732152,1609507417058308,5017027617,-0.862784,-0.220576,0.732,9.00375,-3.14125,-4.3575,-2.416,-0.528,25.384,none,8,3.0,29635.0,157684.0,72133.0,163407.0,78616.0
2026-04-14 18:05:23.428500,732153,1609507417067238,5017036354,-0.872544,-0.150304,0.718336,12.50375,-2.45875,-3.5525,-2.488,-1.512,24.328001,none,8,3.0,29635.0,157684.0,72133.0,163407.0,78616.0
2026-04-14 18:05:23.441243,732154,1609507417081716,5017051360,-0.815936,-0.142496,0.677344,15.95125,-2.31875,-3.01,-1.992,-1.928,24.432001,none,8,3.0,29635.0,157684.0,72133.0,163407.0,78616.0
2026-04-14 18:05:23.450456,732155,1609507417090690,5017060112,-0.815936,-0.142496,0.677344,15.44375,-1.81125,-3.29875,-1.992,-1.928,24.432001,none,8,3.0,29635.0,157684.0,72133.0,163407.0,78616.0
2026-04-14 18:05:23.465522,732156,1609507417105224,5017075036,-0.841312,-0.115168,0.626592,9.82625,-2.135,-4.6025,-1.976,-1.704,24.104002,none,8,3.0,29635.0,157684.0,72133.0,163407.0,78616.0
2026-04-14 18:05:23.473008,732157,1609507417114260,5017083743,-0.841312,-0.115168,0.626592,3.325,-2.17,-6.2125,-1.976,-1.704,24.104002,none,8,3.0,29635.0,157684.0,72133.0,163407.0,78616.0
2026-04-14 18:05:23.484173,732158,1609507417123261,5017092605,-0.880352,-0.128832,0.450912,-0.55125,-2.45875,-7.5425,-2.28,-1.224,25.720001,none,8,3.0,29635.0,157684.0,72133.0,163407.0,78616.0
2026-04-14 18:05:23.518616,732169,1609507417137852,5017107553,-0.880352,-0.128832,0.450912,-1.93375,-2.10875,-9.31875,-2.28,-1.224,25.720001,none,8,3.0,29815.0,159424.0,72439.0,164773.0,78985.0
2026-04-14 18:05:23.522094,732170,1609507417146810,5017116249,-0.899872,-0.103456,0.5856,-2.82625,-2.63375,-10.43,-1.576,-1.48,23.576,none,8,3.0,29815.0,159424.0,72439.0,164773.0,78985.0
2026-04-14 18:05:23.522196,732171,1609507417161335,5017131226,-0.812032,-0.089792,0.573888,-7.98875,-3.4475,-12.83625,-1.792,-1.456,24.368002,none,8,3.0,29815.0,159424.0,72439.0,164773.0,78985.0
2026-04-14 18:05:23.551613,732172,1609507417170278,5017139949,-0.812032,-0.089792,0.573888,-15.4,-3.75375,-15.8025,-1.792,-1.456,24.368002,none,8,3.0,29815.0,159424.0,72439.0,164773.0,78985.0
2026-04-14 18:05:23.575104,732173,1609507417184772,5017154897,-0.890112,-0.089792,0.648064,-19.95875,-1.39125,-17.9375,-1.792,-1.488,24.384,none,8,3.0,29815.0,159424.0,72439.0,164773.0,78985.0
2026-04-14 18:05:23.580526,732174,1609507417193722,5017163615,-0.890112,-0.089792,0.648064,-14.74375,-2.345,-18.41,-1.792,-1.488,24.384,none,8,3.0,29815.0,159424.0,72439.0,164773.0,78985.0
2026-04-14 18:05:23.583013,732175,1609507417202734,5017172296,-0.772992,-0.132736,0.733952,-6.58,-7.28,-18.48,-2.0,-1.128,24.6,none,8,3.0,29815.0,159424.0,72439.0,164773.0,78985.0
2026-04-14 18:05:23.585304,732176,1609507417217420,5017187217,-0.772992,-0.132736,0.733952,-8.44375,-8.9425,-20.43125,-2.0,-1.128,24.6,none,8,3.0,29815.0,159424.0,72439.0,164773.0,78985.0
2026-04-14 18:05:23.587987,732177,1609507417226589,5017195927,-0.81008,-0.101504,0.579744,-13.55375,-7.1925,-21.98875,-2.592,-1.008,25.264002,none,8,3.0,29815.0,159424.0,72439.0,164773.0,78985.0
2026-04-14 18:05:23.617836,732188,1609507417241224,5017210878,-0.84912,-0.085888,0.599264,-17.43,-5.48625,-21.805,-2.584,-0.6,25.832,none,8,3.0,30999.0,171703.0,74557.0,177010.0,81816.0
2026-04-14 18:05:23.619975,732189,1609507417250221,5017219644,-0.84912,-0.085888,0.599264,-22.2425,-4.66375,-21.7175,-2.584,-0.6,25.832,none,8,3.0,30999.0,171703.0,74557.0,177010.0,81816.0
2026-04-14 18:05:23.622405,732190,1609507417259147,5017228337,-0.84912,-0.085888,0.599264,-27.72,-3.4475,-20.72875,-2.584,-0.6,25.832,none,8,3.0,30999.0,171703.0,74557.0,177010.0,81816.0
2026-04-14 18:05:23.632866,732191,1609507417273799,5017243247,-0.870592,-0.11712,0.607072,-32.52375,-2.70375,-18.13,-2.68,0.0,26.752,none,8,3.0,30999.0,171703.0,74557.0,177010.0,81816.0
2026-04-14 18:05:23.641250,732192,1609507417282754,5017251989,-0.86864,-0.18544,0.558272,-34.78125,-3.85,-14.752501,-2.656,0.176,25.184002,none,8,3.0,30999.0,171703.0,74557.0,177010.0,81816.0
2026-04-14 18:05:23.656718,732193,1609507417297285,5017266900,-0.86864,-0.18544,0.558272,-37.205,-4.13875,-12.18875,-2.656,0.176,25.184002,none,8,3.0,30999.0,171703.0,74557.0,177010.0,81816.0
2026-04-14 18:05:23.665154,732194,1609507417306225,5017275606,-0.81984,-0.25376,0.622688,-38.91125,-3.94625,-8.9075,-1.456,0.608,24.920002,none,8,3.0,30999.0,171703.0,74557.0,177010.0,81816.0
2026-04-14 18:05:23.680489,732195,1609507417320702,5017290488,-0.815936,-0.296704,0.681248,-38.92875,-3.185,-5.74875,-1.456,0.608,25.52,none,8,3.0,30999.0,171703.0,74557.0,177010.0,81816.0
2026-04-14 18:05:23.689221,732196,1609507417329661,5017299212,-0.815936,-0.296704,0.681248,-36.085,-1.65375,-3.1675,-2.336,1.104,25.52,none,8,3.0,30999.0,171703.0,74557.0,177010.0,81816.0
2026-04-14 18:05:23.719107,732207,1609507417338737,5017307989,-0.815936,-0.296704,0.681248,-30.1875,-0.16625,-1.12,-2.336,1.104,25.52,none,8,3.0,33041.0,189077.0,77813.0,191890.0,85698.0
2026-04-14 18:05:23.721611,732208,1609507417353244,5017323021,-0.856928,-0.310368,0.671488,-22.015,0.07,1.19,-1.552,1.112,23.76,none,8,3.0,33041.0,189077.0,77813.0,191890.0,85698.0
2026-04-14 18:05:23.723695,732209,1609507417362177,5017331694,-0.860832,-0.345504,0.437248,-14.28,-0.00875,2.66875,-1.736,0.64,23.720001,none,8,3.0,33041.0,189077.0,77813.0,191890.0,85698.0
2026-04-14 18:05:23.735349,732210,1609507417376904,5017346629,-0.860832,-0.345504,0.437248,-8.785,0.5775,3.115,-1.736,0.64,23.720001,none,8,3.0,33041.0,189077.0,77813.0,191890.0,85698.0
2026-04-14 18:05:23.744197,732211,1609507417385931,5017355346,-0.794464,-0.286944,0.636352,-1.645,1.05875,3.47375,-1.76,1.112,24.000002,none,8,3.0,33041.0,189077.0,77813.0,191890.0,85698.0
2026-04-14 18:05:23.754234,732212,1609507417394933,5017364040,-0.794464,-0.286944,0.636352,7.42,2.485,3.5525,-1.76,1.112,24.000002,none,8,3.0,33041.0,189077.0,77813.0,191890.0,85698.0
2026-04-14 18:05:23.769210,732213,1609507417409473,5017378935,-0.833504,-0.197152,0.685152,14.9275,3.325,1.60125,-1.624,0.848,24.984001,none,8,3.0,33041.0,189077.0,77813.0,191890.0,85698.0
2026-04-14 18:05:23.776484,732214,1609507417418479,5017387846,-0.833504,-0.197152,0.685152,20.09,3.54375,-0.14,-1.624,0.848,24.984001,none,8,3.0,33041.0,189077.0,77813.0,191890.0,85698.0
2026-04-14 18:05:23.816281,732225,1609507417433452,5017402835,-0.915488,-0.128832,0.450912,21.5775,3.05375,-1.1375,-1.832,0.592,24.392002,none,8,3.0,33172.0,187363.0,78127.0,190263.0,86150.0
2026-04-14 18:05:23.819113,732226,1609507417442484,5017411668,-0.864736,-0.12688,0.470432,19.41625,2.05625,-2.485,-2.44,0.632,28.408,none,8,3.0,33172.0,187363.0,78127.0,190263.0,86150.0
2026-04-14 18:05:23.824148,732227,1609507417451437,5017420370,-0.864736,-0.12688,0.470432,14.77875,0.3675,-3.2375,-2.44,0.632,28.408,none,8,3.0,33172.0,187363.0,78127.0,190263.0,86150.0
2026-04-14 18:05:23.826221,732228,1609507417465949,5017435345,-0.890112,-0.144448,0.581696,8.42625,-2.00375,-3.29875,-2.68,0.384,25.320002,none,8,3.0,33172.0,187363.0,78127.0,190263.0,86150.0
2026-04-14 18:05:23.834155,732229,1609507417474902,5017444066,-0.890112,-0.144448,0.581696,1.33875,-3.33375,-3.94625,-2.68,0.384,25.320002,none,8,3.0,33172.0,187363.0,78127.0,190263.0,86150.0
2026-04-14 18:05:23.847992,732230,1609507417489547,5017459008,-0.90768,-0.179584,0.542656,-3.03625,-3.6575,-4.75125,-2.664,0.456,25.44,none,8,3.0,33172.0,187363.0,78127.0,190263.0,86150.0
2026-04-14 18:05:23.857897,732231,1609507417498478,5017467692,-0.90768,-0.179584,0.542656,-3.395,-3.325,-5.20625,-2.664,0.456,25.44,none,8,3.0,33172.0,187363.0,78127.0,190263.0,86150.0
2026-04-14 18:05:23.874342,732232,1609507417512961,5017482601,-0.815936,-0.201056,0.677344,-1.72375,-2.05625,-5.95,-2.176,0.624,24.976002,none,8,3.0,33172.0,187363.0,78127.0,190263.0,86150.0
2026-04-14 18:05:23.881805,732233,1609507417521847,5017491279,-0.815936,-0.230336,0.616832,0.69125,-1.75,-6.83375,-2.176,0.624,26.768002,none,8,3.0,33172.0,187363.0,78127.0,190263.0,86150.0
2026-04-14 18:05:23.891337,732234,1609507417530868,5017499995,-0.813984,-0.230336,0.616832,0.3325,-2.52875,-6.18625,-3.232,0.912,26.768002,none,8,3.0,33172.0,187363.0,78127.0,190263.0,86150.0
2026-04-14 18:05:23.992341,732245,1609507417545439,5017515113,-0.870592,-0.226432,0.59536,-2.65125,-3.91125,-6.2475,-1.344,0.352,23.768002,none,8,3.0,32980.0,186426.0,77831.0,189686.0,85883.0
2026-04-14 18:05:23.995351,732246,1609507417554529,5017523807,-0.870592,-0.226432,0.59536,-3.08,-4.83875,-7.02625,-1.344,0.352,23.768002,none,8,3.0,32980.0,186426.0,77831.0,189686.0,85883.0
2026-04-14 18:05:23.997376,732247,1609507417569101,5017538753,-0.880352,-0.244,0.45872,0.41125,-4.725,-7.23625,-2.128,-0.096,24.096,none,8,3.0,32980.0,186426.0,77831.0,189686.0,85883.0
2026-04-14 18:05:24.000348,732248,1609507417578050,5017547452,-0.880352,-0.244,0.45872,3.9725,-4.48,-7.44625,-2.128,-0.096,24.096,none,8,3.0,32980.0,186426.0,77831.0,189686.0,85883.0
2026-04-14 18:05:24.002370,732249,1609507417592521,5017562477,-0.815936,-0.255712,0.51728,7.14,-3.99,-6.86,-1.928,0.104,24.336,none,8,3.0,32980.0,186426.0,77831.0,189686.0,85883.0
2026-04-14 18:05:24.007799,732250,1609507417601586,5017571231,-0.815936,-0.255712,0.51728,7.21875,-4.165,-6.18625,-1.928,0.104,24.336,none,8,3.0,32980.0,186426.0,77831.0,189686.0,85883.0
2026-04-14 18:05:24.012761,732251,1609507417610516,5017579972,-0.80032,-0.240096,0.562176,5.92375,-4.8125,-6.5625,-2.664,0.456,25.160002,none,8,3.0,32980.0,186426.0,77831.0,189686.0,85883.0
2026-04-14 18:05:24.015330,732252,1609507417624995,5017594908,-0.854976,-0.179584,0.601216,7.32375,-5.18,-6.51875,-2.68,0.32,24.904001,none,8,3.0,32980.0,186426.0,77831.0,189686.0,85883.0
2026-04-14 18:05:24.050530,732263,1609507417634606,5017604215,-0.854976,-0.179584,0.601216,9.98375,-5.285,-5.64375,-2.68,0.32,24.904001,none,8,3.0,32736.0,183778.0,77388.0,187413.0,85341.0
2026-04-14 18:05:24.053037,732264,1609507417650124,5017619410,-0.763232,-0.199104,0.728096,11.2875,-4.7775,-4.8825,-2.984,0.088,25.28,none,8,3.0,32736.0,183778.0,77388.0,187413.0,85341.0
2026-04-14 18:05:24.055568,732265,1609507417659081,5017628198,-0.763232,-0.199104,0.728096,9.6425,-5.15375,-4.13875,-2.984,0.088,25.28,none,8,3.0,32736.0,183778.0,77388.0,187413.0,85341.0
2026-04-14 18:05:24.057962,732266,1609507417668225,5017636929,-0.786656,-0.216672,0.665632,6.85125,-5.6,-3.31625,-3.368,-0.232,25.424002,none,8,3.0,32736.0,183778.0,77388.0,187413.0,85341.0
2026-04-14 18:05:24.062996,732267,1609507417683064,5017651886,-0.864736,-0.193248,0.632448,5.27625,-5.45125,-3.07125,-3.368,-0.472,25.784,none,8,3.0,32736.0,183778.0,77388.0,187413.0,85341.0
2026-04-14 18:05:24.065499,732268,1609507417692463,5017662661,-0.864736,-0.193248,0.632448,5.1975,-5.81,-3.40375,-2.912,-0.472,25.784,none,8,3.0,32736.0,183778.0,77388.0,187413.0,85341.0
2026-04-14 18:05:24.067526,732269,1609507417701496,5017671404,-0.864736,-0.193248,0.632448,7.8925,-5.5125,-3.78,-2.912,-0.472,25.784,none,8,3.0,32736.0,183778.0,77388.0,187413.0,85341.0
2026-04-14 18:05:24.075113,732270,1609507417716043,5017686297,-0.894016,-0.171776,0.550464,11.22625,-4.655,-3.9725,-3.664,-0.056,26.448002,none,8,3.0,32736.0,183778.0,77388.0,187413.0,85341.0
2026-04-14 18:05:24.084488,732271,1609507417725088,5017695048,-0.853024,-0.191296,0.489952,13.667501,-3.3775,-3.50875,-3.84,-0.176,26.04,none,8,3.0,32736.0,183778.0,77388.0,187413.0,85341.0
2026-04-14 18:05:24.121738,732282,1609507417739685,5017709995,-0.853024,-0.191296,0.489952,13.0025,-2.3975,-3.0975,-3.84,-0.176,26.04,none,8,3.0,32174.0,180347.0,76492.0,184407.0,84268.0
2026-04-14 18:05:24.123661,732283,1609507417748727,5017718800,-0.7808,-0.21472,0.66368,8.89875,-2.21375,-3.17625,-3.656,-0.552,24.688002,none,8,3.0,32174.0,180347.0,76492.0,184407.0,84268.0
2026-04-14 18:05:24.126372,732284,1609507417757756,5017727574,-0.7808,-0.21472,0.66368,3.75375,-2.3975,-3.2025,-3.656,-0.552,24.688002,none,8,3.0,32174.0,180347.0,76492.0,184407.0,84268.0
2026-04-14 18:05:24.137886,732285,1609507417772271,5017742482,-0.776896,-0.206912,0.743712,0.30625,-2.94,-2.91375,-2.672,-0.992,24.480001,none,8,3.0,32174.0,180347.0,76492.0,184407.0,84268.0
2026-04-14 18:05:24.141289,732286,1609507417781205,5017751235,-0.776896,-0.206912,0.743712,2.23125,-1.96875,-3.395,-2.672,-0.992,24.480001,none,8,3.0,32174.0,180347.0,76492.0,184407.0,84268.0
2026-04-14 18:05:24.156308,732287,1609507417795771,5017766124,-0.796416,-0.17568,0.753472,7.13125,-0.315,-3.05375,-2.832,-1.0,25.888,none,8,3.0,32174.0,180347.0,76492.0,184407.0,84268.0
2026-04-14 18:05:24.164249,732288,1609507417804717,5017774979,-0.80032,-0.189344,0.528992,10.8675,1.35625,-3.26375,-3.312,-0.984,25.872002,none,8,3.0,32174.0,180347.0,76492.0,184407.0,84268.0
2026-04-14 18:05:24.172732,732289,1609507417813759,5017783684,-0.80032,-0.189344,0.528992,10.43,1.4875,-3.21125,-3.312,-0.984,25.872002,none,8,3.0,32174.0,180347.0,76492.0,184407.0,84268.0
2026-04-14 18:05:24.189067,732290,1609507417828395,5017798580,-0.823744,-0.179584,0.521184,7.7525,0.41125,-2.205,-3.24,-1.248,24.104002,none,8,3.0,32174.0,180347.0,76492.0,184407.0,84268.0
2026-04-14 18:05:24.218864,732301,1609507417837852,5017807394,-0.823744,-0.179584,0.521184,3.6225,-1.155,-1.82,-3.24,-1.248,24.104002,none,8,3.0,32190.0,179391.0,76584.0,183618.0,84305.0
2026-04-14 18:05:24.221783,732302,1609507417852393,5017822350,-0.864736,-0.163968,0.640256,1.015,-2.54625,-1.505,-3.456,-0.896,25.424002,none,8,3.0,32190.0,179391.0,76584.0,183618.0,84305.0
2026-04-14 18:05:24.224309,732303,1609507417861323,5017831069,-0.864736,-0.163968,0.640256,0.455,-2.1175,-1.39125,-3.456,-0.896,25.424002,none,8,3.0,32190.0,179391.0,76584.0,183618.0,84305.0
2026-04-14 18:05:24.229259,732304,1609507417870314,5017839779,-0.812032,-0.222528,0.54656,2.02125,-1.33,-1.18125,-3.432,-1.168,25.456001,none,8,3.0,32190.0,179391.0,76584.0,183618.0,84305.0
2026-04-14 18:05:24.245486,732305,1609507417884922,5017854735,-0.831552,-0.201056,0.50752,2.205,-0.945,-1.09375,-2.552,-0.856,25.504002,none,8,3.0,32190.0,179391.0,76584.0,183618.0,84305.0
2026-04-14 18:05:24.256758,732306,1609507417894210,5017863469,-0.831552,-0.201056,0.50752,3.21125,-0.3675,-1.715,-2.552,-0.856,25.504002,none,8,3.0,32190.0,179391.0,76584.0,183618.0,84305.0
2026-04-14 18:05:24.291193,732307,1609507417908934,5017878383,-0.895968,-0.154208,0.513376,4.83,0.32375,-1.89875,-4.056,-0.792,26.928001,none,8,3.0,32190.0,179391.0,76584.0,183618.0,84305.0
2026-04-14 18:05:24.294101,732308,1609507417917834,5017887054,-0.895968,-0.154208,0.513376,5.1625,0.665,-2.205,-4.056,-0.792,26.928001,none,8,3.0,32190.0,179391.0,76584.0,183618.0,84305.0
2026-04-14 18:05:24.296589,732309,1609507417926749,5017895727,-0.831552,-0.18544,0.519232,4.29625,0.8925,-2.0125,-2.44,-1.36,24.728,none,8,3.0,32190.0,179391.0,76584.0,183618.0,84305.0
2026-04-14 18:05:24.347207,732320,1609507417941511,5017910739,-0.831552,-0.18544,0.519232,3.47375,0.98,-2.00375,-2.44,-1.36,24.728,none,8,3.0,32047.0,178438.0,76358.0,182785.0,83982.0
2026-04-14 18:05:24.349213,732321,1609507417950634,5017919435,-0.872544,-0.128832,0.659776,3.1325,0.81375,-1.8375,-3.48,-1.496,25.768002,none,8,3.0,32047.0,178438.0,76358.0,182785.0,83982.0
2026-04-14 18:05:24.351740,732322,1609507417965790,5017934345,-0.903776,-0.152256,0.501664,2.0125,0.21,-2.3275,-3.488,-1.384,24.648,none,8,3.0,32047.0,178438.0,76358.0,182785.0,83982.0
2026-04-14 18:05:24.354244,732323,1609507417975252,5017945088,-0.903776,-0.152256,0.501664,-0.0525,-0.14875,-2.9225,-3.488,-1.384,24.648,none,8,3.0,32047.0,178438.0,76358.0,182785.0,83982.0
2026-04-14 18:05:24.358941,732324,1609507417984191,5017953826,-0.903776,-0.152256,0.501664,-0.93625,-0.7,-2.84375,-3.488,-1.384,24.648,none,8,3.0,32047.0,178438.0,76358.0,182785.0,83982.0
2026-04-14 18:05:24.363585,732325,1609507417998742,5017968745,-0.8784,-0.177632,0.470432,-0.9275,-0.62125,-2.70375,-3.184,-1.664,25.304,none,8,3.0,32047.0,178438.0,76358.0,182785.0,83982.0
2026-04-14 18:05:24.371595,732326,1609507418007759,5017977489,-0.806176,-0.152256,0.75152,1.085,-0.55125,-2.9225,-3.432,-1.584,24.632002,none,8,3.0,32047.0,178438.0,76358.0,182785.0,83982.0
2026-04-14 18:05:24.384338,732327,1609507418022320,5017992447,-0.806176,-0.152256,0.75152,3.92,-0.16625,-2.98375,-3.432,-1.584,24.632002,none,8,3.0,32047.0,178438.0,76358.0,182785.0,83982.0
2026-04-14 18:05:24.390398,732328,1609507418031236,5018001155,-0.88816,-0.128832,0.628544,4.75125,0.32375,-3.21125,-2.752,-1.704,24.528002,none,8,3.0,32047.0,178438.0,76358.0,182785.0,83982.0
2026-04-14 18:05:24.421730,732339,1609507418040356,5018009917,-0.88816,-0.128832,0.628544,4.0075,0.60375,-3.26375,-2.752,-1.704,24.528002,none,8,3.0,31992.0,177809.0,76302.0,182245.0,83919.0
2026-04-14 18:05:24.424318,732340,1609507418054910,5018024985,-0.890112,-0.140544,0.607072,2.00375,-0.105,-3.4825,-4.064,-1.544,24.544,none,8,3.0,31992.0,177809.0,76302.0,182245.0,83919.0
2026-04-14 18:05:24.426389,732341,1609507418063925,5018033701,-0.890112,-0.140544,0.607072,0.6475,-0.945,-2.94,-4.064,-1.544,24.544,none,8,3.0,31992.0,177809.0,76302.0,182245.0,83919.0
2026-04-14 18:05:24.437817,732342,1609507418078585,5018048655,-0.85888,-0.20496,0.495808,0.4725,-1.68875,-2.6775,-2.688,-1.792,23.856,none,8,3.0,31992.0,177809.0,76302.0,182245.0,83919.0
2026-04-14 18:05:24.449256,732343,1609507418087693,5018057359,-0.876448,-0.232288,0.544608,2.6775,-1.7675,-2.80875,-4.152,-1.352,26.352001,none,8,3.0,31992.0,177809.0,76302.0,182245.0,83919.0
2026-04-14 18:05:24.456840,732344,1609507418096667,5018066074,-0.876448,-0.232288,0.544608,6.5275,-1.12875,-2.82625,-4.152,-1.352,26.352001,none,8,3.0,31992.0,177809.0,76302.0,182245.0,83919.0
2026-04-14 18:05:24.471588,732345,1609507418111163,5018080953,-0.890112,-0.245952,0.571936,14.23625,0.035,-2.54625,-3.16,-2.36,24.448002,none,8,3.0,31992.0,177809.0,76302.0,182245.0,83919.0
2026-04-14 18:05:24.479123,732346,1609507418120109,5018089717,-0.890112,-0.245952,0.571936,25.97875,1.35625,-1.015,-3.16,-2.36,24.448002,none,8,3.0,31992.0,177809.0,76302.0,182245.0,83919.0
2026-04-14 18:05:24.518890,732357,1609507418134611,5018104679,-0.845216,-0.242048,0.679296,40.495,5.425,-0.9975,-2.536,-3.248,24.68,none,8,3.0,31176.0,176144.0,74995.0,180683.0,82309.0
2026-04-14 18:05:24.521430,732358,1609507418143607,5018113368,-0.845216,-0.242048,0.679296,58.625,7.11375,-2.91375,-2.536,-3.248,24.68,none,8,3.0,31176.0,176144.0,74995.0,180683.0,82309.0
2026-04-14 18:05:24.523959,732359,1609507418158147,5018128320,-0.853024,-0.226432,0.47824,77.34125,10.675,-3.85875,-2.816,-3.832,25.056002,none,8,3.0,31176.0,176144.0,74995.0,180683.0,82309.0
2026-04-14 18:05:24.527665,732360,1609507418167129,5018137044,-0.794464,-0.115168,0.706624,94.38625,13.46625,-7.2975,-2.456,-5.376,24.168001,none,8,3.0,31176.0,176144.0,74995.0,180683.0,82309.0
2026-04-14 18:05:24.535196,732361,1609507418176145,5018145792,-0.794464,-0.115168,0.706624,109.15625,16.17,-10.7625,-2.456,-5.376,24.168001,none,8,3.0,31176.0,176144.0,74995.0,180683.0,82309.0
2026-04-14 18:05:24.550079,732362,1609507418190667,5018160717,-0.794464,0.01952,0.732,118.34375,18.15625,-12.6175,-2.664,-6.648,25.448002,none,8,3.0,31176.0,176144.0,74995.0,180683.0,82309.0
2026-04-14 18:05:24.558635,732363,1609507418199749,5018169424,-0.794464,0.01952,0.732,119.49875,18.7775,-11.5675,-2.664,-6.648,25.448002,none,8,3.0,31176.0,176144.0,74995.0,180683.0,82309.0
2026-04-14 18:05:24.592577,732364,1609507418214242,5018184297,-0.788608,0.040992,0.616832,110.8975,18.06875,-12.635,-3.336,-7.528,25.128,none,8,3.0,31176.0,176144.0,74995.0,180683.0,82309.0
2026-04-14 18:05:24.595161,732365,1609507418225309,5018194595,-0.788608,0.040992,0.616832,94.54375,15.81125,-12.915,-3.336,-7.528,25.128,none,8,3.0,31176.0,176144.0,74995.0,180683.0,82309.0
2026-04-14 18:05:24.597658,732366,1609507418234352,5018203378,-0.882304,0.040992,0.482144,75.29375,13.39625,-10.2375,-2.088,-8.816,23.432001,none,8,3.0,31176.0,176144.0,74995.0,180683.0,82309.0
2026-04-14 18:05:24.625072,732377,1609507418249265,5018218313,-0.798368,-0.013664,0.640256,61.48625,12.2675,-7.6475,-2.136,-9.432,23.736002,none,8,3.0,28540.0,166450.0,70428.0,172980.0,76137.0
2026-04-14 18:05:24.627679,732378,1609507418258266,5018227014,-0.798368,-0.013664,0.640256,51.835,10.2375,-8.1025,-2.136,-9.432,23.736002,none,8,3.0,28540.0,166450.0,70428.0,172980.0,76137.0
2026-04-14 18:05:24.672526,732379,1609507418267676,5018237791,-0.856928,-0.007808,0.495808,39.97875,7.9275,-9.5025,-2.136,-9.664001,23.216002,none,8,3.0,28540.0,166450.0,70428.0,172980.0,76137.0
2026-04-14 18:05:24.677640,732380,1609507418282294,5018250771,-0.856928,-0.007808,0.495808,30.2225,6.65875,-8.417501,-2.136,-9.664001,23.216002,none,8,3.0,28540.0,166450.0,70428.0,172980.0,76137.0
2026-04-14 18:05:24.687747,732381,1609507418291715,5018261551,-0.899872,-0.013664,0.519232,22.35625,5.48625,-5.4425,-2.032,-9.768001,23.496,none,8,3.0,28540.0,166450.0,70428.0,172980.0,76137.0
2026-04-14 18:05:24.690154,732382,1609507418300657,5018270280,-0.899872,-0.013664,0.519232,13.4575,4.5675,-4.22625,-2.032,-9.768001,23.496,none,8,3.0,28540.0,166450.0,70428.0,172980.0,76137.0
2026-04-14 18:05:24.692690,732383,1609507418315142,5018285163,-0.938912,-0.046848,0.550464,6.83375,3.6225,-3.4475,-2.032,-10.144,23.488,none,8,3.0,28540.0,166450.0,70428.0,172980.0,76137.0
2026-04-14 18:05:24.695163,732384,1609507418324101,5018293885,-0.938912,-0.046848,0.550464,5.13625,3.6575,-2.31,-2.032,-10.144,23.488,none,8,3.0,28540.0,166450.0,70428.0,172980.0,76137.0
2026-04-14 18:05:24.722996,732395,1609507418338687,5018309046,-0.929152,-0.0488,0.472384,8.1725,2.40625,-0.56,-2.688,-9.552,25.52,none,8,3.0,27772.0,162028.0,68690.0,168799.0,74127.0
2026-04-14 18:05:24.725082,732396,1609507418347718,5018317915,-0.923296,0.02928,0.538752,10.675,1.435,0.90125,-2.32,-9.84,26.28,none,8,3.0,27772.0,162028.0,68690.0,168799.0,74127.0
2026-04-14 18:05:24.727514,732397,1609507418362340,5018330781,-0.923296,0.02928,0.538752,9.98375,0.7175,3.92,-2.32,-9.84,26.28,none,8,3.0,27772.0,162028.0,68690.0,168799.0,74127.0
2026-04-14 18:05:24.734399,732398,1609507418371760,5018341561,-0.8784,0.031232,0.6344,5.66125,-0.16625,3.89375,-2.232,-10.200001,24.376001,none,8,3.0,27772.0,162028.0,68690.0,168799.0,74127.0
2026-04-14 18:05:24.741314,732399,1609507418380729,5018350352,-0.8784,0.031232,0.6344,-0.7175,-1.8025,2.03875,-2.232,-10.200001,24.376001,none,8,3.0,27772.0,162028.0,68690.0,168799.0,74127.0
2026-04-14 18:05:24.754131,732400,1609507418395253,5018365345,-0.802272,-0.003904,0.628544,-8.00625,-3.68375,3.0625,-2.848,-9.568001,24.936,none,8,3.0,27772.0,162028.0,68690.0,168799.0,74127.0
2026-04-14 18:05:24.762483,732401,1609507418404177,5018374051,-0.802272,-0.003904,0.628544,-14.84875,-5.0575,3.5175,-2.848,-9.568001,24.936,none,8,3.0,27772.0,162028.0,68690.0,168799.0,74127.0
2026-04-14 18:05:24.781787,732402,1609507418418672,5018388941,-0.813984,-0.015616,0.732,-18.48875,-5.31125,3.01875,-2.856,-9.728001,23.920002,none,8,3.0,27772.0,162028.0,68690.0,168799.0,74127.0
2026-04-14 18:05:24.788044,732403,1609507418427612,5018397666,-0.813984,-0.00976,0.618784,-18.8125,-5.215,2.9925,-2.856,-9.728001,23.920002,none,8,3.0,27772.0,162028.0,68690.0,168799.0,74127.0
2026-04-14 18:05:24.820500,732414,1609507418436569,5018406416,-0.813984,-0.00976,0.618784,-17.26375,-3.815,2.2225,-2.192,-9.824,23.864,none,8,3.0,27803.0,159697.0,68623.0,166161.0,74087.0
2026-04-14 18:05:24.822996,732415,1609507418451196,5018421375,-0.919392,0.070272,0.519232,-16.0825,-2.5725,0.74375,-3.304,-9.408,25.432001,none,8,3.0,27803.0,159697.0,68623.0,166161.0,74087.0
2026-04-14 18:05:24.828083,732416,1609507418460195,5018430133,-0.919392,0.070272,0.519232,-19.215,-1.995,0.035,-3.304,-9.408,25.432001,none,8,3.0,27803.0,159697.0,68623.0,166161.0,74087.0
2026-04-14 18:05:24.837371,732417,1609507418474716,5018445025,-0.866688,0.076128,0.689056,-25.725,-2.31,-0.58625,-3.744,-8.312,25.784,none,8,3.0,27803.0,159697.0,68623.0,166161.0,74087.0
2026-04-14 18:05:24.842407,732418,1609507418483663,5018453740,-0.866688,0.076128,0.689056,-34.99125,-4.10375,-0.8225,-3.744,-8.312,25.784,none,8,3.0,27803.0,159697.0,68623.0,166161.0,74087.0
2026-04-14 18:05:24.856312,732419,1609507418498190,5018466613,-0.83936,0.017568,0.51728,-45.21125,-5.81,-0.41125,-3.376,-8.056001,24.272001,none,8,3.0,27803.0,159697.0,68623.0,166161.0,74087.0
2026-04-14 18:05:24.867613,732420,1609507418507549,5018477426,-0.83936,0.017568,0.51728,-53.865,-7.8925,0.945,-3.376,-8.056001,24.272001,none,8,3.0,27803.0,159697.0,68623.0,166161.0,74087.0
2026-04-14 18:05:24.875109,732421,1609507418516517,5018486135,-0.796416,0.01952,0.708576,-62.93,-9.6075,2.21375,-2.432,-7.84,23.368002,none,8,3.0,27803.0,159697.0,68623.0,166161.0,74087.0
2026-04-14 18:05:24.890479,732422,1609507418531135,5018501051,-0.886208,-0.01952,0.57584,-73.63125,-11.480001,3.22,-2.888,-7.008,24.152,none,8,3.0,27803.0,159697.0,68623.0,166161.0,74087.0
2026-04-14 18:05:24.921930,732433,1609507418540714,5018510028,-0.886208,-0.01952,0.57584,-84.69125,-14.323751,4.80375,-2.888,-7.008,24.152,none,8,3.0,28902.0,157432.0,70515.0,162822.0,76496.0
2026-04-14 18:05:24.922468,732434,1609507418549745,5018518873,-0.788608,-0.181536,0.62464,-94.395,-17.98125,7.97125,-3.584,-4.744,25.856,none,8,3.0,28902.0,157432.0,70515.0,162822.0,76496.0
2026-04-14 18:05:24.924984,732435,1609507418564294,5018533918,-0.788608,-0.181536,0.62464,-100.87875,-21.525,10.99,-3.584,-4.744,25.856,none,8,3.0,28902.0,157432.0,70515.0,162822.0,76496.0
2026-04-14 18:05:24.932609,732436,1609507418573233,5018542624,-0.794464,-0.318176,0.597312,-101.03625,-23.345,12.18875,-3.72,-4.264,25.568,none,8,3.0,28902.0,157432.0,70515.0,162822.0,76496.0
2026-04-14 18:05:24.947943,732437,1609507418587856,5018557522,-0.794464,-0.318176,0.597312,-91.11375,-22.960001,12.94125,-3.72,-4.264,25.568,none,8,3.0,28902.0,157432.0,70515.0,162822.0,76496.0
2026-04-14 18:05:24.955129,732438,1609507418596804,5018566321,-0.8296,-0.37088,0.562176,-72.87875,-19.38125,13.13375,-3.44,-3.488,24.240002,none,8,3.0,28902.0,157432.0,70515.0,162822.0,76496.0
2026-04-14 18:05:24.970514,732439,1609507418611379,5018581263,-0.774944,-0.284992,0.696864,-48.5275,-13.7025,11.725,-3.048,-4.232,24.736002,none,8,3.0,28902.0,157432.0,70515.0,162822.0,76496.0
2026-04-14 18:05:24.980528,732440,1609507418620491,5018589955,-0.774944,-0.284992,0.696864,-24.03625,-7.9975,8.74125,-3.048,-4.232,24.736002,none,8,3.0,28902.0,157432.0,70515.0,162822.0,76496.0
2026-04-14 18:05:24.989208,732441,1609507418629585,5018598698,-0.806176,-0.095648,0.75152,-1.015,-1.89,7.105,-2.648,-4.096,25.136002,none,8,3.0,28902.0,157432.0,70515.0,162822.0,76496.0
2026-04-14 18:05:25.109472,732452,1609507418644249,5018613843,-0.806176,-0.095648,0.75152,15.47875,3.185,6.23875,-2.648,-4.096,25.136002,none,8,3.0,29549.0,163549.0,71716.0,168454.0,78395.0
2026-04-14 18:05:25.109808,732453,1609507418653209,5018622586,-0.813984,0.001952,0.739808,20.95625,5.55625,4.305,-3.496,-3.864,26.608002,none,8,3.0,29549.0,163549.0,71716.0,168454.0,78395.0
2026-04-14 18:05:25.111207,732454,1609507418667689,5018637432,-0.813984,0.001952,0.739808,17.71875,5.57375,2.9225,-3.496,-3.864,26.608002,none,8,3.0,29549.0,163549.0,71716.0,168454.0,78395.0
2026-04-14 18:05:25.116882,732455,1609507418676675,5018646217,-0.80032,-0.015616,0.655872,11.17375,4.4625,3.2375,-4.496,-3.72,24.448002,none,8,3.0,29549.0,163549.0,71716.0,168454.0,78395.0
2026-04-14 18:05:25.121223,732456,1609507418685597,5018654897,-0.80032,-0.015616,0.655872,0.81375,1.61,4.2,-4.496,-3.72,24.448002,none,8,3.0,29549.0,163549.0,71716.0,168454.0,78395.0
2026-04-14 18:05:25.123070,732457,1609507418700078,5018669779,-0.794464,-0.091744,0.583648,-9.28375,-1.68,3.815,-4.688,-3.608,26.2,none,8,3.0,29549.0,163549.0,71716.0,168454.0,78395.0
2026-04-14 18:05:25.123279,732458,1609507418709029,5018678485,-0.794464,-0.091744,0.505568,-14.752501,-3.57,2.7475,-4.688,-3.608,26.2,none,8,3.0,29549.0,163549.0,71716.0,168454.0,78395.0
2026-04-14 18:05:25.124399,732459,1609507418723550,5018693376,-0.880352,-0.140544,0.50752,-14.46375,-4.1475,2.52,-4.048,-3.744,27.512001,none,8,3.0,29549.0,163549.0,71716.0,168454.0,78395.0
2026-04-14 18:05:25.126683,732460,1609507418734108,5018702548,-0.872544,-0.13664,0.700768,-11.2,-4.235,2.5025,-4.248,-3.728,25.68,none,8,3.0,29549.0,163549.0,71716.0,168454.0,78395.0
2026-04-14 18:05:25.154155,732471,1609507418743581,5018713354,-0.872544,-0.13664,0.700768,-5.5825,-2.93125,0.385,-4.248,-3.728,25.68,none,8,3.0,29549.0,164946.0,71752.0,169964.0,78438.0
2026-04-14 18:05:25.156760,732472,1609507418758172,5018728380,-0.81008,-0.1464,0.577792,3.5175,-0.93625,-0.84875,-3.648,-4.048,25.576002,none,8,3.0,29549.0,164946.0,71752.0,169964.0,78438.0
2026-04-14 18:05:25.158867,732473,1609507418767150,5018737116,-0.81008,-0.1464,0.577792,12.01375,0.62125,-1.67125,-3.648,-4.048,25.576002,none,8,3.0,29549.0,164946.0,71752.0,169964.0,78438.0
2026-04-14 18:05:25.161769,732474,1609507418776092,5018745842,-0.813984,-0.099552,0.552416,17.185,1.72375,-1.5925,-3.952,-4.224,25.256,none,8,3.0,29549.0,164946.0,71752.0,169964.0,78438.0
2026-04-14 18:05:25.164268,732475,1609507418790841,5018760981,-0.892064,-0.037088,0.568032,18.9875,1.88125,-1.085,-3.68,-5.072,24.632002,none,8,3.0,29549.0,164946.0,71752.0,169964.0,78438.0
2026-04-14 18:05:25.166756,732476,1609507418799814,5018769689,-0.892064,-0.037088,0.568032,18.4625,1.82875,0.5425,-3.68,-5.072,24.632002,none,8,3.0,29549.0,164946.0,71752.0,169964.0,78438.0
2026-04-14 18:05:25.174363,732477,1609507418814535,5018784761,-0.833504,-0.070272,0.54656,14.1225,1.645,1.575,-3.152,-4.864,24.632002,none,8,3.0,29549.0,164946.0,71752.0,169964.0,78438.0
2026-04-14 18:05:25.185202,732478,1609507418823717,5018793456,-0.833504,-0.070272,0.54656,9.24875,1.23375,3.3425,-3.152,-4.864,24.632002,none,8,3.0,29549.0,164946.0,71752.0,169964.0,78438.0
2026-04-14 18:05:25.191293,732479,1609507418832738,5018802132,-0.841312,-0.101504,0.562176,6.895,0.58625,5.5125,-2.96,-5.064,24.592001,none,8,3.0,29549.0,164946.0,71752.0,169964.0,78438.0
2026-04-14 18:05:25.247533,732490,1609507418847287,5018817291,-0.841312,-0.101504,0.562176,6.265,-0.2275,9.4675,-2.96,-5.064,24.592001,none,8,3.0,29176.0,164987.0,71172.0,170481.0,77604.0
2026-04-14 18:05:25.249891,732491,1609507418856245,5018825975,-0.8296,-0.122976,0.778848,7.77875,0.2275,13.64125,-3.728,-4.616,26.656002,none,8,3.0,29176.0,164987.0,71172.0,170481.0,77604.0
2026-04-14 18:05:25.253010,732492,1609507418870714,5018840852,-0.774944,-0.197152,0.786656,11.935,1.1375,18.31375,-3.728,-4.928001,27.080002,none,8,3.0,29176.0,164987.0,71172.0,170481.0,77604.0
2026-04-14 18:05:25.255487,732493,1609507418879663,5018849548,-0.774944,-0.197152,0.786656,20.055,3.5,23.30125,-4.832,-4.928001,27.080002,none,8,3.0,29176.0,164987.0,71172.0,170481.0,77604.0
2026-04-14 18:05:25.257919,732494,1609507418894208,5018864463,-0.899872,-0.220576,0.64416,35.90125,8.51375,30.03875,-4.456,-5.696,25.960001,none,8,3.0,29176.0,164987.0,71172.0,170481.0,77604.0
2026-04-14 18:05:25.262514,732495,1609507418903257,5018873208,-0.899872,-0.220576,0.64416,59.1325,15.8025,38.64,-4.456,-5.696,25.960001,none,8,3.0,29176.0,164987.0,71172.0,170481.0,77604.0
2026-04-14 18:05:25.274287,732496,1609507418912265,5018881901,-0.895968,-0.212768,0.808128,83.93,24.465,47.013752,-3.864,-7.296001,23.672,none,8,3.0,29176.0,164987.0,71172.0,170481.0,77604.0
2026-04-14 18:05:25.285476,732497,1609507418926755,5018896824,-0.895968,-0.212768,0.808128,102.96125,34.3875,54.670002,-3.864,-7.296001,23.672,none,8,3.0,29176.0,164987.0,71172.0,170481.0,77604.0
2026-04-14 18:05:25.297051,732498,1609507418935696,5018905550,-0.99552,-0.242048,0.581696,107.808754,41.7025,60.978752,-3.504,-8.768001,24.496,none,8,3.0,29176.0,164987.0,71172.0,170481.0,77604.0
2026-04-14 18:05:25.322343,732509,1609507418950378,5018920534,-0.99552,-0.242048,0.581696,105.72625,41.50125,67.996254,-3.504,-8.768001,24.496,none,8,3.0,31224.0,166204.0,75059.0,172771.0,82135.0
2026-04-14 18:05:25.324864,732510,1609507418959553,5018929298,-0.91744,-0.296704,0.827648,111.5625,33.53875,76.9125,-4.408,-9.912001,24.808,none,8,3.0,31224.0,166204.0,75059.0,172771.0,82135.0
2026-04-14 18:05:25.327958,732511,1609507418968595,5018937986,-0.91744,-0.296704,0.827648,135.0825,24.491251,81.7075,-4.408,-9.912001,24.808,none,8,3.0,31224.0,166204.0,75059.0,172771.0,82135.0
2026-04-14 18:05:25.342672,732512,1609507418983100,5018952892,-0.9272,-0.28304,0.583648,178.70125,19.03125,77.98,-4.848,-12.120001,24.960001,none,8,3.0,31224.0,166204.0,75059.0,172771.0,82135.0
2026-04-14 18:05:25.353054,732513,1609507418992035,5018961569,-0.874496,0.150304,0.70272,235.97,16.835001,72.835,-5.968,-16.296001,23.688002,none,8,3.0,31224.0,166204.0,75059.0,172771.0,82135.0
2026-04-14 18:05:25.400321,732514,1609507419006536,5018976546,-0.874496,0.150304,0.70272,281.39127,17.54375,71.91625,-5.968,-16.296001,23.688002,none,8,3.0,31224.0,166204.0,75059.0,172771.0,82135.0
2026-04-14 18:05:25.410494,732515,1609507419015453,5018985231,-0.911584,0.300608,0.452864,286.58,12.95875,71.855,-5.992,-19.496,21.2,none,8,3.0,31224.0,166204.0,75059.0,172771.0,82135.0
2026-04-14 18:05:25.412980,732516,1609507419029927,5019000161,-0.911584,0.300608,0.452864,286.58,3.955,67.9875,-5.992,-19.496,21.2,none,8,3.0,31224.0,166204.0,75059.0,172771.0,82135.0
2026-04-14 18:05:25.415427,732517,1609507419038863,5019008838,-0.806176,0.347456,0.476288,286.58,2.44125,62.405,-7.16,-22.416,18.568,none,8,3.0,31224.0,166204.0,75059.0,172771.0,82135.0
2026-04-14 18:05:25.445408,732529,1609507419047846,5019017612,-0.806176,0.347456,0.476288,286.58,2.2225,59.08875,-7.16,-22.416,18.568,none,8,3.0,51497.0,199038.0,108659.0,203606.0,120389.0
2026-04-14 18:05:25.448004,732530,1609507419062468,5019032553,-0.732,0.612928,0.277184,286.58,2.485,51.12625,-7.616,-25.656002,17.072,none,8,3.0,51497.0,199038.0,108659.0,203606.0,120389.0
2026-04-14 18:05:25.450512,732531,1609507419071419,5019041316,-0.732,0.612928,0.037088,285.4075,8.12875,42.23625,-7.616,-25.656002,17.072,none,8,3.0,51497.0,199038.0,108659.0,203606.0,120389.0
2026-04-14 18:05:25.452977,732532,1609507419085967,5019056339,-0.687104,0.911584,0.037088,257.8975,13.09,39.1125,-7.968,-27.192001,14.752001,none,8,3.0,51497.0,199038.0,108659.0,203606.0,120389.0
2026-04-14 18:05:25.455282,732533,1609507419095003,5019065081,-0.774944,1.081408,0.189344,197.9425,12.0925,38.43875,-8.68,-28.400002,14.480001,none,8,3.0,51497.0,199038.0,108659.0,203606.0,120389.0
2026-04-14 18:05:25.462538,732534,1609507419103993,5019073795,-0.774944,1.081408,0.189344,139.92125,8.04125,41.67625,-8.68,-28.400002,14.480001,none,8,3.0,51497.0,199038.0,108659.0,203606.0,120389.0
2026-04-14 18:05:25.477993,732535,1609507419118499,5019088725,-0.884256,1.085312,0.070272,95.3925,2.1,51.63375,-9.504001,-28.696001,13.672001,none,8,3.0,51497.0,199038.0,108659.0,203606.0,120389.0
2026-04-14 18:05:25.488796,732536,1609507419127432,5019097412,-0.884256,1.085312,0.070272,65.345,-5.92375,62.74625,-9.504001,-28.696001,13.672001,none,8,3.0,51497.0,199038.0,108659.0,203606.0,120389.0
2026-04-14 18:05:25.528011,732547,1609507419142298,5019112803,-0.812032,0.81008,0.2928,49.7875,-13.90375,68.635,-10.672001,-28.944002,13.664001,none,8,3.0,47792.0,186702.0,105070.0,191462.0,116254.0
2026-04-14 18:05:25.530085,732548,1609507419151573,5019121530,-0.812032,0.81008,0.2928,54.10125,-17.8325,69.195,-10.672001,-28.944002,13.664001,none,8,3.0,47792.0,186702.0,105070.0,191462.0,116254.0
2026-04-14 18:05:25.532778,732549,1609507419160559,5019130295,-0.659776,0.52704,0.366976,71.89,-17.9375,67.121254,-11.488001,-28.760002,12.952001,none,8,3.0,47792.0,186702.0,105070.0,191462.0,116254.0
2026-04-14 18:05:25.535515,732550,1609507419175145,5019145240,-0.554368,0.550464,0.130784,95.9525,-11.55,63.9275,-13.256001,-30.072,12.576,none,8,3.0,47792.0,186702.0,105070.0,191462.0,116254.0
2026-04-14 18:05:25.542538,732551,1609507419184222,5019154028,-0.554368,0.550464,0.130784,129.43001,1.6275,62.7725,-13.256001,-30.072,12.576,none,8,3.0,47792.0,186702.0,105070.0,191462.0,116254.0
2026-04-14 18:05:25.557949,732552,1609507419198733,5019168971,-0.591456,0.724192,0.095648,163.16125,15.81125,60.5675,-13.256001,-30.984001,9.208,none,8,3.0,47792.0,186702.0,105070.0,191462.0,116254.0
2026-04-14 18:05:25.569234,732553,1609507419207658,5019177651,-0.591456,0.724192,0.095648,182.30624,25.1825,54.7225,-13.256001,-30.984001,9.208,none,8,3.0,47792.0,186702.0,105070.0,191462.0,116254.0
2026-04-14 18:05:25.581289,732554,1609507419222358,5019192583,-0.64416,0.767136,-0.144448,189.0875,29.77625,49.98875,-13.216001,-31.616001,7.464,none,8,3.0,47792.0,186702.0,105070.0,191462.0,116254.0
2026-04-14 18:05:25.607215,732555,1609507419231350,5019201271,-0.64416,0.767136,-0.144448,183.51375,30.26625,46.45375,-13.216001,-31.616001,7.464,none,8,3.0,47792.0,186702.0,105070.0,191462.0,116254.0
2026-04-14 18:05:25.616995,732556,1609507419240465,5019210063,-0.630496,0.872544,0.081984,165.99625,26.565,39.45375,-13.736001,-32.152,5.864,none,8,3.0,47792.0,186702.0,105070.0,191462.0,116254.0
2026-04-14 18:05:25.632767,732567,1609507419255192,5019225056,-0.659776,0.864736,0.113216,138.03125,21.41125,30.24875,-14.656001,-31.904001,7.016,none,8,3.0,61042.0,183516.0,121325.0,182688.0,133676.0
2026-04-14 18:05:25.635303,732568,1609507419264141,5019233797,-0.659776,0.864736,0.113216,103.48625,14.8575,20.72,-14.656001,-31.904001,7.016,none,8,3.0,61042.0,183516.0,121325.0,182688.0,133676.0
2026-04-14 18:05:25.638968,732569,1609507419278629,5019248732,-0.732,0.767136,-0.052704,69.97375,6.0725,12.52125,-15.592001,-31.776001,6.872,none,8,3.0,61042.0,183516.0,121325.0,182688.0,133676.0
2026-04-14 18:05:25.646329,732570,1609507419287562,5019257446,-0.732,0.767136,-0.052704,38.78875,-3.3075,4.1475,-15.592001,-31.776001,6.872,none,8,3.0,61042.0,183516.0,121325.0,182688.0,133676.0
2026-04-14 18:05:25.656765,732571,1609507419296491,5019266131,-0.640256,0.523136,0.054656,14.21,-9.9575,-6.265,-13.68,-32.624,4.504,none,8,3.0,61042.0,183516.0,121325.0,182688.0,133676.0
2026-04-14 18:05:25.673412,732572,1609507419311008,5019281082,-0.640256,0.523136,0.054656,-4.3925,-17.57875,-18.76875,-13.68,-32.624,4.504,none,8,3.0,61042.0,183516.0,121325.0,182688.0,133676.0
2026-04-14 18:05:25.681201,732573,1609507419320005,5019289776,-0.648064,0.404064,0.162016,-17.89375,-27.6325,-32.76875,-13.424001,-32.528,3.992,none,8,3.0,61042.0,183516.0,121325.0,182688.0,133676.0
2026-04-14 18:05:25.694126,732574,1609507419334663,5019304714,-0.659776,0.363072,0.0,-19.11,-35.07,-49.35875,-12.8,-32.808002,5.712,none,8,3.0,61042.0,183516.0,121325.0,182688.0,133676.0
2026-04-14 18:05:25.727535,732585,1609507419344382,5019313740,-0.659776,0.363072,0.0,0.1225,-36.3825,-66.19375,-12.8,-32.808002,5.712,none,8,3.0,77270.0,194756.0,135966.0,189936.0,152296.0
2026-04-14 18:05:25.730470,732586,1609507419353404,5019322595,-0.659776,0.488,0.013664,33.9675,-31.19375,-82.48625,-12.8,-32.808002,5.712,none,8,3.0,77270.0,194756.0,135966.0,189936.0,152296.0
2026-04-14 18:05:25.755188,732587,1609507419367935,5019337549,-0.84912,0.493856,0.013664,61.67875,-28.23625,-95.76875,-12.392,-33.144,4.472,none,8,3.0,77270.0,194756.0,135966.0,189936.0,152296.0
2026-04-14 18:05:25.780066,732588,1609507419376875,5019346285,-1.038464,0.765184,0.179584,79.695,-27.3875,-101.1325,-11.000001,-33.480003,2.808,none,8,3.0,77270.0,194756.0,135966.0,189936.0,152296.0
2026-04-14 18:05:25.805091,732589,1609507419391349,5019361194,-1.038464,0.765184,0.179584,77.315,-33.64375,-101.08875,-11.000001,-33.480003,2.808,none,8,3.0,77270.0,194756.0,135966.0,189936.0,152296.0
2026-04-14 18:05:25.807682,732590,1609507419400278,5019369878,-1.056032,0.890112,-0.140544,55.53625,-45.00125,-95.94375,-9.448001,-34.392002,1.776,none,8,3.0,77270.0,194756.0,135966.0,189936.0,152296.0
2026-04-14 18:05:25.810174,732591,1609507419414844,5019384829,-0.983808,0.843264,-0.08784,30.75625,-52.89375,-83.25625,-8.8,-34.320004,1.752,none,8,3.0,77270.0,194756.0,135966.0,189936.0,152296.0
2026-04-14 18:05:25.812683,732592,1609507419423769,5019393524,-0.983808,0.843264,-0.08784,7.72625,-58.7125,-69.93,-8.8,-34.320004,1.752,none,8,3.0,77270.0,194756.0,135966.0,189936.0,152296.0
2026-04-14 18:05:25.815150,732593,1609507419432716,5019402217,-0.983808,0.843264,-0.08784,-5.8625,-57.3475,-61.80125,-8.8,-34.320004,1.752,none,8,3.0,77270.0,194756.0,135966.0,189936.0,152296.0
2026-04-14 18:05:25.870004,732604,1609507419447389,5019417183,-0.899872,0.732,0.005856,-4.97875,-46.095,-53.6725,-8.240001,-34.384003,1.392,none,8,3.0,74617.0,188743.0,134019.0,184890.0,150225.0
2026-04-14 18:05:25.872565,732605,1609507419456492,5019425861,-0.882304,0.765184,-0.011712,3.4475,-31.911251,-41.53625,-8.264,-34.384003,1.552,none,8,3.0,74617.0,188743.0,134019.0,184890.0,150225.0
2026-04-14 18:05:25.875280,732606,1609507419471128,5019440922,-0.882304,0.765184,-0.011712,14.14,-17.12375,-27.04625,-8.264,-34.384003,1.552,none,8,3.0,74617.0,188743.0,134019.0,184890.0,150225.0
2026-04-14 18:05:25.878774,732607,1609507419480095,5019449643,-0.856928,0.759328,-0.093696,21.315,-4.3225,-15.96,-7.904,-34.296,0.84,none,8,3.0,74617.0,188743.0,134019.0,184890.0,150225.0
2026-04-14 18:05:25.881035,732608,1609507419489043,5019458334,-0.856928,0.759328,-0.093696,24.89375,7.0875,-6.41375,-7.904,-34.296,0.84,none,8,3.0,74617.0,188743.0,134019.0,184890.0,150225.0
2026-04-14 18:05:25.883214,732609,1609507419503577,5019473196,-0.831552,0.759328,0.011712,28.385,17.14125,1.1025,-7.656,-34.576,0.728,none,8,3.0,74617.0,188743.0,134019.0,184890.0,150225.0
2026-04-14 18:05:25.886301,732610,1609507419512575,5019481911,-0.831552,0.759328,0.011712,28.8225,24.325,5.5825,-7.656,-34.576,0.728,none,8,3.0,74617.0,188743.0,134019.0,184890.0,150225.0
2026-04-14 18:05:25.888319,732611,1609507419527137,5019496893,-0.921344,0.827648,-0.060512,22.25125,26.62625,5.46875,-8.072001,-34.36,1.376,none,8,3.0,74617.0,188743.0,134019.0,184890.0,150225.0
2026-04-14 18:05:25.895074,732612,1609507419536196,5019505626,-0.83936,0.813984,0.07808,9.1,25.5325,5.36375,-8.232,-33.832,2.024,none,8,3.0,74617.0,188743.0,134019.0,184890.0,150225.0
2026-04-14 18:05:25.927656,732623,1609507419550845,5019521202,-0.83936,0.813984,0.07808,-7.23625,21.7175,6.16,-8.232,-33.832,2.024,none,8,3.0,72385.0,184440.0,131410.0,180970.0,147588.0
2026-04-14 18:05:25.932653,732624,1609507419559938,5019529994,-0.798368,0.704672,0.095648,-19.92375,16.19625,7.62125,-9.016001,-33.576,2.264,none,8,3.0,72385.0,184440.0,131410.0,180970.0,147588.0
2026-04-14 18:05:25.935253,732625,1609507419568899,5019538764,-0.798368,0.704672,0.095648,-25.865,11.06,8.11125,-9.016001,-33.576,2.264,none,8,3.0,72385.0,184440.0,131410.0,180970.0,147588.0
2026-04-14 18:05:25.942502,732626,1609507419583444,5019553699,-0.749568,0.720288,0.130784,-27.195,8.1025,5.34625,-8.936001,-33.664,2.52,none,8,3.0,72385.0,184440.0,131410.0,180970.0,147588.0
2026-04-14 18:05:25.955067,732627,1609507419592414,5019562451,-0.749568,0.720288,0.130784,-24.80625,8.91625,2.8525,-8.936001,-33.664,2.52,none,8,3.0,72385.0,184440.0,131410.0,180970.0,147588.0
2026-04-14 18:05:25.965148,732628,1609507419607031,5019575450,-0.808128,0.739808,0.152256,-19.66125,11.2175,2.98375,-8.128,-33.72,1.392,none,8,3.0,72385.0,184440.0,131410.0,180970.0,147588.0
2026-04-14 18:05:25.976255,732629,1609507419616387,5019586197,-0.837408,0.677344,-0.093696,-14.07,13.30875,4.8825,-8.032001,-32.992,3.768,none,8,3.0,72385.0,184440.0,131410.0,180970.0,147588.0
2026-04-14 18:05:25.983549,732630,1609507419625361,5019594916,-0.837408,0.677344,-0.093696,-10.7275,13.20375,8.02375,-8.032001,-32.992,3.768,none,8,3.0,72385.0,184440.0,131410.0,180970.0,147588.0
2026-04-14 18:05:25.998842,732631,1609507419639835,5019609811,-0.851072,0.7808,-0.00976,-8.8725,11.68125,9.65125,-8.232,-33.376003,1.768,none,8,3.0,72385.0,184440.0,131410.0,180970.0,147588.0
2026-04-14 18:05:26.027686,732642,1609507419648973,5019618568,-0.851072,0.7808,-0.00976,-6.88625,11.8475,8.72375,-8.232,-33.376003,1.768,none,8,3.0,72080.0,183291.0,130866.0,179786.0,146965.0
2026-04-14 18:05:26.030198,732643,1609507419663529,5019633610,-0.827648,0.804224,-0.132736,-7.0175,13.86875,6.62375,-9.712001,-32.608,4.208,none,8,3.0,72080.0,183291.0,130866.0,179786.0,146965.0
2026-04-14 18:05:26.032695,732644,1609507419672509,5019642379,-0.827648,0.804224,-0.132736,-13.02875,16.4675,5.20625,-9.712001,-32.608,4.208,none,8,3.0,72080.0,183291.0,130866.0,179786.0,146965.0
2026-04-14 18:05:26.042331,732645,1609507419681567,5019651091,-0.931104,0.853024,0.062464,-24.54375,17.3075,5.495,-9.768001,-32.864002,3.48,none,8,3.0,72080.0,183291.0,130866.0,179786.0,146965.0
2026-04-14 18:05:26.057937,732646,1609507419696159,5019666036,-0.882304,0.851072,0.042944,-44.17875,12.005,4.76875,-8.288,-32.504,4.336,none,8,3.0,72080.0,183291.0,130866.0,179786.0,146965.0
2026-04-14 18:05:26.063772,732647,1609507419705292,5019674771,-0.882304,0.851072,0.042944,-66.5875,4.73375,3.5875,-8.288,-32.504,4.336,none,8,3.0,72080.0,183291.0,130866.0,179786.0,146965.0
2026-04-14 18:05:26.079077,732648,1609507419719782,5019689686,-0.854976,0.89792,0.056608,-86.065,-1.1725,1.3475,-8.552,-32.440002,4.816001,none,8,3.0,72080.0,183291.0,130866.0,179786.0,146965.0
2026-04-14 18:05:26.089072,732649,1609507419728698,5019698336,-0.854976,0.89792,0.056608,-99.995,-3.43,-1.82,-8.552,-32.440002,4.816001,none,8,3.0,72080.0,183291.0,130866.0,179786.0,146965.0
2026-04-14 18:05:26.124268,732650,1609507419743213,5019713218,-0.782752,0.747616,0.16592,-105.69125,-1.16375,0.5775,-8.984,-31.464,6.888001,none,8,3.0,72080.0,183291.0,130866.0,179786.0,146965.0
2026-04-14 18:05:26.203782,732661,1609507419752284,5019721975,-0.782752,0.747616,0.16592,-107.30125,1.75,7.79625,-8.984,-31.464,6.888001,none,8,3.0,67308.0,181797.0,125919.0,178822.0,140816.0
2026-04-14 18:05:26.206738,732662,1609507419761250,5019730684,-0.79056,0.552416,0.158112,-99.75875,6.825,16.91375,-10.120001,-30.872002,8.712001,none,8,3.0,67308.0,181797.0,125919.0,178822.0,140816.0
2026-04-14 18:05:26.208801,732663,1609507419775831,5019745597,-0.79056,0.552416,0.158112,-79.0825,13.1075,25.585001,-10.120001,-30.872002,8.712001,none,8,3.0,67308.0,181797.0,125919.0,178822.0,140816.0
2026-04-14 18:05:26.211573,732664,1609507419784778,5019754330,-0.882304,0.603168,0.099552,-50.82875,20.50125,29.79375,-10.232,-30.232002,8.368,none,8,3.0,67308.0,181797.0,125919.0,178822.0,140816.0
2026-04-14 18:05:26.213863,732665,1609507419799265,5019769213,-0.899872,0.730048,0.203008,-18.515,31.1675,27.0025,-10.408001,-30.352001,8.608001,none,8,3.0,67308.0,181797.0,125919.0,178822.0,140816.0
2026-04-14 18:05:26.216760,732666,1609507419808176,5019777904,-0.899872,0.730048,0.203008,6.34375,38.8325,22.5575,-10.408001,-30.352001,8.608001,none,8,3.0,67308.0,181797.0,125919.0,178822.0,140816.0
2026-04-14 18:05:26.219277,732667,1609507419817118,5019786585,-0.815936,0.708576,0.121024,12.83625,40.013752,21.32375,-10.480001,-29.840002,9.888001,none,8,3.0,67308.0,181797.0,125919.0,178822.0,140816.0
2026-04-14 18:05:26.221782,732668,1609507419831586,5019801476,-0.815936,0.708576,0.121024,6.335,36.1725,25.0425,-10.480001,-29.840002,9.888001,none,8,3.0,67308.0,181797.0,125919.0,178822.0,140816.0
2026-04-14 18:05:26.224258,732669,1609507419840538,5019810229,-0.854976,0.691008,0.17568,-6.3175,28.76125,27.965,-11.784,-29.528002,10.816001,none,8,3.0,67308.0,181797.0,125919.0,178822.0,140816.0
2026-04-14 18:05:26.266765,732680,1609507419855267,5019825286,-0.854976,0.691008,0.17568,-16.98375,23.09125,27.23875,-11.784,-29.528002,10.816001,none,8,3.0,67912.0,181368.0,126523.0,178431.0,141668.0
2026-04-14 18:05:26.269164,732681,1609507419864202,5019834015,-0.757376,0.655872,0.265472,-21.035,22.23375,22.5925,-12.080001,-29.536001,12.128,none,8,3.0,67912.0,181368.0,126523.0,178431.0,141668.0
2026-04-14 18:05:26.271789,732682,1609507419878889,5019849014,-0.864736,0.657824,0.201056,-21.09625,22.12875,17.07125,-10.776001,-30.384,9.104,none,8,3.0,67912.0,181368.0,126523.0,178431.0,141668.0
2026-04-14 18:05:26.273870,732683,1609507419887811,5019857762,-0.864736,0.657824,0.201056,-23.63375,20.8425,15.72375,-10.776001,-30.384,9.104,none,8,3.0,67912.0,181368.0,126523.0,178431.0,141668.0
2026-04-14 18:05:26.276210,732684,1609507419897023,5019866571,-0.864736,0.573888,0.173728,-27.825,18.3225,18.41875,-10.776001,-30.384,9.104,none,8,3.0,67912.0,181368.0,126523.0,178431.0,141668.0
2026-04-14 18:05:26.278799,732685,1609507419911545,5019881515,-0.84912,0.573888,0.173728,-29.5925,16.63375,22.19875,-11.784,-29.600002,12.512001,none,8,3.0,67912.0,181368.0,126523.0,178431.0,141668.0
2026-04-14 18:05:26.281741,732686,1609507419920452,5019890275,-0.854976,0.554368,0.134688,-26.11,17.68375,22.11125,-11.928,-29.36,11.648001,none,8,3.0,67912.0,181368.0,126523.0,178431.0,141668.0
2026-04-14 18:05:26.294274,732687,1609507419935130,5019905262,-0.854976,0.554368,0.134688,-17.7625,19.32875,18.8825,-11.928,-29.36,11.648001,none,8,3.0,67912.0,181368.0,126523.0,178431.0,141668.0
2026-04-14 18:05:26.304285,732688,1609507419944243,5019913961,-0.866688,0.607072,0.259616,-9.415,21.0525,15.89875,-10.952001,-29.672,10.688001,none,8,3.0,67912.0,181368.0,126523.0,178431.0,141668.0
2026-04-14 18:05:26.335105,732699,1609507419953224,5019922728,-0.866688,0.607072,0.259616,-4.92625,20.615,14.04375,-10.952001,-29.672,10.688001,none,8,3.0,68045.0,181443.0,126385.0,178480.0,141550.0
2026-04-14 18:05:26.335230,732700,1609507419967832,5019937792,-0.7808,0.599264,0.320128,-5.59125,17.8325,12.71375,-12.144001,-29.712002,11.584001,none,8,3.0,68045.0,181443.0,126385.0,178480.0,141550.0
2026-04-14 18:05:26.337190,732701,1609507419976786,5019946503,-0.7808,0.599264,0.320128,-11.36625,12.99375,11.2175,-12.144001,-29.712002,11.584001,none,8,3.0,68045.0,181443.0,126385.0,178480.0,141550.0
2026-04-14 18:05:26.350457,732702,1609507419991282,5019961411,-0.874496,0.638304,0.08784,-18.64625,8.19,8.68875,-12.040001,-29.384,11.008,none,8,3.0,68045.0,181443.0,126385.0,178480.0,141550.0
2026-04-14 18:05:26.360197,732703,1609507420000191,5019970138,-0.86864,0.620736,0.242048,-25.08625,3.49125,5.11,-12.392,-29.432001,12.992001,none,8,3.0,68045.0,181443.0,126385.0,178480.0,141550.0
2026-04-14 18:05:26.374344,732704,1609507420014685,5019983147,-0.86864,0.620736,0.242048,-30.72125,-2.07375,1.53125,-12.392,-29.432001,12.992001,none,8,3.0,68045.0,181443.0,126385.0,178480.0,141550.0
2026-04-14 18:05:26.385190,732705,1609507420023970,5019993900,-0.802272,0.47824,0.054656,-31.98125,-6.44,1.44375,-12.032001,-29.368002,12.984,none,8,3.0,68045.0,181443.0,126385.0,178480.0,141550.0
2026-04-14 18:05:26.391300,732706,1609507420032981,5020002629,-0.802272,0.47824,0.054656,-27.0025,-8.155,2.1,-12.032001,-29.368002,12.984,none,8,3.0,68045.0,181443.0,126385.0,178480.0,141550.0
2026-04-14 18:05:26.430871,732717,1609507420048085,5020017736,-0.821792,0.628544,0.25376,-17.325,-7.32375,-0.42,-11.944,-29.352001,12.304001,none,8,3.0,69237.0,181742.0,127614.0,178487.0,143055.0
2026-04-14 18:05:26.432750,732718,1609507420057266,5020026610,-0.821792,0.628544,0.25376,-5.6525,-4.47125,-5.41625,-11.944,-29.352001,12.304001,none,8,3.0,69237.0,181742.0,127614.0,178487.0,143055.0
2026-04-14 18:05:26.435364,732719,1609507420066387,5020035332,-0.845216,0.694912,0.015616,-2.00375,-1.855,-9.6425,-13.68,-28.664001,14.176001,none,8,3.0,69237.0,181742.0,127614.0,178487.0,143055.0
2026-04-14 18:05:26.440394,732720,1609507420080896,5020050276,-0.851072,0.577792,-0.021472,-9.4325,-3.57,-9.1175,-13.256001,-29.216002,13.608001,none,8,3.0,69237.0,181742.0,127614.0,178487.0,143055.0
2026-04-14 18:05:26.450375,732721,1609507420089895,5020058980,-0.851072,0.577792,-0.021472,-17.8675,-7.1925,-2.87875,-13.256001,-29.216002,13.608001,none,8,3.0,69237.0,181742.0,127614.0,178487.0,143055.0
2026-04-14 18:05:26.463010,732722,1609507420104413,5020073956,-0.728096,0.530944,0.2928,-21.0175,-8.365,4.33125,-12.72,-28.616001,13.624001,none,8,3.0,69237.0,181742.0,127614.0,178487.0,143055.0
2026-04-14 18:05:26.481745,732723,1609507420113500,5020082641,-0.728096,0.530944,0.2928,-15.65375,-5.57375,4.90875,-12.72,-28.616001,13.624001,none,8,3.0,69237.0,181742.0,127614.0,178487.0,143055.0
2026-04-14 18:05:26.507938,732724,1609507420128000,5020097572,-0.843264,0.61488,-0.007808,-3.605,0.69125,-2.4325,-11.72,-29.424002,13.632001,none,8,3.0,69237.0,181742.0,127614.0,178487.0,143055.0
2026-04-14 18:05:26.510178,732725,1609507420136945,5020106261,-0.843264,0.61488,-0.007808,2.4675,4.4625,-10.94625,-11.72,-29.424002,13.632001,none,8,3.0,69237.0,181742.0,127614.0,178487.0,143055.0
2026-04-14 18:05:26.514122,732726,1609507420145891,5020114972,-0.798368,0.650016,0.189344,-0.6825,3.3775,-13.1775,-12.568001,-28.760002,14.208001,none,8,3.0,69237.0,181742.0,127614.0,178487.0,143055.0
2026-04-14 18:05:26.590484,732737,1609507420160427,5020129953,-0.81008,0.591456,0.132736,-9.52,-0.7525,-9.2575,-12.56,-28.792002,13.528001,none,8,3.0,68600.0,181702.0,127108.0,178569.0,142561.0
2026-04-14 18:05:26.592472,732738,1609507420169396,5020138681,-0.81008,0.591456,0.132736,-16.6425,-2.10875,-4.34875,-12.56,-28.792002,13.528001,none,8,3.0,68600.0,181702.0,127108.0,178569.0,142561.0
2026-04-14 18:05:26.595126,732739,1609507420183991,5020153798,-0.8296,0.667584,0.308416,-18.47125,0.21,-5.915,-11.832001,-28.744001,13.000001,none,8,3.0,68600.0,181702.0,127108.0,178569.0,142561.0
2026-04-14 18:05:26.597991,732740,1609507420192944,5020162541,-0.8296,0.667584,0.308416,-16.52875,3.43,-13.37875,-11.832001,-28.744001,13.000001,none,8,3.0,68600.0,181702.0,127108.0,178569.0,142561.0
2026-04-14 18:05:26.600427,732741,1609507420207463,5020177548,-0.864736,0.640256,0.017568,-19.50375,1.82,-20.2475,-11.392,-28.696001,13.360001,none,8,3.0,68600.0,181702.0,127108.0,178569.0,142561.0
2026-04-14 18:05:26.603027,732742,1609507420216500,5020186225,-0.864736,0.640256,0.017568,-26.6,-3.68375,-20.09,-11.392,-28.696001,13.360001,none,8,3.0,68600.0,181702.0,127108.0,178569.0,142561.0
2026-04-14 18:05:26.607351,732743,1609507420225441,5020194981,-0.739808,0.548512,0.20496,-31.115,-7.97125,-15.0325,-11.312,-28.112001,13.368001,none,8,3.0,68600.0,181702.0,127108.0,178569.0,142561.0
2026-04-14 18:05:26.607856,732744,1609507420240112,5020209894,-0.755424,0.618784,0.40016,-26.43375,-7.02625,-11.54125,-11.000001,-28.584002,12.464001,none,8,3.0,68600.0,181702.0,127108.0,178569.0,142561.0
2026-04-14 18:05:26.635211,732755,1609507420249495,5020218897,-0.755424,0.618784,0.40016,-9.6075,-0.46375,-12.88,-11.000001,-28.584002,12.464001,none,8,3.0,68011.0,181143.0,125993.0,177805.0,141122.0
2026-04-14 18:05:26.637939,732756,1609507420264204,5020233868,-0.909632,0.708576,0.101504,8.015,6.1075,-18.235,-10.816001,-28.456001,13.080001,none,8,3.0,68011.0,181143.0,125993.0,177805.0,141122.0
2026-04-14 18:05:26.640372,732757,1609507420273184,5020242570,-0.909632,0.708576,0.101504,15.12,6.64125,-21.0525,-10.816001,-28.456001,13.080001,none,8,3.0,68011.0,181143.0,125993.0,177805.0,141122.0
2026-04-14 18:05:26.642523,732758,1609507420282138,5020251303,-0.794464,0.72224,0.310368,10.465,0.95375,-18.68125,-10.624001,-28.768002,13.096001,none,8,3.0,68011.0,181143.0,125993.0,177805.0,141122.0
2026-04-14 18:05:26.655525,732759,1609507420296685,5020266246,-0.794464,0.72224,0.310368,1.7675,-6.9125,-13.4575,-10.624001,-28.768002,13.096001,none,8,3.0,68011.0,181143.0,125993.0,177805.0,141122.0
2026-04-14 18:05:26.664274,732760,1609507420305629,5020274946,-0.794464,0.675392,0.384544,-4.41,-10.03625,-9.10875,-10.536,-28.600002,13.144001,none,8,3.0,68011.0,181143.0,125993.0,177805.0,141122.0
2026-04-14 18:05:26.680512,732761,1609507420320104,5020289859,-0.84912,0.689056,0.339648,-3.4475,-8.47875,-11.52375,-10.168,-28.816002,11.744,none,8,3.0,68011.0,181143.0,125993.0,177805.0,141122.0
2026-04-14 18:05:26.689288,732762,1609507420329021,5020298607,-0.84912,0.689056,0.339648,5.6,-5.73125,-16.68625,-10.168,-28.816002,11.744,none,8,3.0,68011.0,181143.0,125993.0,177805.0,141122.0
2026-04-14 18:05:26.696771,732763,1609507420337997,5020307353,-0.84912,0.689056,0.339648,14.533751,-5.53875,-19.36375,-10.168,-28.816002,11.744,none,8,3.0,68011.0,181143.0,125993.0,177805.0,141122.0
2026-04-14 18:05:26.732306,732774,1609507420352615,5020322328,-0.925248,0.694912,0.230336,21.18375,-7.5075,-16.16125,-10.360001,-29.088001,12.880001,none,8,3.0,66503.0,179958.0,124522.0,177234.0,139604.0
2026-04-14 18:05:26.734776,732775,1609507420361577,5020331117,-0.831552,0.622688,0.247904,27.08125,-10.0625,-9.65125,-10.928,-28.928001,12.416,none,8,3.0,66503.0,179958.0,124522.0,177234.0,139604.0
2026-04-14 18:05:26.737168,732776,1609507420376258,5020346137,-0.831552,0.622688,0.247904,30.98375,-10.12375,-6.69375,-10.928,-28.928001,12.416,none,8,3.0,66503.0,179958.0,124522.0,177234.0,139604.0
2026-04-14 18:05:26.743904,732777,1609507420385275,5020354846,-0.95648,0.833504,0.290848,38.28125,-6.43125,-9.47625,-10.048,-29.392002,11.952001,none,8,3.0,66503.0,179958.0,124522.0,177234.0,139604.0
2026-04-14 18:05:26.760185,732778,1609507420399809,5020369740,-0.95648,0.833504,0.304512,45.75375,-4.445,-14.63,-10.048,-29.392002,11.952001,none,8,3.0,66503.0,179958.0,124522.0,177234.0,139604.0
2026-04-14 18:05:26.767953,732779,1609507420408762,5020378386,-0.851072,0.870592,0.304512,41.23,-5.8975,-15.575,-10.112,-29.112001,10.8,none,8,3.0,66503.0,179958.0,124522.0,177234.0,139604.0
2026-04-14 18:05:26.780499,732780,1609507420417832,5020387088,-0.851072,0.870592,0.304512,24.6225,-8.2425,-11.41875,-10.112,-29.112001,10.8,none,8,3.0,66503.0,179958.0,124522.0,177234.0,139604.0
2026-04-14 18:05:26.791316,732781,1609507420432323,5020401990,-0.856928,0.763232,0.134688,4.54125,-12.97625,-2.33625,-10.192,-29.584002,12.168,none,8,3.0,66503.0,179958.0,124522.0,177234.0,139604.0
2026-04-14 18:05:26.801474,732782,1609507420441242,5020410706,-0.929152,0.732,0.046848,-15.18125,-16.616251,4.9175,-10.440001,-29.240002,10.992001,none,8,3.0,66503.0,179958.0,124522.0,177234.0,139604.0
2026-04-14 18:05:26.856733,732793,1609507420455842,5020426114,-0.929152,0.732,0.046848,-26.565,-18.22625,4.9175,-10.440001,-29.240002,10.992001,none,8,3.0,62952.0,176839.0,120903.0,174850.0,134942.0
2026-04-14 18:05:26.881749,732794,1609507420464850,5020434850,-0.831552,0.763232,0.300608,-24.50875,-17.07125,2.10875,-10.92,-29.496002,11.616,none,8,3.0,62952.0,176839.0,120903.0,174850.0,134942.0
2026-04-14 18:05:26.888848,732795,1609507420473904,5020443560,-0.831552,0.763232,0.300608,-17.36,-14.39375,0.84875,-10.92,-29.496002,11.616,none,8,3.0,62952.0,176839.0,120903.0,174850.0,134942.0
2026-04-14 18:05:26.891302,732796,1609507420488528,5020458551,-0.862784,0.739808,0.179584,-13.04625,-11.38375,2.61625,-10.808001,-29.160002,11.408001,none,8,3.0,62952.0,176839.0,120903.0,174850.0,134942.0
2026-04-14 18:05:26.896033,732797,1609507420497465,5020467292,-0.862784,0.739808,0.179584,-12.22375,-8.9775,6.9125,-10.808001,-29.160002,11.408001,none,8,3.0,62952.0,176839.0,120903.0,174850.0,134942.0
2026-04-14 18:05:26.896316,732798,1609507420511931,5020482198,-0.854976,0.749568,0.296704,-9.91375,-7.13125,10.7975,-11.224001,-29.768002,11.576,none,8,3.0,62952.0,176839.0,120903.0,174850.0,134942.0
2026-04-14 18:05:26.899281,732799,1609507420520834,5020490906,-0.854976,0.774944,0.173728,-5.52125,-7.07,11.83875,-11.224001,-29.768002,11.576,none,8,3.0,62952.0,176839.0,120903.0,174850.0,134942.0
2026-04-14 18:05:26.902300,732800,1609507420535332,5020503753,-0.895968,0.774944,0.173728,-4.71625,-8.54875,10.3775,-11.352,-29.504002,11.320001,none,8,3.0,62952.0,176839.0,120903.0,174850.0,134942.0
2026-04-14 18:05:26.903814,732801,1609507420544630,5020514621,-0.774944,0.675392,0.105408,-6.69375,-11.13875,9.5025,-12.328001,-29.000002,12.76,none,8,3.0,62952.0,176839.0,120903.0,174850.0,134942.0
2026-04-14 18:05:26.932622,732812,1609507420553756,5020523399,-0.774944,0.675392,0.105408,-8.33875,-14.49,11.698751,-12.328001,-29.000002,12.76,none,8,3.0,65323.0,178518.0,123672.0,176243.0,138261.0
2026-04-14 18:05:26.935245,732813,1609507420568457,5020538278,-0.802272,0.681248,0.210816,-9.975,-15.417501,14.28875,-12.816001,-28.984001,12.280001,none,8,3.0,65323.0,178518.0,123672.0,176243.0,138261.0
2026-04-14 18:05:26.937995,732814,1609507420577436,5020546994,-0.802272,0.681248,0.210816,-7.04375,-14.6825,14.88375,-12.816001,-28.984001,12.280001,none,8,3.0,65323.0,178518.0,123672.0,176243.0,138261.0
2026-04-14 18:05:26.953000,732815,1609507420591926,5020561891,-0.763232,0.677344,0.046848,-3.3075,-14.175,12.32875,-12.536,-29.272001,11.672001,none,8,3.0,65323.0,178518.0,123672.0,176243.0,138261.0
2026-04-14 18:05:26.960525,732816,1609507420600859,5020570578,-0.763232,0.677344,0.046848,-1.19,-14.875,8.21625,-12.536,-29.272001,11.672001,none,8,3.0,65323.0,178518.0,123672.0,176243.0,138261.0
2026-04-14 18:05:26.970501,732817,1609507420609947,5020579273,-0.732,0.708576,0.0488,-1.435,-16.89625,5.4775,-12.416,-29.488,9.952001,none,8,3.0,65323.0,178518.0,123672.0,176243.0,138261.0
2026-04-14 18:05:26.983788,732818,1609507420624458,5020594230,-0.774944,0.716384,-0.056608,-3.57875,-19.92375,5.06625,-12.56,-28.840002,12.320001,none,8,3.0,65323.0,178518.0,123672.0,176243.0,138261.0
2026-04-14 18:05:26.994168,732819,1609507420633399,5020602924,-0.774944,0.716384,-0.056608,-5.7575,-21.69125,6.18625,-12.56,-28.840002,12.320001,none,8,3.0,65323.0,178518.0,123672.0,176243.0,138261.0
2026-04-14 18:05:27.007775,732820,1609507420647941,5020617809,-0.70272,0.716384,-0.101504,-7.4375,-22.4525,5.48625,-14.72,-28.760002,13.64,none,8,3.0,65323.0,178518.0,123672.0,176243.0,138261.0
2026-04-14 18:05:27.036702,732831,1609507420656928,5020626594,-0.70272,0.716384,-0.101504,-9.56375,-22.14625,3.26375,-14.72,-28.760002,13.64,none,8,3.0,65855.0,178923.0,124456.0,176462.0,139032.0
2026-04-14 18:05:27.039272,732832,1609507420671479,5020641595,-0.72224,0.774944,0.062464,-11.6725,-21.9625,0.0,-14.792001,-28.088001,12.832001,none,8,3.0,65855.0,178923.0,124456.0,176462.0,139032.0
2026-04-14 18:05:27.041421,732833,1609507420680423,5020650299,-0.72224,0.774944,0.062464,-13.18625,-20.755,-1.93375,-14.792001,-28.088001,12.832001,none,8,3.0,65855.0,178923.0,124456.0,176462.0,139032.0
2026-04-14 18:05:27.049365,732834,1609507420689636,5020658994,-0.655872,0.735904,0.054656,-13.16875,-18.445,-2.3275,-14.488001,-28.512001,10.72,none,8,3.0,65855.0,178923.0,124456.0,176462.0,139032.0
2026-04-14 18:05:27.064273,732835,1609507420704148,5020673917,-0.720288,0.806176,0.021472,-10.31625,-15.46125,-0.9275,-13.240001,-28.896002,11.256001,none,8,3.0,65855.0,178923.0,124456.0,176462.0,139032.0
2026-04-14 18:05:27.076392,732836,1609507420713070,5020682615,-0.720288,0.806176,0.021472,-7.315,-10.70125,0.46375,-13.240001,-28.896002,11.256001,none,8,3.0,65855.0,178923.0,124456.0,176462.0,139032.0
2026-04-14 18:05:27.088010,732837,1609507420727676,5020697682,-0.691008,0.81008,0.066368,-6.545,-4.025,1.53125,-13.496,-28.720001,13.008,none,8,3.0,65855.0,178923.0,124456.0,176462.0,139032.0
2026-04-14 18:05:27.096625,732838,1609507420736671,5020706404,-0.691008,0.81008,0.066368,-8.365,3.78875,4.83875,-13.496,-28.720001,13.008,none,8,3.0,65855.0,178923.0,124456.0,176462.0,139032.0
2026-04-14 18:05:27.105373,732839,1609507420745728,5020715126,-0.743712,0.737856,0.066368,-13.51,13.0025,9.8875,-14.464001,-28.304,12.952001,none,8,3.0,65855.0,178923.0,124456.0,176462.0,139032.0
2026-04-14 18:05:27.164271,732850,1609507420760343,5020730229,-0.743712,0.737856,0.066368,-19.18,23.05625,15.9425,-14.464001,-28.304,12.952001,none,8,3.0,58413.0,177654.0,116228.0,175397.0,129001.0
2026-04-14 18:05:27.166705,732851,1609507420769312,5020738963,-0.757376,0.59536,0.181536,-22.54,33.6525,20.895,-14.480001,-28.288002,12.168,none,8,3.0,58413.0,177654.0,116228.0,175397.0,129001.0
2026-04-14 18:05:27.171008,732852,1609507420783809,5020753854,-0.763232,0.56608,0.357216,-24.54375,42.035,22.925,-13.408001,-28.048002,15.216001,none,8,3.0,58413.0,177654.0,116228.0,175397.0,129001.0
2026-04-14 18:05:27.171351,732853,1609507420792716,5020762548,-0.763232,0.56608,0.357216,-25.19125,47.11875,21.27125,-13.408001,-28.048002,15.216001,none,8,3.0,58413.0,177654.0,116228.0,175397.0,129001.0
2026-04-14 18:05:27.173757,732854,1609507420807286,5020777650,-0.8296,0.651968,0.3904,-26.5475,47.25,16.2575,-13.256001,-27.904001,13.216001,none,8,3.0,58413.0,177654.0,116228.0,175397.0,129001.0
2026-04-14 18:05:27.180704,732855,1609507420816349,5020786409,-0.8296,0.651968,0.3904,-30.0125,42.90125,10.5175,-13.256001,-27.904001,13.216001,none,8,3.0,58413.0,177654.0,116228.0,175397.0,129001.0
2026-04-14 18:05:27.185371,732856,1609507420825411,5020795113,-0.808128,0.597312,0.148352,-33.1625,35.35875,6.51875,-13.016001,-27.112001,14.208001,none,8,3.0,58413.0,177654.0,116228.0,175397.0,129001.0
2026-04-14 18:05:27.210266,732857,1609507420839973,5020810079,-0.808128,0.597312,0.148352,-36.02375,26.775,3.00125,-13.016001,-27.112001,14.208001,none,8,3.0,58413.0,177654.0,116228.0,175397.0,129001.0
2026-04-14 18:05:27.223946,732858,1609507420849073,5020818784,-0.767136,0.60512,0.275232,-37.8875,18.41875,-0.41125,-12.960001,-27.496002,14.384001,none,8,3.0,58413.0,177654.0,116228.0,175397.0,129001.0
2026-04-14 18:05:27.278765,732869,1609507420863589,5020833674,-0.667584,0.544608,0.228384,-34.93,11.75125,-3.22875,-13.424001,-26.840002,15.232,none,8,3.0,75727.0,183223.0,134093.0,179907.0,151632.0
2026-04-14 18:05:27.281350,732870,1609507420872538,5020842376,-0.667584,0.544608,0.228384,-24.84125,7.11375,-4.75125,-13.424001,-26.840002,15.232,none,8,3.0,75727.0,183223.0,134093.0,179907.0,151632.0
2026-04-14 18:05:27.283803,732871,1609507420881509,5020851072,-0.667584,0.544608,0.228384,-12.3725,4.57625,-6.02875,-13.424001,-26.840002,15.232,none,8,3.0,75727.0,183223.0,134093.0,179907.0,151632.0
2026-04-14 18:05:27.286306,732872,1609507420896004,5020866004,-0.76128,0.564128,0.162016,0.62125,3.54375,-7.2275,-12.960001,-27.168001,14.672001,none,8,3.0,75727.0,183223.0,134093.0,179907.0,151632.0
2026-04-14 18:05:27.288811,732873,1609507420904923,5020874695,-0.718336,0.607072,0.267424,11.33125,3.0975,-7.525,-12.496,-27.224,14.544001,none,8,3.0,75727.0,183223.0,134093.0,179907.0,151632.0
2026-04-14 18:05:27.291234,732874,1609507420919583,5020889593,-0.718336,0.607072,0.267424,18.0075,2.70375,-9.38,-12.496,-27.224,14.544001,none,8,3.0,75727.0,183223.0,134093.0,179907.0,151632.0
2026-04-14 18:05:27.293856,732875,1609507420928670,5020898289,-0.743712,0.648064,0.222528,19.145,1.00625,-11.82125,-12.784,-27.184002,15.360001,none,8,3.0,75727.0,183223.0,134093.0,179907.0,151632.0
2026-04-14 18:05:27.301415,732876,1609507420943181,5020913218,-0.743712,0.648064,0.347456,16.28375,-0.65625,-12.81875,-12.784,-27.184002,15.360001,none,8,3.0,75727.0,183223.0,134093.0,179907.0,151632.0
2026-04-14 18:05:27.333955,732887,1609507420952126,5020922474,-0.735904,0.659776,0.345504,11.87375,-2.1175,-12.87125,-13.096001,-27.032001,13.856001,none,8,3.0,68427.0,179564.0,126814.0,177149.0,141965.0
2026-04-14 18:05:27.336368,732888,1609507420961183,5020931208,-0.735904,0.659776,0.345504,8.4,-1.84625,-11.9525,-13.096001,-27.032001,13.856001,none,8,3.0,68427.0,179564.0,126814.0,177149.0,141965.0
2026-04-14 18:05:27.338714,732889,1609507420975689,5020944103,-0.76128,0.640256,0.402112,5.69625,1.00625,-11.698751,-13.016001,-26.760002,15.056001,none,8,3.0,68427.0,179564.0,126814.0,177149.0,141965.0
2026-04-14 18:05:27.343950,732890,1609507420985158,5020954893,-0.935008,0.661728,0.203008,1.88125,1.96875,-13.51875,-13.016001,-26.936,14.608001,none,8,3.0,68427.0,179564.0,126814.0,177149.0,141965.0
2026-04-14 18:05:27.359202,732891,1609507420999826,5020969822,-0.935008,0.661728,0.203008,-2.3275,0.00875,-16.10875,-13.016001,-26.936,14.608001,none,8,3.0,68427.0,179564.0,126814.0,177149.0,141965.0
2026-04-14 18:05:27.368806,732892,1609507421008929,5020978504,-0.817888,0.610976,0.15616,-6.11625,-3.47375,-17.8675,-11.992001,-27.872002,14.912001,none,8,3.0,68427.0,179564.0,126814.0,177149.0,141965.0
2026-04-14 18:05:27.378835,732893,1609507421018026,5020987224,-0.817888,0.610976,0.15616,-8.72375,-7.07,-19.10125,-11.992001,-27.872002,14.912001,none,8,3.0,68427.0,179564.0,126814.0,177149.0,141965.0
2026-04-14 18:05:27.391326,732894,1609507421032578,5021002156,-0.763232,0.5856,0.27328,-6.43125,-8.085,-18.69875,-12.016001,-27.136002,14.912001,none,8,3.0,68427.0,179564.0,126814.0,177149.0,141965.0
2026-04-14 18:05:27.403927,732895,1609507421041526,5021010859,-0.763232,0.5856,0.27328,-1.05875,-5.88875,-17.50875,-12.016001,-27.136002,14.912001,none,8,3.0,68427.0,179564.0,126814.0,177149.0,141965.0
2026-04-14 18:05:27.438037,732906,1609507421056196,5021025821,-0.882304,0.685152,0.298656,7.385,-2.31,-18.03375,-12.232,-27.688002,13.776001,none,8,3.0,66809.0,178367.0,125032.0,176075.0,139813.0
2026-04-14 18:05:27.440570,732907,1609507421065224,5021034647,-0.804224,0.681248,0.245952,14.3675,-0.35875,-18.5325,-11.200001,-27.184002,13.192,none,8,3.0,66809.0,178367.0,125032.0,176075.0,139813.0
2026-04-14 18:05:27.443034,732908,1609507421074159,5021043380,-0.804224,0.681248,0.245952,14.752501,-1.05,-17.5525,-11.200001,-27.184002,13.192,none,8,3.0,66809.0,178367.0,125032.0,176075.0,139813.0
2026-04-14 18:05:27.448836,732909,1609507421088708,5021058292,-0.825696,0.710528,0.38064,10.0625,-2.6075,-16.24,-11.120001,-27.696001,13.160001,none,8,3.0,66809.0,178367.0,125032.0,176075.0,139813.0
2026-04-14 18:05:27.457604,732910,1609507421097671,5021066982,-0.825696,0.710528,0.38064,3.28125,-3.94625,-14.0175,-11.120001,-27.696001,13.160001,none,8,3.0,66809.0,178367.0,125032.0,176075.0,139813.0
2026-04-14 18:05:27.470346,732911,1609507421112318,5021081953,-0.856928,0.698816,0.359168,-0.56,-3.92875,-13.22125,-10.864,-27.664001,13.864,none,8,3.0,66809.0,178367.0,125032.0,176075.0,139813.0
2026-04-14 18:05:27.480518,732912,1609507421121359,5021090680,-0.856928,0.698816,0.359168,-2.695,-4.29625,-13.886251,-10.864,-27.664001,13.864,none,8,3.0,66809.0,178367.0,125032.0,176075.0,139813.0
2026-04-14 18:05:27.490505,732913,1609507421130358,5021099436,-0.802272,0.671488,0.374784,-4.1825,-4.54125,-15.198751,-10.912001,-27.944002,12.976001,none,8,3.0,66809.0,178367.0,125032.0,176075.0,139813.0
2026-04-14 18:05:27.504289,732914,1609507421144843,5021114335,-0.802272,0.65392,0.179584,-8.6625,-6.58875,-16.45875,-10.912001,-27.944002,12.976001,none,8,3.0,66809.0,178367.0,125032.0,176075.0,139813.0
2026-04-14 18:05:27.537562,732925,1609507421154191,5021123611,-0.876448,0.65392,0.179584,-16.415,-9.835,-16.87,-11.752001,-27.136002,12.792001,none,8,3.0,67124.0,178385.0,125506.0,176397.0,140478.0
2026-04-14 18:05:27.541490,732926,1609507421168738,5021138501,-0.794464,0.57584,0.267424,-24.64,-13.3175,-16.7825,-11.320001,-27.36,14.392001,none,8,3.0,67124.0,178385.0,125506.0,176397.0,140478.0
2026-04-14 18:05:27.542526,732927,1609507421177697,5021147187,-0.794464,0.57584,0.267424,-31.15,-15.846251,-17.15875,-11.320001,-27.36,14.392001,none,8,3.0,67124.0,178385.0,125506.0,176397.0,140478.0
2026-04-14 18:05:27.551646,732928,1609507421192227,5021162106,-0.833504,0.591456,0.42944,-34.50125,-16.47625,-18.935,-11.424001,-26.936,14.872001,none,8,3.0,67124.0,178385.0,125506.0,176397.0,140478.0
2026-04-14 18:05:27.561601,732929,1609507421201310,5021170823,-0.833504,0.591456,0.42944,-37.555,-17.36,-22.44375,-11.424001,-26.936,14.872001,none,8,3.0,67124.0,178385.0,125506.0,176397.0,140478.0
2026-04-14 18:05:27.594243,732930,1609507421210429,5021179524,-0.85888,0.632448,0.368928,-42.72625,-19.0575,-26.005,-10.384001,-27.032001,14.816001,none,8,3.0,67124.0,178385.0,125506.0,176397.0,140478.0
2026-04-14 18:05:27.596795,732931,1609507421224896,5021194430,-0.85888,0.632448,0.40016,-50.77625,-22.47,-28.8925,-10.384001,-27.032001,14.816001,none,8,3.0,67124.0,178385.0,125506.0,176397.0,140478.0
2026-04-14 18:05:27.599241,732932,1609507421233841,5021203113,-0.80032,0.651968,0.398208,-64.05,-25.47125,-31.63125,-10.528001,-26.352001,12.136001,none,8,3.0,67124.0,178385.0,125506.0,176397.0,140478.0
2026-04-14 18:05:27.621774,732933,1609507421248391,5021218091,-0.792512,0.65392,0.36112,-82.565,-27.18625,-33.78375,-10.104,-25.648,15.024001,none,8,3.0,67124.0,178385.0,125506.0,176397.0,140478.0
2026-04-14 18:05:27.651648,732944,1609507421257596,5021226856,-0.792512,0.65392,0.36112,-106.6625,-27.772501,-36.93375,-10.104,-25.648,15.024001,none,8,3.0,66939.0,179198.0,126147.0,178564.0,140503.0
2026-04-14 18:05:27.653676,732945,1609507421266506,5021235620,-0.919392,0.661728,0.210816,-133.35,-29.25125,-40.075,-9.992001,-24.168001,17.208,none,8,3.0,66939.0,179198.0,126147.0,178564.0,140503.0
2026-04-14 18:05:27.656644,732946,1609507421280999,5021250570,-0.919392,0.661728,0.210816,-164.64876,-31.63125,-43.26,-9.992001,-24.168001,17.208,none,8,3.0,66939.0,179198.0,126147.0,178564.0,140503.0
2026-04-14 18:05:27.658743,732947,1609507421290049,5021259344,-0.825696,0.607072,0.2928,-199.43001,-34.265,-46.68125,-9.400001,-22.704,18.408,none,8,3.0,66939.0,179198.0,126147.0,178564.0,140503.0
2026-04-14 18:05:27.663789,732948,1609507421304544,5021274302,-0.825696,0.607072,0.2928,-234.91125,-37.14375,-50.3825,-9.400001,-22.704,18.408,none,8,3.0,66939.0,179198.0,126147.0,178564.0,140503.0
2026-04-14 18:05:27.674235,732949,1609507421313483,5021283000,-0.813984,0.562176,0.212768,-268.345,-40.32,-53.138752,-8.936001,-19.36,21.584002,none,8,3.0,66939.0,179198.0,126147.0,178564.0,140503.0
2026-04-14 18:05:27.686663,732950,1609507421328038,5021297978,-0.862784,0.593408,0.25376,-284.64624,-43.513752,-54.0925,-9.160001,-16.432001,22.624,none,8,3.0,66939.0,179198.0,126147.0,178564.0,140503.0
2026-04-14 18:05:27.696422,732951,1609507421337000,5021306680,-0.862784,0.593408,0.25376,-285.18,-44.065,-53.5325,-9.160001,-16.432001,22.624,none,8,3.0,66939.0,179198.0,126147.0,178564.0,140503.0
2026-04-14 18:05:27.705547,732952,1609507421345949,5021315369,-0.862784,0.593408,0.130784,-285.18,-44.1875,-52.3075,-9.160001,-16.432001,22.624,none,8,3.0,66939.0,179198.0,126147.0,178564.0,140503.0
2026-04-14 18:05:27.743426,732963,1609507421360576,5021330829,-0.913536,0.486048,0.130784,-285.18,-47.69625,-51.56375,-9.504001,-11.84,25.096,none,8,3.0,52426.0,172969.0,111467.0,177052.0,122176.0
2026-04-14 18:05:27.749065,732964,1609507421369539,5021339642,-0.915488,0.212768,0.124928,-285.18,-53.45375,-51.7125,-9.736,-5.392,26.2,none,8,3.0,52426.0,172969.0,111467.0,177052.0,122176.0
2026-04-14 18:05:27.754773,732965,1609507421384050,5021352531,-0.915488,0.212768,0.124928,-285.18,-61.25,-50.28625,-9.736,-5.392,26.2,none,8,3.0,52426.0,172969.0,111467.0,177052.0,122176.0
2026-04-14 18:05:27.754840,732966,1609507421393432,5021363294,-0.890112,-0.089792,0.177632,-285.18,-72.56375,-47.97625,-10.0,1.288,27.344002,none,8,3.0,52426.0,172969.0,111467.0,177052.0,122176.0
2026-04-14 18:05:27.761612,732967,1609507421402496,5021372032,-0.890112,-0.089792,0.177632,-285.18,-80.56125,-41.39625,-10.0,1.288,27.344002,none,8,3.0,52426.0,172969.0,111467.0,177052.0,122176.0
2026-04-14 18:05:27.787896,732968,1609507421416979,5021386950,-0.70272,-0.333792,0.41968,-285.18,-76.99125,-29.23375,-9.656,7.048,25.472002,none,8,3.0,52426.0,172969.0,111467.0,177052.0,122176.0
2026-04-14 18:05:27.796764,732969,1609507421425969,5021395632,-0.70272,-0.333792,0.41968,-285.18,-61.565,-15.6625,-9.656,7.048,25.472002,none,8,3.0,52426.0,172969.0,111467.0,177052.0,122176.0
2026-04-14 18:05:27.799284,732970,1609507421440522,5021410529,-0.704672,-0.423584,0.49776,-285.18,-43.015,-9.3625,-10.456,11.616,24.896002,none,8,3.0,52426.0,172969.0,111467.0,177052.0,122176.0
2026-04-14 18:05:27.808946,732971,1609507421449625,5021419227,-0.655872,-0.610976,0.49776,-285.18,-27.1775,-9.6425,-10.464001,13.864,22.408,none,8,3.0,52426.0,172969.0,111467.0,177052.0,122176.0
2026-04-14 18:05:27.838552,732982,1609507421458753,5021427985,-0.655872,-0.610976,0.49776,-284.06876,-14.91875,-8.4525,-10.464001,13.864,22.408,none,8,3.0,40669.0,172903.0,93942.0,178619.0,102113.0
2026-04-14 18:05:27.841052,732983,1609507421473262,5021443037,-0.677344,-0.691008,0.60512,-256.73376,-3.68375,-9.6075,-9.088,15.328001,21.568,none,8,3.0,40669.0,172903.0,93942.0,178619.0,102113.0
2026-04-14 18:05:27.844118,732984,1609507421482306,5021451738,-0.677344,-0.691008,0.60512,-198.7125,3.885,-9.00375,-9.088,15.328001,21.568,none,8,3.0,40669.0,172903.0,93942.0,178619.0,102113.0
2026-04-14 18:05:27.856574,732985,1609507421496795,5021466637,-0.667584,-0.661728,0.661728,-127.91625,13.667501,-0.5075,-7.784,15.168001,21.512001,none,8,3.0,40669.0,172903.0,93942.0,178619.0,102113.0
2026-04-14 18:05:27.864216,732986,1609507421505776,5021475354,-0.667584,-0.661728,0.661728,-50.1025,26.04,11.94375,-7.784,15.168001,21.512001,none,8,3.0,40669.0,172903.0,93942.0,178619.0,102113.0
2026-04-14 18:05:27.880508,732987,1609507421520452,5021490262,-0.681248,-0.464576,0.708576,22.72375,37.1175,17.87625,-5.936,13.672001,21.960001,none,8,3.0,40669.0,172903.0,93942.0,178619.0,102113.0
2026-04-14 18:05:27.890570,732988,1609507421529432,5021498955,-0.759328,-0.345504,0.56608,79.695,46.06875,17.70125,-6.128,11.792001,23.144001,none,8,3.0,40669.0,172903.0,93942.0,178619.0,102113.0
2026-04-14 18:05:27.898002,732989,1609507421538528,5021507633,-0.759328,-0.345504,0.56608,114.9225,51.345,16.2225,-6.128,11.792001,23.144001,none,8,3.0,40669.0,172903.0,93942.0,178619.0,102113.0
2026-04-14 18:05:27.911763,732990,1609507421553233,5021522585,-0.841312,-0.425536,0.665632,141.89,54.27625,18.08625,-4.488,9.024,22.592001,none,8,3.0,40669.0,172903.0,93942.0,178619.0,102113.0
2026-04-14 18:05:27.987523,733001,1609507421562213,5021531386,-0.841312,-0.425536,0.665632,173.005,55.90375,20.9825,-4.488,9.024,22.592001,none,8,3.0,32952.0,167654.0,80453.0,173199.0,87092.0
2026-04-14 18:05:27.990553,733002,1609507421576725,5021546337,-0.81008,-0.435296,0.979904,209.1425,57.715,18.6375,-4.104,6.152,24.928001,none,8,3.0,32952.0,167654.0,80453.0,173199.0,87092.0
2026-04-14 18:05:27.996140,733003,1609507421585644,5021555099,-0.81008,-0.435296,0.979904,252.98,57.44375,14.37625,-4.104,6.152,24.928001,none,8,3.0,32952.0,167654.0,80453.0,173199.0,87092.0
2026-04-14 18:05:27.996474,733004,1609507421594609,5021563779,-0.884256,-0.335744,0.882304,284.71625,53.83875,15.636251,-3.688,1.848,25.248001,none,8,3.0,32952.0,167654.0,80453.0,173199.0,87092.0
2026-04-14 18:05:27.997324,733005,1609507421609120,5021578762,-1.155584,0.495808,1.218048,286.58,45.3425,17.80625,-5.192,-1.848,27.816002,none,8,3.0,32952.0,167654.0,80453.0,173199.0,87092.0
2026-04-14 18:05:27.999801,733006,1609507421618117,5021587456,-1.155584,0.495808,1.218048,286.58,21.84875,9.835,-5.192,-1.848,27.816002,none,8,3.0,32952.0,167654.0,80453.0,173199.0,87092.0
2026-04-14 18:05:28.002277,733007,1609507421632778,5021602427,-0.755424,0.661728,1.108736,274.35626,-4.71625,-10.78,-5.288,-3.92,27.28,none,8,3.0,32952.0,167654.0,80453.0,173199.0,87092.0
2026-04-14 18:05:28.004812,733008,1609507421641892,5021611150,-0.755424,0.661728,1.108736,178.22,-18.4975,-14.93625,-5.288,-3.92,27.28,none,8,3.0,32952.0,167654.0,80453.0,173199.0,87092.0
2026-04-14 18:05:28.041171,733019,1609507421656723,5021626147,-0.530944,0.318176,0.86864,68.08375,-18.0425,-9.89625,-4.928001,-4.024,25.864,none,8,3.0,31257.0,161130.0,76545.0,166506.0,83310.0
2026-04-14 18:05:28.043704,733020,1609507421665756,5021635006,-0.530944,0.318176,0.86864,3.955,-11.01625,-16.135,-4.928001,-4.024,25.864,none,8,3.0,31257.0,161130.0,76545.0,166506.0,83310.0
2026-04-14 18:05:28.046572,733021,1609507421674771,5021643815,-0.841312,0.085888,0.591456,-17.64,-1.09375,-26.04875,-3.72,-3.864,25.224,none,8,3.0,31257.0,161130.0,76545.0,166506.0,83310.0
2026-04-14 18:05:28.049089,733022,1609507421689319,5021658717,-0.90768,0.03904,0.737856,-16.09125,8.49625,-27.9825,-3.512,-3.888,28.648,none,8,3.0,31257.0,161130.0,76545.0,166506.0,83310.0
2026-04-14 18:05:28.057360,733023,1609507421698280,5021667431,-0.90768,0.03904,0.737856,-8.61875,12.1625,-25.4275,-3.512,-3.888,28.648,none,8,3.0,31257.0,161130.0,76545.0,166506.0,83310.0
2026-04-14 18:05:28.071529,733024,1609507421712870,5021682351,-0.788608,-0.027328,0.728096,-6.02,9.625,-26.2325,-3.704,-3.224,26.44,none,8,3.0,31257.0,161130.0,76545.0,166506.0,83310.0
2026-04-14 18:05:28.082835,733025,1609507421721828,5021691054,-0.788608,-0.027328,0.728096,-14.1575,4.6375,-32.71625,-3.704,-3.224,26.44,none,8,3.0,31257.0,161130.0,76545.0,166506.0,83310.0
2026-04-14 18:05:28.090406,733026,1609507421730756,5021699734,-0.788608,-0.027328,0.5856,-20.88625,4.69,-41.02875,-3.128,-3.416,25.176,none,8,3.0,31257.0,161130.0,76545.0,166506.0,83310.0
2026-04-14 18:05:28.105082,733027,1609507421745265,5021714708,-0.788608,-0.027328,0.5856,-15.39125,10.4125,-47.04,-3.128,-3.416,25.176,none,8,3.0,31257.0,161130.0,76545.0,166506.0,83310.0
2026-04-14 18:05:28.114910,733028,1609507421754191,5021723406,-0.90768,0.021472,0.601216,-0.7875,15.33875,-50.575,-3.2,-3.368,25.424002,none,8,3.0,31257.0,161130.0,76545.0,166506.0,83310.0
2026-04-14 18:05:28.140458,733039,1609507421768697,5021738374,-0.90768,0.005856,0.45872,14.56875,16.47625,-52.43,-3.2,-3.368,25.424002,none,8,3.0,29822.0,165697.0,73557.0,171204.0,79920.0
2026-04-14 18:05:28.145439,733040,1609507421777689,5021747061,-0.874496,0.0,0.45872,20.06375,13.08125,-53.59375,-2.712,-3.216,25.448002,none,8,3.0,29822.0,165697.0,73557.0,171204.0,79920.0
2026-04-14 18:05:28.150440,733041,1609507421792376,5021761999,-0.872544,-0.03904,0.558272,12.145,5.41625,-53.5675,-2.496,-2.632,25.352001,none,8,3.0,29822.0,165697.0,73557.0,171204.0,79920.0
2026-04-14 18:05:28.160495,733042,1609507421801479,5021770701,-0.872544,-0.03904,0.558272,-6.43125,-4.50625,-51.10875,-2.496,-2.632,25.352001,none,8,3.0,29822.0,165697.0,73557.0,171204.0,79920.0
2026-04-14 18:05:28.169272,733043,1609507421810562,5021779394,-0.874496,-0.247904,0.427488,-30.9575,-14.04375,-52.28125,-2.8,-2.416,24.992,none,8,3.0,29822.0,165697.0,73557.0,171204.0,79920.0
2026-04-14 18:05:28.184295,733044,1609507421825583,5021794288,-0.874496,-0.247904,0.427488,-46.62,-18.31375,-55.965,-2.8,-2.416,24.992,none,8,3.0,29822.0,165697.0,73557.0,171204.0,79920.0
2026-04-14 18:05:28.195446,733045,1609507421834857,5021805026,-0.940864,-0.304512,0.732,-46.59375,-18.9175,-61.29375,-3.744,-2.32,25.184002,none,8,3.0,29822.0,165697.0,73557.0,171204.0,79920.0
2026-04-14 18:05:28.204944,733046,1609507421843911,5021813743,-0.940864,-0.304512,0.732,-26.66125,-11.76875,-70.77,-3.744,-2.32,25.184002,none,8,3.0,29822.0,165697.0,73557.0,171204.0,79920.0
2026-04-14 18:05:28.238760,733057,1609507421858811,5021827225,-0.938912,-0.10736,0.691008,17.21125,-1.11125,-75.85375,-2.736,-2.76,25.696001,none,8,3.0,29625.0,165257.0,72709.0,169514.0,79237.0
2026-04-14 18:05:28.241326,733058,1609507421868107,5021838033,-0.938912,-0.10736,0.691008,66.29,7.665,-73.5875,-2.736,-2.76,25.696001,none,8,3.0,29625.0,165257.0,72709.0,169514.0,79237.0
2026-04-14 18:05:28.244252,733059,1609507421882727,5021852946,-0.944768,0.148352,0.573888,97.39625,12.04875,-66.17625,-3.056,-3.808,28.000002,none,8,3.0,29625.0,165257.0,72709.0,169514.0,79237.0
2026-04-14 18:05:28.254256,733060,1609507421891808,5021861665,-0.913536,0.25376,0.564128,87.36875,7.945,-57.5925,-3.36,-4.048,26.904001,none,8,3.0,29625.0,165257.0,72709.0,169514.0,79237.0
2026-04-14 18:05:28.260170,733061,1609507421900869,5021870384,-0.913536,0.25376,0.564128,37.93125,-0.13125,-47.87125,-3.36,-4.048,26.904001,none,8,3.0,29625.0,165257.0,72709.0,169514.0,79237.0
2026-04-14 18:05:28.276312,733062,1609507421915391,5021885323,-0.763232,0.07808,0.776896,-24.71875,-10.87625,-31.56125,-2.896,-2.456,26.000002,none,8,3.0,29625.0,165257.0,72709.0,169514.0,79237.0
2026-04-14 18:05:28.284905,733063,1609507421924374,5021894020,-0.763232,0.07808,0.776896,-87.54375,-20.04625,-13.3875,-2.896,-2.456,26.000002,none,8,3.0,29625.0,165257.0,72709.0,169514.0,79237.0
2026-04-14 18:05:28.299172,733064,1609507421938882,5021908945,-0.769088,-0.300608,0.650016,-129.2375,-24.9725,1.995,-3.352,-0.648,25.28,none,8,3.0,29625.0,165257.0,72709.0,169514.0,79237.0
2026-04-14 18:05:28.327927,733065,1609507421947832,5021917661,-0.769088,-0.300608,0.650016,-156.10875,-27.69375,9.4325,-3.352,-0.648,25.28,none,8,3.0,29625.0,165257.0,72709.0,169514.0,79237.0
2026-04-14 18:05:28.401121,733076,1609507421956756,5021926286,-0.876448,-0.54656,0.659776,-158.78625,-24.8675,11.12125,-2.288,1.16,22.712002,none,8,3.0,30545.0,165522.0,74088.0,169560.0,81301.0
2026-04-14 18:05:28.427985,733077,1609507421971573,5021941291,-0.860832,-0.636352,0.493856,-133.11375,-19.4075,14.7875,-3.288,1.864,27.824001,none,8,3.0,30545.0,165522.0,74088.0,169560.0,81301.0
2026-04-14 18:05:28.430613,733078,1609507421980514,5021949998,-0.860832,-0.636352,0.493856,-98.30625,-12.88875,18.13875,-3.288,1.864,27.824001,none,8,3.0,30545.0,165522.0,74088.0,169560.0,81301.0
2026-04-14 18:05:28.432500,733079,1609507421995014,5021964926,-0.815936,-0.628544,0.441152,-57.732502,-6.65,21.58625,-3.808,2.568,27.296001,none,8,3.0,30545.0,165522.0,74088.0,169560.0,81301.0
2026-04-14 18:05:28.435484,733080,1609507422004201,5021973639,-0.815936,-0.628544,0.441152,-18.85625,-1.14625,24.12375,-3.808,2.568,27.296001,none,8,3.0,30545.0,165522.0,74088.0,169560.0,81301.0
2026-04-14 18:05:28.437437,733081,1609507422018738,5021988599,-0.851072,-0.488,0.607072,12.76625,3.61375,24.63125,-4.224,2.032,27.728,none,8,3.0,30545.0,165522.0,74088.0,169560.0,81301.0
2026-04-14 18:05:28.440504,733082,1609507422027672,5021997322,-0.851072,-0.488,0.607072,37.03875,6.41375,24.01,-4.224,2.032,27.728,none,8,3.0,30545.0,165522.0,74088.0,169560.0,81301.0
2026-04-14 18:05:28.442980,733083,1609507422036660,5022006138,-0.841312,-0.324032,0.493856,54.0925,7.6475,20.76375,-4.472,1.072,26.560001,none,8,3.0,30545.0,165522.0,74088.0,169560.0,81301.0
2026-04-14 18:05:28.445489,733084,1609507422051223,5022021059,-0.847168,-0.109312,0.603168,69.86875,9.7475,15.75,-3.744,0.216,26.664001,none,8,3.0,30545.0,165522.0,74088.0,169560.0,81301.0
2026-04-14 18:05:28.475051,733095,1609507422060555,5022029799,-0.847168,-0.109312,0.603168,80.85,11.2525,10.35125,-3.744,0.216,26.664001,none,8,3.0,30755.0,165985.0,74592.0,170341.0,81590.0
2026-04-14 18:05:28.480930,733096,1609507422075085,5022044691,-0.93696,0.025376,0.474336,84.11375,11.34,6.44,-3.48,-1.312,26.992,none,8,3.0,30755.0,165985.0,74592.0,170341.0,81590.0
2026-04-14 18:05:28.481379,733097,1609507422084190,5022053434,-0.93696,0.025376,0.474336,78.4,9.065,5.29375,-3.48,-1.312,26.992,none,8,3.0,30755.0,165985.0,74592.0,170341.0,81590.0
2026-04-14 18:05:28.482521,733098,1609507422093137,5022062211,-0.864736,0.042944,0.640256,61.451252,4.1125,6.3525,-3.584,-1.216,26.856,none,8,3.0,30755.0,165985.0,74592.0,170341.0,81590.0
2026-04-14 18:05:28.486076,733099,1609507422107650,5022077219,-0.864736,0.042944,0.640256,37.52875,-1.00625,7.4725,-3.584,-1.216,26.856,none,8,3.0,30755.0,165985.0,74592.0,170341.0,81590.0
2026-04-14 18:05:28.487899,733100,1609507422116621,5022085922,-0.841312,-0.054656,0.50752,14.2625,-5.03125,7.20125,-3.784,-1.376,26.576002,none,8,3.0,30755.0,165985.0,74592.0,170341.0,81590.0
2026-04-14 18:05:28.491178,733101,1609507422131103,5022100896,-0.841312,-0.113216,0.657824,-4.2175,-7.41125,4.83,-3.784,-1.376,26.576002,none,8,3.0,30755.0,165985.0,74592.0,170341.0,81590.0
2026-04-14 18:05:28.502885,733102,1609507422140123,5022109564,-0.854976,-0.113216,0.657824,-15.295,-7.58625,2.205,-2.8,-1.28,27.672,none,8,3.0,30755.0,165985.0,74592.0,170341.0,81590.0
2026-04-14 18:05:28.514189,733103,1609507422154679,5022124544,-0.866688,-0.169824,0.562176,-17.59625,-6.44,1.35625,-2.984,-1.528,25.704,none,8,3.0,30755.0,165985.0,74592.0,170341.0,81590.0
2026-04-14 18:05:28.541303,733114,1609507422163906,5022133362,-0.866688,-0.169824,0.562176,-17.59625,-4.375,0.58625,-2.984,-1.528,25.704,none,8,3.0,30254.0,164529.0,73607.0,168791.0,80448.0
2026-04-14 18:05:28.544246,733115,1609507422173270,5022142083,-0.856928,-0.189344,0.671488,-16.2225,-2.345,0.30625,-3.584,-0.872,29.656002,none,8,3.0,30254.0,164529.0,73607.0,168791.0,80448.0
2026-04-14 18:05:28.546735,733116,1609507422188195,5022157019,-0.856928,-0.189344,0.671488,-15.05,-1.02375,-0.44625,-3.584,-0.872,29.656002,none,8,3.0,30254.0,164529.0,73607.0,168791.0,80448.0
2026-04-14 18:05:28.557614,733117,1609507422197579,5022167780,-0.860832,-0.240096,0.503616,-15.07625,-0.58625,-2.695,-4.872,-0.832,27.848001,none,8,3.0,30254.0,164529.0,73607.0,168791.0,80448.0
2026-04-14 18:05:28.566521,733118,1609507422206500,5022176474,-0.860832,-0.240096,0.503616,-11.47125,-0.02625,-4.57625,-4.872,-0.832,27.848001,none,8,3.0,30254.0,164529.0,73607.0,168791.0,80448.0
2026-04-14 18:05:28.583410,733119,1609507422221000,5022189365,-0.796416,-0.210816,0.724192,-5.95,0.56,-5.22375,-3.736,-1.24,25.704,none,8,3.0,30254.0,164529.0,73607.0,168791.0,80448.0
2026-04-14 18:05:28.590054,733120,1609507422230270,5022200152,-0.796416,-0.210816,0.724192,-1.00625,0.9625,-5.88,-3.736,-1.24,25.704,none,8,3.0,30254.0,164529.0,73607.0,168791.0,80448.0
2026-04-14 18:05:28.605098,733121,1609507422244930,5022215041,-0.7808,-0.20496,0.669536,0.97125,0.97125,-5.46,-2.976,-1.448,25.52,none,8,3.0,30254.0,164529.0,73607.0,168791.0,80448.0
2026-04-14 18:05:28.612689,733122,1609507422254150,5022223762,-0.823744,-0.193248,0.70272,0.16625,0.44625,-4.40125,-2.736,-1.056,25.664001,none,8,3.0,30254.0,164529.0,73607.0,168791.0,80448.0
2026-04-14 18:05:28.641344,733133,1609507422263267,5022232576,-0.823744,-0.193248,0.70272,-1.9775,-0.56,-3.45625,-2.736,-1.056,25.664001,none,8,3.0,30238.0,163622.0,73630.0,168042.0,80395.0
2026-04-14 18:05:28.643980,733134,1609507422277905,5022247640,-0.817888,-0.259616,0.5368,-3.35125,-1.33,-2.84375,-3.752,-1.136,26.768002,none,8,3.0,30238.0,163622.0,73630.0,168042.0,80395.0
2026-04-14 18:05:28.646368,733135,1609507422286873,5022256359,-0.817888,-0.259616,0.5368,-2.51125,-1.575,-2.30125,-3.752,-1.136,26.768002,none,8,3.0,30238.0,163622.0,73630.0,168042.0,80395.0
2026-04-14 18:05:28.660169,733136,1609507422301468,5022271284,-0.81984,-0.228384,0.579744,0.70875,-1.6975,-1.4525,-3.792,-1.152,26.44,none,8,3.0,30238.0,163622.0,73630.0,168042.0,80395.0
2026-04-14 18:05:28.673428,733137,1609507422310440,5022279987,-0.81984,-0.228384,0.579744,6.755,-0.62125,-0.9625,-3.792,-1.152,26.44,none,8,3.0,30238.0,163622.0,73630.0,168042.0,80395.0
2026-04-14 18:05:28.696447,733138,1609507422319385,5022288705,-0.817888,-0.173728,0.59536,15.07625,1.1375,-0.23625,-3.904,-2.096,25.824001,none,8,3.0,30238.0,163622.0,73630.0,168042.0,80395.0
2026-04-14 18:05:28.698962,733139,1609507422333931,5022303654,-0.798368,-0.119072,0.708576,20.5625,2.24,0.63,-2.912,-1.96,25.232,none,8,3.0,30238.0,163622.0,73630.0,168042.0,80395.0
2026-04-14 18:05:28.701405,733140,1609507422342868,5022312374,-0.798368,-0.119072,0.708576,20.34375,2.24,1.1025,-2.912,-1.96,25.232,none,8,3.0,30238.0,163622.0,73630.0,168042.0,80395.0
2026-04-14 18:05:28.747703,733151,1609507422357360,5022327746,-0.876448,-0.113216,0.47824,17.6225,1.365,2.09125,-3.024,-2.192,25.432001,none,8,3.0,30241.0,162291.0,73671.0,166853.0,80419.0
2026-04-14 18:05:28.750211,733152,1609507422366361,5022336456,-0.876448,-0.113216,0.47824,14.51625,0.2625,3.15875,-3.024,-2.192,25.432001,none,8,3.0,30241.0,162291.0,73671.0,166853.0,80419.0
2026-04-14 18:05:28.752586,733153,1609507422380859,5022349421,-0.794464,-0.128832,0.669536,9.1175,-0.97125,3.15875,-4.112,-1.344,27.616001,none,8,3.0,30241.0,162291.0,73671.0,166853.0,80419.0
2026-04-14 18:05:28.758482,733154,1609507422390317,5022360268,-0.794464,-0.128832,0.669536,3.64,-1.9075,2.905,-4.112,-1.344,27.616001,none,8,3.0,30241.0,162291.0,73671.0,166853.0,80419.0
2026-04-14 18:05:28.759909,733155,1609507422399251,5022368961,-0.85888,-0.138592,0.491904,2.66,-1.295,3.1325,-4.632,-2.088,27.848001,none,8,3.0,30241.0,162291.0,73671.0,166853.0,80419.0
2026-04-14 18:05:28.773696,733156,1609507422413881,5022383929,-0.802272,-0.109312,0.704672,4.2175,-0.49875,2.37125,-3.128,-2.2,25.608002,none,8,3.0,30241.0,162291.0,73671.0,166853.0,80419.0
2026-04-14 18:05:28.783802,733157,1609507422422985,5022392634,-0.802272,-0.109312,0.704672,6.62375,0.41125,0.91,-3.128,-2.2,25.608002,none,8,3.0,30241.0,162291.0,73671.0,166853.0,80419.0
2026-04-14 18:05:28.796659,733158,1609507422437505,5022407644,-0.892064,-0.085888,0.503616,7.9275,0.97125,0.84875,-3.08,-2.656,25.848001,none,8,3.0,30241.0,162291.0,73671.0,166853.0,80419.0
2026-04-14 18:05:28.812971,733159,1609507422446529,5022416347,-0.892064,-0.085888,0.503616,8.18125,0.20125,0.665,-3.08,-2.656,25.848001,none,8,3.0,30241.0,162291.0,73671.0,166853.0,80419.0
2026-04-14 18:05:28.815499,733160,1609507422455484,5022425035,-0.880352,-0.091744,0.554368,6.09,-0.86625,0.79625,-3.192,-2.8,26.248001,none,8,3.0,30241.0,162291.0,73671.0,166853.0,80419.0
2026-04-14 18:05:28.843042,733171,1609507422470085,5022440111,-0.880352,-0.091744,0.554368,2.45,-2.21375,0.63875,-3.192,-2.8,26.248001,none,8,3.0,30272.0,161957.0,73741.0,166548.0,80513.0
2026-04-14 18:05:28.845539,733172,1609507422479067,5022448801,-0.880352,-0.113216,0.530944,-1.12,-3.08875,0.63875,-4.128,-2.288,27.176,none,8,3.0,30272.0,161957.0,73741.0,166548.0,80513.0
2026-04-14 18:05:28.855883,733173,1609507422493615,5022463758,-0.880352,-0.134688,0.632448,-2.6775,-3.15,0.385,-4.128,-2.288,25.128,none,8,3.0,30272.0,161957.0,73741.0,166548.0,80513.0
2026-04-14 18:05:28.862229,733174,1609507422502639,5022472527,-0.7808,-0.134688,0.632448,-0.55125,-2.75625,0.67375,-3.792,-2.512,25.28,none,8,3.0,30272.0,161957.0,73741.0,166548.0,80513.0
2026-04-14 18:05:28.871920,733175,1609507422511693,5022481224,-0.7808,-0.134688,0.632448,1.42625,-2.02125,0.28,-3.792,-2.512,25.28,none,8,3.0,30272.0,161957.0,73741.0,166548.0,80513.0
2026-04-14 18:05:28.885349,733176,1609507422526242,5022496119,-0.880352,-0.083936,0.577792,2.03875,-1.95125,-0.2975,-3.104,-2.736,26.240002,none,8,3.0,30272.0,161957.0,73741.0,166548.0,80513.0
2026-04-14 18:05:28.895203,733177,1609507422535308,5022504801,-0.854976,-0.105408,0.501664,1.645,-1.4875,0.035,-3.144,-2.584,25.584002,none,8,3.0,30272.0,161957.0,73741.0,166548.0,80513.0
2026-04-14 18:05:28.909252,733178,1609507422549844,5022519782,-0.854976,-0.105408,0.501664,-0.72625,-1.16375,0.42,-3.144,-2.584,25.584002,none,8,3.0,30272.0,161957.0,73741.0,166548.0,80513.0
2026-04-14 18:05:28.945671,733189,1609507422558835,5022528919,-0.825696,-0.081984,0.724192,-2.7475,-1.16375,0.315,-3.184,-2.68,26.232,none,8,3.0,30210.0,161840.0,73708.0,166485.0,80482.0
2026-04-14 18:05:28.946204,733190,1609507422573561,5022543909,-0.825696,-0.081984,0.724192,-5.25,-1.2075,-0.6125,-3.184,-2.68,26.232,none,8,3.0,30210.0,161840.0,73708.0,166485.0,80482.0
2026-04-14 18:05:28.948706,733191,1609507422582534,5022552686,-0.870592,-0.113216,0.480192,-6.475,-0.98,-0.65625,-4.48,-2.112,28.2,none,8,3.0,30210.0,161840.0,73708.0,166485.0,80482.0
2026-04-14 18:05:28.953383,733192,1609507422591495,5022561371,-0.870592,-0.113216,0.480192,-6.615,-1.19,-0.0175,-4.48,-2.112,28.2,none,8,3.0,30210.0,161840.0,73708.0,166485.0,80482.0
2026-04-14 18:05:28.967835,733193,1609507422606207,5022576309,-0.835456,-0.081984,0.724192,-7.8575,-1.9775,0.8575,-4.48,-2.32,26.680002,none,8,3.0,30210.0,161840.0,73708.0,166485.0,80482.0
2026-04-14 18:05:28.974972,733194,1609507422615171,5022585025,-0.8784,-0.121024,0.480192,-9.6775,-2.84375,1.8725,-3.064,-2.504,24.224,none,8,3.0,30210.0,161840.0,73708.0,166485.0,80482.0
2026-04-14 18:05:28.988835,733195,1609507422629658,5022599919,-0.8784,-0.121024,0.480192,-11.99625,-3.56125,2.9575,-3.064,-2.504,24.224,none,8,3.0,30210.0,161840.0,73708.0,166485.0,80482.0
2026-04-14 18:05:28.999953,733196,1609507422638615,5022608651,-0.847168,-0.11712,0.714432,-13.25625,-3.64,2.66,-3.36,-2.368,26.272001,none,8,3.0,30210.0,161840.0,73708.0,166485.0,80482.0
2026-04-14 18:05:29.008826,733197,1609507422647536,5022617355,-0.847168,-0.11712,0.714432,-12.74875,-3.99,2.7125,-3.36,-2.368,26.272001,none,8,3.0,30210.0,161840.0,73708.0,166485.0,80482.0
2026-04-14 18:05:29.090565,733208,1609507422662254,5022632330,-0.903776,-0.12688,0.55632,-9.948751,-3.92875,3.22,-2.776,-2.36,27.976002,none,8,3.0,30158.0,161959.0,73602.0,166671.0,80389.0
2026-04-14 18:05:29.115498,733209,1609507422671389,5022641065,-0.903776,-0.12688,0.55632,-7.035,-3.43,3.185,-2.776,-2.36,27.976002,none,8,3.0,30158.0,161959.0,73602.0,166671.0,80389.0
2026-04-14 18:05:29.118001,733210,1609507422685931,5022656050,-0.81984,-0.138592,0.732,-5.20625,-3.325,3.28125,-4.0,-1.664,27.000002,none,8,3.0,30158.0,161959.0,73602.0,166671.0,80389.0
2026-04-14 18:05:29.147874,733211,1609507422694915,5022664791,-0.81984,-0.122976,0.612928,-6.0725,-3.5875,2.975,-4.0,-1.664,24.952002,none,8,3.0,30158.0,161959.0,73602.0,166671.0,80389.0
2026-04-14 18:05:29.153780,733212,1609507422703965,5022673479,-0.894016,-0.122976,0.612928,-6.34375,-3.6575,3.28125,-4.344,-1.472,26.448002,none,8,3.0,30158.0,161959.0,73602.0,166671.0,80389.0
2026-04-14 18:05:29.154608,733213,1609507422718487,5022688362,-0.788608,-0.181536,0.571936,-4.69,-3.66625,3.535,-4.296,-2.024,26.592001,none,8,3.0,30158.0,161959.0,73602.0,166671.0,80389.0
2026-04-14 18:05:29.154707,733214,1609507422727478,5022697105,-0.788608,-0.181536,0.571936,-3.955,-4.235,2.73,-4.296,-2.024,26.592001,none,8,3.0,30158.0,161959.0,73602.0,166671.0,80389.0
2026-04-14 18:05:29.154772,733215,1609507422741992,5022712010,-0.84912,-0.121024,0.694912,-3.43875,-3.85,2.2575,-4.28,-1.696,26.792002,none,8,3.0,30158.0,161959.0,73602.0,166671.0,80389.0
2026-04-14 18:05:29.154938,733216,1609507422750911,5022720684,-0.84912,-0.121024,0.694912,-2.31875,-3.43875,2.6075,-4.28,-1.696,26.792002,none,8,3.0,30158.0,161959.0,73602.0,166671.0,80389.0
2026-04-14 18:05:29.178006,733227,1609507422765545,5022735620,-0.85888,-0.130784,0.610976,-1.88125,-2.49375,3.26375,-4.44,-1.768,27.952002,none,8,3.0,30078.0,161968.0,73469.0,166765.0,80272.0
2026-04-14 18:05:29.180469,733228,1609507422774505,5022744308,-0.85888,-0.130784,0.610976,-2.8175,-2.6425,2.9225,-4.44,-1.768,27.952002,none,8,3.0,30078.0,161968.0,73469.0,166765.0,80272.0
2026-04-14 18:05:29.182399,733229,1609507422783448,5022752997,-0.769088,-0.179584,0.607072,-3.75375,-3.59625,2.44125,-5.216,-1.4,27.992,none,8,3.0,30078.0,161968.0,73469.0,166765.0,80272.0
2026-04-14 18:05:29.185153,733230,1609507422797987,5022767926,-0.823744,-0.177632,0.501664,-3.56125,-3.40375,1.89875,-4.936,-1.656,26.688002,none,8,3.0,30078.0,161968.0,73469.0,166765.0,80272.0
2026-04-14 18:05:29.187986,733231,1609507422807019,5022776870,-0.823744,-0.177632,0.501664,-1.96875,-2.66,1.8725,-4.936,-1.656,26.688002,none,8,3.0,30078.0,161968.0,73469.0,166765.0,80272.0
2026-04-14 18:05:29.195103,733232,1609507422821611,5022791850,-0.83936,-0.171776,0.511424,-0.32375,-2.0825,1.3825,-4.424,-1.744,26.688002,none,8,3.0,30078.0,161968.0,73469.0,166765.0,80272.0
2026-04-14 18:05:29.197435,733233,1609507422830566,5022800558,-0.83936,-0.171776,0.511424,-0.21,-1.715,0.42875,-4.424,-1.744,26.688002,none,8,3.0,30078.0,161968.0,73469.0,166765.0,80272.0
2026-04-14 18:05:29.207839,733234,1609507422845184,5022815453,-0.81984,-0.11712,0.74176,0.76125,-0.65625,0.27125,-4.512,-2.136,26.680002,none,8,3.0,30078.0,161968.0,73469.0,166765.0,80272.0
2026-04-14 18:05:29.214264,733235,1609507422854131,5022824202,-0.81984,-0.11712,0.74176,2.24,-0.51625,0.46375,-4.512,-2.136,26.680002,none,8,3.0,30078.0,161968.0,73469.0,166765.0,80272.0
2026-04-14 18:05:29.245363,733246,1609507422863438,5022832970,-0.835456,-0.105408,0.698816,2.7825,-0.53375,0.1925,-4.016,-1.864,27.128002,none,8,3.0,29991.0,161806.0,73330.0,166681.0,80098.0
2026-04-14 18:05:29.247867,733247,1609507422878110,5022847953,-0.870592,-0.10736,0.587552,2.345,-0.07875,-0.32375,-4.192,-2.16,26.536001,none,8,3.0,29991.0,161806.0,73330.0,166681.0,80098.0
2026-04-14 18:05:29.250390,733248,1609507422887060,5022856668,-0.870592,-0.10736,0.587552,0.9275,0.25375,-0.7525,-4.192,-2.16,26.536001,none,8,3.0,29991.0,161806.0,73330.0,166681.0,80098.0
2026-04-14 18:05:29.261685,733249,1609507422901542,5022871579,-0.880352,-0.091744,0.622688,1.2075,0.30625,-0.86625,-3.824,-2.656,25.624,none,8,3.0,29991.0,161806.0,73330.0,166681.0,80098.0
2026-04-14 18:05:29.270107,733250,1609507422910463,5022880313,-0.880352,-0.091744,0.622688,1.77625,0.735,0.035,-3.824,-2.656,25.624,none,8,3.0,29991.0,161806.0,73330.0,166681.0,80098.0
2026-04-14 18:05:29.279281,733251,1609507422919393,5022888999,-0.880352,-0.122976,0.493856,2.835,0.77875,0.49,-3.352,-2.88,25.792002,none,8,3.0,29991.0,161806.0,73330.0,166681.0,80098.0
2026-04-14 18:05:29.294254,733252,1609507422933899,5022903905,-0.880352,-0.122976,0.493856,3.84125,0.735,0.875,-3.352,-2.88,25.792002,none,8,3.0,29991.0,161806.0,73330.0,166681.0,80098.0
2026-04-14 18:05:29.303814,733253,1609507422942890,5022912594,-0.782752,-0.152256,0.646112,4.27875,0.5075,0.93625,-3.8,-2.408,25.456001,none,8,3.0,29991.0,161806.0,73330.0,166681.0,80098.0
2026-04-14 18:05:29.316787,733254,1609507422957517,5022927497,-0.798368,-0.142496,0.667584,3.05375,0.23625,0.07875,-3.36,-2.488,23.584002,none,8,3.0,29991.0,161806.0,73330.0,166681.0,80098.0
2026-04-14 18:05:29.346470,733265,1609507422966653,5022936267,-0.798368,-0.142496,0.667584,3.4475,0.2975,-0.0525,-3.36,-2.488,23.584002,none,8,3.0,29792.0,161762.0,72981.0,166820.0,79671.0
2026-04-14 18:05:29.349092,733266,1609507422975702,5022945026,-0.798368,-0.142496,0.667584,4.92625,0.41125,0.51625,-3.36,-2.488,23.584002,none,8,3.0,29792.0,161762.0,72981.0,166820.0,79671.0
2026-04-14 18:05:29.351426,733267,1609507422990352,5022960070,-0.784704,-0.13664,0.687104,7.53375,0.70875,0.25375,-5.248,-1.856,26.832,none,8,3.0,29792.0,161762.0,72981.0,166820.0,79671.0
2026-04-14 18:05:29.358669,733268,1609507422999270,5022968773,-0.782752,-0.111264,0.767136,10.0625,0.84,0.21,-4.768,-2.704,26.512001,none,8,3.0,29792.0,161762.0,72981.0,166820.0,79671.0
2026-04-14 18:05:29.374904,733269,1609507423014007,5022983754,-0.782752,-0.111264,0.767136,12.6525,1.46125,-0.02625,-4.768,-2.704,26.512001,none,8,3.0,29792.0,161762.0,72981.0,166820.0,79671.0
2026-04-14 18:05:29.381514,733270,1609507423022965,5022992499,-0.772992,-0.0976,0.732,14.542501,1.63625,0.37625,-3.584,-3.472,25.320002,none,8,3.0,29792.0,161762.0,72981.0,166820.0,79671.0
2026-04-14 18:05:29.400525,733271,1609507423037488,5023007547,-0.788608,-0.083936,0.655872,14.805,1.93375,0.00875,-3.176,-3.632,28.768002,none,8,3.0,29792.0,161762.0,72981.0,166820.0,79671.0
2026-04-14 18:05:29.449211,733272,1609507423046409,5023016279,-0.788608,-0.083936,0.655872,13.58,2.16125,-0.1925,-3.176,-3.632,28.768002,none,8,3.0,29792.0,161762.0,72981.0,166820.0,79671.0
2026-04-14 18:05:29.451706,733273,1609507423055339,5023024968,-0.788608,-0.083936,0.655872,11.261251,1.6625,-0.3325,-3.176,-3.632,28.768002,none,8,3.0,29792.0,161762.0,72981.0,166820.0,79671.0
2026-04-14 18:05:29.484300,733284,1609507423069852,5023040125,-0.892064,-0.040992,0.57584,8.32125,1.67125,-0.25375,-4.496,-3.216,26.872002,none,8,3.0,29503.0,161257.0,72505.0,166570.0,79054.0
2026-04-14 18:05:29.486734,733285,1609507423078759,5023048844,-0.841312,-0.085888,0.55632,4.45375,0.55125,0.56875,-4.288,-3.456,25.352001,none,8,3.0,29503.0,161257.0,72505.0,166570.0,79054.0
2026-04-14 18:05:29.489261,733286,1609507423093266,5023061667,-0.841312,-0.085888,0.55632,0.84875,-0.44625,1.0325,-4.288,-3.456,25.352001,none,8,3.0,29503.0,161257.0,72505.0,166570.0,79054.0
2026-04-14 18:05:29.491316,733287,1609507423102714,5023072482,-0.851072,-0.083936,0.659776,-1.645,-0.91875,0.79625,-3.312,-3.872,25.408,none,8,3.0,29503.0,161257.0,72505.0,166570.0,79054.0
2026-04-14 18:05:29.494287,733288,1609507423111638,5023081186,-0.851072,-0.083936,0.659776,-1.58375,-1.19,0.7,-3.312,-3.872,25.408,none,8,3.0,29503.0,161257.0,72505.0,166570.0,79054.0
2026-04-14 18:05:29.496723,733289,1609507423126433,5023096234,-0.882304,-0.093696,0.51728,1.16375,-0.84,0.69125,-3.408,-3.672,25.296001,none,8,3.0,29503.0,161257.0,72505.0,166570.0,79054.0
2026-04-14 18:05:29.499262,733290,1609507423135560,5023104999,-0.882304,-0.093696,0.51728,4.12125,-0.1575,0.35,-3.408,-3.672,25.296001,none,8,3.0,29503.0,161257.0,72505.0,166570.0,79054.0
2026-04-14 18:05:29.510127,733291,1609507423150070,5023120131,-0.872544,-0.05856,0.655872,6.44875,0.3325,0.1925,-3.2,-3.584,25.760002,none,8,3.0,29503.0,161257.0,72505.0,166570.0,79054.0
2026-04-14 18:05:29.518618,733292,1609507423159053,5023128841,-0.833504,-0.050752,0.72224,7.62125,0.58625,0.5425,-4.928001,-3.176,26.336,none,8,3.0,29503.0,161257.0,72505.0,166570.0,79054.0
2026-04-14 18:05:29.546759,733303,1609507423168170,5023137636,-0.833504,-0.050752,0.72224,7.5775,0.3325,0.63875,-4.928001,-3.176,26.336,none,8,3.0,29275.0,161358.0,72084.0,166749.0,78544.0
2026-04-14 18:05:29.549259,733304,1609507423182747,5023152626,-0.817888,-0.076128,0.587552,6.67625,0.1225,0.735,-3.648,-3.92,25.704,none,8,3.0,29275.0,161358.0,72084.0,166749.0,78544.0
2026-04-14 18:05:29.551754,733305,1609507423191706,5023161351,-0.817888,-0.076128,0.587552,5.8625,-0.2975,0.48125,-3.648,-3.92,25.704,none,8,3.0,29275.0,161358.0,72084.0,166749.0,78544.0
2026-04-14 18:05:29.565520,733306,1609507423206254,5023176330,-0.782752,-0.081984,0.630496,4.865,-0.2975,0.27125,-3.52,-3.72,25.672,none,8,3.0,29275.0,161358.0,72084.0,166749.0,78544.0
2026-04-14 18:05:29.575177,733307,1609507423215214,5023185024,-0.782752,-0.081984,0.630496,3.29,-0.13125,0.525,-3.52,-3.72,25.672,none,8,3.0,29275.0,161358.0,72084.0,166749.0,78544.0
2026-04-14 18:05:29.591341,733308,1609507423229751,5023199904,-0.854976,-0.0488,0.667584,2.6075,-0.4025,0.5425,-3.872,-4.288,25.312,none,8,3.0,29275.0,161358.0,72084.0,166749.0,78544.0
2026-04-14 18:05:29.599249,733309,1609507423238767,5023208635,-0.81008,-0.093696,0.564128,0.97125,-0.25375,0.88375,-3.328,-3.704,27.112001,none,8,3.0,29275.0,161358.0,72084.0,166749.0,78544.0
2026-04-14 18:05:29.606344,733310,1609507423247871,5023217373,-0.81008,-0.093696,0.564128,0.58625,0.00875,1.26875,-3.328,-3.704,27.112001,none,8,3.0,29275.0,161358.0,72084.0,166749.0,78544.0
2026-04-14 18:05:29.621647,733311,1609507423262344,5023232263,-0.85888,-0.0488,0.708576,0.60375,-0.35875,1.61,-4.32,-3.872,26.792002,none,8,3.0,29275.0,161358.0,72084.0,166749.0,78544.0
2026-04-14 18:05:29.649153,733322,1609507423271402,5023241042,-0.85888,-0.0488,0.708576,-0.2975,-0.0525,0.81375,-4.32,-3.872,26.792002,none,8,3.0,28983.0,161113.0,71493.0,166604.0,77840.0
2026-04-14 18:05:29.651665,733323,1609507423286052,5023255938,-0.886208,-0.052704,0.651968,-0.35875,0.13125,0.7175,-4.816001,-3.896,26.504002,none,8,3.0,28983.0,161113.0,71493.0,166604.0,77840.0
2026-04-14 18:05:29.654287,733324,1609507423295012,5023264727,-0.886208,-0.052704,0.651968,-0.2275,0.02625,0.21875,-4.816001,-3.896,26.504002,none,8,3.0,28983.0,161113.0,71493.0,166604.0,77840.0
2026-04-14 18:05:29.662990,733325,1609507423303968,5023273470,-0.794464,-0.089792,0.646112,1.04125,0.53375,0.02625,-4.672,-3.872,26.720001,none,8,3.0,28983.0,161113.0,71493.0,166604.0,77840.0
2026-04-14 18:05:29.679304,733326,1609507423318495,5023288341,-0.794464,-0.089792,0.534848,2.31,0.86625,-0.11375,-4.672,-3.872,26.720001,none,8,3.0,28983.0,161113.0,71493.0,166604.0,77840.0
2026-04-14 18:05:29.709301,733327,1609507423327434,5023297004,-0.894016,-0.0488,0.534848,2.8875,0.77875,0.0875,-4.056,-4.136,23.320002,none,8,3.0,28983.0,161113.0,71493.0,166604.0,77840.0
2026-04-14 18:05:29.711463,733328,1609507423341932,5023311903,-0.905728,-0.05856,0.51728,2.00375,0.53375,-0.04375,-4.336,-3.512,27.696001,none,8,3.0,28983.0,161113.0,71493.0,166604.0,77840.0
2026-04-14 18:05:29.716598,733329,1609507423350829,5023320573,-0.905728,-0.05856,0.51728,-0.2975,-0.3325,0.0875,-4.336,-3.512,27.696001,none,8,3.0,28983.0,161113.0,71493.0,166604.0,77840.0
2026-04-14 18:05:29.749124,733340,1609507423365418,5023335797,-0.845216,-0.052704,0.735904,-3.15875,-0.9275,-0.77,-5.32,-3.264,27.656002,none,8,3.0,28767.0,160857.0,70997.0,166384.0,77279.0
2026-04-14 18:05:29.751534,733341,1609507423374452,5023344706,-0.845216,-0.052704,0.735904,-3.94625,-1.015,-1.19,-5.32,-3.264,27.656002,none,8,3.0,28767.0,160857.0,70997.0,166384.0,77279.0
2026-04-14 18:05:29.754109,733342,1609507423383424,5023353426,-0.798368,-0.08784,0.691008,-3.2725,-1.1375,-1.0325,-5.432,-3.832,26.608002,none,8,3.0,28767.0,160857.0,70997.0,166384.0,77279.0
2026-04-14 18:05:29.758779,733343,1609507423398087,5023368311,-0.798368,-0.08784,0.691008,-2.70375,-0.35,-1.58375,-5.432,-3.832,26.608002,none,8,3.0,28767.0,160857.0,70997.0,166384.0,77279.0
2026-04-14 18:05:29.766468,733344,1609507423407006,5023377030,-0.86864,-0.05856,0.638304,-2.31,-0.1575,-1.70625,-4.592,-4.152,26.368002,none,8,3.0,28767.0,160857.0,70997.0,166384.0,77279.0
2026-04-14 18:05:29.800298,733345,1609507423421530,5023389884,-0.872544,-0.05856,0.665632,-1.8025,-0.48125,-1.23375,-3.704,-4.4,25.912,none,8,3.0,28767.0,160857.0,70997.0,166384.0,77279.0
2026-04-14 18:05:29.801143,733346,1609507423430731,5023400658,-0.872544,-0.05856,0.665632,-2.40625,-0.9625,-1.19875,-3.704,-4.4,25.912,none,8,3.0,28767.0,160857.0,70997.0,166384.0,77279.0
2026-04-14 18:05:29.803691,733347,1609507423439694,5023409356,-0.794464,-0.105408,0.671488,-2.80875,-0.9275,-1.155,-3.704,-4.4,26.632002,none,8,3.0,28767.0,160857.0,70997.0,166384.0,77279.0
2026-04-14 18:05:29.829228,733348,1609507423454226,5023424333,-0.784704,-0.105408,0.671488,-2.9225,-0.6125,-1.3475,-4.536,-3.824,26.632002,none,8,3.0,28767.0,160857.0,70997.0,166384.0,77279.0
2026-04-14 18:05:29.853829,733349,1609507423463178,5023433032,-0.856928,-0.060512,0.665632,-1.89875,-0.14875,-1.79375,-4.048,-3.904,25.792002,none,8,3.0,28767.0,160857.0,70997.0,166384.0,77279.0
2026-04-14 18:05:29.888010,733360,1609507423477802,5023447940,-0.856928,-0.060512,0.665632,0.77875,0.2975,-1.84625,-4.048,-3.904,25.792002,none,8,3.0,28660.0,160622.0,70808.0,166077.0,77060.0
2026-04-14 18:05:29.888706,733361,1609507423486760,5023456620,-0.792512,-0.083936,0.609024,1.9775,1.14625,-1.79375,-3.584,-4.152,25.432001,none,8,3.0,28660.0,160622.0,70808.0,166077.0,77060.0
2026-04-14 18:05:29.891163,733362,1609507423501270,5023471509,-0.806176,-0.046848,0.747616,2.135,1.1375,-1.33875,-3.528,-4.24,25.744001,none,8,3.0,28660.0,160622.0,70808.0,166077.0,77060.0
2026-04-14 18:05:29.894600,733363,1609507423510389,5023480279,-0.806176,-0.046848,0.747616,0.58625,1.11125,-1.37375,-3.528,-4.24,25.744001,none,8,3.0,28660.0,160622.0,70808.0,166077.0,77060.0
2026-04-14 18:05:29.897165,733364,1609507423519599,5023488976,-0.806176,-0.046848,0.747616,-1.4525,0.63,-0.95375,-3.528,-4.24,25.744001,none,8,3.0,28660.0,160622.0,70808.0,166077.0,77060.0
2026-04-14 18:05:29.900724,733365,1609507423534122,5023503883,-0.86864,-0.042944,0.700768,-2.93125,0.14875,-0.44625,-3.696,-4.04,25.768002,none,8,3.0,28660.0,160622.0,70808.0,166077.0,77060.0
2026-04-14 18:05:29.914777,733366,1609507423543080,5023512632,-0.84912,-0.052704,0.704672,-2.91375,-0.37625,-0.21,-3.384,-4.152,25.592001,none,8,3.0,28660.0,160622.0,70808.0,166077.0,77060.0
2026-04-14 18:05:29.916298,733367,1609507423557678,5023527723,-0.84912,-0.052704,0.704672,-0.9625,-0.2275,-0.23625,-3.384,-4.152,25.592001,none,8,3.0,28660.0,160622.0,70808.0,166077.0,77060.0
2026-04-14 18:05:29.950186,733378,1609507423567243,5023536839,-0.894016,-0.044896,0.540704,1.35625,0.2975,-0.665,-4.056,-3.904,25.576002,none,8,3.0,28629.0,160349.0,70713.0,165766.0,76944.0
2026-04-14 18:05:29.952700,733379,1609507423576374,5023545663,-0.894016,-0.044896,0.540704,2.73875,0.62125,-0.62125,-4.056,-3.904,25.576002,none,8,3.0,28629.0,160349.0,70713.0,165766.0,76944.0
2026-04-14 18:05:29.955200,733380,1609507423591045,5023560609,-0.81984,-0.031232,0.749568,3.4125,0.665,-0.25375,-5.304,-3.968,26.592001,none,8,3.0,28629.0,160349.0,70713.0,165766.0,76944.0
2026-04-14 18:05:29.958923,733381,1609507423600057,5023569330,-0.81984,-0.031232,0.749568,3.045,0.55125,-0.035,-5.304,-3.968,26.592001,none,8,3.0,28629.0,160349.0,70713.0,165766.0,76944.0
2026-04-14 18:05:29.977894,733382,1609507423614599,5023584228,-0.794464,-0.066368,0.657824,1.365,-0.25375,0.1925,-4.448,-4.376,23.456001,none,8,3.0,28629.0,160349.0,70713.0,165766.0,76944.0
2026-04-14 18:05:29.983975,733383,1609507423623529,5023592907,-0.89792,-0.050752,0.523136,-0.4025,-0.2625,0.11375,-3.688,-4.4,25.808,none,8,3.0,28629.0,160349.0,70713.0,165766.0,76944.0
2026-04-14 18:05:29.990119,733384,1609507423632485,5023601626,-0.89792,-0.050752,0.523136,-1.04125,-0.455,-0.35875,-3.688,-4.4,25.808,none,8,3.0,28629.0,160349.0,70713.0,165766.0,76944.0
2026-04-14 18:05:30.006498,733385,1609507423646992,5023616564,-0.884256,-0.03904,0.6344,-0.34125,-0.6475,-0.95375,-3.272,-4.664,25.552002,none,8,3.0,28629.0,160349.0,70713.0,165766.0,76944.0
2026-04-14 18:05:30.015151,733386,1609507423655957,5023625268,-0.884256,-0.03904,0.6344,-0.32375,-0.385,-1.58375,-3.272,-4.664,25.552002,none,8,3.0,28629.0,160349.0,70713.0,165766.0,76944.0
2026-04-14 18:05:30.052647,733397,1609507423670725,5023640300,-0.821792,-0.050752,0.745664,-0.14,-0.595,-1.86375,-4.584,-4.568,25.736002,none,8,3.0,28585.0,160256.0,70630.0,165665.0,76864.0
2026-04-14 18:05:30.055070,733398,1609507423679696,5023649059,-0.821792,-0.050752,0.745664,-0.6825,-0.67375,-2.2225,-4.584,-4.568,25.736002,none,8,3.0,28585.0,160256.0,70630.0,165665.0,76864.0
2026-04-14 18:05:30.057754,733399,1609507423694302,5023664072,-0.890112,-0.062464,0.562176,-1.19875,-0.65625,-2.73875,-3.824,-4.592,25.032001,none,8,3.0,28585.0,160256.0,70630.0,165665.0,76864.0
2026-04-14 18:05:30.062762,733400,1609507423703266,5023672756,-0.813984,-0.10736,0.548512,-0.875,-1.015,-2.975,-3.904,-4.68,25.400002,none,8,3.0,28585.0,160256.0,70630.0,165665.0,76864.0
2026-04-14 18:05:30.072158,733401,1609507423712206,5023681468,-0.813984,-0.10736,0.548512,0.0,-0.79625,-3.2375,-3.904,-4.68,25.400002,none,8,3.0,28585.0,160256.0,70630.0,165665.0,76864.0
2026-04-14 18:05:30.085151,733402,1609507423726697,5023696394,-0.815936,-0.103456,0.550464,1.0325,-0.7175,-4.025,-3.624,-4.696,26.736002,none,8,3.0,28585.0,160256.0,70630.0,165665.0,76864.0
2026-04-14 18:05:30.095170,733403,1609507423735624,5023705091,-0.815936,-0.103456,0.550464,2.555,0.245,-4.6025,-3.624,-4.696,26.736002,none,8,3.0,28585.0,160256.0,70630.0,165665.0,76864.0
2026-04-14 18:05:30.110200,733404,1609507423750290,5023720127,-0.88816,-0.0488,0.612928,3.535,0.30625,-4.61125,-4.768,-4.272,26.344002,none,8,3.0,28585.0,160256.0,70630.0,165665.0,76864.0
2026-04-14 18:05:30.117783,733405,1609507423759383,5023728859,-0.88816,-0.0488,0.612928,3.1325,0.62125,-4.2875,-4.768,-4.272,26.344002,none,8,3.0,28585.0,160256.0,70630.0,165665.0,76864.0
2026-04-14 18:05:30.198074,733416,1609507423768814,5023737993,-0.792512,-0.072224,0.743712,2.2925,0.4725,-4.095,-4.44,-4.864,25.776001,none,8,3.0,28513.0,160190.0,70490.0,165625.0,76724.0
2026-04-14 18:05:30.200356,733417,1609507423783393,5023752956,-0.794464,-0.085888,0.679296,1.58375,-0.16625,-3.80625,-3.632,-5.072,25.032001,none,8,3.0,28513.0,160190.0,70490.0,165625.0,76724.0
2026-04-14 18:05:30.203059,733418,1609507423792336,5023761672,-0.794464,-0.085888,0.679296,2.1175,-0.0175,-4.01625,-3.632,-5.072,25.032001,none,8,3.0,28513.0,160190.0,70490.0,165625.0,76724.0
2026-04-14 18:05:30.205559,733419,1609507423806821,5023776555,-0.813984,-0.076128,0.612928,3.15,0.39375,-3.9375,-3.432,-5.008,25.928001,none,8,3.0,28513.0,160190.0,70490.0,165625.0,76724.0
2026-04-14 18:05:30.207848,733420,1609507423815774,5023785271,-0.813984,-0.076128,0.612928,4.27,0.665,-3.77125,-3.432,-5.008,25.928001,none,8,3.0,28513.0,160190.0,70490.0,165625.0,76724.0
2026-04-14 18:05:30.209992,733421,1609507423824713,5023793961,-0.845216,-0.023424,0.718336,4.69,0.74375,-3.63125,-3.68,-4.632,26.696001,none,8,3.0,28513.0,160190.0,70490.0,165625.0,76724.0
2026-04-14 18:05:30.212661,733422,1609507423839234,5023808944,-0.845216,-0.023424,0.718336,4.7075,0.875,-3.15875,-3.68,-4.632,26.696001,none,8,3.0,28513.0,160190.0,70490.0,165625.0,76724.0
2026-04-14 18:05:30.215542,733423,1609507423848172,5023817649,-0.802272,-0.035136,0.718336,4.62,1.30375,-2.66,-4.52,-4.656,26.784,none,8,3.0,28513.0,160190.0,70490.0,165625.0,76724.0
2026-04-14 18:05:30.223032,733424,1609507423862718,5023832635,-0.8784,-0.017568,0.60512,4.82125,1.49625,-2.49375,-4.52,-5.208,23.720001,none,8,3.0,28513.0,160190.0,70490.0,165625.0,76724.0
2026-04-14 18:05:30.253036,733435,1609507423871824,5023841464,-0.8784,-0.017568,0.60512,4.43625,1.51375,-2.205,-4.472,-5.208,23.720001,none,8,3.0,28443.0,159890.0,70362.0,165291.0,76567.0
2026-04-14 18:05:30.255536,733436,1609507423886380,5023856441,-0.895968,-0.013664,0.593408,3.465,1.09375,-1.4525,-4.408,-5.128,26.888,none,8,3.0,28443.0,159890.0,70362.0,165291.0,76567.0
2026-04-14 18:05:30.259401,733437,1609507423895408,5023865122,-0.895968,-0.013664,0.593408,3.2375,1.18125,-1.1375,-4.408,-5.128,26.888,none,8,3.0,28443.0,159890.0,70362.0,165291.0,76567.0
2026-04-14 18:05:30.264799,733438,1609507423904358,5023873826,-0.903776,-0.003904,0.589504,3.75375,1.04125,-1.0675,-4.624,-4.848,27.696001,none,8,3.0,28443.0,159890.0,70362.0,165291.0,76567.0
2026-04-14 18:05:30.278792,733439,1609507423918971,5023888750,-0.903776,-0.003904,0.589504,5.06625,1.2075,-0.84875,-4.624,-4.848,27.696001,none,8,3.0,28443.0,159890.0,70362.0,165291.0,76567.0
2026-04-14 18:05:30.288812,733440,1609507423927948,5023897442,-0.88816,-0.011712,0.493856,5.8275,1.2775,-0.21875,-3.68,-5.12,27.008001,none,8,3.0,28443.0,159890.0,70362.0,165291.0,76567.0
2026-04-14 18:05:30.303842,733441,1609507423942574,5023912341,-0.88816,-0.011712,0.612928,6.06375,1.5225,0.11375,-3.68,-5.12,27.008001,none,8,3.0,28443.0,159890.0,70362.0,165291.0,76567.0
2026-04-14 18:05:30.311173,733442,1609507423951511,5023921017,-0.901824,0.02928,0.612928,5.5125,0.8925,-0.07875,-4.536,-5.328,26.064001,none,8,3.0,28443.0,159890.0,70362.0,165291.0,76567.0
2026-04-14 18:05:30.318640,733443,1609507423960501,5023929759,-0.901824,0.02928,0.612928,3.10625,0.2625,0.07875,-4.536,-5.328,26.064001,none,8,3.0,28443.0,159890.0,70362.0,165291.0,76567.0
2026-04-14 18:05:30.377441,733454,1609507423975014,5023944726,-0.806176,-0.017568,0.61488,1.46125,-0.0175,0.0875,-3.648,-5.44,25.944002,none,8,3.0,28336.0,159585.0,70122.0,165024.0,76290.0
2026-04-14 18:05:30.380437,733455,1609507423983955,5023953417,-0.899872,0.013664,0.568032,0.39375,-0.25375,-0.06125,-4.688,-5.656,25.904001,none,8,3.0,28336.0,159585.0,70122.0,165024.0,76290.0
2026-04-14 18:05:30.382927,733456,1609507423998572,5023968324,-0.899872,0.013664,0.568032,-0.42875,-0.8925,0.105,-4.688,-5.656,25.904001,none,8,3.0,28336.0,159585.0,70122.0,165024.0,76290.0
2026-04-14 18:05:30.385334,733457,1609507424007581,5023976995,-0.864736,-0.01952,0.493856,-1.33,-0.98,0.02625,-5.0,-5.024,26.880001,none,8,3.0,28336.0,159585.0,70122.0,165024.0,76290.0
2026-04-14 18:05:30.388017,733458,1609507424022140,5023991901,-0.864736,-0.01952,0.493856,-1.49625,-1.39125,0.245,-5.0,-5.024,26.880001,none,8,3.0,28336.0,159585.0,70122.0,165024.0,76290.0
2026-04-14 18:05:30.390540,733459,1609507424031345,5024000609,-0.827648,0.005856,0.749568,-1.4525,-1.54875,0.35875,-4.472,-5.032,26.904001,none,8,3.0,28336.0,159585.0,70122.0,165024.0,76290.0
2026-04-14 18:05:30.400097,733460,1609507424040382,5024009303,-0.827648,0.005856,0.749568,-2.52,-1.33,0.6475,-4.472,-5.032,26.904001,none,8,3.0,28336.0,159585.0,70122.0,165024.0,76290.0
2026-04-14 18:05:30.412596,733461,1609507424054858,5024024264,-0.880352,-0.021472,0.509472,-3.535,-1.61875,0.39375,-3.792,-5.264,25.608002,none,8,3.0,28336.0,159585.0,70122.0,165024.0,76290.0
2026-04-14 18:05:30.423015,733462,1609507424063807,5024032951,-0.853024,-0.011712,0.679296,-4.13875,-1.8025,0.42,-3.792,-5.264,26.960001,none,8,3.0,28336.0,159585.0,70122.0,165024.0,76290.0
2026-04-14 18:05:30.457854,733473,1609507424078330,5024048081,-0.853024,-0.011712,0.679296,-4.2175,-1.68875,0.07,-4.192,-5.456,26.960001,none,8,3.0,28256.0,159559.0,69943.0,165002.0,76141.0
2026-04-14 18:05:30.458639,733474,1609507424087476,5024056788,-0.894016,-0.011712,0.569984,-3.1675,-1.18125,0.2975,-4.752,-5.08,26.832,none,8,3.0,28256.0,159559.0,69943.0,165002.0,76141.0
2026-04-14 18:05:30.461071,733475,1609507424096431,5024065582,-0.894016,-0.011712,0.569984,-2.58125,-1.26,0.14875,-4.752,-5.08,26.832,none,8,3.0,28256.0,159559.0,69943.0,165002.0,76141.0
2026-04-14 18:05:30.470393,733476,1609507424110941,5024080486,-0.83936,-0.040992,0.523136,-2.5725,-0.9975,0.2275,-4.744,-5.008,27.368002,none,8,3.0,28256.0,159559.0,69943.0,165002.0,76141.0
2026-04-14 18:05:30.480503,733477,1609507424119976,5024089183,-0.83936,-0.040992,0.523136,-2.415,-0.98875,0.28875,-4.744,-5.008,27.368002,none,8,3.0,28256.0,159559.0,69943.0,165002.0,76141.0
2026-04-14 18:05:30.494277,733478,1609507424134493,5024104087,-0.884256,0.003904,0.651968,-2.8,-0.58625,-0.0525,-4.088,-4.92,26.864002,none,8,3.0,28256.0,159559.0,69943.0,165002.0,76141.0
2026-04-14 18:05:30.504266,733479,1609507424143442,5024112793,-0.884256,0.003904,0.651968,-4.2,-0.90125,0.41125,-4.088,-4.92,26.864002,none,8,3.0,28256.0,159559.0,69943.0,165002.0,76141.0
2026-04-14 18:05:30.533948,733480,1609507424158065,5024127882,-0.79056,-0.040992,0.718336,-6.11625,-1.26875,0.20125,-4.432,-4.872,27.680002,none,8,3.0,28256.0,159559.0,69943.0,165002.0,76141.0
2026-04-14 18:05:30.558679,733481,1609507424167004,5024136575,-0.85888,-0.0488,0.57584,-7.13125,-1.33,0.0875,-4.976,-5.224001,27.04,none,8,3.0,28256.0,159559.0,69943.0,165002.0,76141.0
2026-04-14 18:05:30.588889,733493,1609507424176030,5024145387,-0.85888,-0.0488,0.57584,-7.49875,-1.26,0.20125,-4.976,-5.224001,27.04,none,8,3.0,28160.0,159511.0,69739.0,165037.0,75851.0
2026-04-14 18:05:30.591343,733494,1609507424190599,5024160303,-0.882304,-0.05856,0.491904,-7.105,-1.21625,0.2275,-4.568,-4.952,26.648,none,8,3.0,28160.0,159511.0,69739.0,165037.0,75851.0
2026-04-14 18:05:30.594270,733495,1609507424199555,5024168996,-0.882304,-0.05856,0.491904,-5.38125,-1.11125,0.3325,-4.568,-4.952,26.648,none,8,3.0,28160.0,159511.0,69739.0,165037.0,75851.0
2026-04-14 18:05:30.596781,733496,1609507424214081,5024183963,-0.806176,-0.037088,0.753472,-3.9375,-0.88375,0.1575,-4.448,-5.104,26.592001,none,8,3.0,28160.0,159511.0,69739.0,165037.0,75851.0
2026-04-14 18:05:30.599209,733497,1609507424223141,5024192679,-0.806176,-0.037088,0.753472,-3.4475,-0.3325,0.175,-4.448,-5.104,26.592001,none,8,3.0,28160.0,159511.0,69739.0,165037.0,75851.0
2026-04-14 18:05:30.601365,733498,1609507424232186,5024201428,-0.81984,-0.06832,0.571936,-3.6925,-0.105,-0.48125,-4.8,-4.912,25.52,none,8,3.0,28160.0,159511.0,69739.0,165037.0,75851.0
2026-04-14 18:05:30.606396,733499,1609507424246694,5024216339,-0.815936,-0.031232,0.755424,-4.26125,-0.32375,-0.39375,-4.768,-5.144,25.44,none,8,3.0,28160.0,159511.0,69739.0,165037.0,75851.0
2026-04-14 18:05:30.615351,733500,1609507424255620,5024225056,-0.815936,-0.031232,0.755424,-4.48875,-0.48125,-0.2275,-4.768,-5.144,25.44,none,8,3.0,28160.0,159511.0,69739.0,165037.0,75851.0
2026-04-14 18:05:30.656196,733511,1609507424270238,5024239924,-0.856928,-0.023424,0.716384,-4.3225,-0.665,0.0,-3.832,-5.24,25.536001,none,8,3.0,28020.0,159310.0,69505.0,164913.0,75568.0
2026-04-14 18:05:30.657493,733512,1609507424279679,5024248721,-0.856928,-0.023424,0.716384,-3.92,-0.385,-0.175,-3.832,-5.24,25.536001,none,8,3.0,28020.0,159310.0,69505.0,164913.0,75568.0
2026-04-14 18:05:30.660215,733513,1609507424294328,5024263750,-0.815936,-0.044896,0.687104,-3.08875,-0.315,-0.0875,-4.6,-4.672,26.784,none,8,3.0,28020.0,159310.0,69505.0,164913.0,75568.0
2026-04-14 18:05:30.662547,733514,1609507424303357,5024272469,-0.815936,-0.044896,0.687104,-2.47625,-0.32375,-0.035,-4.6,-4.672,26.784,none,8,3.0,28020.0,159310.0,69505.0,164913.0,75568.0
2026-04-14 18:05:30.671714,733515,1609507424312333,5024281164,-0.8784,-0.02928,0.603168,-1.5925,-0.27125,-0.35,-4.544,-4.456,27.240002,none,8,3.0,28020.0,159310.0,69505.0,164913.0,75568.0
2026-04-14 18:05:30.686753,733516,1609507424326816,5024296118,-0.866688,-0.027328,0.609024,-1.70625,0.35,-0.69125,-4.376,-5.12,27.144001,none,8,3.0,28020.0,159310.0,69505.0,164913.0,75568.0
2026-04-14 18:05:30.693733,733517,1609507424335716,5024304886,-0.866688,-0.027328,0.609024,-2.09125,0.16625,-1.1725,-4.376,-5.12,27.144001,none,8,3.0,28020.0,159310.0,69505.0,164913.0,75568.0
2026-04-14 18:05:30.710220,733518,1609507424350279,5024319760,-0.806176,-0.066368,0.56608,-2.5725,0.28,-1.25125,-3.424,-5.128,25.768002,none,8,3.0,28020.0,159310.0,69505.0,164913.0,75568.0
2026-04-14 18:05:30.719324,733519,1609507424359225,5024328498,-0.806176,-0.066368,0.56608,-2.98375,0.11375,-1.56625,-3.424,-5.128,25.768002,none,8,3.0,28020.0,159310.0,69505.0,164913.0,75568.0
2026-04-14 18:05:30.727876,733520,1609507424368289,5024337257,-0.84912,-0.025376,0.67344,-2.8525,0.20125,-1.68,-3.744,-5.096,25.728,none,8,3.0,28020.0,159310.0,69505.0,164913.0,75568.0
2026-04-14 18:05:30.755392,733531,1609507424382851,5024352450,-0.84912,-0.025376,0.67344,-1.855,0.11375,-1.68875,-3.744,-5.096,25.728,none,8,3.0,27938.0,159158.0,69341.0,164752.0,75358.0
2026-04-14 18:05:30.757714,733532,1609507424391898,5024361162,-0.851072,-0.052704,0.503616,-1.40875,-0.06125,-1.855,-4.952,-4.872,26.688002,none,8,3.0,27938.0,159158.0,69341.0,164752.0,75358.0
2026-04-14 18:05:30.766673,733533,1609507424406430,5024376123,-0.798368,-0.027328,0.755424,-1.81125,0.41125,-1.995,-4.592,-4.456,29.328001,none,8,3.0,27938.0,159158.0,69341.0,164752.0,75358.0
2026-04-14 18:05:30.779275,733534,1609507424415411,5024384856,-0.798368,-0.027328,0.755424,-2.625,0.2625,-2.07375,-4.592,-4.456,29.328001,none,8,3.0,27938.0,159158.0,69341.0,164752.0,75358.0
2026-04-14 18:05:30.790588,733535,1609507424429970,5024399817,-0.84912,-0.013664,0.72224,-2.9575,0.315,-2.065,-4.416,-4.776,26.760002,none,8,3.0,27938.0,159158.0,69341.0,164752.0,75358.0
2026-04-14 18:05:30.798030,733536,1609507424438947,5024408538,-0.84912,-0.013664,0.72224,-2.84375,0.74375,-2.33625,-4.416,-4.776,26.760002,none,8,3.0,27938.0,159158.0,69341.0,164752.0,75358.0
2026-04-14 18:05:30.807765,733537,1609507424447919,5024417249,-0.812032,-0.042944,0.64416,-1.82875,0.93625,-2.835,-4.656,-5.328,26.2,none,8,3.0,27938.0,159158.0,69341.0,164752.0,75358.0
2026-04-14 18:05:30.821728,733538,1609507424462390,5024432187,-0.812032,-0.042944,0.64416,-1.00625,0.77,-2.31,-4.656,-5.328,26.2,none,8,3.0,27938.0,159158.0,69341.0,164752.0,75358.0
2026-04-14 18:05:30.855266,733549,1609507424471349,5024440856,-0.856928,-0.042944,0.501664,-0.525,0.88375,-2.135,-3.44,-5.368,25.592001,none,8,3.0,27839.0,159001.0,69133.0,164621.0,75126.0
2026-04-14 18:05:30.857707,733550,1609507424486462,5024455836,-0.83936,-0.011712,0.6832,0.1575,0.49875,-2.7125,-3.44,-5.368,26.064001,none,8,3.0,27839.0,159001.0,69133.0,164621.0,75126.0
2026-04-14 18:05:30.860395,733551,1609507424495465,5024464580,-0.83936,-0.011712,0.6832,-0.105,0.1225,-2.5025,-3.728,-5.12,26.064001,none,8,3.0,27839.0,159001.0,69133.0,164621.0,75126.0
2026-04-14 18:05:30.862892,733552,1609507424504403,5024473285,-0.83936,-0.011712,0.6832,-0.79625,-0.27125,-2.03875,-3.728,-5.12,26.064001,none,8,3.0,27839.0,159001.0,69133.0,164621.0,75126.0
2026-04-14 18:05:30.901755,733553,1609507424518899,5024488200,-0.823744,-0.011712,0.706624,-3.28125,-0.6475,-1.295,-3.64,-4.96,25.808,none,8,3.0,27839.0,159001.0,69133.0,164621.0,75126.0
2026-04-14 18:05:30.904279,733554,1609507424527834,5024496962,-0.786656,-0.040992,0.679296,-4.4975,-0.72625,-1.4,-5.296001,-4.264,26.056002,none,8,3.0,27839.0,159001.0,69133.0,164621.0,75126.0
2026-04-14 18:05:30.906792,733555,1609507424542364,5024511847,-0.786656,-0.040992,0.679296,-5.01375,-0.63,-1.33875,-5.296001,-4.264,26.056002,none,8,3.0,27839.0,159001.0,69133.0,164621.0,75126.0
2026-04-14 18:05:30.932868,733556,1609507424551294,5024520540,-0.854976,-0.021472,0.650016,-5.145,0.0175,-1.49625,-5.248,-4.576,26.712002,none,8,3.0,27839.0,159001.0,69133.0,164621.0,75126.0
2026-04-14 18:05:30.935399,733557,1609507424565875,5024535460,-0.854976,-0.021472,0.650016,-4.2525,0.42875,-1.42625,-5.248,-4.576,26.712002,none,8,3.0,27839.0,159001.0,69133.0,164621.0,75126.0
2026-04-14 18:05:30.990181,733568,1609507424575357,5024544447,-0.851072,0.001952,0.716384,-3.185,0.51625,-2.02125,-3.552,-4.992,25.656002,none,8,3.0,27805.0,158668.0,68998.0,164238.0,75011.0
2026-04-14 18:05:30.992471,733569,1609507424584356,5024553282,-0.851072,0.001952,0.716384,-2.38,0.46375,-2.00375,-3.552,-4.992,25.656002,none,8,3.0,27805.0,158668.0,68998.0,164238.0,75011.0
2026-04-14 18:05:30.994875,733570,1609507424598879,5024568222,-0.825696,0.001952,0.753472,-1.7675,0.88375,-2.2225,-3.616,-4.96,26.288002,none,8,3.0,27805.0,158668.0,68998.0,164238.0,75011.0
2026-04-14 18:05:30.997376,733571,1609507424607809,5024576930,-0.886208,0.013664,0.62464,-1.575,1.05,-2.23125,-3.544,-4.656,26.512001,none,8,3.0,27805.0,158668.0,68998.0,164238.0,75011.0
2026-04-14 18:05:30.999911,733572,1609507424622483,5024591864,-0.886208,0.013664,0.62464,-1.88125,0.95375,-2.16125,-3.544,-4.656,26.512001,none,8,3.0,27805.0,158668.0,68998.0,164238.0,75011.0
2026-04-14 18:05:31.002440,733573,1609507424631538,5024600567,-0.837408,0.00976,0.753472,-2.4325,0.20125,-2.3975,-4.48,-4.776,26.840002,none,8,3.0,27805.0,158668.0,68998.0,164238.0,75011.0
2026-04-14 18:05:31.005620,733574,1609507424640506,5024609250,-0.837408,0.00976,0.753472,-3.675,0.06125,-2.00375,-4.48,-4.776,26.840002,none,8,3.0,27805.0,158668.0,68998.0,164238.0,75011.0
2026-04-14 18:05:31.014905,733575,1609507424655472,5024624168,-0.823744,-0.003904,0.76128,-3.87625,-0.1575,-2.14375,-4.64,-4.752,26.656002,none,8,3.0,27805.0,158668.0,68998.0,164238.0,75011.0
2026-04-14 18:05:31.026632,733576,1609507424664786,5024634935,-0.823744,-0.003904,0.76128,-3.78875,-0.5075,-2.12625,-4.64,-4.752,26.656002,none,8,3.0,27805.0,158668.0,68998.0,164238.0,75011.0
2026-04-14 18:05:31.055055,733587,1609507424674249,5024643719,-0.825696,-0.015616,0.737856,-3.08,0.00875,-2.02125,-3.336,-5.064,25.664001,none,8,3.0,27778.0,158497.0,68962.0,164127.0,74979.0
2026-04-14 18:05:31.057835,733588,1609507424688831,5024658732,-0.876448,-0.003904,0.67344,-2.73,0.00875,-2.0825,-4.424,-4.336,27.52,none,8,3.0,27778.0,158497.0,68962.0,164127.0,74979.0
2026-04-14 18:05:31.060139,733589,1609507424697780,5024667413,-0.876448,-0.003904,0.67344,-2.66875,0.1575,-1.75875,-4.424,-4.336,27.52,none,8,3.0,27778.0,158497.0,68962.0,164127.0,74979.0
2026-04-14 18:05:31.071770,733590,1609507424712415,5024682399,-0.825696,-0.021472,0.71248,-2.68625,0.1225,-2.31,-5.08,-4.256,27.768002,none,8,3.0,27778.0,158497.0,68962.0,164127.0,74979.0
2026-04-14 18:05:31.080559,733591,1609507424721375,5024691103,-0.825696,-0.021472,0.71248,-2.38,0.07,-2.5025,-5.08,-4.256,27.768002,none,8,3.0,27778.0,158497.0,68962.0,164127.0,74979.0
2026-04-14 18:05:31.090550,733592,1609507424730314,5024699798,-0.864736,-0.005856,0.704672,-3.22,-0.07,-2.8525,-5.488,-4.256,26.776001,none,8,3.0,27778.0,158497.0,68962.0,164127.0,74979.0
2026-04-14 18:05:31.105061,733593,1609507424744872,5024714690,-0.864736,-0.005856,0.704672,-4.865,-0.53375,-2.8525,-5.488,-4.256,26.776001,none,8,3.0,27778.0,158497.0,68962.0,164127.0,74979.0
2026-04-14 18:05:31.114235,733594,1609507424753951,5024723483,-0.892064,-0.02928,0.521184,-5.3725,-0.86625,-2.5025,-4.032,-4.704,25.808,none,8,3.0,27778.0,158497.0,68962.0,164127.0,74979.0
2026-04-14 18:05:31.129241,733595,1609507424768529,5024738461,-0.872544,-0.042944,0.534848,-6.25625,-1.1025,-2.33625,-4.032,-4.408,25.352001,none,8,3.0,27778.0,158497.0,68962.0,164127.0,74979.0
2026-04-14 18:05:31.156778,733606,1609507424777631,5024747276,-0.872544,-0.042944,0.534848,-6.36125,-1.18125,-1.9425,-3.4,-4.408,25.352001,none,8,3.0,27725.0,158493.0,68861.0,164150.0,74868.0
2026-04-14 18:05:31.158776,733607,1609507424792355,5024762235,-0.845216,-0.031232,0.679296,-6.39625,-0.95375,-2.52875,-3.416,-4.288,26.896002,none,8,3.0,27725.0,158493.0,68861.0,164150.0,74868.0
2026-04-14 18:05:31.161810,733608,1609507424801466,5024770990,-0.845216,-0.031232,0.679296,-5.95,-0.39375,-2.54625,-3.416,-4.288,26.896002,none,8,3.0,27725.0,158493.0,68861.0,164150.0,74868.0
2026-04-14 18:05:31.169263,733609,1609507424810447,5024779779,-0.847168,-0.025376,0.714432,-5.4425,-0.49,-2.07375,-4.384,-4.504,26.904001,none,8,3.0,27725.0,158493.0,68861.0,164150.0,74868.0
2026-04-14 18:05:31.185506,733610,1609507424824960,5024794713,-0.847168,-0.025376,0.714432,-4.94375,-0.60375,-2.52,-4.384,-4.504,26.904001,none,8,3.0,27725.0,158493.0,68861.0,164150.0,74868.0
2026-04-14 18:05:31.196744,733611,1609507424833919,5024803423,-0.798368,-0.05856,0.675392,-5.13625,-0.56,-2.345,-4.72,-4.68,25.640001,none,8,3.0,27725.0,158493.0,68861.0,164150.0,74868.0
2026-04-14 18:05:31.208659,733612,1609507424848353,5024818299,-0.798368,-0.05856,0.569984,-5.10125,-0.735,-1.98625,-4.72,-4.68,25.640001,none,8,3.0,27725.0,158493.0,68861.0,164150.0,74868.0
2026-04-14 18:05:31.216630,733613,1609507424857292,5024827001,-0.89792,-0.035136,0.569984,-5.45125,-0.62125,-2.2225,-3.568,-4.608,23.976002,none,8,3.0,27725.0,158493.0,68861.0,164150.0,74868.0
2026-04-14 18:05:31.225056,733614,1609507424866276,5024835704,-0.89792,-0.035136,0.569984,-5.27625,-0.65625,-2.03875,-3.568,-4.608,23.976002,none,8,3.0,27725.0,158493.0,68861.0,164150.0,74868.0
2026-04-14 18:05:31.330224,733625,1609507424880864,5024850942,-0.79056,-0.05856,0.72224,-4.27,-0.81375,-2.38,-3.656,-4.224,26.368002,none,8,3.0,27685.0,158492.0,68817.0,164151.0,74789.0
2026-04-14 18:05:31.332640,733626,1609507424889828,5024859725,-0.866688,-0.05856,0.503616,-3.6225,-0.5425,-2.42375,-3.4,-4.568,26.080002,none,8,3.0,27685.0,158492.0,68817.0,164151.0,74789.0
2026-04-14 18:05:31.335216,733627,1609507424904384,5024874598,-0.866688,-0.05856,0.503616,-2.9575,-0.60375,-2.98375,-3.4,-4.568,26.080002,none,8,3.0,27685.0,158492.0,68817.0,164151.0,74789.0
2026-04-14 18:05:31.337745,733628,1609507424913338,5024883310,-0.806176,-0.064416,0.60512,-3.01,-0.4375,-3.2375,-3.744,-4.512,25.856,none,8,3.0,27685.0,158492.0,68817.0,164151.0,74789.0
2026-04-14 18:05:31.340128,733629,1609507424927824,5024896175,-0.806176,-0.064416,0.60512,-2.555,-0.7,-2.96625,-3.744,-4.512,25.856,none,8,3.0,27685.0,158492.0,68817.0,164151.0,74789.0
2026-04-14 18:05:31.342449,733630,1609507424936966,5024906947,-0.804224,-0.040992,0.718336,-2.3975,-0.67375,-3.465,-3.512,-4.376,25.704,none,8,3.0,27685.0,158492.0,68817.0,164151.0,74789.0
2026-04-14 18:05:31.345226,733631,1609507424945956,5024915653,-0.804224,-0.040992,0.718336,-2.31,-1.05875,-3.255,-3.512,-4.376,25.704,none,8,3.0,27685.0,158492.0,68817.0,164151.0,74789.0
2026-04-14 18:05:31.347594,733632,1609507424960528,5024930736,-0.884256,-0.023424,0.650016,-1.5575,-0.9275,-2.93125,-3.728,-4.584,25.864,none,8,3.0,27685.0,158492.0,68817.0,164151.0,74789.0
2026-04-14 18:05:31.349992,733633,1609507424969556,5024939461,-0.884256,-0.021472,0.610976,-0.60375,-1.3475,-2.63375,-3.728,-4.584,25.864,none,8,3.0,27685.0,158492.0,68817.0,164151.0,74789.0
2026-04-14 18:05:31.391265,733644,1609507424984136,5024952549,-0.89792,-0.021472,0.610976,0.315,-1.0325,-2.415,-3.8,-4.568,27.584002,none,8,3.0,27717.0,158327.0,68865.0,163940.0,74897.0
2026-04-14 18:05:31.393729,733645,1609507424993413,5024963332,-0.823744,-0.06832,0.552416,1.12875,-0.7525,-2.625,-4.056,-4.448,26.928001,none,8,3.0,27717.0,158327.0,68865.0,163940.0,74897.0
2026-04-14 18:05:31.396339,733646,1609507425002405,5024972064,-0.823744,-0.06832,0.552416,0.735,-0.51625,-2.9225,-4.056,-4.448,26.928001,none,8,3.0,27717.0,158327.0,68865.0,163940.0,74897.0
2026-04-14 18:05:31.398841,733647,1609507425016948,5024987073,-0.794464,-0.046848,0.728096,0.37625,-0.3675,-2.7125,-4.696,-4.512,26.872002,none,8,3.0,27717.0,158327.0,68865.0,163940.0,74897.0
2026-04-14 18:05:31.401340,733648,1609507425025862,5024995757,-0.794464,-0.046848,0.728096,0.04375,-0.735,-2.5725,-4.696,-4.512,26.872002,none,8,3.0,27717.0,158327.0,68865.0,163940.0,74897.0
2026-04-14 18:05:31.403839,733649,1609507425040466,5025010651,-0.786656,-0.066368,0.650016,0.2275,-0.8575,-2.4325,-3.832,-4.76,26.008001,none,8,3.0,27717.0,158327.0,68865.0,163940.0,74897.0
2026-04-14 18:05:31.411312,733650,1609507425049412,5025019363,-0.786656,-0.066368,0.650016,0.3675,-0.60375,-2.2225,-3.832,-4.76,26.008001,none,8,3.0,27717.0,158327.0,68865.0,163940.0,74897.0
2026-04-14 18:05:31.423961,733651,1609507425064039,5025034253,-0.85888,-0.015616,0.700768,0.77875,-0.34125,-2.42375,-3.784,-4.952,24.968,none,8,3.0,27717.0,158327.0,68865.0,163940.0,74897.0
2026-04-14 18:05:31.436470,733652,1609507425073145,5025042967,-0.895968,-0.027328,0.52704,1.26,-0.53375,-2.33625,-3.528,-4.408,25.912,none,8,3.0,27717.0,158327.0,68865.0,163940.0,74897.0
2026-04-14 18:05:31.463973,733663,1609507425082147,5025051731,-0.895968,-0.027328,0.52704,1.54875,-0.63,-2.45,-3.528,-4.408,25.912,none,8,3.0,27773.0,158106.0,68959.0,163694.0,75038.0
2026-04-14 18:05:31.466488,733664,1609507425096854,5025066633,-0.901824,-0.013664,0.599264,1.89,-1.28625,-2.37125,-3.656,-4.864,26.008001,none,8,3.0,27773.0,158106.0,68959.0,163694.0,75038.0
2026-04-14 18:05:31.468883,733665,1609507425106021,5025075352,-0.901824,-0.013664,0.599264,1.42625,-1.61,-2.10875,-3.656,-4.864,26.008001,none,8,3.0,27773.0,158106.0,68959.0,163694.0,75038.0
2026-04-14 18:05:31.481911,733666,1609507425120535,5025090328,-0.798368,-0.042944,0.70272,1.995,-2.14375,-1.89875,-3.76,-4.968,26.024002,none,8,3.0,27773.0,158106.0,68959.0,163694.0,75038.0
2026-04-14 18:05:31.488831,733667,1609507425129482,5025099042,-0.798368,-0.042944,0.70272,2.52,-2.24875,-1.26,-3.76,-4.968,26.024002,none,8,3.0,27773.0,158106.0,68959.0,163694.0,75038.0
2026-04-14 18:05:31.498846,733668,1609507425138419,5025107744,-0.903776,-0.031232,0.519232,1.8725,-2.485,-1.46125,-3.976,-4.808,25.536001,none,8,3.0,27773.0,158106.0,68959.0,163694.0,75038.0
2026-04-14 18:05:31.511559,733669,1609507425152917,5025122699,-0.784704,-0.050752,0.71248,1.93375,-3.28125,-1.89875,-3.928,-5.016,25.400002,none,8,3.0,27773.0,158106.0,68959.0,163694.0,75038.0
2026-04-14 18:05:31.520271,733670,1609507425161846,5025131413,-0.784704,-0.050752,0.71248,2.52875,-2.91375,-1.9775,-3.928,-5.016,25.400002,none,8,3.0,27773.0,158106.0,68959.0,163694.0,75038.0
2026-04-14 18:05:31.559218,733681,1609507425176824,5025146478,-0.823744,-0.0488,0.571936,2.9925,-2.5025,-2.38,-4.184,-5.016,26.904001,none,8,3.0,27763.0,158007.0,68923.0,163579.0,75008.0
2026-04-14 18:05:31.561840,733682,1609507425185822,5025155362,-0.823744,-0.0488,0.571936,3.00125,-2.02125,-2.5025,-4.184,-5.016,26.904001,none,8,3.0,27763.0,158007.0,68923.0,163579.0,75008.0
2026-04-14 18:05:31.564015,733683,1609507425194826,5025164133,-0.8296,-0.011712,0.681248,1.96875,-1.365,-2.1175,-4.768,-4.976,26.848001,none,8,3.0,27763.0,158007.0,68923.0,163579.0,75008.0
2026-04-14 18:05:31.568856,733684,1609507425209352,5025179063,-0.8296,-0.011712,0.681248,0.62125,-0.8925,-1.995,-4.768,-4.976,26.848001,none,8,3.0,27763.0,158007.0,68923.0,163579.0,75008.0
2026-04-14 18:05:31.577032,733685,1609507425218308,5025187761,-0.854976,-0.025376,0.554368,-0.07,-0.56875,-2.415,-4.88,-4.944,28.128002,none,8,3.0,27763.0,158007.0,68923.0,163579.0,75008.0
2026-04-14 18:05:31.591208,733686,1609507425232834,5025202676,-0.796416,-0.03904,0.607072,-0.98875,-0.13125,-2.3975,-4.168,-5.632,24.752,none,8,3.0,27763.0,158007.0,68923.0,163579.0,75008.0
2026-04-14 18:05:31.624967,733687,1609507425241800,5025211388,-0.796416,-0.03904,0.607072,-1.02375,0.09625,-2.54625,-4.168,-5.632,24.752,none,8,3.0,27763.0,158007.0,68923.0,163579.0,75008.0
2026-04-14 18:05:31.650475,733688,1609507425256404,5025226282,-0.880352,-0.01952,0.499712,-1.51375,0.37625,-2.6425,-4.128,-5.256,25.704,none,8,3.0,27763.0,158007.0,68923.0,163579.0,75008.0
2026-04-14 18:05:31.675067,733689,1609507425265358,5025234984,-0.880352,-0.01952,0.499712,-2.84375,0.385,-3.14125,-4.128,-5.256,25.704,none,8,3.0,27763.0,158007.0,68923.0,163579.0,75008.0
2026-04-14 18:05:31.687886,733690,1609507425274317,5025243700,-0.860832,-0.02928,0.52704,-4.41,0.56875,-3.1325,-3.616,-5.104,25.800001,none,8,3.0,27763.0,158007.0,68923.0,163579.0,75008.0
2026-04-14 18:05:31.715471,733701,1609507425288808,5025258631,-0.860832,-0.02928,0.52704,-5.88875,-0.20125,-3.03625,-3.616,-5.104,25.800001,none,8,3.0,27784.0,157861.0,68995.0,163448.0,75088.0
2026-04-14 18:05:31.717705,733702,1609507425297728,5025267334,-0.81008,-0.015616,0.755424,-6.93875,-0.5425,-2.94,-3.648,-5.104,25.920002,none,8,3.0,27784.0,157861.0,68995.0,163448.0,75088.0
2026-04-14 18:05:31.720531,733703,1609507425312213,5025282232,-0.886208,-0.027328,0.528992,-6.51,-0.83125,-3.07125,-3.648,-4.84,26.080002,none,8,3.0,27784.0,157861.0,68995.0,163448.0,75088.0
2026-04-14 18:05:31.723075,733704,1609507425321154,5025290902,-0.886208,-0.027328,0.528992,-5.67,-0.8225,-3.1325,-3.672,-4.84,26.080002,none,8,3.0,27784.0,157861.0,68995.0,163448.0,75088.0
2026-04-14 18:05:31.724957,733705,1609507425335656,5025305838,-0.876448,-0.007808,0.659776,-6.2125,-0.93625,-2.91375,-3.96,-4.816001,25.968,none,8,3.0,27784.0,157861.0,68995.0,163448.0,75088.0
2026-04-14 18:05:31.730517,733706,1609507425344629,5025314555,-0.876448,-0.007808,0.659776,-5.6525,-1.39125,-3.22875,-3.96,-4.816001,25.968,none,8,3.0,27784.0,157861.0,68995.0,163448.0,75088.0
2026-04-14 18:05:31.733032,733707,1609507425353572,5025323300,-0.911584,-0.02928,0.515328,-4.935,-1.56625,-3.325,-4.192,-4.528,27.016,none,8,3.0,27784.0,157861.0,68995.0,163448.0,75088.0
2026-04-14 18:05:31.735508,733708,1609507425368080,5025338224,-0.911584,-0.02928,0.515328,-3.68375,-1.855,-3.77125,-4.192,-4.528,27.016,none,8,3.0,27784.0,157861.0,68995.0,163448.0,75088.0
2026-04-14 18:05:31.764419,733719,1609507425377160,5025347531,-0.915488,-0.017568,0.554368,-1.9425,-1.67125,-3.885,-4.824,-4.88,26.688002,none,8,3.0,27750.0,157940.0,68925.0,163563.0,75007.0
2026-04-14 18:05:31.766423,733720,1609507425391845,5025360458,-0.915488,-0.017568,0.554368,0.27125,-1.6975,-4.26125,-4.824,-4.88,26.688002,none,8,3.0,27750.0,157940.0,68925.0,163563.0,75007.0
2026-04-14 18:05:31.768719,733721,1609507425401078,5025371244,-0.866688,-0.013664,0.630496,1.5225,-1.95125,-4.235,-4.144,-4.688,26.184002,none,8,3.0,27750.0,157940.0,68925.0,163563.0,75007.0
2026-04-14 18:05:31.771330,733722,1609507425410025,5025379991,-0.866688,-0.013664,0.630496,2.1525,-2.31875,-4.59375,-4.144,-4.688,26.184002,none,8,3.0,27750.0,157940.0,68925.0,163563.0,75007.0
2026-04-14 18:05:31.785365,733723,1609507425424631,5025394938,-0.901824,0.001952,0.569984,3.03625,-2.38,-5.15375,-4.384,-4.816001,26.896002,none,8,3.0,27750.0,157940.0,68925.0,163563.0,75007.0
2026-04-14 18:05:31.794109,733724,1609507425433581,5025403638,-0.808128,0.001952,0.745664,3.99875,-2.37125,-5.4075,-4.744,-4.744,27.608002,none,8,3.0,27750.0,157940.0,68925.0,163563.0,75007.0
2026-04-14 18:05:31.806625,733725,1609507425448095,5025416501,-0.808128,0.001952,0.745664,5.1275,-2.905,-5.01375,-4.744,-4.744,27.608002,none,8,3.0,27750.0,157940.0,68925.0,163563.0,75007.0
2026-04-14 18:05:31.816508,733726,1609507425457320,5025427353,-0.833504,0.017568,0.726144,4.01625,-3.38625,-4.64625,-4.68,-5.008,25.864,none,8,3.0,27750.0,157940.0,68925.0,163563.0,75007.0
2026-04-14 18:05:31.825073,733727,1609507425466278,5025436040,-0.833504,0.017568,0.726144,1.46125,-3.47375,-4.48875,-4.68,-5.008,25.864,none,8,3.0,27750.0,157940.0,68925.0,163563.0,75007.0
2026-04-14 18:05:31.861836,733738,1609507425481189,5025451089,-0.759328,-0.035136,0.728096,-2.77375,-4.03375,-4.1825,-5.32,-4.968,26.744001,none,8,3.0,27624.0,157591.0,68734.0,163366.0,74774.0
2026-04-14 18:05:31.872571,733739,1609507425490194,5025459811,-0.759328,-0.035136,0.728096,-7.84875,-5.01375,-2.975,-5.32,-4.968,26.744001,none,8,3.0,27624.0,157591.0,68734.0,163366.0,74774.0
2026-04-14 18:05:31.874068,733740,1609507425504938,5025474742,-0.776896,-0.046848,0.782752,-11.025,-5.46,-2.31875,-4.768,-4.392,26.640001,none,8,3.0,27624.0,157591.0,68734.0,163366.0,74774.0
2026-04-14 18:05:31.883028,733741,1609507425514038,5025483462,-0.831552,-0.05856,0.745664,-11.6375,-4.47125,-1.8025,-4.744,-4.832,25.840002,none,8,3.0,27624.0,157591.0,68734.0,163366.0,74774.0
2026-04-14 18:05:31.889037,733742,1609507425523006,5025492141,-0.831552,-0.05856,0.745664,-9.23125,-3.64875,-1.855,-4.744,-4.832,25.840002,none,8,3.0,27624.0,157591.0,68734.0,163366.0,74774.0
2026-04-14 18:05:31.897949,733743,1609507425537504,5025507014,-0.870592,-0.064416,0.603168,-4.6025,-1.96875,-1.49625,-4.208,-5.12,26.408,none,8,3.0,27624.0,157591.0,68734.0,163366.0,74774.0
2026-04-14 18:05:31.905484,733744,1609507425546505,5025515813,-0.870592,-0.064416,0.603168,-0.56,-1.2075,-0.735,-4.208,-5.12,26.408,none,8,3.0,27624.0,157591.0,68734.0,163366.0,74774.0
2026-04-14 18:05:31.920630,733745,1609507425560972,5025530750,-0.77104,-0.076128,0.681248,2.35375,-0.20125,-0.35875,-4.472,-4.736,25.776001,none,8,3.0,27624.0,157591.0,68734.0,163366.0,74774.0
2026-04-14 18:05:31.929288,733746,1609507425569894,5025539460,-0.77104,-0.076128,0.681248,3.5175,0.7525,-0.0175,-4.472,-4.736,25.776001,none,8,3.0,27624.0,157591.0,68734.0,163366.0,74774.0
2026-04-14 18:05:31.967582,733757,1609507425584546,5025554893,-0.8784,-0.021472,0.650016,3.33375,1.26,0.6125,-4.288,-4.984,25.576002,none,8,3.0,27580.0,158731.0,68665.0,164694.0,74688.0
2026-04-14 18:05:31.970525,733758,1609507425593540,5025563658,-0.8784,-0.052704,0.675392,1.96875,0.56875,0.6475,-4.288,-4.984,25.576002,none,8,3.0,27580.0,158731.0,68665.0,164694.0,74688.0
2026-04-14 18:05:31.972436,733759,1609507425602557,5025572384,-0.778848,-0.056608,0.675392,0.51625,0.46375,1.015,-3.832,-5.056,26.208002,none,8,3.0,27580.0,158731.0,68665.0,164694.0,74688.0
2026-04-14 18:05:31.977670,733760,1609507425617273,5025587453,-0.851072,-0.046848,0.499712,-0.5775,0.18375,0.8925,-3.872,-5.176,25.384,none,8,3.0,27580.0,158731.0,68665.0,164694.0,74688.0
2026-04-14 18:05:32.002710,733761,1609507425626404,5025596180,-0.851072,-0.046848,0.499712,-1.1725,0.6825,1.2075,-3.872,-5.176,25.384,none,8,3.0,27580.0,158731.0,68665.0,164694.0,74688.0
2026-04-14 18:05:32.028078,733762,1609507425640932,5025611082,-0.784704,-0.042944,0.685152,-1.37375,0.8575,1.30375,-3.952,-4.896,25.864,none,8,3.0,27580.0,158731.0,68665.0,164694.0,74688.0
2026-04-14 18:05:32.045059,733763,1609507425649862,5025619788,-0.784704,-0.042944,0.685152,-1.8375,0.6475,1.12,-3.952,-4.896,25.864,none,8,3.0,27580.0,158731.0,68665.0,164694.0,74688.0
2026-04-14 18:05:32.047922,733764,1609507425658772,5025628458,-0.817888,-0.052704,0.540704,-2.73875,0.58625,1.04125,-4.008,-5.008,25.6,none,8,3.0,27580.0,158731.0,68665.0,164694.0,74688.0
2026-04-14 18:05:32.049952,733765,1609507425673271,5025643393,-0.817888,-0.052704,0.540704,-2.07375,1.47875,0.665,-4.008,-5.008,25.6,none,8,3.0,27580.0,158731.0,68665.0,164694.0,74688.0
2026-04-14 18:05:32.078044,733776,1609507425682381,5025652150,-0.794464,-0.037088,0.675392,-1.56625,1.6625,0.5425,-4.104,-5.216,25.856,none,8,3.0,27504.0,158161.0,68487.0,164045.0,74496.0
2026-04-14 18:05:32.080256,733777,1609507425696959,5025667106,-0.860832,0.0,0.681248,-1.7325,1.4,-0.0525,-3.976,-5.408001,25.416,none,8,3.0,27504.0,158161.0,68487.0,164045.0,74496.0
2026-04-14 18:05:32.083031,733778,1609507425706036,5025675834,-0.860832,0.0,0.681248,-2.42375,1.1375,-0.49875,-3.976,-5.408001,25.416,none,8,3.0,27504.0,158161.0,68487.0,164045.0,74496.0
2026-04-14 18:05:32.085536,733779,1609507425720582,5025690769,-0.862784,-0.031232,0.523136,-3.15,0.88375,-0.77875,-3.968,-5.04,26.056002,none,8,3.0,27504.0,158161.0,68487.0,164045.0,74496.0
2026-04-14 18:05:32.089321,733780,1609507425729511,5025699487,-0.862784,-0.031232,0.523136,-2.73,0.9625,-0.805,-3.968,-5.04,26.056002,none,8,3.0,27504.0,158161.0,68487.0,164045.0,74496.0
2026-04-14 18:05:32.099271,733781,1609507425738614,5025708181,-0.81008,-0.021472,0.718336,-3.5,0.79625,-1.3125,-4.264,-4.624,26.408,none,8,3.0,27504.0,158161.0,68487.0,164045.0,74496.0
2026-04-14 18:05:32.112620,733782,1609507425753131,5025723213,-0.81008,-0.021472,0.718336,-5.2325,0.9625,-2.37125,-4.264,-4.624,26.408,none,8,3.0,27504.0,158161.0,68487.0,164045.0,74496.0
2026-04-14 18:05:32.123078,733783,1609507425762135,5025731923,-0.899872,-0.007808,0.573888,-6.685,0.6475,-2.66,-4.56,-4.824,24.432001,none,8,3.0,27504.0,158161.0,68487.0,164045.0,74496.0
2026-04-14 18:05:32.140744,733784,1609507425776651,5025746815,-0.886208,-0.025376,0.55632,-7.91,0.42875,-2.4675,-3.528,-5.12,23.624,none,8,3.0,27504.0,158161.0,68487.0,164045.0,74496.0
2026-04-14 18:05:32.167887,733795,1609507425785637,5025755555,-0.886208,-0.025376,0.55632,-8.68,0.21875,-1.91625,-3.528,-5.12,23.624,none,8,3.0,27544.0,157702.0,68520.0,163433.0,74556.0
2026-04-14 18:05:32.170459,733796,1609507425794716,5025764353,-0.886208,-0.025376,0.728096,-8.9075,0.02625,-2.5025,-3.528,-5.12,23.624,none,8,3.0,27544.0,157702.0,68520.0,163433.0,74556.0
2026-04-14 18:05:32.172462,733797,1609507425809299,5025779276,-0.794464,-0.046848,0.728096,-7.5425,-0.105,-2.42375,-4.64,-4.672,27.544,none,8,3.0,27544.0,157702.0,68520.0,163433.0,74556.0
2026-04-14 18:05:32.178032,733798,1609507425818271,5025787974,-0.86864,-0.017568,0.685152,-5.215,-0.00875,-2.19625,-4.768,-4.4,27.648,none,8,3.0,27544.0,157702.0,68520.0,163433.0,74556.0
2026-04-14 18:05:32.193057,733799,1609507425832784,5025802886,-0.86864,-0.017568,0.685152,-3.42125,0.14,-1.95125,-4.768,-4.4,27.648,none,8,3.0,27544.0,157702.0,68520.0,163433.0,74556.0
2026-04-14 18:05:32.201756,733800,1609507425841710,5025811609,-0.911584,-0.017568,0.54656,-2.205,0.175,-1.60125,-4.368,-4.464,26.872002,none,8,3.0,27544.0,157702.0,68520.0,163433.0,74556.0
2026-04-14 18:05:32.217996,733801,1609507425856244,5025826531,-0.821792,-0.044896,0.62464,-2.33625,-0.51625,-1.365,-4.512,-4.76,27.576002,none,8,3.0,27544.0,157702.0,68520.0,163433.0,74556.0
2026-04-14 18:05:32.225085,733802,1609507425865270,5025835215,-0.821792,-0.044896,0.62464,-2.38875,-0.455,-1.2775,-4.512,-4.76,27.576002,none,8,3.0,27544.0,157702.0,68520.0,163433.0,74556.0
2026-04-14 18:05:32.235010,733803,1609507425874293,5025843944,-0.821792,-0.044896,0.62464,-2.1875,-0.1925,-1.49625,-4.512,-4.76,27.576002,none,8,3.0,27544.0,157702.0,68520.0,163433.0,74556.0
2026-04-14 18:05:32.292692,733814,1609507425888883,5025858939,-0.8784,-0.044896,0.482144,-1.96875,-0.49,-1.855,-3.976,-5.056,26.504002,none,8,3.0,27543.0,157582.0,68509.0,163278.0,74539.0
2026-04-14 18:05:32.295268,733815,1609507425897811,5025867642,-0.821792,-0.050752,0.558272,-2.3975,-0.8575,-1.65375,-4.712,-4.624,26.696001,none,8,3.0,27543.0,157582.0,68509.0,163278.0,74539.0
2026-04-14 18:05:32.297768,733816,1609507425912275,5025882555,-0.821792,-0.050752,0.558272,-1.4,-0.98875,-1.575,-4.712,-4.624,26.696001,none,8,3.0,27543.0,157582.0,68509.0,163278.0,74539.0
2026-04-14 18:05:32.300145,733817,1609507425921203,5025891273,-0.812032,-0.042944,0.636352,-1.2075,-1.75,-1.68,-4.68,-4.344,26.728,none,8,3.0,27543.0,157582.0,68509.0,163278.0,74539.0
2026-04-14 18:05:32.302790,733818,1609507425930127,5025900117,-0.812032,-0.042944,0.636352,-1.1725,-1.7325,-1.77625,-4.68,-4.344,26.728,none,8,3.0,27543.0,157582.0,68509.0,163278.0,74539.0
2026-04-14 18:05:32.305272,733819,1609507425944691,5025915049,-0.788608,-0.03904,0.728096,-0.55125,-1.91625,-1.5575,-4.52,-4.496,26.648,none,8,3.0,27543.0,157582.0,68509.0,163278.0,74539.0
2026-04-14 18:05:32.314090,733820,1609507425953758,5025923894,-0.788608,-0.03904,0.728096,0.0175,-1.81125,-1.75875,-4.52,-4.496,26.648,none,8,3.0,27543.0,157582.0,68509.0,163278.0,74539.0
2026-04-14 18:05:32.330424,733821,1609507425968279,5025936716,-0.825696,-0.031232,0.687104,0.1575,-2.205,-1.07625,-4.696,-4.696,26.456001,none,8,3.0,27543.0,157582.0,68509.0,163278.0,74539.0
2026-04-14 18:05:32.337470,733822,1609507425977580,5025947579,-0.827648,-0.01952,0.737856,-0.175,-1.995,-1.02375,-4.68,-4.464,26.52,none,8,3.0,27543.0,157582.0,68509.0,163278.0,74539.0
2026-04-14 18:05:32.417684,733833,1609507425992162,5025962493,-0.827648,-0.01952,0.737856,-0.20125,-1.74125,-1.18125,-4.68,-4.464,26.52,none,8,3.0,27463.0,157613.0,68363.0,163320.0,74384.0
2026-04-14 18:05:32.420251,733834,1609507426001085,5025971189,-0.847168,-0.0488,0.528992,0.21875,-1.54,-1.28625,-3.8,-5.152,25.720001,none,8,3.0,27463.0,157613.0,68363.0,163320.0,74384.0
2026-04-14 18:05:32.424332,733835,1609507426009979,5025979868,-0.847168,-0.0488,0.528992,0.6825,-0.88375,-1.645,-3.8,-5.152,25.720001,none,8,3.0,27463.0,157613.0,68363.0,163320.0,74384.0
2026-04-14 18:05:32.425030,733836,1609507426024551,5025992926,-0.8296,-0.027328,0.650016,0.35,-0.63875,-1.68875,-3.928,-4.888,25.448002,none,8,3.0,27463.0,157613.0,68363.0,163320.0,74384.0
2026-04-14 18:05:32.427792,733837,1609507426033763,5026003679,-0.8296,-0.027328,0.650016,0.3675,-0.315,-1.505,-3.928,-4.888,25.448002,none,8,3.0,27463.0,157613.0,68363.0,163320.0,74384.0
2026-04-14 18:05:32.430796,733838,1609507426048285,5026018578,-0.860832,-0.015616,0.62464,0.97125,-0.2975,-1.0675,-4.08,-5.256,25.616001,none,8,3.0,27463.0,157613.0,68363.0,163320.0,74384.0
2026-04-14 18:05:32.432397,733839,1609507426057311,5026027298,-0.890112,-0.005856,0.61488,-0.04375,-0.56,-1.28625,-4.048,-5.064,24.752,none,8,3.0,27463.0,157613.0,68363.0,163320.0,74384.0
2026-04-14 18:05:32.435151,733840,1609507426066298,5026036001,-0.890112,-0.005856,0.61488,-1.02375,-0.5425,-1.16375,-4.048,-5.064,24.752,none,8,3.0,27463.0,157613.0,68363.0,163320.0,74384.0
2026-04-14 18:05:32.464238,733851,1609507426081218,5026051589,-0.841312,-0.013664,0.737856,-1.9075,-0.06125,-1.56625,-3.92,-5.184,25.424002,none,8,3.0,27423.0,157621.0,68303.0,163315.0,74296.0
2026-04-14 18:05:32.469304,733852,1609507426090222,5026060386,-0.841312,-0.013664,0.737856,-2.1525,-0.51625,-1.46125,-3.92,-5.184,25.424002,none,8,3.0,27423.0,157621.0,68303.0,163315.0,74296.0
2026-04-14 18:05:32.471794,733853,1609507426104900,5026073284,-0.784704,-0.054656,0.640256,-2.33625,-0.56875,-1.19,-5.296001,-4.88,26.832,none,8,3.0,27423.0,157621.0,68303.0,163315.0,74296.0
2026-04-14 18:05:32.474262,733854,1609507426114190,5026084102,-0.784704,-0.054656,0.640256,-1.4875,-0.60375,-1.67125,-5.296001,-4.88,26.832,none,8,3.0,27423.0,157621.0,68303.0,163315.0,74296.0
2026-04-14 18:05:32.482953,733855,1609507426123154,5026092797,-0.81984,-0.046848,0.538752,-0.455,-0.37625,-1.49625,-5.08,-4.84,26.816002,none,8,3.0,27423.0,157621.0,68303.0,163315.0,74296.0
2026-04-14 18:05:32.496815,733856,1609507426137685,5026107731,-0.894016,-0.003904,0.554368,-0.16625,0.07875,-1.9075,-4.696,-4.912,26.6,none,8,3.0,27423.0,157621.0,68303.0,163315.0,74296.0
2026-04-14 18:05:32.506786,733857,1609507426146641,5026116438,-0.894016,-0.003904,0.554368,-0.25375,0.1925,-2.28375,-4.696,-4.912,26.6,none,8,3.0,27423.0,157621.0,68303.0,163315.0,74296.0
2026-04-14 18:05:32.524570,733858,1609507426161221,5026131350,-0.786656,-0.042944,0.671488,-0.95375,0.35875,-2.63375,-4.888,-4.872,25.584002,none,8,3.0,27423.0,157621.0,68303.0,163315.0,74296.0
2026-04-14 18:05:32.530017,733859,1609507426170135,5026140095,-0.786656,-0.042944,0.671488,-2.05625,0.4025,-2.45,-4.888,-4.872,25.584002,none,8,3.0,27423.0,157621.0,68303.0,163315.0,74296.0
2026-04-14 18:05:32.568094,733870,1609507426185098,5026155144,-0.835456,-0.046848,0.591456,-2.23125,-0.18375,-2.8525,-4.888,-4.976,26.632002,none,8,3.0,27382.0,157652.0,68269.0,163327.0,74261.0
2026-04-14 18:05:32.570580,733871,1609507426194089,5026163980,-0.835456,-0.046848,0.591456,-1.72375,-0.455,-2.8525,-4.888,-4.976,26.632002,none,8,3.0,27382.0,157652.0,68269.0,163327.0,74261.0
2026-04-14 18:05:32.573094,733872,1609507426203039,5026172667,-0.806176,-0.05856,0.589504,-0.7,-0.34125,-3.00125,-5.032,-4.648,26.784,none,8,3.0,27382.0,157652.0,68269.0,163327.0,74261.0
2026-04-14 18:05:32.579413,733873,1609507426217545,5026187590,-0.806176,-0.037088,0.708576,-0.14875,-0.63,-2.84375,-5.032,-4.648,26.784,none,8,3.0,27382.0,157652.0,68269.0,163327.0,74261.0
2026-04-14 18:05:32.585583,733874,1609507426226556,5026196297,-0.79056,-0.037088,0.708576,0.0875,-0.8925,-2.8525,-5.024,-4.848,28.584002,none,8,3.0,27382.0,157652.0,68269.0,163327.0,74261.0
2026-04-14 18:05:32.601805,733875,1609507426241107,5026211225,-0.804224,-0.0488,0.632448,-0.8575,-0.77875,-2.8,-4.328,-5.464,25.944002,none,8,3.0,27382.0,157652.0,68269.0,163327.0,74261.0
2026-04-14 18:05:32.611657,733876,1609507426250098,5026219914,-0.804224,-0.0488,0.632448,-0.86625,-0.3675,-2.80875,-4.328,-5.464,25.944002,none,8,3.0,27382.0,157652.0,68269.0,163327.0,74261.0
2026-04-14 18:05:32.621878,733877,1609507426259060,5026228669,-0.796416,-0.037088,0.714432,0.07,-0.28875,-2.51125,-5.864,-4.424,25.464,none,8,3.0,27382.0,157652.0,68269.0,163327.0,74261.0
2026-04-14 18:05:32.633897,733878,1609507426273571,5026243588,-0.796416,-0.037088,0.714432,0.42875,-0.06125,-2.835,-5.864,-4.424,25.464,none,8,3.0,27382.0,157652.0,68269.0,163327.0,74261.0
2026-04-14 18:05:32.668236,733889,1609507426283058,5026252707,-0.880352,-0.02928,0.501664,1.505,0.55125,-3.1325,-4.232,-5.504,25.720001,none,8,3.0,27319.0,157608.0,68114.0,163271.0,74077.0
2026-04-14 18:05:32.668707,733890,1609507426297827,5026267663,-0.880352,-0.02928,0.501664,2.49375,0.7,-2.5375,-4.232,-5.504,25.720001,none,8,3.0,27319.0,157608.0,68114.0,163271.0,74077.0
2026-04-14 18:05:32.670132,733891,1609507426306847,5026276433,-0.853024,-0.003904,0.694912,2.00375,0.30625,-2.91375,-4.832,-4.904,27.536001,none,8,3.0,27319.0,157608.0,68114.0,163271.0,74077.0
2026-04-14 18:05:32.675154,733892,1609507426315808,5026285162,-0.853024,-0.003904,0.694912,2.3625,0.16625,-2.91375,-4.832,-4.904,27.536001,none,8,3.0,27319.0,157608.0,68114.0,163271.0,74077.0
2026-04-14 18:05:32.690051,733893,1609507426330299,5026300099,-0.870592,0.003904,0.69296,1.75875,-0.06125,-2.6075,-4.896,-4.952,26.952002,none,8,3.0,27319.0,157608.0,68114.0,163271.0,74077.0
2026-04-14 18:05:32.697490,733894,1609507426339261,5026308856,-0.798368,-0.017568,0.753472,1.84625,-0.41125,-2.28375,-4.96,-5.152,28.36,none,8,3.0,27319.0,157608.0,68114.0,163271.0,74077.0
2026-04-14 18:05:32.739015,733895,1609507426353744,5026323753,-0.798368,-0.017568,0.753472,2.12625,-0.23625,-2.19625,-4.96,-5.152,28.36,none,8,3.0,27319.0,157608.0,68114.0,163271.0,74077.0
2026-04-14 18:05:32.741269,733896,1609507426362692,5026332428,-0.876448,0.005856,0.626592,3.36,-0.16625,-2.24875,-4.328,-5.392,25.584002,none,8,3.0,27319.0,157608.0,68114.0,163271.0,74077.0
2026-04-14 18:05:32.743924,733897,1609507426371624,5026341051,-0.876448,0.005856,0.626592,4.1475,-0.11375,-1.75,-4.328,-5.392,25.584002,none,8,3.0,27319.0,157608.0,68114.0,163271.0,74077.0
2026-04-14 18:05:32.802633,733908,1609507426386341,5026355957,-0.835456,0.017568,0.74176,4.06,-0.1575,-1.54,-4.832,-5.152,26.872002,none,8,3.0,27209.0,157511.0,67891.0,163180.0,73829.0
2026-04-14 18:05:32.804676,733909,1609507426395409,5026364705,-0.835456,0.017568,0.74176,3.75375,-0.0525,-1.47875,-4.832,-5.152,26.872002,none,8,3.0,27209.0,157511.0,67891.0,163180.0,73829.0
2026-04-14 18:05:32.807092,733910,1609507426409998,5026379638,-0.83936,0.023424,0.732,2.66,-0.18375,-1.40875,-5.16,-5.176,26.992,none,8,3.0,27209.0,157511.0,67891.0,163180.0,73829.0
2026-04-14 18:05:32.812288,733911,1609507426418941,5026388349,-0.83936,0.023424,0.603168,2.17,-0.6825,-1.435,-5.16,-5.176,26.992,none,8,3.0,27209.0,157511.0,67891.0,163180.0,73829.0
2026-04-14 18:05:32.813717,733912,1609507426433395,5026403248,-0.882304,0.023424,0.603168,1.72375,-0.7175,-1.5225,-5.168,-4.92,28.408,none,8,3.0,27209.0,157511.0,67891.0,163180.0,73829.0
2026-04-14 18:05:32.813951,733913,1609507426442371,5026411962,-0.84912,0.025376,0.671488,0.245,-0.18375,-1.4875,-5.88,-5.008,28.192001,none,8,3.0,27209.0,157511.0,67891.0,163180.0,73829.0
2026-04-14 18:05:32.814105,733914,1609507426451333,5026420666,-0.84912,0.025376,0.671488,-0.55125,-0.35,-1.56625,-5.88,-5.008,28.192001,none,8,3.0,27209.0,157511.0,67891.0,163180.0,73829.0
2026-04-14 18:05:32.826349,733915,1609507426465852,5026435671,-0.870592,-0.003904,0.499712,-1.645,-1.1025,-0.9975,-5.88,-5.104,27.696001,none,8,3.0,27209.0,157511.0,67891.0,163180.0,73829.0
2026-04-14 18:05:32.834017,733916,1609507426474811,5026444449,-0.870592,-0.003904,0.499712,-2.2575,-0.7525,-0.76125,-5.88,-5.104,27.696001,none,8,3.0,27209.0,157511.0,67891.0,163180.0,73829.0
2026-04-14 18:05:32.866470,733927,1609507426489501,5026457968,-0.804224,0.00976,0.765184,-2.5025,-0.35,-1.4875,-4.384,-5.848,25.968,none,8,3.0,27071.0,159949.0,67578.0,165925.0,73440.0
2026-04-14 18:05:32.869061,733928,1609507426498781,5026468751,-0.804224,0.00976,0.765184,-1.96,-0.44625,-2.14375,-4.384,-5.848,25.968,none,8,3.0,27071.0,159949.0,67578.0,165925.0,73440.0
2026-04-14 18:05:32.871475,733929,1609507426507819,5026477472,-0.792512,-0.011712,0.651968,-0.28875,0.4025,-2.7825,-5.224001,-5.36,24.944,none,8,3.0,27071.0,159949.0,67578.0,165925.0,73440.0
2026-04-14 18:05:32.905364,733930,1609507426522401,5026492428,-0.882304,0.054656,0.671488,0.245,0.69125,-2.905,-4.736,-5.376,27.064001,none,8,3.0,27071.0,159949.0,67578.0,165925.0,73440.0
2026-04-14 18:05:32.917933,733931,1609507426531297,5026501125,-0.882304,0.054656,0.671488,-0.13125,0.70875,-2.56375,-4.736,-5.376,27.064001,none,8,3.0,27071.0,159949.0,67578.0,165925.0,73440.0
2026-04-14 18:05:32.920523,733932,1609507426545841,5026516018,-0.894016,0.040992,0.610976,-1.77625,0.3325,-2.66875,-5.04,-5.392,26.912,none,8,3.0,27071.0,159949.0,67578.0,165925.0,73440.0
2026-04-14 18:05:32.922933,733933,1609507426554777,5026524747,-0.894016,0.040992,0.610976,-3.56125,0.02625,-3.01875,-5.04,-5.392,26.912,none,8,3.0,27071.0,159949.0,67578.0,165925.0,73440.0
2026-04-14 18:05:32.929280,733934,1609507426569417,5026539641,-0.862784,0.021472,0.687104,-5.3375,-0.7175,-2.6075,-4.968,-5.768,26.760002,none,8,3.0,27071.0,159949.0,67578.0,165925.0,73440.0
2026-04-14 18:05:32.940565,733935,1609507426578354,5026548334,-0.862784,0.021472,0.687104,-6.55375,-1.42625,-1.9775,-4.968,-5.768,26.760002,none,8,3.0,27071.0,159949.0,67578.0,165925.0,73440.0
2026-04-14 18:05:32.968065,733946,1609507426587450,5026557110,-0.866688,0.007808,0.69296,-6.41375,-1.84625,-1.79375,-4.424,-5.824,26.640001,none,8,3.0,26928.0,160238.0,67277.0,166155.0,73067.0
2026-04-14 18:05:32.970549,733947,1609507426602141,5026572092,-0.860832,-0.037088,0.501664,-5.7575,-1.82,-1.32125,-4.824,-5.144,27.312002,none,8,3.0,26928.0,160238.0,67277.0,166155.0,73067.0
2026-04-14 18:05:32.973050,733948,1609507426611161,5026580809,-0.860832,-0.037088,0.501664,-4.585,-1.44375,-1.05875,-4.824,-5.144,27.312002,none,8,3.0,26928.0,160238.0,67277.0,166155.0,73067.0
2026-04-14 18:05:32.987457,733949,1609507426625655,5026595714,-0.876448,-0.003904,0.648064,-3.92875,-1.4175,-1.225,-4.992,-5.232,27.584002,none,8,3.0,26928.0,160238.0,67277.0,166155.0,73067.0
2026-04-14 18:05:32.996717,733950,1609507426634641,5026604446,-0.876448,-0.003904,0.648064,-3.3775,-1.23375,-1.19,-4.992,-5.232,27.584002,none,8,3.0,26928.0,160238.0,67277.0,166155.0,73067.0
2026-04-14 18:05:33.002916,733951,1609507426643559,5026613151,-0.870592,-0.037088,0.489952,-2.52,-1.12875,-1.02375,-5.024,-5.408001,25.776001,none,8,3.0,26928.0,160238.0,67277.0,166155.0,73067.0
2026-04-14 18:05:33.018004,733952,1609507426658064,5026628047,-0.870592,-0.037088,0.489952,-1.645,-1.1025,-1.575,-5.024,-5.408001,25.776001,none,8,3.0,26928.0,160238.0,67277.0,166155.0,73067.0
2026-04-14 18:05:33.026751,733953,1609507426667026,5026636738,-0.892064,-0.017568,0.51728,-0.8925,-1.14625,-1.295,-4.424,-5.352,25.424002,none,8,3.0,26928.0,160238.0,67277.0,166155.0,73067.0
2026-04-14 18:05:33.041342,733954,1609507426681536,5026651652,-0.823744,-0.0488,0.540704,-0.76125,-1.28625,-1.295,-4.192,-5.704001,25.784,none,8,3.0,26928.0,160238.0,67277.0,166155.0,73067.0
2026-04-14 18:05:33.072186,733965,1609507426690545,5026660403,-0.823744,-0.0488,0.540704,-1.72375,-1.47,-0.81375,-4.192,-5.704001,25.784,none,8,3.0,26822.0,159359.0,67092.0,165254.0,72862.0
2026-04-14 18:05:33.072608,733966,1609507426705134,5026675326,-0.843264,-0.017568,0.681248,-2.6075,-1.65375,-0.93625,-4.112,-5.272,25.688002,none,8,3.0,26822.0,159359.0,67092.0,165254.0,72862.0
2026-04-14 18:05:33.073861,733967,1609507426714083,5026684033,-0.843264,-0.017568,0.681248,-2.24,-1.295,-0.88375,-4.112,-5.272,25.688002,none,8,3.0,26822.0,159359.0,67092.0,165254.0,72862.0
2026-04-14 18:05:33.115258,733968,1609507426723042,5026692876,-0.837408,-0.007808,0.74176,-2.0475,-1.3125,-0.84875,-4.048,-5.464,27.04,none,8,3.0,26822.0,159359.0,67092.0,165254.0,72862.0
2026-04-14 18:05:33.117431,733969,1609507426737550,5026707774,-0.837408,-0.007808,0.74176,-1.4875,-1.435,-0.98875,-4.048,-5.464,27.04,none,8,3.0,26822.0,159359.0,67092.0,165254.0,72862.0
2026-04-14 18:05:33.120534,733970,1609507426746465,5026716481,-0.808128,-0.02928,0.671488,-0.65625,-1.575,-1.5575,-5.0,-5.472,25.928001,none,8,3.0,26822.0,159359.0,67092.0,165254.0,72862.0
2026-04-14 18:05:33.135159,733971,1609507426761038,5026731369,-0.808128,0.005856,0.732,0.00875,-1.82875,-1.58375,-5.0,-5.472,27.976002,none,8,3.0,26822.0,159359.0,67092.0,165254.0,72862.0
2026-04-14 18:05:33.137665,733972,1609507426769989,5026740205,-0.843264,0.005856,0.732,0.13125,-2.0125,-1.40875,-4.616,-6.096,26.792002,none,8,3.0,26822.0,159359.0,67092.0,165254.0,72862.0
2026-04-14 18:05:33.168862,733983,1609507426785101,5026755461,-0.823744,-0.037088,0.542656,-0.0525,-1.8375,-1.505,-4.224,-5.64,25.696001,none,8,3.0,26790.0,157957.0,67071.0,163755.0,72854.0
2026-04-14 18:05:33.171282,733984,1609507426794085,5026764297,-0.823744,-0.037088,0.542656,-0.245,-1.23375,-1.68875,-4.224,-5.64,25.696001,none,8,3.0,26790.0,157957.0,67071.0,163755.0,72854.0
2026-04-14 18:05:33.176358,733985,1609507426803027,5026773229,-0.83936,0.001952,0.716384,-0.8225,-1.04125,-1.51375,-5.232,-5.376,27.840002,none,8,3.0,26790.0,157957.0,67071.0,163755.0,72854.0
2026-04-14 18:05:33.176454,733986,1609507426817759,5026786146,-0.83936,0.001952,0.716384,-0.97125,-0.735,-2.12625,-5.232,-5.376,27.840002,none,8,3.0,26790.0,157957.0,67071.0,163755.0,72854.0
2026-04-14 18:05:33.186674,733987,1609507426827022,5026797002,-0.882304,-0.017568,0.519232,-1.07625,-0.06125,-2.03,-5.32,-5.064,27.928001,none,8,3.0,26790.0,157957.0,67071.0,163755.0,72854.0
2026-04-14 18:05:33.197892,733988,1609507426835971,5026805674,-0.882304,-0.017568,0.519232,-0.91,0.16625,-2.66875,-5.32,-5.064,27.928001,none,8,3.0,26790.0,157957.0,67071.0,163755.0,72854.0
2026-04-14 18:05:33.211757,733989,1609507426850507,5026820660,-0.872544,-0.011712,0.550464,-1.72375,-0.00875,-2.8175,-5.272,-5.464,25.768002,none,8,3.0,26790.0,157957.0,67071.0,163755.0,72854.0
2026-04-14 18:05:33.219373,733990,1609507426859527,5026829348,-0.872544,-0.011712,0.550464,-1.26,-0.14,-3.10625,-5.272,-5.464,25.768002,none,8,3.0,26790.0,157957.0,67071.0,163755.0,72854.0
2026-04-14 18:05:33.234043,733991,1609507426874053,5026844232,-0.894016,0.005856,0.558272,-0.35,-0.23625,-3.01,-4.192,-5.872,25.456001,none,8,3.0,26790.0,157957.0,67071.0,163755.0,72854.0
2026-04-14 18:05:33.243390,733992,1609507426883007,5026852903,-0.88816,0.01952,0.628544,0.02625,-0.245,-3.03625,-5.336,-5.552,26.832,none,8,3.0,26790.0,157957.0,67071.0,163755.0,72854.0
2026-04-14 18:05:33.271197,734003,1609507426897757,5026867951,-0.88816,0.01952,0.628544,-0.6475,-0.6125,-2.70375,-5.336,-5.552,26.832,none,8,3.0,26863.0,156925.0,67213.0,162676.0,73005.0
2026-04-14 18:05:33.274285,734004,1609507426906813,5026876626,-0.81984,0.011712,0.763232,-1.72375,-0.6475,-2.58125,-5.12,-5.44,27.008001,none,8,3.0,26863.0,156925.0,67213.0,162676.0,73005.0
2026-04-14 18:05:33.276649,734005,1609507426915777,5026885334,-0.81984,0.011712,0.763232,-2.7825,-0.63875,-2.44125,-5.12,-5.44,27.008001,none,8,3.0,26863.0,156925.0,67213.0,162676.0,73005.0
2026-04-14 18:05:33.289865,734006,1609507426930323,5026900302,-0.854976,-0.023424,0.50752,-2.625,-0.39375,-2.2225,-4.848,-5.824,26.968,none,8,3.0,26863.0,156925.0,67213.0,162676.0,73005.0
2026-04-14 18:05:33.300301,734007,1609507426939241,5026908992,-0.854976,-0.023424,0.50752,-1.82,-0.0175,-2.0125,-4.848,-5.824,26.968,none,8,3.0,26863.0,156925.0,67213.0,162676.0,73005.0
2026-04-14 18:05:33.315523,734008,1609507426953750,5026923910,-0.870592,-0.013664,0.495808,-0.77875,0.14875,-2.835,-5.264,-5.456,25.472002,none,8,3.0,26863.0,156925.0,67213.0,162676.0,73005.0
2026-04-14 18:05:33.322629,734009,1609507426962751,5026932590,-0.864736,0.01952,0.659776,-0.385,0.0175,-2.73,-5.264,-5.56,26.36,none,8,3.0,26863.0,156925.0,67213.0,162676.0,73005.0
2026-04-14 18:05:33.330499,734010,1609507426971921,5026941303,-0.864736,0.01952,0.659776,-1.1725,-0.42,-2.3625,-5.416,-5.56,26.36,none,8,3.0,26863.0,156925.0,67213.0,162676.0,73005.0
2026-04-14 18:05:33.370371,734021,1609507426986893,5026956548,-0.813984,0.005856,0.755424,-2.24875,-0.95375,-2.1,-4.392,-5.656,25.736002,none,8,3.0,26896.0,156507.0,67214.0,162183.0,73065.0
2026-04-14 18:05:33.372910,734022,1609507426995986,5026965267,-0.813984,0.005856,0.755424,-3.36875,-0.90125,-1.58375,-4.392,-5.656,25.736002,none,8,3.0,26896.0,156507.0,67214.0,162183.0,73065.0
2026-04-14 18:05:33.374970,734023,1609507427010570,5026980308,-0.798368,-0.037088,0.609024,-3.22875,-1.46125,-1.88125,-5.024,-5.504,27.768002,none,8,3.0,26896.0,156507.0,67214.0,162183.0,73065.0
2026-04-14 18:05:33.379228,734024,1609507427019532,5026989020,-0.798368,-0.037088,0.609024,-2.66,-1.68875,-2.1,-5.024,-5.504,27.768002,none,8,3.0,26896.0,156507.0,67214.0,162183.0,73065.0
2026-04-14 18:05:33.389158,734025,1609507427028515,5026997787,-0.894016,0.005856,0.56608,-1.12875,-1.16375,-2.17875,-5.728,-4.96,27.864002,none,8,3.0,26896.0,156507.0,67214.0,162183.0,73065.0
2026-04-14 18:05:33.401312,734026,1609507427043035,5027012807,-0.7808,-0.027328,0.65392,-0.3325,-1.23375,-1.8725,-5.728,-4.96,25.44,none,8,3.0,26896.0,156507.0,67214.0,162183.0,73065.0
2026-04-14 18:05:33.410558,734027,1609507427052115,5027021514,-0.7808,-0.027328,0.65392,-0.175,-1.505,-1.95125,-5.176,-5.904,25.44,none,8,3.0,26896.0,156507.0,67214.0,162183.0,73065.0
2026-04-14 18:05:33.426808,734028,1609507427066595,5027036423,-0.788608,-0.015616,0.685152,-0.09625,-1.5225,-1.53125,-4.448,-6.176,25.640001,none,8,3.0,26896.0,156507.0,67214.0,162183.0,73065.0
2026-04-14 18:05:33.436461,734029,1609507427075533,5027045112,-0.788608,-0.015616,0.685152,-0.14875,-1.74125,-1.47875,-4.448,-6.176,25.640001,none,8,3.0,26896.0,156507.0,67214.0,162183.0,73065.0
2026-04-14 18:05:33.517636,734040,1609507427090259,5027060160,-0.767136,-0.003904,0.774944,-0.385,-2.24875,-1.35625,-4.392,-6.480001,27.016,none,8,3.0,26854.0,156276.0,67167.0,161959.0,73006.0
2026-04-14 18:05:33.520531,734041,1609507427099309,5027068906,-0.767136,-0.003904,0.774944,-0.04375,-2.23125,-1.18125,-4.392,-6.480001,27.016,none,8,3.0,26854.0,156276.0,67167.0,161959.0,73006.0
2026-04-14 18:05:33.547568,734042,1609507427108381,5027077626,-0.784704,-0.017568,0.650016,1.715,-2.2575,-0.5775,-5.192,-5.536,26.776001,none,8,3.0,26854.0,156276.0,67167.0,161959.0,73006.0
2026-04-14 18:05:33.552041,734043,1609507427123111,5027092571,-0.784704,-0.017568,0.776896,1.9075,-1.79375,-0.805,-5.192,-5.536,26.776001,none,8,3.0,26854.0,156276.0,67167.0,161959.0,73006.0
2026-04-14 18:05:33.553286,734044,1609507427132032,5027101260,-0.806176,0.01952,0.776896,2.6775,-0.79625,-0.7875,-4.992,-5.616,28.080002,none,8,3.0,26854.0,156276.0,67167.0,161959.0,73006.0
2026-04-14 18:05:33.555309,734045,1609507427146599,5027116194,-0.808128,0.021472,0.755424,2.94,-0.11375,-1.1725,-4.976,-5.816001,25.656002,none,8,3.0,26854.0,156276.0,67167.0,161959.0,73006.0
2026-04-14 18:05:33.557849,734046,1609507427155574,5027124891,-0.808128,0.021472,0.755424,1.89875,0.95375,-1.77625,-4.976,-5.816001,25.656002,none,8,3.0,26854.0,156276.0,67167.0,161959.0,73006.0
2026-04-14 18:05:33.560420,734047,1609507427164500,5027133646,-0.911584,0.037088,0.562176,0.74375,1.60125,-1.61,-4.224,-5.944,25.752,none,8,3.0,26854.0,156276.0,67167.0,161959.0,73006.0
2026-04-14 18:05:33.562915,734048,1609507427179035,5027148626,-0.911584,0.037088,0.562176,-0.63,2.0125,-1.68875,-4.224,-5.944,25.752,none,8,3.0,26854.0,156276.0,67167.0,161959.0,73006.0
2026-04-14 18:05:33.590628,734059,1609507427188309,5027157701,-0.892064,0.044896,0.648064,-2.07375,2.5025,-1.84625,-4.472,-6.176,25.560001,none,8,3.0,26756.0,156185.0,66991.0,161983.0,72797.0
2026-04-14 18:05:33.592510,734060,1609507427202900,5027172661,-0.892064,0.044896,0.648064,-3.52625,2.70375,-1.77625,-4.472,-6.176,25.560001,none,8,3.0,26756.0,156185.0,66991.0,161983.0,72797.0
2026-04-14 18:05:33.595238,734061,1609507427212057,5027181435,-0.864736,0.033184,0.6832,-4.97,2.2225,-1.32125,-4.192,-6.104,25.592001,none,8,3.0,26756.0,156185.0,66991.0,161983.0,72797.0
2026-04-14 18:05:33.598033,734062,1609507427221081,5027190176,-0.864736,0.033184,0.6832,-5.46875,2.16125,-1.0675,-4.192,-6.104,25.592001,none,8,3.0,26756.0,156185.0,66991.0,161983.0,72797.0
2026-04-14 18:05:33.600536,734063,1609507427235650,5027205092,-0.872544,0.021472,0.657824,-6.50125,1.155,-1.05875,-4.6,-5.832,25.712002,none,8,3.0,26756.0,156185.0,66991.0,161983.0,72797.0
2026-04-14 18:05:33.603924,734064,1609507427244574,5027213833,-0.798368,-0.01952,0.651968,-6.93875,0.39375,-1.09375,-4.6,-5.896,29.36,none,8,3.0,26756.0,156185.0,66991.0,161983.0,72797.0
2026-04-14 18:05:33.621768,734065,1609507427259173,5027228916,-0.798368,-0.01952,0.651968,-6.6325,0.13125,-0.6475,-4.288,-5.896,29.36,none,8,3.0,26756.0,156185.0,66991.0,161983.0,72797.0
2026-04-14 18:05:33.628071,734066,1609507427268092,5027237620,-0.81008,-0.027328,0.591456,-5.64375,-0.175,-0.42,-4.384,-5.736,25.328001,none,8,3.0,26756.0,156185.0,66991.0,161983.0,72797.0
2026-04-14 18:05:33.644888,734067,1609507427282606,5027252548,-0.81008,-0.027328,0.591456,-5.845,-0.805,-0.14875,-4.384,-5.736,25.328001,none,8,3.0,26756.0,156185.0,66991.0,161983.0,72797.0
2026-04-14 18:05:33.671721,734078,1609507427291876,5027261334,-0.83936,-0.031232,0.532896,-5.10125,-1.0675,0.07875,-4.224,-5.904,25.528002,none,8,3.0,26865.0,156105.0,67210.0,161877.0,73056.0
2026-04-14 18:05:33.674307,734079,1609507427300871,5027270153,-0.83936,-0.031232,0.532896,-5.06625,-1.61,0.245,-4.224,-5.904,25.528002,none,8,3.0,26865.0,156105.0,67210.0,161877.0,73056.0
2026-04-14 18:05:33.676754,734080,1609507427315404,5027285151,-0.821792,-0.03904,0.542656,-4.865,-2.02125,0.2275,-4.96,-5.424,26.592001,none,8,3.0,26865.0,156105.0,67210.0,161877.0,73056.0
2026-04-14 18:05:33.683990,734081,1609507427324340,5027293840,-0.821792,-0.03904,0.737856,-3.6925,-2.12625,0.56,-4.96,-5.424,26.592001,none,8,3.0,26865.0,156105.0,67210.0,161877.0,73056.0
2026-04-14 18:05:33.697636,734082,1609507427339042,5027308790,-0.831552,0.007808,0.737856,-2.91375,-2.58125,0.28875,-5.104,-5.648,26.104002,none,8,3.0,26865.0,156105.0,67210.0,161877.0,73056.0
2026-04-14 18:05:33.707777,734083,1609507427348012,5027317472,-0.80032,-0.02928,0.599264,-1.89,-3.0275,0.63,-5.464,-5.688,26.592001,none,8,3.0,26865.0,156105.0,67210.0,161877.0,73056.0
2026-04-14 18:05:33.716673,734084,1609507427356928,5027326155,-0.80032,-0.02928,0.599264,-1.19,-3.21125,1.2425,-5.464,-5.688,26.592001,none,8,3.0,26865.0,156105.0,67210.0,161877.0,73056.0
2026-04-14 18:05:33.732025,734085,1609507427371569,5027341008,-0.872544,-0.001952,0.552416,-0.97125,-3.535,1.65375,-4.168,-5.8,25.712002,none,8,3.0,26865.0,156105.0,67210.0,161877.0,73056.0
2026-04-14 18:05:33.739120,734086,1609507427380766,5027349720,-0.872544,-0.001952,0.552416,-1.28625,-3.15875,2.1175,-4.168,-5.8,25.712002,none,8,3.0,26865.0,156105.0,67210.0,161877.0,73056.0
2026-04-14 18:05:33.771792,734097,1609507427395389,5027365035,-0.759328,-0.023424,0.753472,-1.98625,-2.555,2.065,-4.104,-5.752,25.816002,none,8,3.0,26872.0,156020.0,67214.0,161876.0,73062.0
2026-04-14 18:05:33.774359,734098,1609507427404428,5027373759,-0.759328,-0.023424,0.753472,-3.92875,-2.03875,1.81125,-4.104,-5.752,25.816002,none,8,3.0,26872.0,156020.0,67214.0,161876.0,73062.0
2026-04-14 18:05:33.776438,734099,1609507427413466,5027382585,-0.778848,-0.044896,0.665632,-4.795,-1.30375,1.46125,-4.192,-5.888001,24.736002,none,8,3.0,26872.0,156020.0,67214.0,161876.0,73062.0
2026-04-14 18:05:33.789314,734100,1609507427427995,5027397535,-0.886208,-0.015616,0.538752,-3.535,-0.98,0.9975,-4.192,-5.952,25.488,none,8,3.0,26872.0,156020.0,67214.0,161876.0,73062.0
2026-04-14 18:05:33.796799,734101,1609507427436919,5027406219,-0.886208,-0.015616,0.538752,-1.21625,-0.44625,0.49875,-4.192,-5.952,25.488,none,8,3.0,26872.0,156020.0,67214.0,161876.0,73062.0
2026-04-14 18:05:33.810534,734102,1609507427451406,5027421120,-0.860832,0.013664,0.669536,1.225,0.02625,0.455,-4.384,-5.976,25.400002,none,8,3.0,26872.0,156020.0,67214.0,161876.0,73062.0
2026-04-14 18:05:33.841120,734103,1609507427460349,5027429891,-0.860832,0.013664,0.669536,2.8875,0.175,-0.76125,-4.384,-5.976,25.400002,none,8,3.0,26872.0,156020.0,67214.0,161876.0,73062.0
2026-04-14 18:05:33.866743,734104,1609507427474947,5027444807,-0.831552,0.01952,0.737856,3.5,0.49,-1.40875,-4.32,-5.576,25.240002,none,8,3.0,26872.0,156020.0,67214.0,161876.0,73062.0
2026-04-14 18:05:33.871717,734105,1609507427483980,5027453521,-0.831552,0.01952,0.737856,2.8,0.06125,-1.47875,-4.32,-5.576,25.240002,none,8,3.0,26872.0,156020.0,67214.0,161876.0,73062.0
2026-04-14 18:05:33.899313,734116,1609507427493167,5027462253,-0.804224,-0.017568,0.607072,1.21625,-0.13125,-1.68875,-4.288,-5.864,25.800001,none,8,3.0,26719.0,156223.0,66962.0,162256.0,72732.0
2026-04-14 18:05:33.901283,734117,1609507427507652,5027477199,-0.776896,-0.011712,0.708576,0.4725,0.21,-1.84625,-4.472,-5.912,25.952002,none,8,3.0,26719.0,156223.0,66962.0,162256.0,72732.0
2026-04-14 18:05:33.903841,734118,1609507427516595,5027485901,-0.776896,-0.011712,0.708576,-0.00875,0.7175,-1.96,-4.472,-5.912,25.952002,none,8,3.0,26719.0,156223.0,66962.0,162256.0,72732.0
2026-04-14 18:05:33.906805,734119,1609507427531192,5027500909,-0.843264,0.031232,0.724192,0.07,1.53125,-2.0125,-5.112001,-5.536,26.432001,none,8,3.0,26719.0,156223.0,66962.0,162256.0,72732.0
2026-04-14 18:05:33.909300,734120,1609507427540197,5027509636,-0.843264,0.031232,0.724192,0.00875,1.54875,-2.3275,-5.112001,-5.536,26.432001,none,8,3.0,26719.0,156223.0,66962.0,162256.0,72732.0
2026-04-14 18:05:33.912180,734121,1609507427549136,5027518356,-0.77104,-0.007808,0.677344,-0.28,1.72375,-2.12625,-5.32,-5.968,26.560001,none,8,3.0,26719.0,156223.0,66962.0,162256.0,72732.0
2026-04-14 18:05:33.924996,734122,1609507427563723,5027533241,-0.77104,-0.007808,0.677344,-0.84875,1.68875,-1.855,-5.32,-5.968,26.560001,none,8,3.0,26719.0,156223.0,66962.0,162256.0,72732.0
2026-04-14 18:05:33.931419,734123,1609507427572672,5027542019,-0.788608,0.01952,0.763232,-0.91,1.4525,-1.60125,-4.152,-6.208,25.464,none,8,3.0,26719.0,156223.0,66962.0,162256.0,72732.0
2026-04-14 18:05:33.947446,734124,1609507427587147,5027556958,-0.788608,-0.003904,0.65392,-1.925,1.7675,-1.14625,-4.16,-6.232,26.744001,none,8,3.0,26719.0,156223.0,66962.0,162256.0,72732.0
2026-04-14 18:05:33.980581,734135,1609507427596096,5027565694,-0.788608,-0.003904,0.65392,-3.54375,1.54875,-0.91875,-4.16,-6.232,26.744001,none,8,3.0,26766.0,156019.0,67089.0,162007.0,72880.0
2026-04-14 18:05:33.982956,734136,1609507427610638,5027580615,-0.815936,0.015616,0.759328,-5.74875,1.12,-0.67375,-4.272,-5.728,25.68,none,8,3.0,26766.0,156019.0,67089.0,162007.0,72880.0
2026-04-14 18:05:33.985417,734137,1609507427619571,5027589355,-0.815936,0.015616,0.759328,-7.0525,0.7,-0.84,-4.272,-5.728,25.68,none,8,3.0,26766.0,156019.0,67089.0,162007.0,72880.0
2026-04-14 18:05:33.988073,734138,1609507427628514,5027598062,-0.804224,-0.005856,0.718336,-7.455,0.72625,-0.805,-4.272,-5.936,25.528002,none,8,3.0,26766.0,156019.0,67089.0,162007.0,72880.0
2026-04-14 18:05:34.003035,734139,1609507427643027,5027612972,-0.804224,-0.005856,0.718336,-5.92375,0.8225,-0.8225,-4.272,-5.936,25.528002,none,8,3.0,26766.0,156019.0,67089.0,162007.0,72880.0
2026-04-14 18:05:34.010544,734140,1609507427651998,5027621722,-0.792512,-0.01952,0.650016,-4.095,0.3675,-0.665,-4.336,-6.176,25.608002,none,8,3.0,26766.0,156019.0,67089.0,162007.0,72880.0
2026-04-14 18:05:34.027099,734141,1609507427666566,5027636700,-0.792512,-0.01952,0.675392,-2.65125,-0.35,-0.51625,-4.336,-6.176,25.608002,none,8,3.0,26766.0,156019.0,67089.0,162007.0,72880.0
2026-04-14 18:05:34.039597,734142,1609507427675474,5027645408,-0.870592,0.031232,0.675392,-1.75,-0.9275,0.00875,-4.24,-5.992,26.728,none,8,3.0,26766.0,156019.0,67089.0,162007.0,72880.0
2026-04-14 18:05:34.072449,734153,1609507427690070,5027660446,-0.870592,0.017568,0.560224,-1.61875,-1.75875,-0.28875,-4.304,-5.944,26.216002,none,8,3.0,26901.0,155802.0,67252.0,161626.0,73152.0
2026-04-14 18:05:34.075049,734154,1609507427699137,5027669222,-0.870592,0.017568,0.560224,-0.4375,-2.485,-0.44625,-4.304,-5.944,26.216002,none,8,3.0,26901.0,155802.0,67252.0,161626.0,73152.0
2026-04-14 18:05:34.077658,734155,1609507427708112,5027677911,-0.864736,0.027328,0.550464,0.48125,-3.03625,-1.02375,-4.568,-5.576,25.896002,none,8,3.0,26901.0,155802.0,67252.0,161626.0,73152.0
2026-04-14 18:05:34.081292,734156,1609507427722695,5027692901,-0.864736,0.027328,0.550464,1.505,-2.93125,-0.6475,-4.568,-5.576,25.896002,none,8,3.0,26901.0,155802.0,67252.0,161626.0,73152.0
2026-04-14 18:05:34.091283,734157,1609507427731674,5027701600,-0.847168,0.025376,0.511424,1.19,-3.12375,-0.56875,-5.24,-5.480001,25.232,none,8,3.0,26901.0,155802.0,67252.0,161626.0,73152.0
2026-04-14 18:05:34.113743,734158,1609507427746209,5027716565,-0.847168,0.025376,0.511424,0.665,-2.94,-0.00875,-5.24,-5.480001,25.232,none,8,3.0,26901.0,155802.0,67252.0,161626.0,73152.0
2026-04-14 18:05:34.126913,734159,1609507427755156,5027725243,-0.792512,0.013664,0.67344,-0.28,-2.68625,0.1575,-4.448,-5.976,25.472002,none,8,3.0,26901.0,155802.0,67252.0,161626.0,73152.0
2026-04-14 18:05:34.134622,734160,1609507427764135,5027733986,-0.792512,0.013664,0.67344,-1.12,-2.6775,-0.2975,-4.448,-5.976,25.472002,none,8,3.0,26901.0,155802.0,67252.0,161626.0,73152.0
2026-04-14 18:05:34.139972,734161,1609507427778639,5027748906,-0.882304,0.007808,0.534848,-1.00625,-2.415,-0.37625,-4.616,-5.92,25.424002,none,8,3.0,26901.0,155802.0,67252.0,161626.0,73152.0
2026-04-14 18:05:34.147671,734162,1609507427787566,5027757588,-0.882304,-0.007808,0.530944,-0.46375,-1.86375,-0.63,-4.616,-5.92,23.376001,none,8,3.0,26901.0,155802.0,67252.0,161626.0,73152.0
2026-04-14 18:05:34.257807,734173,1609507427802252,5027772631,-0.862784,-0.007808,0.530944,0.00875,-1.26,-1.05,-4.216,-5.832,23.672,none,8,3.0,26739.0,156041.0,67010.0,161993.0,72846.0
2026-04-14 18:05:34.260557,734174,1609507427811288,5027781344,-0.81008,-0.013664,0.601216,0.70875,-0.69125,-1.00625,-6.016,-5.352,27.544,none,8,3.0,26739.0,156041.0,67010.0,161993.0,72846.0
2026-04-14 18:05:34.263068,734175,1609507427825800,5027794181,-0.81008,-0.013664,0.601216,1.295,-0.63875,-1.19875,-6.016,-5.352,27.544,none,8,3.0,26739.0,156041.0,67010.0,161993.0,72846.0
2026-04-14 18:05:34.265574,734176,1609507427835132,5027804948,-0.864736,0.037088,0.69296,1.47,-0.2975,-1.505,-6.08,-5.464,28.144001,none,8,3.0,26739.0,156041.0,67010.0,161993.0,72846.0
2026-04-14 18:05:34.267555,734177,1609507427844267,5027813653,-0.864736,0.037088,0.69296,1.155,0.0525,-1.435,-6.08,-5.464,28.144001,none,8,3.0,26739.0,156041.0,67010.0,161993.0,72846.0
2026-04-14 18:05:34.270578,734178,1609507427858738,5027828611,-0.812032,-0.001952,0.573888,0.7,0.7875,-1.86375,-6.32,-5.688,26.744001,none,8,3.0,26739.0,156041.0,67010.0,161993.0,72846.0
2026-04-14 18:05:34.273051,734179,1609507427867658,5027837297,-0.812032,-0.001952,0.636352,1.04125,1.56625,-1.5925,-6.32,-5.688,26.744001,none,8,3.0,26739.0,156041.0,67010.0,161993.0,72846.0
2026-04-14 18:05:34.275107,734180,1609507427882125,5027852193,-0.778848,0.001952,0.636352,0.83125,1.51375,-1.53125,-5.144,-6.072001,22.952002,none,8,3.0,26739.0,156041.0,67010.0,161993.0,72846.0
2026-04-14 18:05:34.302981,734191,1609507427891201,5027861015,-0.7808,0.011712,0.642208,-0.28,1.79375,-1.155,-5.28,-5.752,26.616001,none,8,3.0,26730.0,155757.0,66988.0,161809.0,72787.0
2026-04-14 18:05:34.304891,734192,1609507427900259,5027869756,-0.7808,0.011712,0.642208,-1.995,1.855,-1.25125,-5.28,-5.752,26.616001,none,8,3.0,26730.0,155757.0,66988.0,161809.0,72787.0
2026-04-14 18:05:34.308364,734193,1609507427914801,5027884739,-0.880352,0.023424,0.50752,-3.8325,1.16375,-1.05,-5.376,-5.712,26.448002,none,8,3.0,26730.0,155757.0,66988.0,161809.0,72787.0
2026-04-14 18:05:34.311083,734194,1609507427923831,5027893539,-0.880352,0.023424,0.50752,-5.6,0.97125,-0.7175,-5.376,-5.712,26.448002,none,8,3.0,26730.0,155757.0,66988.0,161809.0,72787.0
2026-04-14 18:05:34.313556,734195,1609507427938399,5027908452,-0.862784,0.01952,0.593408,-6.32625,0.4725,-1.21625,-5.104,-5.592001,25.864,none,8,3.0,26730.0,155757.0,66988.0,161809.0,72787.0
2026-04-14 18:05:34.315971,734196,1609507427947314,5027917295,-0.862784,0.01952,0.593408,-5.4075,0.4025,-1.8725,-5.104,-5.592001,25.864,none,8,3.0,26730.0,155757.0,66988.0,161809.0,72787.0
2026-04-14 18:05:34.322033,734197,1609507427962059,5027932248,-0.798368,0.015616,0.747616,-4.06,-0.04375,-1.67125,-4.84,-6.088,25.816002,none,8,3.0,26730.0,155757.0,66988.0,161809.0,72787.0
2026-04-14 18:05:34.330505,734198,1609507427970997,5027941106,-0.909632,0.02928,0.525088,-2.37125,0.13125,-1.435,-4.928001,-6.000001,26.800001,none,8,3.0,26730.0,155757.0,66988.0,161809.0,72787.0
2026-04-14 18:05:34.340562,734199,1609507427980012,5027949791,-0.909632,0.02928,0.525088,-1.505,-0.035,-1.70625,-4.928001,-6.000001,26.800001,none,8,3.0,26730.0,155757.0,66988.0,161809.0,72787.0
2026-04-14 18:05:34.376817,734210,1609507427995086,5027964781,-0.894016,0.003904,0.470432,-1.4875,-0.315,-2.00375,-4.056,-6.328,25.784,none,8,3.0,26695.0,155785.0,66931.0,161843.0,72731.0
2026-04-14 18:05:34.379299,734211,1609507428004093,5027973595,-0.894016,0.003904,0.470432,-1.995,-1.37375,-1.995,-4.056,-6.328,25.784,none,8,3.0,26695.0,155785.0,66931.0,161843.0,72731.0
2026-04-14 18:05:34.381842,734212,1609507428018659,5027988497,-0.806176,0.005856,0.730048,-1.72375,-1.95125,-1.93375,-5.776001,-5.048,27.688002,none,8,3.0,26695.0,155785.0,66931.0,161843.0,72731.0
2026-04-14 18:05:34.387657,734213,1609507428027709,5027997174,-0.806176,0.005856,0.730048,-1.54,-2.5725,-1.88125,-5.776001,-5.048,27.688002,none,8,3.0,26695.0,155785.0,66931.0,161843.0,72731.0
2026-04-14 18:05:34.395263,734214,1609507428036646,5028005966,-0.8784,0.023424,0.66368,-1.4525,-3.325,-1.74125,-6.344,-5.464,26.160002,none,8,3.0,26695.0,155785.0,66931.0,161843.0,72731.0
2026-04-14 18:05:34.410402,734215,1609507428051156,5028020892,-0.88816,0.001952,0.511424,-0.6825,-3.675,-1.47875,-4.744,-5.928001,26.032001,none,8,3.0,26695.0,155785.0,66931.0,161843.0,72731.0
2026-04-14 18:05:34.421722,734216,1609507428060094,5028029590,-0.88816,0.001952,0.511424,0.315,-4.40125,-1.4175,-4.744,-5.928001,26.032001,none,8,3.0,26695.0,155785.0,66931.0,161843.0,72731.0
2026-04-14 18:05:34.434270,734217,1609507428074786,5028044462,-0.872544,-0.001952,0.519232,1.11125,-4.55875,-1.365,-5.432,-5.624,26.616001,none,8,3.0,26695.0,155785.0,66931.0,161843.0,72731.0
2026-04-14 18:05:34.443039,734218,1609507428083876,5028053170,-0.872544,-0.001952,0.519232,2.4325,-4.38375,-0.91,-5.432,-5.624,26.616001,none,8,3.0,26695.0,155785.0,66931.0,161843.0,72731.0
2026-04-14 18:05:34.477498,734229,1609507428093259,5028061947,-0.77104,-0.005856,0.71248,2.56375,-4.13,-1.14625,-4.256,-5.936,26.552002,none,8,3.0,26559.0,155863.0,66728.0,161959.0,72490.0
2026-04-14 18:05:34.481523,734230,1609507428108121,5028076933,-0.77104,-0.005856,0.71248,3.08,-3.61375,-1.1725,-4.256,-5.936,26.552002,none,8,3.0,26559.0,155863.0,66728.0,161959.0,72490.0
2026-04-14 18:05:34.482503,734231,1609507428117517,5028087869,-0.81984,-0.007808,0.540704,3.45625,-3.01875,-1.5225,-5.28,-5.984,29.184002,none,8,3.0,26559.0,155863.0,66728.0,161959.0,72490.0
2026-04-14 18:05:34.488185,734232,1609507428126509,5028096566,-0.81984,-0.007808,0.540704,4.06,-2.09125,-2.17875,-5.28,-5.984,29.184002,none,8,3.0,26559.0,155863.0,66728.0,161959.0,72490.0
2026-04-14 18:05:34.499120,734233,1609507428141032,5028109430,-0.782752,0.035136,0.763232,3.71875,-0.7175,-2.79125,-5.392,-5.952,26.464,none,8,3.0,26559.0,155863.0,66728.0,161959.0,72490.0
2026-04-14 18:05:34.510285,734234,1609507428150244,5028120229,-0.784704,0.037088,0.74176,2.33625,-0.14875,-3.1675,-5.392,-6.176,24.344002,none,8,3.0,26559.0,155863.0,66728.0,161959.0,72490.0
2026-04-14 18:05:34.526417,734235,1609507428164774,5028135114,-0.784704,0.037088,0.74176,1.33,0.32375,-3.5175,-4.672,-6.176,24.344002,none,8,3.0,26559.0,155863.0,66728.0,161959.0,72490.0
2026-04-14 18:05:34.534288,734236,1609507428173709,5028143864,-0.812032,0.015616,0.554368,0.14,0.62125,-3.94625,-4.608,-6.4,25.808,none,8,3.0,26559.0,155863.0,66728.0,161959.0,72490.0
2026-04-14 18:05:34.545549,734237,1609507428188278,5028156742,-0.812032,0.015616,0.554368,-1.25125,0.875,-4.305,-4.608,-6.4,25.808,none,8,3.0,26559.0,155863.0,66728.0,161959.0,72490.0
2026-04-14 18:05:34.629286,734248,1609507428197668,5028167606,-0.798368,0.027328,0.616832,-2.3625,0.9975,-4.38375,-4.648,-6.496,27.864002,none,8,3.0,26547.0,155530.0,66736.0,161629.0,72490.0
2026-04-14 18:05:34.631792,734249,1609507428206719,5028176297,-0.798368,0.027328,0.616832,-3.15875,1.3475,-4.03375,-4.648,-6.496,27.864002,none,8,3.0,26547.0,155530.0,66736.0,161629.0,72490.0
2026-04-14 18:05:34.633916,734250,1609507428221214,5028191186,-0.843264,0.033184,0.509472,-3.77125,1.72375,-4.34875,-4.496,-6.56,25.576002,none,8,3.0,26547.0,155530.0,66736.0,161629.0,72490.0
2026-04-14 18:05:34.636819,734251,1609507428230207,5028199900,-0.843264,0.033184,0.569984,-4.17375,1.49625,-4.54125,-4.496,-6.56,25.576002,none,8,3.0,26547.0,155530.0,66736.0,161629.0,72490.0
2026-04-14 18:05:34.639314,734252,1609507428244747,5028214839,-0.833504,0.033184,0.569984,-5.45125,1.79375,-4.62,-4.576,-6.088,24.072,none,8,3.0,26547.0,155530.0,66736.0,161629.0,72490.0
2026-04-14 18:05:34.641338,734253,1609507428253779,5028223544,-0.894016,0.050752,0.607072,-6.5625,1.51375,-4.4275,-4.312,-6.464,25.320002,none,8,3.0,26547.0,155530.0,66736.0,161629.0,72490.0
2026-04-14 18:05:34.644309,734254,1609507428262804,5028232232,-0.894016,0.050752,0.607072,-7.51625,1.1725,-4.3225,-4.312,-6.464,25.320002,none,8,3.0,26547.0,155530.0,66736.0,161629.0,72490.0
2026-04-14 18:05:34.646811,734255,1609507428277375,5028247205,-0.835456,0.0,0.550464,-7.93625,0.6825,-4.1825,-4.32,-6.096,26.344002,none,8,3.0,26547.0,155530.0,66736.0,161629.0,72490.0
2026-04-14 18:05:34.649398,734256,1609507428286439,5028255957,-0.835456,0.0,0.550464,-7.58625,-0.0875,-4.235,-4.32,-6.096,26.344002,none,8,3.0,26547.0,155530.0,66736.0,161629.0,72490.0
2026-04-14 18:05:34.689105,734267,1609507428301031,5028270952,-0.798368,0.013664,0.732,-7.34125,-0.21,-4.305,-4.632,-6.176,26.400002,none,8,3.0,26641.0,155443.0,66890.0,161495.0,72687.0
2026-04-14 18:05:34.689960,734268,1609507428309973,5028279675,-0.798368,0.013664,0.732,-6.60625,0.1925,-4.52375,-4.632,-6.176,26.400002,none,8,3.0,26641.0,155443.0,66890.0,161495.0,72687.0
2026-04-14 18:05:34.690071,734269,1609507428318914,5028288564,-0.798368,0.001952,0.661728,-5.88875,-0.04375,-4.24375,-5.384,-5.56,27.216002,none,8,3.0,26641.0,155443.0,66890.0,161495.0,72687.0
2026-04-14 18:05:34.693741,734270,1609507428333439,5028303448,-0.802272,0.027328,0.749568,-4.47125,-0.1575,-4.2175,-5.376,-5.88,26.728,none,8,3.0,26641.0,155443.0,66890.0,161495.0,72687.0
2026-04-14 18:05:34.701675,734271,1609507428342531,5028312154,-0.802272,0.027328,0.749568,-3.605,-0.4025,-4.025,-5.376,-5.88,26.728,none,8,3.0,26641.0,155443.0,66890.0,161495.0,72687.0
2026-04-14 18:05:34.716793,734272,1609507428357195,5028327054,-0.813984,-0.001952,0.579744,-3.54375,-0.525,-3.7275,-4.224,-6.208,25.152,none,8,3.0,26641.0,155443.0,66890.0,161495.0,72687.0
2026-04-14 18:05:34.727586,734273,1609507428366207,5028335751,-0.813984,-0.001952,0.579744,-3.675,-1.21625,-3.29875,-4.224,-6.208,25.152,none,8,3.0,26641.0,155443.0,66890.0,161495.0,72687.0
2026-04-14 18:05:34.741380,734274,1609507428380774,5028350786,-0.85888,-0.003904,0.50752,-4.5325,-1.4175,-3.185,-4.288,-5.504,26.008001,none,8,3.0,26641.0,155443.0,66890.0,161495.0,72687.0
2026-04-14 18:05:34.749323,734275,1609507428389696,5028359511,-0.85888,-0.003904,0.50752,-6.43125,-1.81125,-3.05375,-4.288,-5.504,26.008001,none,8,3.0,26641.0,155443.0,66890.0,161495.0,72687.0
2026-04-14 18:05:34.776667,734286,1609507428398737,5028368353,-0.841312,-0.021472,0.513376,-6.3525,-2.14375,-2.8525,-4.608,-5.6,27.088001,none,8,3.0,26608.0,155414.0,66826.0,161461.0,72605.0
2026-04-14 18:05:34.778707,734287,1609507428413427,5028383293,-0.817888,0.011712,0.76128,-5.17125,-1.74125,-3.05375,-6.520001,-5.352,27.44,none,8,3.0,26608.0,155414.0,66826.0,161461.0,72605.0
2026-04-14 18:05:34.781653,734288,1609507428422369,5028392005,-0.817888,0.011712,0.76128,-4.2525,-1.30375,-2.82625,-6.520001,-5.352,27.44,none,8,3.0,26608.0,155414.0,66826.0,161461.0,72605.0
2026-04-14 18:05:34.797574,734289,1609507428437002,5028406926,-0.872544,-0.003904,0.521184,-3.2375,-1.295,-2.625,-4.24,-6.000001,25.472002,none,8,3.0,26608.0,155414.0,66826.0,161461.0,72605.0
2026-04-14 18:05:34.828091,734290,1609507428445977,5028415626,-0.872544,-0.003904,0.521184,-1.9775,-0.91,-2.66,-4.24,-6.000001,25.472002,none,8,3.0,26608.0,155414.0,66826.0,161461.0,72605.0
2026-04-14 18:05:34.830574,734291,1609507428454909,5028424324,-0.792512,-0.017568,0.626592,-1.47875,-0.455,-2.89625,-4.336,-5.984,25.52,none,8,3.0,26608.0,155414.0,66826.0,161461.0,72605.0
2026-04-14 18:05:34.832584,734292,1609507428469436,5028439300,-0.792512,-0.017568,0.626592,-1.12,0.1225,-3.1675,-4.336,-5.984,25.52,none,8,3.0,26608.0,155414.0,66826.0,161461.0,72605.0
2026-04-14 18:05:34.838926,734293,1609507428478428,5028447988,-0.788608,-0.017568,0.659776,-1.84625,0.48125,-3.33375,-3.832,-5.744,25.560001,none,8,3.0,26608.0,155414.0,66826.0,161461.0,72605.0
2026-04-14 18:05:34.876690,734304,1609507428493078,5028462806,-0.895968,0.023424,0.59536,-2.65125,0.945,-3.535,-4.568,-5.712,24.688002,none,8,3.0,26532.0,155439.0,66689.0,161490.0,72447.0
2026-04-14 18:05:34.878821,734305,1609507428502223,5028471581,-0.895968,0.023424,0.59536,-3.85875,1.05,-3.3075,-4.568,-5.712,24.688002,none,8,3.0,26532.0,155439.0,66689.0,161490.0,72447.0
2026-04-14 18:05:34.881654,734306,1609507428516783,5028486520,-0.778848,-0.013664,0.691008,-4.61125,0.90125,-3.54375,-4.928001,-5.408001,26.328001,none,8,3.0,26532.0,155439.0,66689.0,161490.0,72447.0
2026-04-14 18:05:34.883820,734307,1609507428525729,5028495171,-0.778848,-0.013664,0.691008,-4.59375,0.9625,-3.14125,-4.928001,-5.408001,26.328001,none,8,3.0,26532.0,155439.0,66689.0,161490.0,72447.0
2026-04-14 18:05:34.895469,734308,1609507428534773,5028503868,-0.788608,-0.013664,0.638304,-4.22625,1.0325,-3.5175,-4.456,-5.312,25.696001,none,8,3.0,26532.0,155439.0,66689.0,161490.0,72447.0
2026-04-14 18:05:34.908816,734309,1609507428549278,5028518743,-0.788608,-0.013664,0.638304,-3.9725,1.4175,-3.54375,-4.456,-5.312,25.696001,none,8,3.0,26532.0,155439.0,66689.0,161490.0,72447.0
2026-04-14 18:05:34.917746,734310,1609507428558243,5028527436,-0.882304,0.017568,0.55632,-4.4975,1.49625,-3.4125,-4.088,-5.528,25.856,none,8,3.0,26532.0,155439.0,66689.0,161490.0,72447.0
2026-04-14 18:05:34.944358,734311,1609507428572736,5028542394,-0.80032,0.015616,0.765184,-4.66375,1.23375,-3.70125,-4.088,-5.528,26.512001,none,8,3.0,26532.0,155439.0,66689.0,161490.0,72447.0
2026-04-14 18:05:34.949745,734312,1609507428581668,5028551095,-0.80032,0.015616,0.765184,-4.9175,0.6825,-4.0425,-4.16,-5.408001,26.512001,none,8,3.0,26532.0,155439.0,66689.0,161490.0,72447.0
2026-04-14 18:05:34.974254,734313,1609507428590644,5028559825,-0.80032,0.015616,0.765184,-5.36375,0.5425,-4.12125,-4.16,-5.408001,26.512001,none,8,3.0,26532.0,155439.0,66689.0,161490.0,72447.0
2026-04-14 18:05:35.006713,734324,1609507428605245,5028574715,-0.862784,0.001952,0.560224,-5.1975,0.72625,-4.20875,-4.304,-5.504,27.208002,none,8,3.0,26600.0,155291.0,66820.0,161297.0,72602.0
2026-04-14 18:05:35.008758,734325,1609507428614188,5028583411,-0.804224,-0.001952,0.698816,-5.31125,0.27125,-4.15625,-4.768,-5.512,25.768002,none,8,3.0,26600.0,155291.0,66820.0,161297.0,72602.0
2026-04-14 18:05:35.011788,734326,1609507428628724,5028598394,-0.804224,-0.001952,0.698816,-4.83,0.14,-4.27,-4.768,-5.512,25.768002,none,8,3.0,26600.0,155291.0,66820.0,161297.0,72602.0
2026-04-14 18:05:35.014281,734327,1609507428637777,5028607130,-0.85888,0.01952,0.685152,-4.64625,0.13125,-4.27875,-4.592,-5.864,25.536001,none,8,3.0,26600.0,155291.0,66820.0,161297.0,72602.0
2026-04-14 18:05:35.016810,734328,1609507428652292,5028622047,-0.85888,0.01952,0.685152,-5.1275,0.0875,-4.08625,-4.592,-5.864,25.536001,none,8,3.0,26600.0,155291.0,66820.0,161297.0,72602.0
2026-04-14 18:05:35.020530,734329,1609507428661229,5028630769,-0.794464,-0.02928,0.64416,-4.73375,-0.21,-3.9025,-4.32,-5.352,27.144001,none,8,3.0,26600.0,155291.0,66820.0,161297.0,72602.0
2026-04-14 18:05:35.029051,734330,1609507428670153,5028639450,-0.794464,-0.02928,0.64416,-4.34875,-0.49875,-3.85,-4.32,-5.352,27.144001,none,8,3.0,26600.0,155291.0,66820.0,161297.0,72602.0
2026-04-14 18:05:35.043970,734331,1609507428684621,5028654418,-0.89792,0.003904,0.552416,-4.06,-0.4725,-3.7275,-4.144,-5.472,26.448002,none,8,3.0,26600.0,155291.0,66820.0,161297.0,72602.0
2026-04-14 18:05:35.055153,734332,1609507428693770,5028663104,-0.874496,-0.001952,0.562176,-3.84125,-0.63,-3.57875,-4.648,-5.168,24.712002,none,8,3.0,26600.0,155291.0,66820.0,161297.0,72602.0
2026-04-14 18:05:35.082967,734343,1609507428708545,5028678129,-0.874496,-0.001952,0.562176,-3.01,-0.25375,-3.63125,-4.648,-5.168,24.712002,none,8,3.0,26586.0,155331.0,66799.0,161302.0,72605.0
2026-04-14 18:05:35.085478,734344,1609507428717503,5028686869,-0.895968,0.00976,0.571936,-2.7125,-0.23625,-3.14125,-5.44,-5.128,26.000002,none,8,3.0,26586.0,155331.0,66799.0,161302.0,72605.0
2026-04-14 18:05:35.087906,734345,1609507428726509,5028695569,-0.895968,0.00976,0.571936,-3.00125,-0.7175,-2.98375,-5.44,-5.128,26.000002,none,8,3.0,26586.0,155331.0,66799.0,161302.0,72605.0
2026-04-14 18:05:35.101751,734346,1609507428741027,5028710741,-0.776896,-0.033184,0.665632,-3.24625,-0.6125,-3.01,-4.16,-5.544,24.512001,none,8,3.0,26586.0,155331.0,66799.0,161302.0,72605.0
2026-04-14 18:05:35.108783,734347,1609507428749991,5028719418,-0.776896,-0.033184,0.665632,-3.2375,-0.60375,-2.975,-4.16,-5.544,24.512001,none,8,3.0,26586.0,155331.0,66799.0,161302.0,72605.0
2026-04-14 18:05:35.124387,734348,1609507428764602,5028734344,-0.79056,-0.00976,0.755424,-2.8,-0.4375,-3.08,-4.632,-5.528,25.992,none,8,3.0,26586.0,155331.0,66799.0,161302.0,72605.0
2026-04-14 18:05:35.133059,734349,1609507428773548,5028743056,-0.79056,-0.00976,0.548512,-1.79375,-0.07,-2.765,-4.632,-5.528,25.992,none,8,3.0,26586.0,155331.0,66799.0,161302.0,72605.0
2026-04-14 18:05:35.147663,734350,1609507428788054,5028758084,-0.899872,0.003904,0.548512,-1.505,0.3675,-2.75625,-4.48,-5.464,29.216002,none,8,3.0,26586.0,155331.0,66799.0,161302.0,72605.0
2026-04-14 18:05:35.184331,734362,1609507428797261,5028766880,-0.792512,0.001952,0.755424,-1.33,0.7875,-2.975,-5.136,-5.408001,26.248001,none,8,3.0,26575.0,155295.0,66794.0,161253.0,72586.0
2026-04-14 18:05:35.186822,734363,1609507428806465,5028775634,-0.792512,0.001952,0.755424,-1.2425,0.58625,-3.45625,-5.136,-5.408001,26.248001,none,8,3.0,26575.0,155295.0,66794.0,161253.0,72586.0
2026-04-14 18:05:35.189334,734364,1609507428821054,5028790663,-0.813984,0.011712,0.733952,-1.09375,0.4025,-3.08875,-6.04,-4.816001,27.080002,none,8,3.0,26575.0,155295.0,66794.0,161253.0,72586.0
2026-04-14 18:05:35.191346,734365,1609507428829996,5028799363,-0.813984,0.011712,0.733952,-0.7175,0.5075,-3.19375,-6.04,-4.816001,27.080002,none,8,3.0,26575.0,155295.0,66794.0,161253.0,72586.0
2026-04-14 18:05:35.209050,734366,1609507428844548,5028814294,-0.856928,-0.005856,0.538752,-0.97125,0.79625,-3.17625,-4.984,-5.592001,27.064001,none,8,3.0,26575.0,155295.0,66794.0,161253.0,72586.0
2026-04-14 18:05:35.212631,734367,1609507428853484,5028822976,-0.856928,-0.005856,0.538752,-1.86375,0.48125,-2.8525,-4.984,-5.592001,27.064001,none,8,3.0,26575.0,155295.0,66794.0,161253.0,72586.0
2026-04-14 18:05:35.223054,734368,1609507428862444,5028831642,-0.813984,0.01952,0.76128,-2.485,0.27125,-3.4125,-5.096,-4.872,27.392002,none,8,3.0,26575.0,155295.0,66794.0,161253.0,72586.0
2026-04-14 18:05:35.235173,734369,1609507428876994,5028846752,-0.837408,0.01952,0.726144,-2.5025,0.28,-3.2375,-4.104,-5.048,26.728,none,8,3.0,26575.0,155295.0,66794.0,161253.0,72586.0
2026-04-14 18:05:35.245409,734370,1609507428886067,5028855470,-0.837408,0.01952,0.726144,-3.03625,0.2975,-3.12375,-4.104,-5.048,26.728,none,8,3.0,26575.0,155295.0,66794.0,161253.0,72586.0
2026-04-14 18:05:35.278930,734381,1609507428900756,5028870401,-0.804224,-0.02928,0.593408,-3.05375,0.2625,-3.3075,-4.856,-5.296001,26.336,none,8,3.0,26582.0,155248.0,66803.0,161205.0,72603.0
2026-04-14 18:05:35.281789,734382,1609507428909757,5028879272,-0.804224,-0.02928,0.593408,-2.7475,0.14875,-3.29,-4.856,-5.296001,26.336,none,8,3.0,26582.0,155248.0,66803.0,161205.0,72603.0
2026-04-14 18:05:35.306837,734383,1609507428924295,5028894186,-0.798368,-0.01952,0.636352,-2.47625,-0.09625,-2.9925,-5.376,-5.56,25.888,none,8,3.0,26582.0,155248.0,66803.0,161205.0,72603.0
2026-04-14 18:05:35.332539,734384,1609507428933221,5028902889,-0.798368,-0.01952,0.636352,-2.1525,-0.1225,-3.045,-5.376,-5.56,25.888,none,8,3.0,26582.0,155248.0,66803.0,161205.0,72603.0
2026-04-14 18:05:35.340419,734385,1609507428942152,5028911575,-0.895968,0.013664,0.569984,-2.44125,-0.2625,-2.7825,-4.088,-5.312,24.928001,none,8,3.0,26582.0,155248.0,66803.0,161205.0,72603.0
2026-04-14 18:05:35.342916,734386,1609507428956727,5028926597,-0.784704,-0.035136,0.66368,-2.7475,-0.2975,-2.555,-4.296,-5.232,25.968,none,8,3.0,26582.0,155248.0,66803.0,161205.0,72603.0
2026-04-14 18:05:35.356681,734387,1609507428965674,5028935305,-0.784704,-0.035136,0.66368,-3.29875,-0.5775,-2.6075,-4.296,-5.232,25.968,none,8,3.0,26582.0,155248.0,66803.0,161205.0,72603.0
2026-04-14 18:05:35.358906,734388,1609507428980285,5028950227,-0.894016,-0.00976,0.52704,-3.31625,-0.8575,-2.45,-4.504,-5.328,25.568,none,8,3.0,26582.0,155248.0,66803.0,161205.0,72603.0
2026-04-14 18:05:35.361438,734389,1609507428989297,5028958904,-0.894016,-0.00976,0.52704,-2.12625,-1.04125,-2.47625,-4.504,-5.328,25.568,none,8,3.0,26582.0,155248.0,66803.0,161205.0,72603.0
2026-04-14 18:05:35.391395,734400,1609507428998429,5028967813,-0.83936,0.015616,0.747616,-1.46125,-1.11125,-2.135,-4.288,-5.544,25.888,none,8,3.0,26551.0,155325.0,66762.0,161288.0,72553.0
2026-04-14 18:05:35.393985,734401,1609507429013107,5028982785,-0.83936,0.015616,0.747616,-0.77875,-0.7175,-2.205,-4.288,-5.544,25.888,none,8,3.0,26551.0,155325.0,66762.0,161288.0,72553.0
2026-04-14 18:05:35.396832,734402,1609507429022115,5028991519,-0.794464,-0.027328,0.616832,-1.35625,-0.6125,-2.24,-4.288,-5.536,25.880001,none,8,3.0,26551.0,155325.0,66762.0,161288.0,72553.0
2026-04-14 18:05:35.399296,734403,1609507429036651,5029006462,-0.784704,-0.003904,0.767136,-1.86375,-0.595,-2.1,-4.456,-5.176,28.112001,none,8,3.0,26551.0,155325.0,66762.0,161288.0,72553.0
2026-04-14 18:05:35.410809,734404,1609507429045663,5029015289,-0.784704,-0.003904,0.767136,-1.9075,-0.16625,-2.03,-4.456,-5.176,28.112001,none,8,3.0,26551.0,155325.0,66762.0,161288.0,72553.0
2026-04-14 18:05:35.414079,734405,1609507429054737,5029024000,-0.784704,-0.003904,0.767136,-1.855,0.07,-2.58125,-4.456,-5.176,28.112001,none,8,3.0,26551.0,155325.0,66762.0,161288.0,72553.0
2026-04-14 18:05:35.430116,734406,1609507429069288,5029039091,-0.85888,-0.015616,0.515328,-1.1025,0.3325,-2.31875,-5.448,-5.296001,23.912,none,8,3.0,26551.0,155325.0,66762.0,161288.0,72553.0
2026-04-14 18:05:35.438463,734407,1609507429078352,5029047799,-0.845216,-0.017568,0.501664,-0.945,0.595,-2.51125,-5.336,-5.12,26.544,none,8,3.0,26551.0,155325.0,66762.0,161288.0,72553.0
2026-04-14 18:05:35.467620,734408,1609507429092844,5029062726,-0.845216,-0.017568,0.501664,-1.25125,0.6825,-2.3625,-5.336,-5.12,26.544,none,8,3.0,26551.0,155325.0,66762.0,161288.0,72553.0
2026-04-14 18:05:35.497743,734419,1609507429101912,5029071505,-0.899872,0.011712,0.532896,-2.19625,0.1925,-2.2575,-4.92,-5.336,25.888,none,8,3.0,26521.0,155239.0,66698.0,161214.0,72467.0
2026-04-14 18:05:35.500270,734420,1609507429116526,5029086463,-0.813984,0.011712,0.75152,-3.26375,0.23625,-2.45875,-4.504,-5.232,25.968,none,8,3.0,26521.0,155239.0,66698.0,161214.0,72467.0
2026-04-14 18:05:35.502691,734421,1609507429125561,5029095207,-0.813984,0.011712,0.75152,-3.3425,-0.105,-1.70625,-4.504,-5.232,25.968,none,8,3.0,26521.0,155239.0,66698.0,161214.0,72467.0
2026-04-14 18:05:35.505212,734422,1609507429134538,5029103933,-0.813984,0.011712,0.75152,-2.96625,-0.4375,-2.065,-4.504,-5.232,25.968,none,8,3.0,26521.0,155239.0,66698.0,161214.0,72467.0
2026-04-14 18:05:35.509075,734423,1609507429149099,5029118822,-0.821792,0.00976,0.739808,-2.89625,-0.35,-2.24,-4.36,-5.44,25.848001,none,8,3.0,26521.0,155239.0,66698.0,161214.0,72467.0
2026-04-14 18:05:35.524088,734424,1609507429158053,5029127590,-0.79056,-0.027328,0.6344,-2.77375,-0.13125,-1.93375,-5.232,-4.824,30.048002,none,8,3.0,26521.0,155239.0,66698.0,161214.0,72467.0
2026-04-14 18:05:35.531175,734425,1609507429172605,5029142502,-0.79056,-0.027328,0.6344,-3.01875,-0.51625,-1.67125,-5.232,-4.824,30.048002,none,8,3.0,26521.0,155239.0,66698.0,161214.0,72467.0
2026-04-14 18:05:35.542455,734426,1609507429181548,5029151236,-0.854976,-0.025376,0.513376,-3.08875,-0.55125,-1.86375,-5.2,-5.336,26.744001,none,8,3.0,26521.0,155239.0,66698.0,161214.0,72467.0
2026-04-14 18:05:35.551419,734427,1609507429190466,5029159918,-0.854976,-0.025376,0.513376,-3.1675,-0.4025,-1.81125,-5.2,-5.336,26.744001,none,8,3.0,26521.0,155239.0,66698.0,161214.0,72467.0
2026-04-14 18:05:35.587766,734438,1609507429205025,5029175148,-0.802272,0.001952,0.757376,-2.84375,-0.07,-2.09125,-5.064,-5.408001,25.872002,none,8,3.0,26499.0,155222.0,66657.0,161202.0,72424.0
2026-04-14 18:05:35.590261,734439,1609507429214008,5029183942,-0.802272,0.001952,0.757376,-1.68875,-0.315,-2.17,-5.064,-5.408001,25.872002,none,8,3.0,26499.0,155222.0,66657.0,161202.0,72424.0
2026-04-14 18:05:35.592778,734440,1609507429228551,5029198890,-0.88816,0.017568,0.610976,-1.84625,-0.7175,-1.925,-3.984,-5.272,25.832,none,8,3.0,26499.0,155222.0,66657.0,161202.0,72424.0
2026-04-14 18:05:35.600245,734441,1609507429237528,5029207646,-0.882304,0.011712,0.61488,-2.1525,-0.27125,-2.07375,-4.272,-5.288,25.016,none,8,3.0,26499.0,155222.0,66657.0,161202.0,72424.0
2026-04-14 18:05:35.610237,734442,1609507429252046,5029220484,-0.882304,0.011712,0.61488,-3.36,-0.1225,-1.925,-4.272,-5.288,25.016,none,8,3.0,26499.0,155222.0,66657.0,161202.0,72424.0
2026-04-14 18:05:35.620012,734443,1609507429261344,5029231261,-0.813984,-0.03904,0.558272,-4.19125,-0.72625,-1.4175,-4.064,-5.088,26.048,none,8,3.0,26499.0,155222.0,66657.0,161202.0,72424.0
2026-04-14 18:05:35.629187,734444,1609507429270331,5029239976,-0.813984,-0.03904,0.558272,-4.55875,-0.97125,-1.715,-4.064,-5.088,26.048,none,8,3.0,26499.0,155222.0,66657.0,161202.0,72424.0
2026-04-14 18:05:35.645113,734445,1609507429284838,5029254909,-0.843264,-0.035136,0.511424,-2.94875,-0.72625,-1.9775,-5.096,-5.304,26.784,none,8,3.0,26499.0,155222.0,66657.0,161202.0,72424.0
2026-04-14 18:05:35.678884,734446,1609507429293778,5029263621,-0.843264,-0.035136,0.511424,-1.68875,0.1225,-1.96,-5.096,-5.304,26.784,none,8,3.0,26499.0,155222.0,66657.0,161202.0,72424.0
2026-04-14 18:05:35.751841,734457,1609507429309194,5029278685,-0.8784,0.025376,0.669536,-0.18375,0.23625,-2.31875,-5.096,-5.136,25.752,none,8,3.0,26475.0,155212.0,66665.0,161180.0,72426.0
2026-04-14 18:05:35.754399,734458,1609507429318266,5029287394,-0.892064,0.011712,0.544608,-0.11375,0.07875,-2.23125,-3.784,-5.496,27.336,none,8,3.0,26475.0,155212.0,66665.0,161180.0,72426.0
2026-04-14 18:05:35.756333,734459,1609507429327206,5029296107,-0.892064,0.011712,0.544608,-0.91,0.0175,-1.8375,-3.784,-5.496,27.336,none,8,3.0,26475.0,155212.0,66665.0,161180.0,72426.0
2026-04-14 18:05:35.759056,734460,1609507429342234,5029311025,-0.813984,0.0,0.72224,-1.44375,-0.88375,-1.6975,-4.192,-5.056,25.800001,none,8,3.0,26475.0,155212.0,66665.0,161180.0,72426.0
2026-04-14 18:05:35.761819,734461,1609507429351567,5029321754,-0.813984,0.0,0.72224,-2.905,-0.88375,-1.65375,-4.192,-5.056,25.800001,none,8,3.0,26475.0,155212.0,66665.0,161180.0,72426.0
2026-04-14 18:05:35.764347,734462,1609507429360628,5029330401,-0.884256,0.011712,0.628544,-2.86125,-0.88375,-1.7675,-4.4,-5.352,25.920002,none,8,3.0,26475.0,155212.0,66665.0,161180.0,72426.0
2026-04-14 18:05:35.766821,734463,1609507429375145,5029345311,-0.884256,0.011712,0.628544,-2.59875,-0.86625,-1.86375,-4.4,-5.352,25.920002,none,8,3.0,26475.0,155212.0,66665.0,161180.0,72426.0
2026-04-14 18:05:35.769306,734464,1609507429384028,5029354052,-0.786656,-0.02928,0.640256,-1.7325,-0.6825,-2.0125,-4.32,-5.656,25.872002,none,8,3.0,26475.0,155212.0,66665.0,161180.0,72426.0
2026-04-14 18:05:35.796832,734475,1609507429398784,5029369049,-0.892064,0.015616,0.550464,-0.595,-0.42,-1.925,-4.176,-5.6,25.840002,none,8,3.0,26448.0,155189.0,66634.0,161171.0,72394.0
2026-04-14 18:05:35.799327,734476,1609507429408177,5029377837,-0.892064,0.015616,0.550464,-0.30625,-0.28875,-2.05625,-4.176,-5.6,25.840002,none,8,3.0,26448.0,155189.0,66634.0,161171.0,72394.0
2026-04-14 18:05:35.801582,734477,1609507429417156,5029386602,-0.892064,0.015616,0.550464,-0.06125,-0.34125,-2.10875,-4.176,-5.6,25.840002,none,8,3.0,26448.0,155189.0,66634.0,161171.0,72394.0
2026-04-14 18:05:35.805655,734478,1609507429431686,5029401523,-0.85888,0.025376,0.71248,-0.735,-0.49,-1.82875,-4.216,-5.376,23.984001,none,8,3.0,26448.0,155189.0,66634.0,161171.0,72394.0
2026-04-14 18:05:35.806272,734479,1609507429440680,5029410461,-0.815936,0.007808,0.747616,-1.8025,-1.04125,-1.4875,-4.12,-5.12,25.848001,none,8,3.0,26448.0,155189.0,66634.0,161171.0,72394.0
2026-04-14 18:05:35.815352,734480,1609507429455500,5029425468,-0.815936,0.007808,0.747616,-2.45,-0.9625,-1.505,-4.12,-5.12,25.848001,none,8,3.0,26448.0,155189.0,66634.0,161171.0,72394.0
2026-04-14 18:05:35.824963,734481,1609507429464441,5029434160,-0.88816,0.00976,0.60512,-2.49375,-1.07625,-1.785,-3.984,-5.464,26.344002,none,8,3.0,26448.0,155189.0,66634.0,161171.0,72394.0
2026-04-14 18:05:35.839167,734482,1609507429479076,5029449048,-0.808128,-0.027328,0.59536,-1.96875,-0.8575,-1.9775,-4.776,-5.288,27.928001,none,8,3.0,26448.0,155189.0,66634.0,161171.0,72394.0
2026-04-14 18:05:35.849023,734483,1609507429488153,5029457738,-0.808128,-0.027328,0.59536,-1.05,-0.7525,-2.12625,-4.776,-5.288,27.928001,none,8,3.0,26448.0,155189.0,66634.0,161171.0,72394.0
2026-04-14 18:05:35.855544,734484,1609507429497133,5029466483,-0.808128,-0.027328,0.59536,-0.76125,-0.41125,-1.96875,-4.776,-5.288,27.928001,none,8,3.0,26448.0,155189.0,66634.0,161171.0,72394.0
2026-04-14 18:05:35.885585,734495,1609507429511761,5029481535,-0.837408,0.003904,0.64416,-0.525,-0.175,-1.9425,-5.232,-5.64,24.136002,none,8,3.0,26432.0,155151.0,66620.0,161182.0,72380.0
2026-04-14 18:05:35.888080,734496,1609507429520888,5029490281,-0.792512,-0.021472,0.618784,-0.5425,-0.30625,-1.75875,-4.4,-5.480001,25.168001,none,8,3.0,26432.0,155151.0,66620.0,161182.0,72380.0
2026-04-14 18:05:35.894316,734497,1609507429535432,5029505261,-0.792512,-0.021472,0.618784,-1.28625,-0.16625,-2.51125,-4.4,-5.480001,25.168001,none,8,3.0,26432.0,155151.0,66620.0,161182.0,72380.0
2026-04-14 18:05:35.909323,734498,1609507429544405,5029513964,-0.8296,0.015616,0.735904,-2.21375,-0.21875,-2.6075,-4.168,-5.656,25.712002,none,8,3.0,26432.0,155151.0,66620.0,161182.0,72380.0
2026-04-14 18:05:35.912609,734499,1609507429553333,5029522648,-0.8296,0.015616,0.735904,-2.87,-0.455,-2.66,-4.168,-5.656,25.712002,none,8,3.0,26432.0,155151.0,66620.0,161182.0,72380.0
2026-04-14 18:05:35.928019,734500,1609507429567800,5029537560,-0.856928,0.005856,0.651968,-2.975,-0.69125,-2.24,-4.184,-5.44,26.536001,none,8,3.0,26432.0,155151.0,66620.0,161182.0,72380.0
2026-04-14 18:05:35.935455,734501,1609507429576870,5029546278,-0.856928,0.005856,0.651968,-2.6775,-0.53375,-2.0475,-4.184,-5.44,26.536001,none,8,3.0,26432.0,155151.0,66620.0,161182.0,72380.0
2026-04-14 18:05:35.954299,734502,1609507429591593,5029561183,-0.812032,-0.025376,0.56608,-1.785,0.07875,-2.3625,-4.96,-5.0,26.536001,none,8,3.0,26432.0,155151.0,66620.0,161182.0,72380.0
2026-04-14 18:05:35.982599,734513,1609507429600772,5029569934,-0.8784,0.02928,0.661728,-0.735,0.105,-2.35375,-5.608,-5.192,25.192001,none,8,3.0,26443.0,155104.0,66627.0,161157.0,72394.0
2026-04-14 18:05:35.985577,734514,1609507429609944,5029578829,-0.8784,0.02928,0.661728,-0.48125,0.25375,-2.37125,-5.608,-5.192,25.192001,none,8,3.0,26443.0,155104.0,66627.0,161157.0,72394.0
2026-04-14 18:05:35.988082,734515,1609507429624963,5029593846,-0.84912,0.013664,0.685152,-1.25125,-0.11375,-2.30125,-4.192,-5.824,25.648,none,8,3.0,26443.0,155104.0,66627.0,161157.0,72394.0
2026-04-14 18:05:35.992569,734516,1609507429633939,5029602561,-0.84912,0.013664,0.685152,-2.6425,-0.60375,-2.1,-4.192,-5.824,25.648,none,8,3.0,26443.0,155104.0,66627.0,161157.0,72394.0
2026-04-14 18:05:36.007680,734517,1609507429648703,5029617459,-0.794464,-0.02928,0.640256,-2.66875,-0.7175,-1.58375,-4.048,-5.584,25.616001,none,8,3.0,26443.0,155104.0,66627.0,161157.0,72394.0
2026-04-14 18:05:36.019166,734518,1609507429658155,5029628259,-0.794464,-0.02928,0.640256,-1.75,-0.84875,-1.7325,-4.048,-5.584,25.616001,none,8,3.0,26443.0,155104.0,66627.0,161157.0,72394.0
2026-04-14 18:05:36.044286,734519,1609507429667187,5029637070,-0.7808,-0.015616,0.696864,-1.2075,-0.7525,-1.81125,-4.384,-5.512,27.168001,none,8,3.0,26443.0,155104.0,66627.0,161157.0,72394.0
2026-04-14 18:05:36.068972,734520,1609507429681678,5029651956,-0.890112,0.021472,0.5856,-0.07,-0.35875,-1.93375,-5.08,-5.696,25.824001,none,8,3.0,26443.0,155104.0,66627.0,161157.0,72394.0
2026-04-14 18:05:36.081811,734521,1609507429690603,5029660646,-0.890112,0.021472,0.5856,-0.1925,-0.56,-1.89875,-5.08,-5.696,25.824001,none,8,3.0,26443.0,155104.0,66627.0,161157.0,72394.0
2026-04-14 18:05:36.156806,734532,1609507429705253,5029673815,-0.884256,0.003904,0.538752,-1.46125,-0.1925,-1.96875,-4.616,-5.568,25.728,none,8,3.0,26427.0,155111.0,66610.0,161193.0,72348.0
2026-04-14 18:05:36.159308,734533,1609507429714685,5029684578,-0.884256,0.003904,0.538752,-2.14375,0.0,-1.6625,-4.616,-5.568,25.728,none,8,3.0,26427.0,155111.0,66610.0,161193.0,72348.0
2026-04-14 18:05:36.161302,734534,1609507429723594,5029693287,-0.882304,-0.003904,0.534848,-2.555,-0.07,-1.56625,-4.104,-5.536,25.720001,none,8,3.0,26427.0,155111.0,66610.0,161193.0,72348.0
2026-04-14 18:05:36.164335,734535,1609507429738164,5029708202,-0.882304,-0.003904,0.534848,-1.88125,0.2625,-1.79375,-4.104,-5.536,25.720001,none,8,3.0,26427.0,155111.0,66610.0,161193.0,72348.0
2026-04-14 18:05:36.166840,734536,1609507429747098,5029716893,-0.7808,-0.017568,0.679296,-1.295,0.34125,-2.19625,-4.256,-5.616,25.448002,none,8,3.0,26427.0,155111.0,66610.0,161193.0,72348.0
2026-04-14 18:05:36.169192,734537,1609507429761704,5029731837,-0.880352,0.001952,0.491904,0.1575,0.14,-2.6425,-4.128,-5.336,24.048,none,8,3.0,26427.0,155111.0,66610.0,161193.0,72348.0
2026-04-14 18:05:36.171829,734538,1609507429770638,5029740513,-0.880352,0.001952,0.491904,0.14875,-0.0175,-2.1525,-4.128,-5.336,24.048,none,8,3.0,26427.0,155111.0,66610.0,161193.0,72348.0
2026-04-14 18:05:36.174425,734539,1609507429779573,5029749199,-0.880352,0.001952,0.491904,-0.58625,-0.2975,-1.79375,-4.128,-5.336,24.048,none,8,3.0,26427.0,155111.0,66610.0,161193.0,72348.0
2026-04-14 18:05:36.176455,734540,1609507429794139,5029764162,-0.802272,0.015616,0.753472,-1.4525,-0.41125,-1.81125,-3.976,-5.464,25.752,none,8,3.0,26427.0,155111.0,66610.0,161193.0,72348.0
2026-04-14 18:05:36.204156,734551,1609507429803590,5029772966,-0.792512,-0.013664,0.675392,-2.1,-0.81375,-1.575,-4.224,-5.592001,25.672,none,8,3.0,26375.0,155083.0,66511.0,161208.0,72259.0
2026-04-14 18:05:36.206653,734552,1609507429818323,5029788089,-0.792512,-0.013664,0.675392,-2.30125,-1.02375,-1.54,-4.224,-5.592001,25.672,none,8,3.0,26375.0,155083.0,66511.0,161208.0,72259.0
2026-04-14 18:05:36.208816,734553,1609507429827381,5029796808,-0.79056,-0.005856,0.732,-2.5725,-0.8575,-1.65375,-4.128,-5.824,25.704,none,8,3.0,26375.0,155083.0,66511.0,161208.0,72259.0
2026-04-14 18:05:36.211687,734554,1609507429836325,5029805502,-0.79056,-0.005856,0.732,-2.12625,-0.49875,-1.89,-4.128,-5.824,25.704,none,8,3.0,26375.0,155083.0,66511.0,161208.0,72259.0
2026-04-14 18:05:36.214194,734555,1609507429851078,5029820456,-0.786656,-0.027328,0.646112,-1.49625,-0.035,-2.16125,-4.216,-5.672,26.568,none,8,3.0,26375.0,155083.0,66511.0,161208.0,72259.0
2026-04-14 18:05:36.219269,734556,1609507429860182,5029829193,-0.786656,-0.027328,0.646112,-1.5225,-0.56875,-2.16125,-4.216,-5.672,26.568,none,8,3.0,26375.0,155083.0,66511.0,161208.0,72259.0
2026-04-14 18:05:36.234030,734557,1609507429874707,5029844117,-0.882304,0.021472,0.638304,-1.74125,-0.525,-2.1875,-4.576,-5.0,25.872002,none,8,3.0,26375.0,155083.0,66511.0,161208.0,72259.0
2026-04-14 18:05:36.242658,734558,1609507429883654,5029852809,-0.884256,0.027328,0.640256,-0.7175,-0.58625,-2.0825,-5.136,-5.4,26.472002,none,8,3.0,26375.0,155083.0,66511.0,161208.0,72259.0
2026-04-14 18:05:36.251795,734559,1609507429892745,5029861557,-0.884256,0.027328,0.640256,-0.39375,-0.90125,-2.07375,-5.136,-5.4,26.472002,none,8,3.0,26375.0,155083.0,66511.0,161208.0,72259.0
2026-04-14 18:05:36.286370,734570,1609507429907844,5029877010,-0.792512,-0.013664,0.630496,-0.7,-0.385,-1.96,-4.216,-5.56,25.776001,none,8,3.0,26347.0,155066.0,66489.0,161138.0,72236.0
2026-04-14 18:05:36.288963,734571,1609507429916962,5029885715,-0.792512,-0.013664,0.630496,-0.95375,-0.1925,-1.925,-4.216,-5.56,25.776001,none,8,3.0,26347.0,155066.0,66489.0,161138.0,72236.0
2026-04-14 18:05:36.291288,734572,1609507429926290,5029896592,-0.890112,0.005856,0.515328,-1.49625,-0.60375,-1.72375,-5.088,-5.496,26.464,none,8,3.0,26347.0,155066.0,66489.0,161138.0,72236.0
2026-04-14 18:05:36.299259,734573,1609507429940822,5029909451,-0.890112,0.005856,0.515328,-1.6975,-0.77875,-1.9075,-5.088,-5.496,26.464,none,8,3.0,26347.0,155066.0,66489.0,161138.0,72236.0
2026-04-14 18:05:36.310757,734574,1609507429950062,5029920249,-0.808128,-0.021472,0.591456,-1.9775,-0.77,-1.84625,-4.448,-5.544,26.52,none,8,3.0,26347.0,155066.0,66489.0,161138.0,72236.0
2026-04-14 18:05:36.324406,734575,1609507429964664,5029933076,-0.831552,-0.017568,0.521184,-0.79625,-0.34125,-2.23125,-5.208,-5.632,26.472002,none,8,3.0,26347.0,155066.0,66489.0,161138.0,72236.0
2026-04-14 18:05:36.334100,734576,1609507429973899,5029943851,-0.831552,-0.017568,0.521184,-0.37625,-0.3675,-2.1875,-5.208,-5.632,26.472002,none,8,3.0,26347.0,155066.0,66489.0,161138.0,72236.0
2026-04-14 18:05:36.350413,734577,1609507429988397,5029958749,-0.778848,-0.015616,0.671488,-0.56,0.07,-2.38875,-5.688,-5.288,26.128002,none,8,3.0,26347.0,155066.0,66489.0,161138.0,72236.0
2026-04-14 18:05:36.357642,734578,1609507429997314,5029967433,-0.778848,-0.015616,0.671488,-1.2075,-0.3675,-2.415,-5.688,-5.288,26.128002,none,8,3.0,26347.0,155066.0,66489.0,161138.0,72236.0
2026-04-14 18:05:36.411332,734589,1609507430006530,5029976245,-0.894016,0.011712,0.521184,-1.26,-0.56,-2.3975,-4.528,-5.592001,25.688002,none,8,3.0,26341.0,155045.0,66472.0,161162.0,72220.0
2026-04-14 18:05:36.436848,734590,1609507430021062,5029991175,-0.894016,0.011712,0.521184,-1.60125,-0.6125,-2.1175,-4.528,-5.592001,25.688002,none,8,3.0,26341.0,155045.0,66472.0,161162.0,72220.0
2026-04-14 18:05:36.439353,734591,1609507430030118,5029999921,-0.894016,0.021472,0.5856,-1.54875,-0.875,-1.925,-5.248,-5.336,24.264002,none,8,3.0,26341.0,155045.0,66472.0,161162.0,72220.0
2026-04-14 18:05:36.441453,734592,1609507430044616,5030014885,-0.792512,-0.01952,0.626592,-1.05,-0.8225,-2.2575,-4.904,-5.544,26.568,none,8,3.0,26341.0,155045.0,66472.0,161162.0,72220.0
2026-04-14 18:05:36.444307,734593,1609507430053742,5030023569,-0.792512,-0.01952,0.626592,-1.19,-1.0325,-2.1875,-4.904,-5.544,26.568,none,8,3.0,26341.0,155045.0,66472.0,161162.0,72220.0
2026-04-14 18:05:36.446846,734594,1609507430062871,5030032293,-0.792512,-0.023424,0.620736,-1.68,-0.56,-2.16125,-5.304,-5.408001,26.288002,none,8,3.0,26341.0,155045.0,66472.0,161162.0,72220.0
2026-04-14 18:05:36.449311,734595,1609507430077349,5030047221,-0.792512,-0.023424,0.620736,-2.0125,-0.74375,-2.63375,-5.304,-5.408001,26.288002,none,8,3.0,26341.0,155045.0,66472.0,161162.0,72220.0
2026-04-14 18:05:36.451837,734596,1609507430086361,5030055910,-0.815936,0.011712,0.724192,-1.225,-0.5775,-2.59875,-4.984,-6.104,25.68,none,8,3.0,26341.0,155045.0,66472.0,161162.0,72220.0
2026-04-14 18:05:36.461384,734597,1609507430101022,5030070813,-0.815936,0.011712,0.724192,-1.11125,-0.69125,-2.52,-4.984,-6.104,25.68,none,8,3.0,26341.0,155045.0,66472.0,161162.0,72220.0
2026-04-14 18:05:36.492956,734608,1609507430110043,5030079577,-0.806176,-0.023424,0.569984,-1.30375,-0.49,-1.79375,-4.32,-5.960001,26.240002,none,8,3.0,26319.0,155040.0,66456.0,161142.0,72194.0
2026-04-14 18:05:36.495339,734609,1609507430119218,5030088331,-0.806176,-0.023424,0.569984,-1.23375,-0.665,-1.855,-4.32,-5.960001,26.240002,none,8,3.0,26319.0,155040.0,66456.0,161142.0,72194.0
2026-04-14 18:05:36.497979,734610,1609507430133830,5030103309,-0.784704,0.001952,0.745664,-1.16375,-0.665,-1.95125,-5.376,-5.416,27.232,none,8,3.0,26319.0,155040.0,66456.0,161142.0,72194.0
2026-04-14 18:05:36.503022,734611,1609507430142793,5030112038,-0.85888,-0.005856,0.50752,-1.67125,-0.67375,-2.3625,-5.376,-5.416,25.136002,none,8,3.0,26319.0,155040.0,66456.0,161142.0,72194.0
2026-04-14 18:05:36.519299,734612,1609507430157223,5030127148,-0.85888,-0.005856,0.50752,-1.5225,-0.60375,-2.1875,-5.768,-5.392,25.136002,none,8,3.0,26319.0,155040.0,66456.0,161142.0,72194.0
2026-04-14 18:05:36.526755,734613,1609507430166139,5030135841,-0.835456,0.023424,0.708576,-1.54,-0.56875,-2.14375,-5.264,-5.688,25.864,none,8,3.0,26319.0,155040.0,66456.0,161142.0,72194.0
2026-04-14 18:05:36.540096,734614,1609507430180713,5030150974,-0.835456,0.023424,0.708576,-1.40875,-0.32375,-2.31875,-5.264,-5.688,25.864,none,8,3.0,26319.0,155040.0,66456.0,161142.0,72194.0
2026-04-14 18:05:36.550363,734615,1609507430189670,5030159678,-0.890112,0.013664,0.52704,-1.785,-0.42875,-2.1175,-4.104,-5.856,24.560001,none,8,3.0,26319.0,155040.0,66456.0,161142.0,72194.0
2026-04-14 18:05:36.557585,734616,1609507430198636,5030168363,-0.890112,0.013664,0.52704,-1.96,-0.65625,-1.89875,-4.104,-5.856,24.560001,none,8,3.0,26319.0,155040.0,66456.0,161142.0,72194.0
2026-04-14 18:05:36.598996,734627,1609507430213358,5030183321,-0.815936,-0.007808,0.626592,-2.21375,-0.60375,-1.56625,-4.08,-5.936,25.376001,none,8,3.0,26312.0,154995.0,66445.0,161113.0,72180.0
2026-04-14 18:05:36.601816,734628,1609507430222477,5030192032,-0.815936,-0.007808,0.626592,-2.12625,-0.595,-1.93375,-4.08,-5.936,25.376001,none,8,3.0,26312.0,154995.0,66445.0,161113.0,72180.0
2026-04-14 18:05:36.604254,734629,1609507430236977,5030206949,-0.794464,-0.01952,0.601216,-1.88125,-0.2275,-2.065,-4.192,-5.72,25.672,none,8,3.0,26312.0,154995.0,66445.0,161113.0,72180.0
2026-04-14 18:05:36.606852,734630,1609507430245999,5030215658,-0.81984,0.02928,0.755424,-1.04125,-0.30625,-2.03875,-4.888,-5.504,26.688002,none,8,3.0,26312.0,154995.0,66445.0,161113.0,72180.0
2026-04-14 18:05:36.614034,734631,1609507430254934,5030224387,-0.81984,0.02928,0.755424,-1.4,-0.245,-1.7325,-4.888,-5.504,26.688002,none,8,3.0,26312.0,154995.0,66445.0,161113.0,72180.0
2026-04-14 18:05:36.629331,734632,1609507430269613,5030239309,-0.876448,0.0,0.49776,-1.96875,-0.35,-2.1,-5.152,-5.744,25.832,none,8,3.0,26312.0,154995.0,66445.0,161113.0,72180.0
2026-04-14 18:05:36.638041,734633,1609507430278545,5030247999,-0.876448,0.0,0.49776,-2.3975,-0.04375,-2.275,-5.152,-5.744,25.832,none,8,3.0,26312.0,154995.0,66445.0,161113.0,72180.0
2026-04-14 18:05:36.654804,734634,1609507430293073,5030262876,-0.823744,0.01952,0.759328,-2.40625,-0.28,-1.96,-4.488,-6.024,25.768002,none,8,3.0,26312.0,154995.0,66445.0,161113.0,72180.0
2026-04-14 18:05:36.661171,734635,1609507430302043,5030271610,-0.823744,0.01952,0.759328,-1.6975,-0.315,-2.14375,-4.488,-6.024,25.768002,none,8,3.0,26312.0,154995.0,66445.0,161113.0,72180.0
2026-04-14 18:05:36.691331,734646,1609507430316606,5030286562,-0.874496,0.011712,0.558272,-0.84875,-0.63875,-1.91625,-4.08,-5.792,25.480001,none,8,3.0,26306.0,154942.0,66436.0,161098.0,72157.0
2026-04-14 18:05:36.694242,734647,1609507430325553,5030295260,-0.870592,0.023424,0.610976,-1.26,-0.6825,-1.63625,-4.912,-5.256,27.088001,none,8,3.0,26306.0,154942.0,66436.0,161098.0,72157.0
2026-04-14 18:05:36.696856,734648,1609507430334592,5030303923,-0.870592,0.023424,0.610976,-1.89,-0.42,-1.72375,-4.912,-5.256,27.088001,none,8,3.0,26306.0,154942.0,66436.0,161098.0,72157.0
2026-04-14 18:05:36.709313,734649,1609507430349078,5030318857,-0.866688,-0.007808,0.50752,-3.01,-0.7875,-1.7675,-5.904,-5.448,27.464,none,8,3.0,26306.0,154942.0,66436.0,161098.0,72157.0
2026-04-14 18:05:36.717741,734650,1609507430358016,5030327548,-0.866688,-0.007808,0.50752,-3.115,-0.63875,-1.95125,-5.904,-5.448,27.464,none,8,3.0,26306.0,154942.0,66436.0,161098.0,72157.0
2026-04-14 18:05:36.748385,734651,1609507430372531,5030342465,-0.788608,0.003904,0.759328,-2.9225,-0.28875,-2.14375,-5.088,-6.000001,25.312,none,8,3.0,26306.0,154942.0,66436.0,161098.0,72157.0
2026-04-14 18:05:36.749004,734652,1609507430381453,5030351158,-0.788608,0.003904,0.759328,-1.9425,0.02625,-1.81125,-5.088,-6.000001,25.312,none,8,3.0,26306.0,154942.0,66436.0,161098.0,72157.0
2026-04-14 18:05:36.751279,734653,1609507430390469,5030359848,-0.812032,0.023424,0.757376,-1.19,0.11375,-1.56625,-5.176,-5.44,26.752,none,8,3.0,26306.0,154942.0,66436.0,161098.0,72157.0
2026-04-14 18:05:36.848069,734664,1609507430405206,5030374792,-0.890112,0.031232,0.60512,-1.085,0.0,-1.9425,-4.128,-5.936,25.656002,none,8,3.0,26253.0,154895.0,66391.0,161060.0,72106.0
2026-04-14 18:05:36.849955,734665,1609507430414388,5030383550,-0.890112,0.031232,0.60512,-2.0475,-0.18375,-1.9425,-4.128,-5.936,25.656002,none,8,3.0,26253.0,154895.0,66391.0,161060.0,72106.0
2026-04-14 18:05:36.852599,734666,1609507430428983,5030398514,-0.866688,-0.005856,0.495808,-2.2575,-0.58625,-1.715,-4.248,-5.816001,26.608002,none,8,3.0,26253.0,154895.0,66391.0,161060.0,72106.0
2026-04-14 18:05:36.855105,734667,1609507430437881,5030407182,-0.866688,-0.005856,0.495808,-2.45,-0.72625,-1.98625,-4.248,-5.816001,26.608002,none,8,3.0,26253.0,154895.0,66391.0,161060.0,72106.0
2026-04-14 18:05:36.857580,734668,1609507430452511,5030422052,-0.8784,0.031232,0.648064,-2.59,-0.665,-2.07375,-5.176,-5.664,26.36,none,8,3.0,26253.0,154895.0,66391.0,161060.0,72106.0
2026-04-14 18:05:36.860017,734669,1609507430461646,5030430751,-0.8784,0.031232,0.648064,-2.2575,-0.97125,-1.95125,-5.176,-5.664,26.36,none,8,3.0,26253.0,154895.0,66391.0,161060.0,72106.0
2026-04-14 18:05:36.862656,734670,1609507430470603,5030439436,-0.817888,0.021472,0.749568,-2.2575,-1.225,-1.86375,-5.448,-5.656,26.992,none,8,3.0,26253.0,154895.0,66391.0,161060.0,72106.0
2026-04-14 18:05:36.865110,734671,1609507430485146,5030454376,-0.851072,0.027328,0.696864,-2.3975,-1.23375,-1.56625,-5.448,-4.928001,27.496002,none,8,3.0,26253.0,154895.0,66391.0,161060.0,72106.0
2026-04-14 18:05:36.867689,734672,1609507430494365,5030463127,-0.851072,0.027328,0.696864,-2.2575,-0.805,-1.74125,-5.08,-4.928001,27.496002,none,8,3.0,26253.0,154895.0,66391.0,161060.0,72106.0
2026-04-14 18:05:36.897697,734683,1609507430503714,5030474034,-0.851072,0.027328,0.696864,-1.8025,-1.33875,-2.205,-5.08,-4.928001,27.496002,none,8,3.0,26225.0,154850.0,66300.0,161043.0,72006.0
2026-04-14 18:05:36.900294,734684,1609507430518248,5030487009,-0.804224,-0.017568,0.579744,-1.98625,-1.2075,-1.995,-5.296001,-5.808,27.648,none,8,3.0,26225.0,154850.0,66300.0,161043.0,72006.0
2026-04-14 18:05:36.902666,734685,1609507430527607,5030497792,-0.886208,0.023424,0.571936,-2.2575,-0.98,-1.81125,-5.112001,-5.328,27.568,none,8,3.0,26225.0,154850.0,66300.0,161043.0,72006.0
2026-04-14 18:05:36.905280,734686,1609507430542149,5030510649,-0.886208,0.023424,0.571936,-2.17,-0.81375,-1.7325,-5.112001,-5.328,27.568,none,8,3.0,26225.0,154850.0,66300.0,161043.0,72006.0
2026-04-14 18:05:36.912844,734687,1609507430551540,5030521426,-0.792512,0.007808,0.745664,-2.205,-0.5425,-1.60125,-5.84,-5.128,27.728,none,8,3.0,26225.0,154850.0,66300.0,161043.0,72006.0
2026-04-14 18:05:36.919061,734688,1609507430560704,5030530304,-0.792512,0.007808,0.745664,-2.17,-0.63875,-1.3825,-5.84,-5.128,27.728,none,8,3.0,26225.0,154850.0,66300.0,161043.0,72006.0
2026-04-14 18:05:36.935143,734689,1609507430575339,5030545213,-0.833504,0.027328,0.743712,-2.05625,-0.6125,-1.37375,-5.312,-5.92,25.624,none,8,3.0,26225.0,154850.0,66300.0,161043.0,72006.0
2026-04-14 18:05:36.943946,734690,1609507430584279,5030553899,-0.833504,0.027328,0.743712,-1.785,-0.30625,-1.5575,-5.312,-5.92,25.624,none,8,3.0,26225.0,154850.0,66300.0,161043.0,72006.0
2026-04-14 18:05:36.958946,734691,1609507430598766,5030568813,-0.862784,0.01952,0.659776,-0.8225,-0.42875,-1.015,-4.288,-5.736,24.872002,none,8,3.0,26225.0,154850.0,66300.0,161043.0,72006.0
2026-04-14 18:05:36.990263,734702,1609507430608054,5030577619,-0.874496,0.00976,0.583648,-0.5775,-0.83125,-1.09375,-4.472,-5.848,25.664001,none,8,3.0,26240.0,154831.0,66313.0,161042.0,72029.0
2026-04-14 18:05:36.992531,734703,1609507430617135,5030586369,-0.874496,0.00976,0.583648,0.07875,-1.085,-0.9625,-4.472,-5.848,25.664001,none,8,3.0,26240.0,154831.0,66313.0,161042.0,72029.0
2026-04-14 18:05:37.000953,734704,1609507430631654,5030601396,-0.798368,-0.00976,0.689056,0.18375,-0.77875,-0.7525,-5.344,-5.480001,26.616001,none,8,3.0,26240.0,154831.0,66313.0,161042.0,72029.0
2026-04-14 18:05:37.003094,734705,1609507430640691,5030610191,-0.798368,-0.00976,0.689056,-0.04375,-1.295,-0.5425,-5.344,-5.480001,26.616001,none,8,3.0,26240.0,154831.0,66313.0,161042.0,72029.0
2026-04-14 18:05:37.015585,734706,1609507430655233,5030625103,-0.890112,-0.003904,0.509472,-0.1575,-1.30375,-0.00875,-5.032,-5.736,26.320002,none,8,3.0,26240.0,154831.0,66313.0,161042.0,72029.0
2026-04-14 18:05:37.026028,734707,1609507430664274,5030633794,-0.890112,-0.003904,0.509472,-0.455,-1.3825,0.18375,-5.032,-5.736,26.320002,none,8,3.0,26240.0,154831.0,66313.0,161042.0,72029.0
2026-04-14 18:05:37.038789,734708,1609507430678757,5030648677,-0.886208,-0.00976,0.503616,-0.0525,-1.645,0.5075,-4.12,-5.976,22.816002,none,8,3.0,26240.0,154831.0,66313.0,161042.0,72029.0
2026-04-14 18:05:37.047382,734709,1609507430687706,5030657379,-0.7808,-0.011712,0.726144,0.8575,-1.6625,0.49,-5.304,-5.864,26.512001,none,8,3.0,26240.0,154831.0,66313.0,161042.0,72029.0
2026-04-14 18:05:37.056223,734710,1609507430696630,5030666143,-0.7808,-0.011712,0.726144,1.70625,-1.53125,0.41125,-5.304,-5.864,26.512001,none,8,3.0,26240.0,154831.0,66313.0,161042.0,72029.0
2026-04-14 18:05:37.091417,734721,1609507430711368,5030681483,-0.874496,0.0,0.495808,3.10625,-1.26875,-0.07875,-4.624,-6.136,25.904001,none,8,3.0,26216.0,154822.0,66301.0,161046.0,72013.0
2026-04-14 18:05:37.094368,734722,1609507430720423,5030690246,-0.874496,0.0,0.495808,3.9025,-0.595,-0.6475,-4.624,-6.136,25.904001,none,8,3.0,26216.0,154822.0,66301.0,161046.0,72013.0
2026-04-14 18:05:37.096876,734723,1609507430734988,5030705221,-0.884256,0.040992,0.6344,3.89375,-0.56875,-1.2075,-5.744,-5.664,27.896002,none,8,3.0,26216.0,154822.0,66301.0,161046.0,72013.0
2026-04-14 18:05:37.106872,734724,1609507430743955,5030713923,-0.884256,0.040992,0.6344,3.2375,-0.595,-1.155,-5.744,-5.664,27.896002,none,8,3.0,26216.0,154822.0,66301.0,161046.0,72013.0
2026-04-14 18:05:37.113061,734725,1609507430752894,5030722618,-0.88816,0.042944,0.612928,3.05375,-0.28,-1.56625,-5.072,-5.992,25.944002,none,8,3.0,26216.0,154822.0,66301.0,161046.0,72013.0
2026-04-14 18:05:37.152973,734726,1609507430767365,5030737518,-0.880352,0.02928,0.525088,2.65125,-0.2625,-1.6975,-4.72,-6.408001,26.192001,none,8,3.0,26216.0,154822.0,66301.0,161046.0,72013.0
2026-04-14 18:05:37.173069,734727,1609507430776279,5030746229,-0.880352,0.02928,0.525088,2.26625,-0.14875,-2.03875,-4.72,-6.408001,26.192001,none,8,3.0,26216.0,154822.0,66301.0,161046.0,72013.0
2026-04-14 18:05:37.175176,734728,1609507430790765,5030761118,-0.862784,0.046848,0.6344,1.925,-0.7875,-1.715,-4.328,-6.432,25.472002,none,8,3.0,26216.0,154822.0,66301.0,161046.0,72013.0
2026-04-14 18:05:37.178037,734729,1609507430799687,5030769803,-0.862784,0.046848,0.6344,1.645,-1.3825,-1.33875,-4.328,-6.432,25.472002,none,8,3.0,26216.0,154822.0,66301.0,161046.0,72013.0
2026-04-14 18:05:37.205577,734740,1609507430814251,5030782671,-0.798368,0.003904,0.568032,1.12875,-0.875,-1.68,-4.672,-6.688,24.512001,none,8,3.0,26290.0,154478.0,66427.0,160701.0,72164.0
2026-04-14 18:05:37.207529,734741,1609507430823751,5030793544,-0.798368,0.003904,0.568032,0.97125,-0.53375,-2.00375,-4.672,-6.688,24.512001,none,8,3.0,26290.0,154478.0,66427.0,160701.0,72164.0
2026-04-14 18:05:37.213468,734742,1609507430832722,5030802267,-0.772992,0.007808,0.6344,0.56,-0.455,-1.6275,-4.672,-6.176,26.512001,none,8,3.0,26290.0,154478.0,66427.0,160701.0,72164.0
2026-04-14 18:05:37.228761,734743,1609507430847358,5030817250,-0.786656,0.013664,0.597312,0.665,0.2625,-2.205,-4.672,-6.28,24.76,none,8,3.0,26290.0,154478.0,66427.0,160701.0,72164.0
2026-04-14 18:05:37.231756,734744,1609507430856487,5030825970,-0.786656,0.013664,0.597312,0.4725,0.55125,-2.485,-5.504,-6.28,24.76,none,8,3.0,26290.0,154478.0,66427.0,160701.0,72164.0
2026-04-14 18:05:37.235564,734745,1609507430871002,5030840879,-0.7808,0.025376,0.626592,0.09625,1.1375,-2.5375,-4.856,-6.488,25.472002,none,8,3.0,26290.0,154478.0,66427.0,160701.0,72164.0
2026-04-14 18:05:37.241205,734746,1609507430879949,5030849570,-0.7808,0.025376,0.626592,0.4725,0.9975,-2.9575,-4.856,-6.488,25.472002,none,8,3.0,26290.0,154478.0,66427.0,160701.0,72164.0
2026-04-14 18:05:37.249175,734747,1609507430888851,5030858257,-0.808128,0.03904,0.636352,-0.39375,0.84875,-3.21125,-4.392,-6.624001,24.184002,none,8,3.0,26290.0,154478.0,66427.0,160701.0,72164.0
2026-04-14 18:05:37.263899,734748,1609507430903376,5030873178,-0.808128,0.03904,0.636352,-1.35625,0.65625,-3.0275,-4.392,-6.624001,24.184002,none,8,3.0,26290.0,154478.0,66427.0,160701.0,72164.0
2026-04-14 18:05:37.291390,734759,1609507430912453,5030881926,-0.884256,0.074176,0.669536,-2.2225,0.805,-3.00125,-4.368,-6.432,26.728,none,8,3.0,26281.0,154380.0,66436.0,160613.0,72173.0
2026-04-14 18:05:37.294032,734760,1609507430927075,5030896905,-0.884256,0.074176,0.669536,-2.9225,0.28,-3.15,-4.368,-6.432,26.728,none,8,3.0,26281.0,154380.0,66436.0,160613.0,72173.0
2026-04-14 18:05:37.296387,734761,1609507430936119,5030905635,-0.899872,0.040992,0.50752,-3.28125,-0.60375,-2.38875,-4.344,-6.824,26.192001,none,8,3.0,26281.0,154380.0,66436.0,160613.0,72173.0
2026-04-14 18:05:37.304038,734762,1609507430945251,5030914369,-0.899872,0.040992,0.50752,-3.43,-0.945,-2.02125,-4.344,-6.824,26.192001,none,8,3.0,26281.0,154380.0,66436.0,160613.0,72173.0
2026-04-14 18:05:37.318892,734763,1609507430959722,5030929275,-0.798368,0.013664,0.667584,-3.73625,-1.05875,-1.3475,-4.448,-6.344,25.384,none,8,3.0,26281.0,154380.0,66436.0,160613.0,72173.0
2026-04-14 18:05:37.327629,734764,1609507430968644,5030938028,-0.841312,0.044896,0.739808,-4.01625,-1.33875,-1.295,-4.4,-6.128,25.640001,none,8,3.0,26281.0,154380.0,66436.0,160613.0,72173.0
2026-04-14 18:05:37.341293,734765,1609507430983146,5030952959,-0.841312,0.044896,0.739808,-4.03375,-1.35625,-1.6625,-4.4,-6.128,25.640001,none,8,3.0,26281.0,154380.0,66436.0,160613.0,72173.0
2026-04-14 18:05:37.352747,734766,1609507430992197,5030961800,-0.784704,0.001952,0.685152,-3.94625,-1.365,-1.42625,-4.04,-6.328,25.432001,none,8,3.0,26281.0,154380.0,66436.0,160613.0,72173.0
2026-04-14 18:05:37.414959,734777,1609507431006707,5030976659,-0.784704,0.001952,0.685152,-3.3075,-1.5925,-1.05,-4.04,-6.328,25.432001,none,8,3.0,26230.0,154484.0,66365.0,160784.0,72095.0
2026-04-14 18:05:37.417514,734778,1609507431015691,5030985404,-0.772992,0.001952,0.718336,-2.17,-1.6275,-0.81375,-4.328,-6.336,30.328001,none,8,3.0,26230.0,154484.0,66365.0,160784.0,72095.0
2026-04-14 18:05:37.421353,734779,1609507431024632,5030994098,-0.772992,0.001952,0.718336,-1.56625,-0.9275,-0.93625,-4.328,-6.336,30.328001,none,8,3.0,26230.0,154484.0,66365.0,160784.0,72095.0
2026-04-14 18:05:37.423995,734780,1609507431039110,5031008984,-0.798368,0.033184,0.76128,-1.3825,-0.16625,-1.365,-4.976,-6.296001,26.408,none,8,3.0,26230.0,154484.0,66365.0,160784.0,72095.0
2026-04-14 18:05:37.426463,734781,1609507431048085,5031017738,-0.798368,0.033184,0.747616,-1.505,-0.105,-1.1725,-4.976,-6.296001,26.408,none,8,3.0,26230.0,154484.0,66365.0,160784.0,72095.0
2026-04-14 18:05:37.428994,734782,1609507431062734,5031032698,-0.831552,0.050752,0.747616,-2.38,0.11375,-1.21625,-5.8,-6.032,26.272001,none,8,3.0,26230.0,154484.0,66365.0,160784.0,72095.0
2026-04-14 18:05:37.431479,734783,1609507431071715,5031041397,-0.856928,0.007808,0.495808,-3.395,-0.1925,-0.84,-5.008,-6.208,26.488,none,8,3.0,26230.0,154484.0,66365.0,160784.0,72095.0
2026-04-14 18:05:37.446543,734784,1609507431086408,5031056281,-0.856928,0.007808,0.495808,-4.59375,-0.35875,-0.7175,-5.008,-6.208,26.488,none,8,3.0,26230.0,154484.0,66365.0,160784.0,72095.0
2026-04-14 18:05:37.455295,734785,1609507431095373,5031065033,-0.864736,0.03904,0.667584,-5.145,-0.04375,-1.00625,-4.32,-6.36,23.392,none,8,3.0,26230.0,154484.0,66365.0,160784.0,72095.0
2026-04-14 18:05:37.462800,734786,1609507431104319,5031073788,-0.864736,0.03904,0.667584,-5.67,0.07,-0.6825,-4.32,-6.36,23.392,none,8,3.0,26230.0,154484.0,66365.0,160784.0,72095.0
2026-04-14 18:05:37.515106,734797,1609507431118939,5031088780,-0.8784,0.035136,0.626592,-4.795,0.1925,-1.02375,-4.12,-6.272,26.328001,none,8,3.0,26173.0,154492.0,66228.0,160786.0,71941.0
2026-04-14 18:05:37.540469,734798,1609507431127958,5031097540,-0.8784,0.035136,0.626592,-4.1825,0.455,-1.33875,-4.12,-6.272,26.328001,none,8,3.0,26173.0,154492.0,66228.0,160786.0,71941.0
2026-04-14 18:05:37.545551,734799,1609507431142535,5031112465,-0.86864,0.005856,0.495808,-3.92,0.8925,-1.3125,-4.664,-6.184001,26.080002,none,8,3.0,26173.0,154492.0,66228.0,160786.0,71941.0
2026-04-14 18:05:37.548090,734800,1609507431151414,5031121141,-0.815936,-0.003904,0.583648,-4.45375,0.84875,-1.65375,-4.368,-6.728,25.296001,none,8,3.0,26173.0,154492.0,66228.0,160786.0,71941.0
2026-04-14 18:05:37.550241,734801,1609507431160330,5031129805,-0.815936,-0.003904,0.583648,-5.2325,0.72625,-1.435,-4.368,-6.728,25.296001,none,8,3.0,26173.0,154492.0,66228.0,160786.0,71941.0
2026-04-14 18:05:37.553073,734802,1609507431174874,5031144923,-0.837408,-0.005856,0.540704,-5.215,0.44625,-1.79375,-4.376,-5.92,25.720001,none,8,3.0,26173.0,154492.0,66228.0,160786.0,71941.0
2026-04-14 18:05:37.555557,734803,1609507431183836,5031153623,-0.837408,-0.005856,0.540704,-4.725,0.245,-2.44125,-4.376,-5.92,25.720001,none,8,3.0,26173.0,154492.0,66228.0,160786.0,71941.0
2026-04-14 18:05:37.559396,734804,1609507431198548,5031168767,-0.817888,-0.00976,0.554368,-3.78,0.00875,-2.00375,-4.272,-6.352,25.696001,none,8,3.0,26173.0,154492.0,66228.0,160786.0,71941.0
2026-04-14 18:05:37.598970,734815,1609507431207671,5031177723,-0.817888,-0.00976,0.554368,-2.51125,0.07875,-1.9425,-4.272,-6.352,25.696001,none,8,3.0,26177.0,154403.0,66233.0,160681.0,71953.0
2026-04-14 18:05:37.606511,734816,1609507431222241,5031190646,-0.794464,0.025376,0.733952,-1.785,-0.1225,-1.96875,-4.392,-6.216,25.776001,none,8,3.0,26177.0,154403.0,66233.0,160681.0,71953.0
2026-04-14 18:05:37.606874,734817,1609507431231565,5031201451,-0.864736,0.00976,0.493856,-1.91625,-0.42875,-1.47,-5.352,-5.696,26.384,none,8,3.0,26177.0,154403.0,66233.0,160681.0,71953.0
2026-04-14 18:05:37.608476,734818,1609507431240601,5031210248,-0.864736,0.00976,0.493856,-3.22,-0.525,-1.5925,-5.352,-5.696,26.384,none,8,3.0,26177.0,154403.0,66233.0,160681.0,71953.0
2026-04-14 18:05:37.616691,734819,1609507431255141,5031225156,-0.892064,0.042944,0.618784,-3.54375,-0.79625,-1.56625,-4.88,-6.368001,25.664001,none,8,3.0,26177.0,154403.0,66233.0,160681.0,71953.0
2026-04-14 18:05:37.622941,734820,1609507431264097,5031233855,-0.892064,0.042944,0.618784,-2.89625,-0.46375,-1.32125,-4.88,-6.368001,25.664001,none,8,3.0,26177.0,154403.0,66233.0,160681.0,71953.0
2026-04-14 18:05:37.639258,734821,1609507431278704,5031248733,-0.782752,0.001952,0.66368,-1.925,-0.5075,-1.6275,-5.144,-5.656,26.824001,none,8,3.0,26177.0,154403.0,66233.0,160681.0,71953.0
2026-04-14 18:05:37.647600,734822,1609507431287725,5031257418,-0.782752,0.001952,0.66368,-1.3825,-0.105,-1.82875,-5.144,-5.656,26.824001,none,8,3.0,26177.0,154403.0,66233.0,160681.0,71953.0
2026-04-14 18:05:37.655563,734823,1609507431296690,5031266226,-0.792512,0.00976,0.651968,-0.76125,-0.16625,-1.47,-4.432,-6.656,27.232,none,8,3.0,26177.0,154403.0,66233.0,160681.0,71953.0
2026-04-14 18:05:37.695533,734834,1609507431311226,5031281215,-0.85888,0.013664,0.511424,-1.14625,-0.0525,-1.33,-4.656,-5.872,25.408,none,8,3.0,26118.0,154410.0,66188.0,160692.0,71902.0
2026-04-14 18:05:37.698040,734835,1609507431320235,5031289983,-0.85888,0.013664,0.511424,-1.63625,-0.21,-1.30375,-4.656,-5.872,25.408,none,8,3.0,26118.0,154410.0,66188.0,160692.0,71902.0
2026-04-14 18:05:37.700553,734836,1609507431334799,5031305071,-0.847168,0.001952,0.511424,-2.42375,-0.42875,-1.11125,-5.968,-5.464,27.576002,none,8,3.0,26118.0,154410.0,66188.0,160692.0,71902.0
2026-04-14 18:05:37.704226,734837,1609507431343914,5031313809,-0.847168,0.001952,0.511424,-2.14375,-0.315,-1.60125,-5.968,-5.464,27.576002,none,8,3.0,26118.0,154410.0,66188.0,160692.0,71902.0
2026-04-14 18:05:37.712955,734838,1609507431352952,5031322492,-0.798368,0.037088,0.753472,-1.3475,-0.21,-1.96,-4.776,-5.952,25.472002,none,8,3.0,26118.0,154410.0,66188.0,160692.0,71902.0
2026-04-14 18:05:37.726806,734839,1609507431367490,5031337466,-0.798368,0.037088,0.753472,-0.72625,-0.32375,-1.3825,-4.776,-5.952,25.472002,none,8,3.0,26118.0,154410.0,66188.0,160692.0,71902.0
2026-04-14 18:05:37.737866,734840,1609507431376438,5031346169,-0.853024,0.023424,0.525088,-0.7525,-0.25375,-1.82875,-4.496,-6.048,25.592001,none,8,3.0,26118.0,154410.0,66188.0,160692.0,71902.0
2026-04-14 18:05:37.751791,734841,1609507431390914,5031361057,-0.853024,0.05856,0.718336,-1.61,-0.63,-1.58375,-4.496,-6.2,25.760002,none,8,3.0,26118.0,154410.0,66188.0,160692.0,71902.0
2026-04-14 18:05:37.760260,734842,1609507431399921,5031369749,-0.853024,0.05856,0.718336,-2.37125,-0.7525,-1.155,-4.496,-6.2,25.760002,none,8,3.0,26118.0,154410.0,66188.0,160692.0,71902.0
2026-04-14 18:05:37.792903,734853,1609507431414647,5031383099,-0.86864,0.042944,0.657824,-2.49375,-0.805,-1.63625,-4.336,-6.024,25.336,none,8,3.0,26140.0,154309.0,66186.0,160631.0,71899.0
2026-04-14 18:05:37.795444,734854,1609507431424433,5031393911,-0.86864,0.042944,0.657824,-2.40625,-0.98,-1.58375,-4.336,-6.024,25.336,none,8,3.0,26140.0,154309.0,66186.0,160631.0,71899.0
2026-04-14 18:05:37.797961,734855,1609507431433548,5031402601,-0.870592,-0.001952,0.486048,-1.33875,-1.015,-1.14625,-5.496,-5.84,26.744001,none,8,3.0,26140.0,154309.0,66186.0,160631.0,71899.0
2026-04-14 18:05:37.806750,734856,1609507431448268,5031417563,-0.870592,-0.001952,0.486048,-0.175,-0.56,-0.69125,-5.496,-5.84,26.744001,none,8,3.0,26140.0,154309.0,66186.0,160631.0,71899.0
2026-04-14 18:05:37.816295,734857,1609507431457177,5031426289,-0.890112,0.00976,0.49776,0.00875,-0.60375,-0.07875,-4.56,-6.04,25.528002,none,8,3.0,26140.0,154309.0,66186.0,160631.0,71899.0
2026-04-14 18:05:37.825221,734858,1609507431466163,5031435027,-0.890112,0.00976,0.49776,-0.23625,-1.11125,0.2275,-4.56,-6.04,25.528002,none,8,3.0,26140.0,154309.0,66186.0,160631.0,71899.0
2026-04-14 18:05:37.840539,734859,1609507431480650,5031449936,-0.835456,0.044896,0.706624,-0.09625,-1.6275,1.365,-4.296,-6.16,25.456001,none,8,3.0,26140.0,154309.0,66186.0,160631.0,71899.0
2026-04-14 18:05:37.850631,734860,1609507431489608,5031458693,-0.835456,0.044896,0.706624,0.6125,-1.855,2.38,-4.296,-6.16,25.456001,none,8,3.0,26140.0,154309.0,66186.0,160631.0,71899.0
2026-04-14 18:05:37.882997,734861,1609507431504069,5031473608,-0.80032,0.0488,0.755424,2.24875,-1.54875,3.82375,-4.704,-6.2,26.160002,none,8,3.0,26140.0,154309.0,66186.0,160631.0,71899.0
2026-04-14 18:05:37.965958,734872,1609507431513121,5031482365,-0.862784,0.046848,0.650016,4.585,-1.37375,5.7225,-4.824,-6.528,26.736002,none,8,3.0,26108.0,154051.0,66155.0,160501.0,71830.0
2026-04-14 18:05:37.966069,734873,1609507431527685,5031497375,-0.862784,0.046848,0.650016,5.59125,-0.97125,7.6475,-4.824,-6.528,26.736002,none,8,3.0,26108.0,154051.0,66155.0,160501.0,71830.0
2026-04-14 18:05:37.967302,734874,1609507431536611,5031506083,-0.837408,0.015616,0.52704,5.4425,-1.44375,10.26375,-4.936,-6.544,25.400002,none,8,3.0,26108.0,154051.0,66155.0,160501.0,71830.0
2026-04-14 18:05:37.970426,734875,1609507431545543,5031514775,-0.837408,0.015616,0.52704,4.15625,-1.96875,13.86,-4.936,-6.544,25.400002,none,8,3.0,26108.0,154051.0,66155.0,160501.0,71830.0
2026-04-14 18:05:37.972549,734876,1609507431560068,5031529655,-0.827648,0.046848,0.726144,2.1175,-2.21375,17.77125,-4.744,-6.416,25.464,none,8,3.0,26108.0,154051.0,66155.0,160501.0,71830.0
2026-04-14 18:05:37.974859,734877,1609507431568986,5031538327,-0.827648,0.046848,0.726144,-0.4025,-1.82,22.0325,-4.744,-6.416,25.464,none,8,3.0,26108.0,154051.0,66155.0,160501.0,71830.0
2026-04-14 18:05:37.977940,734878,1609507431583729,5031553344,-0.802272,-0.003904,0.6832,-2.94875,-1.40875,26.285,-4.888,-6.136,25.368002,none,8,3.0,26108.0,154051.0,66155.0,160501.0,71830.0
2026-04-14 18:05:37.980487,734879,1609507431592689,5031562069,-0.831552,-0.060512,0.579744,-4.62875,-1.4525,30.94,-5.008,-6.480001,26.072,none,8,3.0,26108.0,154051.0,66155.0,160501.0,71830.0
2026-04-14 18:05:37.983003,734880,1609507431601680,5031570829,-0.831552,-0.060512,0.579744,-5.94125,0.0875,34.97375,-5.008,-6.480001,26.072,none,8,3.0,26108.0,154051.0,66155.0,160501.0,71830.0
2026-04-14 18:05:38.045577,734891,1609507431616527,5031586266,-0.856928,-0.08784,0.558272,-5.985,1.785,38.605,-5.584,-6.32,26.36,none,8,3.0,25850.0,153764.0,65760.0,160638.0,71332.0
2026-04-14 18:05:38.048095,734892,1609507431625797,5031595015,-0.856928,-0.08784,0.558272,-6.9125,3.49125,39.89125,-5.584,-6.32,26.36,none,8,3.0,25850.0,153764.0,65760.0,160638.0,71332.0
2026-04-14 18:05:38.050516,734893,1609507431640347,5031609970,-0.866688,-0.023424,0.784704,-9.14375,7.25375,38.29,-5.6,-5.8,26.728,none,8,3.0,25850.0,153764.0,65760.0,160638.0,71332.0
2026-04-14 18:05:38.054466,734894,1609507431649334,5031618726,-0.866688,-0.023424,0.784704,-9.6775,11.27875,34.55375,-5.6,-5.8,26.728,none,8,3.0,25850.0,153764.0,65760.0,160638.0,71332.0
2026-04-14 18:05:38.055033,734895,1609507431658265,5031627430,-0.784704,0.017568,0.79056,-8.505,15.190001,28.84,-5.448,-6.16,27.008001,none,8,3.0,25850.0,153764.0,65760.0,160638.0,71332.0
2026-04-14 18:05:38.057569,734896,1609507431672731,5031642461,-0.769088,0.080032,0.646112,-6.0375,18.5675,21.32375,-5.448,-5.976,26.800001,none,8,3.0,25850.0,153764.0,65760.0,160638.0,71332.0
2026-04-14 18:05:38.064419,734897,1609507431681649,5031651187,-0.769088,0.080032,0.646112,-1.785,22.16375,12.92375,-5.192,-5.976,26.800001,none,8,3.0,25850.0,153764.0,65760.0,160638.0,71332.0
2026-04-14 18:05:38.071212,734898,1609507431696282,5031666121,-0.798368,0.173728,0.525088,4.57625,23.89625,4.54125,-5.496,-5.88,27.392002,none,8,3.0,25850.0,153764.0,65760.0,160638.0,71332.0
2026-04-14 18:05:38.080797,734899,1609507431705267,5031674823,-0.798368,0.173728,0.525088,11.7775,24.5875,-1.8025,-5.496,-5.88,27.392002,none,8,3.0,25850.0,153764.0,65760.0,160638.0,71332.0
2026-04-14 18:05:38.095425,734910,1609507431719894,5031689811,-0.8296,0.271328,0.45872,17.85,24.1675,-7.16625,-6.048,-6.064,28.168001,none,8,3.0,27047.0,151027.0,67873.0,156831.0,73969.0
2026-04-14 18:05:38.097500,734911,1609507431729034,5031698623,-0.8296,0.271328,0.45872,21.5775,22.225,-11.480001,-6.048,-6.064,28.168001,none,8,3.0,27047.0,151027.0,67873.0,156831.0,73969.0
2026-04-14 18:05:38.100470,734912,1609507431738070,5031707328,-0.823744,0.318176,0.406016,22.2775,18.305,-14.105001,-5.856,-6.528,27.168001,none,8,3.0,27047.0,151027.0,67873.0,156831.0,73969.0
2026-04-14 18:05:38.113007,734913,1609507431752551,5031722225,-0.823744,0.318176,0.495808,20.23,13.4575,-14.20125,-5.856,-6.528,27.168001,none,8,3.0,27047.0,151027.0,67873.0,156831.0,73969.0
2026-04-14 18:05:38.120479,734914,1609507431761490,5031730933,-0.835456,0.339648,0.495808,15.86375,7.20125,-13.55375,-3.72,-6.968,26.472002,none,8,3.0,27047.0,151027.0,67873.0,156831.0,73969.0
2026-04-14 18:05:38.135162,734915,1609507431776008,5031745835,-0.919392,0.300608,0.445056,6.2125,-0.25375,-12.04875,-3.632,-7.12,25.848001,none,8,3.0,27047.0,151027.0,67873.0,156831.0,73969.0
2026-04-14 18:05:38.147937,734916,1609507431785001,5031754616,-0.919392,0.300608,0.445056,-6.9825,-7.21,-11.29625,-3.632,-7.12,25.848001,none,8,3.0,27047.0,151027.0,67873.0,156831.0,73969.0
2026-04-14 18:05:38.163559,734917,1609507431799677,5031769513,-0.864736,0.17568,0.60512,-19.0575,-12.76625,-10.29875,-4.168,-6.624001,26.920002,none,8,3.0,27047.0,151027.0,67873.0,156831.0,73969.0
2026-04-14 18:05:38.172452,734918,1609507431808683,5031778263,-0.864736,0.17568,0.60512,-26.90625,-16.59875,-8.8375,-4.168,-6.624001,26.920002,none,8,3.0,27047.0,151027.0,67873.0,156831.0,73969.0
2026-04-14 18:05:38.195128,734929,1609507431817727,5031787341,-0.997472,0.093696,0.548512,-30.0475,-18.69,-8.75,-5.128,-5.728,26.376001,none,8,3.0,26733.0,151376.0,67373.0,157455.0,73418.0
2026-04-14 18:05:38.197698,734930,1609507431832320,5031802274,-0.997472,0.093696,0.548512,-30.8,-18.655,-10.115,-5.128,-5.728,26.376001,none,8,3.0,26733.0,151376.0,67373.0,157455.0,73418.0
2026-04-14 18:05:38.200208,734931,1609507431841287,5031811151,-0.931104,0.007808,0.657824,-27.8425,-18.43625,-11.34,-5.104,-5.936,25.224,none,8,3.0,26733.0,151376.0,67373.0,157455.0,73418.0
2026-04-14 18:05:38.215262,734932,1609507431855902,5031826049,-0.909632,-0.046848,0.486048,-22.3825,-17.94625,-12.0225,-4.592,-5.76,25.664001,none,8,3.0,26733.0,151376.0,67373.0,157455.0,73418.0
2026-04-14 18:05:38.225229,734933,1609507431865005,5031834871,-0.909632,-0.046848,0.486048,-13.97375,-16.397501,-11.55875,-4.592,-5.76,25.664001,none,8,3.0,26733.0,151376.0,67373.0,157455.0,73418.0
2026-04-14 18:05:38.253482,734934,1609507431873955,5031843583,-0.84912,-0.011712,0.669536,-4.62,-15.2775,-10.22875,-4.592,-5.856,25.632002,none,8,3.0,26733.0,151376.0,67373.0,157455.0,73418.0
2026-04-14 18:05:38.253873,734935,1609507431888563,5031858492,-0.84912,-0.011712,0.669536,3.19375,-13.81625,-8.417501,-4.536,-5.856,25.632002,none,8,3.0,26733.0,151376.0,67373.0,157455.0,73418.0
2026-04-14 18:05:38.256282,734936,1609507431897487,5031867178,-0.81984,0.013664,0.718336,6.46625,-12.7575,-7.13125,-6.152,-5.728,27.2,none,8,3.0,26733.0,151376.0,67373.0,157455.0,73418.0
2026-04-14 18:05:38.316515,734947,1609507431911988,5031882099,-0.81984,0.013664,0.718336,6.32625,-12.18,-5.9675,-6.152,-5.728,27.2,none,8,3.0,26147.0,151938.0,66329.0,158613.0,72180.0
2026-04-14 18:05:38.319105,734948,1609507431920918,5031890834,-0.831552,0.0488,0.691008,5.1975,-11.3575,-4.78625,-5.776001,-6.016,25.752,none,8,3.0,26147.0,151938.0,66329.0,158613.0,72180.0
2026-04-14 18:05:38.321513,734949,1609507431930044,5031899623,-0.831552,0.0488,0.691008,4.19125,-10.19375,-3.395,-5.776001,-6.016,25.752,none,8,3.0,26147.0,151938.0,66329.0,158613.0,72180.0
2026-04-14 18:05:38.324108,734950,1609507431944644,5031914512,-0.7808,0.054656,0.763232,3.08875,-8.18125,-2.89625,-6.960001,-5.976,26.512001,none,8,3.0,26147.0,151938.0,66329.0,158613.0,72180.0
2026-04-14 18:05:38.326508,734951,1609507431953612,5031923231,-0.7808,0.054656,0.763232,2.10875,-6.0375,-3.47375,-6.960001,-5.976,26.512001,none,8,3.0,26147.0,151938.0,66329.0,158613.0,72180.0
2026-04-14 18:05:38.329049,734952,1609507431968180,5031938182,-0.808128,0.0488,0.607072,0.74375,-4.2,-4.50625,-5.824,-6.368001,25.000002,none,8,3.0,26147.0,151938.0,66329.0,158613.0,72180.0
2026-04-14 18:05:38.336479,734953,1609507431977175,5031946917,-0.798368,0.07808,0.74176,-0.23625,-2.89625,-5.25875,-5.8,-6.336,26.224,none,8,3.0,26147.0,151938.0,66329.0,158613.0,72180.0
2026-04-14 18:05:38.355432,734954,1609507431991679,5031961869,-0.798368,0.07808,0.74176,-0.63875,-1.6625,-6.755,-5.8,-6.336,26.224,none,8,3.0,26147.0,151938.0,66329.0,158613.0,72180.0
2026-04-14 18:05:38.361385,734955,1609507432000601,5031970555,-0.847168,0.08784,0.66368,-0.5425,-0.34125,-8.68,-5.2,-6.296001,26.144001,none,8,3.0,26147.0,151938.0,66329.0,158613.0,72180.0
2026-04-14 18:05:38.370485,734956,1609507432009608,5031979242,-0.847168,0.08784,0.66368,0.2275,0.4725,-10.2025,-5.2,-6.296001,26.144001,none,8,3.0,26147.0,151938.0,66329.0,158613.0,72180.0
2026-04-14 18:05:38.399300,734967,1609507432024220,5031992683,-0.884256,0.095648,0.548512,2.52875,0.42875,-11.4275,-5.592001,-6.224001,25.248001,none,8,3.0,26286.0,151721.0,66567.0,158299.0,72458.0
2026-04-14 18:05:38.401793,734968,1609507432033576,5032003465,-0.884256,0.095648,0.548512,4.45375,0.20125,-12.29375,-5.592001,-6.224001,25.248001,none,8,3.0,26286.0,151721.0,66567.0,158299.0,72458.0
2026-04-14 18:05:38.407759,734969,1609507432048199,5032018314,-0.872544,0.113216,0.687104,4.62,-0.06125,-11.7775,-4.944,-6.608,26.464,none,8,3.0,26286.0,151721.0,66567.0,158299.0,72458.0
2026-04-14 18:05:38.416876,734970,1609507432057319,5032027014,-0.929152,0.091744,0.59536,1.95125,-1.40875,-10.99,-5.44,-6.24,26.232,none,8,3.0,26286.0,151721.0,66567.0,158299.0,72458.0
2026-04-14 18:05:38.426496,734971,1609507432066280,5032035727,-0.929152,0.091744,0.59536,-1.8375,-2.73,-9.695,-5.44,-6.24,26.232,none,8,3.0,26286.0,151721.0,66567.0,158299.0,72458.0
2026-04-14 18:05:38.442643,734972,1609507432080790,5032050631,-0.884256,0.007808,0.466528,-5.06625,-4.3225,-7.735,-4.872,-6.456,25.128,none,8,3.0,26286.0,151721.0,66567.0,158299.0,72458.0
2026-04-14 18:05:38.451244,734973,1609507432089725,5032059326,-0.884256,0.007808,0.466528,-7.5425,-5.57375,-5.24125,-4.872,-6.456,25.128,none,8,3.0,26286.0,151721.0,66567.0,158299.0,72458.0
2026-04-14 18:05:38.464206,734974,1609507432104226,5032074320,-0.905728,-0.005856,0.52704,-8.61875,-7.14875,-3.2375,-4.872,-6.248,25.416,none,8,3.0,26286.0,151721.0,66567.0,158299.0,72458.0
2026-04-14 18:05:38.497678,734985,1609507432113156,5032082992,-0.905728,-0.005856,0.52704,-9.1875,-8.86375,-1.02375,-4.872,-6.248,25.416,none,8,3.0,26021.0,152385.0,66111.0,159177.0,71885.0
2026-04-14 18:05:38.500341,734986,1609507432127705,5032097962,-0.8296,-0.027328,0.74176,-8.12,-9.8175,1.9075,-5.784,-6.68,25.448002,none,8,3.0,26021.0,152385.0,66111.0,159177.0,71885.0
2026-04-14 18:05:38.502636,734987,1609507432136666,5032106663,-0.794464,-0.042944,0.730048,-6.195,-10.2725,4.59375,-6.664001,-6.424,24.664001,none,8,3.0,26021.0,152385.0,66111.0,159177.0,71885.0
2026-04-14 18:05:38.505600,734988,1609507432145609,5032115371,-0.794464,-0.042944,0.730048,-2.94,-10.22,6.60625,-6.664001,-6.424,24.664001,none,8,3.0,26021.0,152385.0,66111.0,159177.0,71885.0
2026-04-14 18:05:38.521832,734989,1609507432160215,5032130315,-0.821792,-0.01952,0.689056,1.89875,-9.7125,8.04125,-5.088,-6.656,25.336,none,8,3.0,26021.0,152385.0,66111.0,159177.0,71885.0
2026-04-14 18:05:38.529399,734990,1609507432169204,5032138997,-0.821792,-0.01952,0.689056,7.8225,-8.47,8.77625,-5.088,-6.656,25.336,none,8,3.0,26021.0,152385.0,66111.0,159177.0,71885.0
2026-04-14 18:05:38.545300,734991,1609507432183719,5032153880,-0.75152,0.00976,0.8296,13.79,-6.67625,8.785,-5.168,-7.032001,26.080002,none,8,3.0,26021.0,152385.0,66111.0,159177.0,71885.0
2026-04-14 18:05:38.551707,734992,1609507432192701,5032162582,-0.75152,0.00976,0.8296,18.095,-4.06,9.485,-5.168,-7.032001,26.080002,none,8,3.0,26021.0,152385.0,66111.0,159177.0,71885.0
2026-04-14 18:05:38.561702,734993,1609507432201631,5032171263,-0.786656,0.070272,0.808128,21.88375,-1.54875,8.98625,-5.520001,-7.2,25.176,none,8,3.0,26021.0,152385.0,66111.0,159177.0,71885.0
2026-04-14 18:05:38.642939,735004,1609507432216833,5032186528,-0.730048,0.074176,0.718336,23.21375,0.665,7.76125,-6.328,-7.36,25.672,none,8,3.0,25857.0,151911.0,65836.0,158855.0,71551.0
2026-04-14 18:05:38.645463,735005,1609507432225906,5032195276,-0.730048,0.074176,0.718336,22.81125,2.87,6.74625,-6.328,-7.36,25.672,none,8,3.0,25857.0,151911.0,65836.0,158855.0,71551.0
2026-04-14 18:05:38.675235,735006,1609507432240609,5032210201,-0.765184,0.132736,0.788608,20.64125,4.83875,4.85625,-5.688,-7.672,25.528002,none,8,3.0,25857.0,151911.0,65836.0,158855.0,71551.0
2026-04-14 18:05:38.678097,735007,1609507432249644,5032218986,-0.765184,0.132736,0.788608,18.55875,6.46625,2.9925,-5.688,-7.672,25.528002,none,8,3.0,25857.0,151911.0,65836.0,158855.0,71551.0
2026-04-14 18:05:38.680588,735008,1609507432258712,5032227755,-0.774944,0.163968,0.767136,16.66875,7.7525,1.4875,-5.56,-7.856,25.296001,none,8,3.0,25857.0,151911.0,65836.0,158855.0,71551.0
2026-04-14 18:05:38.683089,735009,1609507432273217,5032242679,-0.774944,0.163968,0.767136,15.12875,9.1175,-0.13125,-5.56,-7.856,25.296001,none,8,3.0,25857.0,151911.0,65836.0,158855.0,71551.0
2026-04-14 18:05:38.685607,735010,1609507432282155,5032251372,-0.798368,0.206912,0.737856,14.035,10.0625,-1.63625,-5.504,-8.192,25.592001,none,8,3.0,25857.0,151911.0,65836.0,158855.0,71551.0
2026-04-14 18:05:38.687647,735011,1609507432296813,5032266410,-0.853024,0.247904,0.694912,12.3375,10.49125,-2.415,-5.504,-8.096001,26.768002,none,8,3.0,25857.0,151911.0,65836.0,158855.0,71551.0
2026-04-14 18:05:38.690636,735012,1609507432305745,5032275103,-0.853024,0.247904,0.694912,9.275,10.4825,-3.57,-5.408001,-8.096001,26.768002,none,8,3.0,25857.0,151911.0,65836.0,158855.0,71551.0
2026-04-14 18:05:38.718111,735023,1609507432320424,5032290281,-0.872544,0.25376,0.655872,5.005,10.0625,-4.45375,-5.184,-8.224,25.216002,none,8,3.0,26326.0,150798.0,66654.0,157272.0,72572.0
2026-04-14 18:05:38.721847,735024,1609507432329361,5032299005,-0.872544,0.25376,0.655872,-0.42,8.925,-5.075,-5.184,-8.224,25.216002,none,8,3.0,26326.0,150798.0,66654.0,157272.0,72572.0
2026-04-14 18:05:38.722355,735025,1609507432338364,5032307747,-0.84912,0.230336,0.706624,-5.34625,8.11125,-5.3375,-5.344,-8.144,25.960001,none,8,3.0,26326.0,150798.0,66654.0,157272.0,72572.0
2026-04-14 18:05:38.726140,735026,1609507432352931,5032322881,-0.84912,0.230336,0.706624,-10.15,6.64125,-5.81,-5.344,-8.144,25.960001,none,8,3.0,26326.0,150798.0,66654.0,157272.0,72572.0
2026-04-14 18:05:38.727856,735027,1609507432362089,5032331571,-0.874496,0.169824,0.495808,-13.48375,5.215,-6.04625,-5.08,-7.728,25.904001,none,8,3.0,26326.0,150798.0,66654.0,157272.0,72572.0
2026-04-14 18:05:38.736142,735028,1609507432376629,5032346509,-0.874496,0.169824,0.689056,-15.82875,3.57875,-6.30875,-5.08,-7.728,25.904001,none,8,3.0,26326.0,150798.0,66654.0,157272.0,72572.0
2026-04-14 18:05:38.746711,735029,1609507432385563,5032355189,-0.860832,0.173728,0.689056,-16.415,2.58125,-6.4575,-5.424,-7.288001,24.480001,none,8,3.0,26326.0,150798.0,66654.0,157272.0,72572.0
2026-04-14 18:05:38.754232,735030,1609507432394520,5032363887,-0.860832,0.173728,0.689056,-15.3125,1.3825,-6.3,-5.424,-7.288001,24.480001,none,8,3.0,26326.0,150798.0,66654.0,157272.0,72572.0
2026-04-14 18:05:38.769343,735031,1609507432409033,5032378871,-0.874496,0.148352,0.64416,-14.02625,0.49875,-6.48375,-5.84,-7.184001,25.424002,none,8,3.0,26326.0,150798.0,66654.0,157272.0,72572.0
2026-04-14 18:05:38.800023,735042,1609507432418201,5032387606,-0.882304,0.099552,0.472384,-11.9875,-0.0525,-6.34375,-4.96,-7.304,25.448002,none,8,3.0,26428.0,150925.0,66813.0,157261.0,72808.0
2026-04-14 18:05:38.803113,735043,1609507432432961,5032402590,-0.882304,0.099552,0.472384,-10.9725,-0.97125,-5.775,-4.96,-7.304,25.448002,none,8,3.0,26428.0,150925.0,66813.0,157261.0,72808.0
2026-04-14 18:05:38.805595,735044,1609507432442059,5032411321,-0.872544,0.07808,0.47824,-10.167501,-2.1175,-5.355,-5.696,-7.016,27.032001,none,8,3.0,26428.0,150925.0,66813.0,157261.0,72808.0
2026-04-14 18:05:38.811815,735045,1609507432451048,5032420046,-0.872544,0.07808,0.47824,-8.72375,-2.7125,-4.865,-5.696,-7.016,27.032001,none,8,3.0,26428.0,150925.0,66813.0,157261.0,72808.0
2026-04-14 18:05:38.825923,735046,1609507432465546,5032434933,-0.835456,0.081984,0.64416,-7.1225,-3.43875,-4.6025,-4.88,-7.256001,25.584002,none,8,3.0,26428.0,150925.0,66813.0,157261.0,72808.0
2026-04-14 18:05:38.832959,735047,1609507432474486,5032443642,-0.835456,0.081984,0.64416,-5.92375,-3.49125,-4.1825,-4.88,-7.256001,25.584002,none,8,3.0,26428.0,150925.0,66813.0,157261.0,72808.0
2026-04-14 18:05:38.847958,735048,1609507432488983,5032458541,-0.8784,0.076128,0.509472,-4.55875,-3.96375,-3.605,-5.776001,-7.192,26.744001,none,8,3.0,26428.0,150925.0,66813.0,157261.0,72808.0
2026-04-14 18:05:38.859016,735049,1609507432498019,5032467227,-0.89792,0.076128,0.495808,-3.6225,-4.12125,-3.1325,-5.776001,-7.144001,22.192001,none,8,3.0,26428.0,150925.0,66813.0,157261.0,72808.0
2026-04-14 18:05:38.875135,735050,1609507432512515,5032482092,-0.89792,0.076128,0.495808,-3.4475,-4.29625,-2.73,-6.2,-7.144001,22.192001,none,8,3.0,26428.0,150925.0,66813.0,157261.0,72808.0
2026-04-14 18:05:38.905481,735061,1609507432521669,5032491299,-0.85888,0.06832,0.56608,-3.5525,-4.585,-2.42375,-5.08,-7.24,25.672,none,8,3.0,26149.0,151385.0,66303.0,157945.0,72214.0
2026-04-14 18:05:38.909584,735062,1609507432530692,5032500140,-0.85888,0.06832,0.56608,-3.80625,-4.6025,-1.6625,-5.08,-7.24,25.672,none,8,3.0,26149.0,151385.0,66303.0,157945.0,72214.0
2026-04-14 18:05:38.910047,735063,1609507432545194,5032515056,-0.88816,0.072224,0.52704,-3.85,-4.69875,-1.7325,-6.352,-6.936,26.432001,none,8,3.0,26149.0,151385.0,66303.0,157945.0,72214.0
2026-04-14 18:05:38.912597,735064,1609507432554210,5032523878,-0.88816,0.072224,0.52704,-4.15625,-4.69,-0.8225,-6.352,-6.936,26.432001,none,8,3.0,26149.0,151385.0,66303.0,157945.0,72214.0
2026-04-14 18:05:38.929173,735065,1609507432568708,5032538851,-0.872544,0.083936,0.65392,-4.0075,-4.97,-0.53375,-6.032,-7.128,26.312002,none,8,3.0,26149.0,151385.0,66303.0,157945.0,72214.0
2026-04-14 18:05:38.937477,735066,1609507432577791,5032547578,-0.872544,0.083936,0.65392,-3.15,-5.01375,0.455,-6.032,-7.128,26.312002,none,8,3.0,26149.0,151385.0,66303.0,157945.0,72214.0
2026-04-14 18:05:38.947989,735067,1609507432586710,5032556258,-0.821792,0.052704,0.704672,-3.3425,-5.18,0.88375,-5.84,-7.016,27.328001,none,8,3.0,26149.0,151385.0,66303.0,157945.0,72214.0
2026-04-14 18:05:38.960552,735068,1609507432601193,5032571076,-0.874496,0.046848,0.620736,-4.17375,-5.7925,1.1375,-6.288,-7.512001,25.032001,none,8,3.0,26149.0,151385.0,66303.0,157945.0,72214.0
2026-04-14 18:05:38.986864,735069,1609507432610216,5032579785,-0.874496,0.046848,0.620736,-5.25,-5.99375,1.54875,-6.288,-7.512001,25.032001,none,8,3.0,26149.0,151385.0,66303.0,157945.0,72214.0
2026-04-14 18:05:39.036758,735080,1609507432624737,5032594777,-0.841312,0.03904,0.708576,-5.3025,-6.055,1.47,-6.312,-6.920001,26.496002,none,8,3.0,25926.0,151804.0,65942.0,158505.0,71751.0
2026-04-14 18:05:39.039144,735081,1609507432633679,5032603473,-0.841312,0.03904,0.708576,-3.535,-5.25875,1.44375,-6.312,-6.920001,26.496002,none,8,3.0,25926.0,151804.0,65942.0,158505.0,71751.0
2026-04-14 18:05:39.041436,735082,1609507432648310,5032618439,-0.75152,0.003904,0.704672,-0.83125,-4.97,0.91,-6.2,-6.920001,26.936,none,8,3.0,25926.0,151804.0,65942.0,158505.0,71751.0
2026-04-14 18:05:39.044349,735083,1609507432657229,5032627115,-0.75152,0.003904,0.704672,3.255,-3.5525,0.0175,-6.2,-6.920001,26.936,none,8,3.0,25926.0,151804.0,65942.0,158505.0,71751.0
2026-04-14 18:05:39.046856,735084,1609507432666179,5032635833,-0.784704,0.044896,0.685152,6.81625,-2.345,-0.93625,-6.6,-6.664001,27.096,none,8,3.0,25926.0,151804.0,65942.0,158505.0,71751.0
2026-04-14 18:05:39.048904,735085,1609507432680821,5032650763,-0.854976,0.093696,0.569984,9.44125,-1.5575,-1.3475,-7.312,-6.864,27.064001,none,8,3.0,25926.0,151804.0,65942.0,158505.0,71751.0
2026-04-14 18:05:39.051478,735086,1609507432689766,5032659480,-0.854976,0.093696,0.569984,10.26375,-0.34125,-1.9775,-7.312,-6.864,27.064001,none,8,3.0,25926.0,151804.0,65942.0,158505.0,71751.0
2026-04-14 18:05:39.064338,735087,1609507432704281,5032674409,-0.83936,0.134688,0.704672,9.5375,0.27125,-2.66,-7.296001,-7.432,26.320002,none,8,3.0,25926.0,151804.0,65942.0,158505.0,71751.0
2026-04-14 18:05:39.074367,735088,1609507432713231,5032683096,-0.83936,0.134688,0.704672,7.8225,1.21625,-2.94875,-7.296001,-7.432,26.320002,none,8,3.0,25926.0,151804.0,65942.0,158505.0,71751.0
2026-04-14 18:05:39.105036,735099,1609507432727846,5032698128,-0.813984,0.099552,0.554368,6.58,2.02125,-3.05375,-5.520001,-7.704001,25.384,none,8,3.0,25824.0,151617.0,65762.0,158346.0,71543.0
2026-04-14 18:05:39.111078,735100,1609507432736764,5032706815,-0.813984,0.099552,0.554368,4.62,2.33625,-3.64,-5.520001,-7.704001,25.384,none,8,3.0,25824.0,151617.0,65762.0,158346.0,71543.0
2026-04-14 18:05:39.114896,735101,1609507432745689,5032715492,-0.769088,0.105408,0.640256,3.00125,2.415,-3.115,-6.408001,-7.608,26.392002,none,8,3.0,25824.0,151617.0,65762.0,158346.0,71543.0
2026-04-14 18:05:39.121118,735102,1609507432760562,5032730577,-0.876448,0.134688,0.552416,1.07625,2.2575,-2.94875,-5.416,-8.0,22.768002,none,8,3.0,25824.0,151617.0,65762.0,158346.0,71543.0
2026-04-14 18:05:39.130416,735103,1609507432769568,5032739289,-0.876448,0.134688,0.552416,0.105,2.065,-2.8525,-5.416,-8.0,22.768002,none,8,3.0,25824.0,151617.0,65762.0,158346.0,71543.0
2026-04-14 18:05:39.144322,735104,1609507432784106,5032754362,-0.765184,0.10736,0.745664,-1.89,2.26625,-2.3625,-5.44,-7.976,25.304,none,8,3.0,25824.0,151617.0,65762.0,158346.0,71543.0
2026-04-14 18:05:39.156362,735105,1609507432793068,5032763051,-0.765184,0.10736,0.745664,-1.25125,2.1,-2.3975,-5.44,-7.976,25.304,none,8,3.0,25824.0,151617.0,65762.0,158346.0,71543.0
2026-04-14 18:05:39.163070,735106,1609507432802018,5032771762,-0.86864,0.115168,0.530944,-0.62125,1.4875,-2.17875,-5.104,-7.664001,25.376001,none,8,3.0,25824.0,151617.0,65762.0,158346.0,71543.0
2026-04-14 18:05:39.204178,735117,1609507432816500,5032786616,-0.86864,0.115168,0.530944,0.07875,1.33,-1.785,-5.104,-7.664001,25.376001,none,8,3.0,25807.0,151646.0,65749.0,158338.0,71525.0
2026-04-14 18:05:39.206718,735118,1609507432825442,5032795348,-0.83936,0.121024,0.612928,0.9625,1.47875,-1.6975,-5.24,-7.68,25.344002,none,8,3.0,25807.0,151646.0,65749.0,158338.0,71525.0
2026-04-14 18:05:39.209064,735119,1609507432840076,5032810436,-0.823744,0.132736,0.76128,1.015,1.575,-1.46125,-5.24,-7.68,25.576002,none,8,3.0,25807.0,151646.0,65749.0,158338.0,71525.0
2026-04-14 18:05:39.211698,735120,1609507432849024,5032819137,-0.817888,0.132736,0.76128,0.455,1.96875,-1.21625,-5.464,-7.664001,25.576002,none,8,3.0,25807.0,151646.0,65749.0,158338.0,71525.0
2026-04-14 18:05:39.221306,735121,1609507432863529,5032831995,-0.812032,0.093696,0.54656,-0.28875,2.02125,-0.9975,-5.304,-7.704001,25.544,none,8,3.0,25807.0,151646.0,65749.0,158338.0,71525.0
2026-04-14 18:05:39.233017,735122,1609507432872832,5032842763,-0.812032,0.093696,0.54656,-1.82875,1.67125,-0.9625,-5.304,-7.704001,25.544,none,8,3.0,25807.0,151646.0,65749.0,158338.0,71525.0
2026-04-14 18:05:39.241286,735123,1609507432881880,5032851460,-0.843264,0.140544,0.675392,-1.60125,1.96,-1.09375,-7.352,-7.192,27.016,none,8,3.0,25807.0,151646.0,65749.0,158338.0,71525.0
2026-04-14 18:05:39.256420,735124,1609507432896383,5032866351,-0.843264,0.140544,0.675392,-1.32125,2.695,-1.61875,-7.352,-7.192,27.016,none,8,3.0,25807.0,151646.0,65749.0,158338.0,71525.0
2026-04-14 18:05:39.264029,735125,1609507432905354,5032875122,-0.784704,0.109312,0.618784,-1.77625,3.96375,-1.37375,-4.968,-7.504,25.552002,none,8,3.0,25807.0,151646.0,65749.0,158338.0,71525.0
2026-04-14 18:05:39.378530,735136,1609507432919951,5032890137,-0.784704,0.109312,0.618784,-3.22875,4.0775,-1.575,-4.968,-7.504,25.552002,none,8,3.0,25768.0,151629.0,65705.0,158404.0,71438.0
2026-04-14 18:05:39.384978,735137,1609507432929189,5032898873,-0.796416,0.134688,0.733952,-4.69875,3.75375,-1.19,-5.216,-7.648,23.256,none,8,3.0,25768.0,151629.0,65705.0,158404.0,71438.0
2026-04-14 18:05:39.386344,735138,1609507432938154,5032907618,-0.796416,0.134688,0.733952,-6.405,2.9575,-1.26,-5.216,-7.648,23.256,none,8,3.0,25768.0,151629.0,65705.0,158404.0,71438.0
2026-04-14 18:05:39.388805,735139,1609507432952653,5032922516,-0.802272,0.0976,0.562176,-7.77,2.70375,-1.33,-5.376,-7.616,26.480001,none,8,3.0,25768.0,151629.0,65705.0,158404.0,71438.0
2026-04-14 18:05:39.391315,735140,1609507432961617,5032931209,-0.876448,0.1464,0.65392,-8.18125,2.52,-1.9775,-5.752,-7.032001,28.880001,none,8,3.0,25768.0,151629.0,65705.0,158404.0,71438.0
2026-04-14 18:05:39.393968,735141,1609507432976199,5032946188,-0.876448,0.1464,0.65392,-9.4675,2.54625,-1.84625,-5.752,-7.032001,28.880001,none,8,3.0,25768.0,151629.0,65705.0,158404.0,71438.0
2026-04-14 18:05:39.396726,735142,1609507432985099,5032954882,-0.8296,0.081984,0.523136,-9.905,2.205,-2.16125,-6.08,-7.088,26.424002,none,8,3.0,25768.0,151629.0,65705.0,158404.0,71438.0
2026-04-14 18:05:39.399213,735143,1609507432999608,5032969811,-0.8296,0.081984,0.523136,-10.43875,1.925,-2.1175,-6.08,-7.088,26.424002,none,8,3.0,25768.0,151629.0,65705.0,158404.0,71438.0
2026-04-14 18:05:39.401718,735144,1609507433008555,5032978475,-0.862784,0.101504,0.609024,-10.01875,1.2075,-2.40625,-5.624,-6.976,27.184002,none,8,3.0,25768.0,151629.0,65705.0,158404.0,71438.0
2026-04-14 18:05:39.403857,735145,1609507433017481,5032987187,-0.862784,0.101504,0.609024,-8.9775,0.74375,-2.33625,-5.624,-6.976,27.184002,none,8,3.0,25768.0,151629.0,65705.0,158404.0,71438.0
2026-04-14 18:05:39.434088,735156,1609507433032030,5033002144,-0.854976,0.070272,0.523136,-7.84875,0.525,-2.135,-5.792,-6.704001,27.376001,none,8,3.0,25734.0,151895.0,65640.0,158675.0,71365.0
2026-04-14 18:05:39.436840,735157,1609507433040967,5033010875,-0.854976,0.070272,0.573888,-7.0175,-0.27125,-2.1525,-5.792,-6.704001,27.376001,none,8,3.0,25734.0,151895.0,65640.0,158675.0,71365.0
2026-04-14 18:05:39.439361,735158,1609507433055657,5033025819,-0.882304,0.080032,0.573888,-6.6675,-0.53375,-2.415,-6.440001,-6.616,26.640001,none,8,3.0,25734.0,151895.0,65640.0,158675.0,71365.0
2026-04-14 18:05:39.441372,735159,1609507433064597,5033034592,-0.802272,0.0488,0.610976,-5.83625,-0.56,-2.33625,-6.736001,-6.72,27.640001,none,8,3.0,25734.0,151895.0,65640.0,158675.0,71365.0
2026-04-14 18:05:39.444352,735160,1609507433073599,5033043403,-0.802272,0.0488,0.610976,-4.26125,-0.27125,-2.695,-6.736001,-6.72,27.640001,none,8,3.0,25734.0,151895.0,65640.0,158675.0,71365.0
2026-04-14 18:05:39.450590,735161,1609507433088151,5033058343,-0.854976,0.05856,0.503616,-3.05375,-0.175,-2.77375,-6.344,-6.816001,26.408,none,8,3.0,25734.0,151895.0,65640.0,158675.0,71365.0
2026-04-14 18:05:39.457698,735162,1609507433097052,5033067002,-0.854976,0.05856,0.503616,-2.17875,-0.105,-2.77375,-6.344,-6.816001,26.408,none,8,3.0,25734.0,151895.0,65640.0,158675.0,71365.0
2026-04-14 18:05:39.472166,735163,1609507433111722,5033081953,-0.7808,0.062464,0.691008,-2.16125,-0.44625,-2.695,-4.768,-7.256001,25.704,none,8,3.0,25734.0,151895.0,65640.0,158675.0,71365.0
2026-04-14 18:05:39.506488,735174,1609507433121100,5033090746,-0.7808,0.062464,0.691008,-2.26625,-0.30625,-2.49375,-4.768,-7.256001,25.704,none,8,3.0,25570.0,152062.0,65340.0,158944.0,71009.0
2026-04-14 18:05:39.511402,735175,1609507433130143,5033099576,-0.86864,0.095648,0.655872,-2.59,-0.8225,-2.3625,-5.0,-6.944,24.616001,none,8,3.0,25570.0,152062.0,65340.0,158944.0,71009.0
2026-04-14 18:05:39.511644,735176,1609507433144743,5033114540,-0.835456,0.089792,0.730048,-3.0975,-0.65625,-2.03,-5.992,-6.912,26.448002,none,8,3.0,25570.0,152062.0,65340.0,158944.0,71009.0
2026-04-14 18:05:39.514161,735177,1609507433153828,5033123271,-0.835456,0.089792,0.730048,-2.7825,-1.16375,-2.10875,-5.992,-6.912,26.448002,none,8,3.0,25570.0,152062.0,65340.0,158944.0,71009.0
2026-04-14 18:05:39.530332,735178,1609507433168426,5033138186,-0.79056,0.056608,0.67344,-2.345,-1.72375,-2.45,-5.984,-7.216001,25.576002,none,8,3.0,25570.0,152062.0,65340.0,158944.0,71009.0
2026-04-14 18:05:39.536547,735179,1609507433177351,5033146887,-0.79056,0.056608,0.67344,-1.07625,-1.9425,-2.42375,-5.984,-7.216001,25.576002,none,8,3.0,25570.0,152062.0,65340.0,158944.0,71009.0
2026-04-14 18:05:39.552826,735180,1609507433192012,5033161784,-0.88816,0.103456,0.607072,-0.53375,-1.51375,-1.9425,-5.0,-7.168,25.640001,none,8,3.0,25570.0,152062.0,65340.0,158944.0,71009.0
2026-04-14 18:05:39.563687,735181,1609507433200956,5033170478,-0.88816,0.103456,0.607072,-0.21,-1.9425,-1.89875,-5.0,-7.168,25.640001,none,8,3.0,25570.0,152062.0,65340.0,158944.0,71009.0
2026-04-14 18:05:39.571498,735182,1609507433210079,5033179173,-0.851072,0.0976,0.66368,-0.4375,-1.855,-2.275,-4.856,-7.368001,24.992,none,8,3.0,25570.0,152062.0,65340.0,158944.0,71009.0
2026-04-14 18:05:39.604044,735193,1609507433224806,5033194170,-0.856928,0.105408,0.696864,-0.2625,-2.35375,-2.345,-4.68,-6.928001,27.168001,none,8,3.0,25510.0,151959.0,65223.0,158905.0,70855.0
2026-04-14 18:05:39.606564,735194,1609507433233772,5033202904,-0.856928,0.105408,0.696864,0.1225,-1.9075,-2.4325,-4.68,-6.928001,27.168001,none,8,3.0,25510.0,151959.0,65223.0,158905.0,70855.0
2026-04-14 18:05:39.608926,735195,1609507433248268,5033217853,-0.804224,0.072224,0.671488,0.105,-1.77625,-2.86125,-5.264,-7.336,25.728,none,8,3.0,25510.0,151959.0,65223.0,158905.0,70855.0
2026-04-14 18:05:39.616542,735196,1609507433257258,5033226612,-0.804224,0.072224,0.671488,0.46375,-1.575,-2.94875,-5.264,-7.336,25.728,none,8,3.0,25510.0,151959.0,65223.0,158905.0,70855.0
2026-04-14 18:05:39.625256,735197,1609507433266199,5033235316,-0.831552,0.064416,0.523136,0.98,-1.44375,-2.9225,-5.136,-7.480001,25.648,none,8,3.0,25510.0,151959.0,65223.0,158905.0,70855.0
2026-04-14 18:05:39.641452,735198,1609507433280709,5033250312,-0.831552,0.064416,0.523136,1.35625,-1.51375,-2.87,-5.136,-7.480001,25.648,none,8,3.0,25510.0,151959.0,65223.0,158905.0,70855.0
2026-04-14 18:05:39.650298,735199,1609507433289663,5033259033,-0.80032,0.070272,0.579744,1.93375,-1.6975,-3.17625,-4.768,-7.408001,25.208002,none,8,3.0,25510.0,151959.0,65223.0,158905.0,70855.0
2026-04-14 18:05:39.668575,735200,1609507433304314,5033273961,-0.788608,0.0976,0.718336,2.205,-1.6975,-2.7475,-4.824,-7.616,26.160002,none,8,3.0,25510.0,151959.0,65223.0,158905.0,70855.0
2026-04-14 18:05:39.672613,735201,1609507433313420,5033282675,-0.788608,0.0976,0.718336,0.98,-1.575,-2.54625,-4.824,-7.616,26.160002,none,8,3.0,25510.0,151959.0,65223.0,158905.0,70855.0
2026-04-14 18:05:39.761678,735212,1609507433322457,5033291777,-0.788608,0.0976,0.718336,-0.455,-1.4,-2.6425,-4.824,-7.616,26.160002,none,8,3.0,25577.0,151630.0,65340.0,158578.0,71031.0
2026-04-14 18:05:39.763822,735213,1609507433337103,5033306727,-0.853024,0.093696,0.579744,-1.5225,-1.1375,-2.555,-5.024,-7.136,26.144001,none,8,3.0,25577.0,151630.0,65340.0,158578.0,71031.0
2026-04-14 18:05:39.766724,735214,1609507433346017,5033315475,-0.86864,0.109312,0.651968,-1.0675,-0.76125,-2.8,-6.016,-7.376,26.496002,none,8,3.0,25577.0,151630.0,65340.0,158578.0,71031.0
2026-04-14 18:05:39.769218,735215,1609507433360560,5033330533,-0.86864,0.109312,0.651968,-0.35,0.0525,-3.56125,-6.016,-7.376,26.496002,none,8,3.0,25577.0,151630.0,65340.0,158578.0,71031.0
2026-04-14 18:05:39.771707,735216,1609507433369506,5033339215,-0.880352,0.105408,0.519232,0.32375,0.2625,-3.89375,-5.936,-7.24,26.560001,none,8,3.0,25577.0,151630.0,65340.0,158578.0,71031.0
2026-04-14 18:05:39.773902,735217,1609507433384030,5033354135,-0.823744,0.095648,0.519232,1.00625,0.56,-4.165,-6.032,-7.528,26.024002,none,8,3.0,25577.0,151630.0,65340.0,158578.0,71031.0
2026-04-14 18:05:39.776784,735218,1609507433393069,5033362885,-0.823744,0.095648,0.519232,1.12,0.735,-4.305,-6.032,-7.528,26.024002,none,8,3.0,25577.0,151630.0,65340.0,158578.0,71031.0
2026-04-14 18:05:39.779329,735219,1609507433402096,5033371580,-0.823744,0.095648,0.519232,0.6825,0.77,-4.6375,-6.032,-7.528,26.024002,none,8,3.0,25577.0,151630.0,65340.0,158578.0,71031.0
2026-04-14 18:05:39.781866,735220,1609507433416622,5033386487,-0.788608,0.103456,0.622688,0.245,1.05875,-4.9175,-6.008,-7.12,26.088001,none,8,3.0,25577.0,151630.0,65340.0,158578.0,71031.0
2026-04-14 18:05:39.809083,735231,1609507433425766,5033395303,-0.845216,0.10736,0.509472,-0.58625,1.09375,-4.89125,-6.824,-7.04,27.736002,none,8,3.0,25777.0,151208.0,65662.0,158008.0,71432.0
2026-04-14 18:05:39.811890,735232,1609507433440343,5033410293,-0.845216,0.10736,0.509472,-1.82875,0.49,-4.69,-6.824,-7.04,27.736002,none,8,3.0,25777.0,151208.0,65662.0,158008.0,71432.0
2026-04-14 18:05:39.814301,735233,1609507433449298,5033418978,-0.794464,0.121024,0.739808,-2.59,-0.1575,-3.9725,-7.04,-6.608,26.864002,none,8,3.0,25777.0,151208.0,65662.0,158008.0,71432.0
2026-04-14 18:05:39.819130,735234,1609507433458235,5033427668,-0.794464,0.121024,0.739808,-3.45625,-0.76125,-3.99,-7.04,-6.608,26.864002,none,8,3.0,25777.0,151208.0,65662.0,158008.0,71432.0
2026-04-14 18:05:39.831876,735235,1609507433472767,5033442671,-0.880352,0.109312,0.540704,-5.48625,-1.12875,-3.885,-5.304,-7.312,25.36,none,8,3.0,25777.0,151208.0,65662.0,158008.0,71432.0
2026-04-14 18:05:39.841504,735236,1609507433481763,5033451370,-0.880352,0.109312,0.540704,-6.58875,-0.9975,-3.745,-5.304,-7.312,25.36,none,8,3.0,25777.0,151208.0,65662.0,158008.0,71432.0
2026-04-14 18:05:39.856854,735237,1609507433496337,5033466249,-0.772992,0.083936,0.72224,-6.23875,-1.09375,-3.9025,-5.152,-7.432,25.056002,none,8,3.0,25777.0,151208.0,65662.0,158008.0,71432.0
2026-04-14 18:05:39.864313,735238,1609507433505339,5033474996,-0.874496,0.103456,0.61488,-5.59125,-0.6825,-4.165,-5.552,-7.104001,24.488,none,8,3.0,25777.0,151208.0,65662.0,158008.0,71432.0
2026-04-14 18:05:39.880612,735239,1609507433519813,5033489912,-0.874496,0.103456,0.61488,-4.7075,0.16625,-4.13875,-5.552,-7.104001,24.488,none,8,3.0,25777.0,151208.0,65662.0,158008.0,71432.0
2026-04-14 18:05:39.907790,735250,1609507433528764,5033498719,-0.798368,0.06832,0.603168,-3.68375,0.63875,-4.0775,-5.488,-7.288001,25.768002,none,8,3.0,25741.0,151290.0,65612.0,158120.0,71382.0
2026-04-14 18:05:39.910591,735251,1609507433537758,5033507481,-0.798368,0.06832,0.603168,-2.8875,0.90125,-3.29,-5.488,-7.288001,25.768002,none,8,3.0,25741.0,151290.0,65612.0,158120.0,71382.0
2026-04-14 18:05:39.912712,735252,1609507433552364,5033522376,-0.815936,0.064416,0.544608,-2.93125,0.74375,-2.44125,-5.696,-7.256001,26.792002,none,8,3.0,25741.0,151290.0,65612.0,158120.0,71382.0
2026-04-14 18:05:39.920583,735253,1609507433561388,5033531129,-0.815936,0.064416,0.544608,-2.94,0.2275,-2.03,-5.696,-7.256001,26.792002,none,8,3.0,25741.0,151290.0,65612.0,158120.0,71382.0
2026-04-14 18:05:39.952972,735254,1609507433575967,5033546020,-0.85888,0.080032,0.515328,-3.3425,-0.245,-1.23375,-4.952,-7.088,25.136002,none,8,3.0,25741.0,151290.0,65612.0,158120.0,71382.0
2026-04-14 18:05:39.955449,735255,1609507433584906,5033554710,-0.890112,0.119072,0.650016,-2.835,-0.28,-1.015,-4.952,-7.088,24.536001,none,8,3.0,25741.0,151290.0,65612.0,158120.0,71382.0
2026-04-14 18:05:39.961776,735256,1609507433599387,5033569629,-0.882304,0.119072,0.650016,-2.61625,-0.39375,-0.6825,-5.752,-6.872,24.536001,none,8,3.0,25741.0,151290.0,65612.0,158120.0,71382.0
2026-04-14 18:05:39.968031,735257,1609507433608312,5033578338,-0.821792,0.10736,0.745664,-2.87875,-0.42,-0.37625,-5.288,-6.888001,26.800001,none,8,3.0,25741.0,151290.0,65612.0,158120.0,71382.0
2026-04-14 18:05:39.976852,735258,1609507433617311,5033587027,-0.821792,0.10736,0.745664,-2.94,-0.60375,-0.00875,-5.288,-6.888001,26.800001,none,8,3.0,25741.0,151290.0,65612.0,158120.0,71382.0
2026-04-14 18:05:40.006446,735269,1609507433632095,5033602066,-0.792512,0.076128,0.665632,-2.66,-1.19,-0.41125,-5.232,-7.552001,25.160002,none,8,3.0,25620.0,151445.0,65442.0,158322.0,71144.0
2026-04-14 18:05:40.009192,735270,1609507433641105,5033610853,-0.792512,0.076128,0.665632,-1.60125,-1.015,-0.39375,-5.232,-7.552001,25.160002,none,8,3.0,25620.0,151445.0,65442.0,158322.0,71144.0
2026-04-14 18:05:40.016840,735271,1609507433655815,5033625749,-0.802272,0.115168,0.753472,0.2275,-1.18125,-0.83125,-5.04,-7.408001,25.736002,none,8,3.0,25620.0,151445.0,65442.0,158322.0,71144.0
2026-04-14 18:05:40.024904,735272,1609507433664940,5033634538,-0.802272,0.115168,0.753472,2.03875,-1.1725,-1.56625,-5.04,-7.408001,25.736002,none,8,3.0,25620.0,151445.0,65442.0,158322.0,71144.0
2026-04-14 18:05:40.034196,735273,1609507433674016,5033643395,-0.778848,0.101504,0.66368,2.5025,-1.18125,-1.96,-5.088,-7.28,27.384,none,8,3.0,25620.0,151445.0,65442.0,158322.0,71144.0
2026-04-14 18:05:40.047951,735274,1609507433688495,5033658324,-0.804224,0.12688,0.724192,1.6275,-1.11125,-2.89625,-4.968,-7.672,25.528002,none,8,3.0,25620.0,151445.0,65442.0,158322.0,71144.0
2026-04-14 18:05:40.057629,735275,1609507433697436,5033667004,-0.804224,0.12688,0.724192,-0.86625,-1.02375,-3.1675,-4.968,-7.672,25.528002,none,8,3.0,25620.0,151445.0,65442.0,158322.0,71144.0
2026-04-14 18:05:40.089347,735276,1609507433712085,5033681878,-0.831552,0.08784,0.552416,-3.85,-1.35625,-2.80875,-5.768,-6.976,26.608002,none,8,3.0,25620.0,151445.0,65442.0,158322.0,71144.0
2026-04-14 18:05:40.091342,735277,1609507433721020,5033690604,-0.831552,0.08784,0.552416,-6.3875,-2.23125,-3.07125,-5.768,-6.976,26.608002,none,8,3.0,25620.0,151445.0,65442.0,158322.0,71144.0
2026-04-14 18:05:40.171853,735288,1609507433729998,5033699324,-0.864736,0.074176,0.493856,-7.595,-2.68625,-2.7125,-5.960001,-6.568,26.688002,none,8,3.0,25498.0,151491.0,65207.0,158432.0,70874.0
2026-04-14 18:05:40.174322,735289,1609507433744555,5033714297,-0.864736,0.074176,0.493856,-7.9625,-2.6425,-2.7475,-5.960001,-6.568,26.688002,none,8,3.0,25498.0,151491.0,65207.0,158432.0,70874.0
2026-04-14 18:05:40.176870,735290,1609507433753506,5033723016,-0.784704,0.076128,0.747616,-7.81375,-2.3975,-3.00125,-5.936,-6.648,24.592001,none,8,3.0,25498.0,151491.0,65207.0,158432.0,70874.0
2026-04-14 18:05:40.179348,735291,1609507433768021,5033737938,-0.843264,0.054656,0.515328,-6.965,-2.415,-3.15,-5.656,-6.8,26.480001,none,8,3.0,25498.0,151491.0,65207.0,158432.0,70874.0
2026-04-14 18:05:40.181858,735292,1609507433777059,5033746632,-0.843264,0.054656,0.515328,-6.51875,-2.205,-2.80875,-5.656,-6.8,26.480001,none,8,3.0,25498.0,151491.0,65207.0,158432.0,70874.0
2026-04-14 18:05:40.184227,735293,1609507433791718,5033761518,-0.837408,0.08784,0.71248,-5.87125,-1.72375,-1.995,-5.76,-6.696,27.160002,none,8,3.0,25498.0,151491.0,65207.0,158432.0,70874.0
2026-04-14 18:05:40.186858,735294,1609507433800711,5033770240,-0.837408,0.08784,0.71248,-5.5825,-1.26875,-2.19625,-5.76,-6.696,27.160002,none,8,3.0,25498.0,151491.0,65207.0,158432.0,70874.0
2026-04-14 18:05:40.189370,735295,1609507433809773,5033778990,-0.821792,0.040992,0.540704,-5.25,-1.11125,-2.40625,-6.184001,-6.728,27.432001,none,8,3.0,25498.0,151491.0,65207.0,158432.0,70874.0
2026-04-14 18:05:40.218774,735307,1609507433824913,5033794486,-0.821792,0.040992,0.540704,-5.7575,-0.9975,-2.38875,-6.184001,-6.728,27.432001,none,8,3.0,25372.0,151600.0,64964.0,158595.0,70585.0
2026-04-14 18:05:40.221723,735308,1609507433834017,5033803280,-0.886208,0.081984,0.612928,-5.17125,-0.34125,-2.24875,-6.936,-6.64,27.28,none,8,3.0,25372.0,151600.0,64964.0,158595.0,70585.0
2026-04-14 18:05:40.223938,735309,1609507433848558,5033818287,-0.823744,0.044896,0.528992,-4.15625,-0.21,-2.68625,-6.928001,-6.88,24.864,none,8,3.0,25372.0,151600.0,64964.0,158595.0,70585.0
2026-04-14 18:05:40.226150,735310,1609507433857578,5033826992,-0.823744,0.044896,0.528992,-3.3075,0.02625,-3.2025,-6.928001,-6.88,24.864,none,8,3.0,25372.0,151600.0,64964.0,158595.0,70585.0
2026-04-14 18:05:40.229217,735311,1609507433866603,5033835725,-0.823744,0.052704,0.620736,-2.68625,0.0875,-2.8525,-6.928001,-6.88,24.864,none,8,3.0,25372.0,151600.0,64964.0,158595.0,70585.0
2026-04-14 18:05:40.241188,735312,1609507433881106,5033850703,-0.784704,0.052704,0.620736,-2.33625,0.34125,-2.73,-5.816001,-6.304,25.416,none,8,3.0,25372.0,151600.0,64964.0,158595.0,70585.0
2026-04-14 18:05:40.254194,735313,1609507433890104,5033859411,-0.880352,0.091744,0.550464,-1.84625,-0.1225,-2.3975,-5.176,-7.056,25.304,none,8,3.0,25372.0,151600.0,64964.0,158595.0,70585.0
2026-04-14 18:05:40.265608,735314,1609507433904615,5033874362,-0.880352,0.091744,0.550464,-1.75875,-0.175,-2.205,-5.176,-7.056,25.304,none,8,3.0,25372.0,151600.0,64964.0,158595.0,70585.0
2026-04-14 18:05:40.273023,735315,1609507433913603,5033883058,-0.8296,0.093696,0.708576,-2.52875,-0.42,-2.03,-5.464,-6.888001,26.872002,none,8,3.0,25372.0,151600.0,64964.0,158595.0,70585.0
2026-04-14 18:05:40.283092,735316,1609507433922554,5033891739,-0.8296,0.093696,0.708576,-3.885,-0.5775,-1.3825,-5.464,-6.888001,26.872002,none,8,3.0,25372.0,151600.0,64964.0,158595.0,70585.0
2026-04-14 18:05:40.312206,735327,1609507433937104,5033906721,-0.823744,0.064416,0.612928,-4.34,-0.51625,-1.715,-6.296001,-6.688,25.864,none,8,3.0,25354.0,151383.0,64914.0,158369.0,70548.0
2026-04-14 18:05:40.312327,735328,1609507433946101,5033915404,-0.823744,0.064416,0.612928,-3.955,-0.42875,-2.61625,-6.296001,-6.688,25.864,none,8,3.0,25354.0,151383.0,64914.0,158369.0,70548.0
2026-04-14 18:05:40.318902,735329,1609507433960698,5033930342,-0.864736,0.083936,0.607072,-3.85,-0.21875,-2.31875,-5.992,-6.64,26.432001,none,8,3.0,25354.0,151383.0,64914.0,158369.0,70548.0
2026-04-14 18:05:40.330520,735330,1609507433969625,5033939085,-0.80032,0.08784,0.76128,-2.94,0.06125,-2.72125,-5.168,-7.152,25.552002,none,8,3.0,25354.0,151383.0,64914.0,158369.0,70548.0
2026-04-14 18:05:40.343960,735331,1609507433984134,5033953995,-0.80032,0.08784,0.76128,-1.81125,-0.27125,-2.66,-5.168,-7.152,25.552002,none,8,3.0,25354.0,151383.0,64914.0,158369.0,70548.0
2026-04-14 18:05:40.358829,735332,1609507433993104,5033962707,-0.884256,0.091744,0.538752,-0.9275,0.09625,-2.555,-5.048,-7.336,25.416,none,8,3.0,25354.0,151383.0,64914.0,158369.0,70548.0
2026-04-14 18:05:40.362481,735333,1609507434002034,5033971383,-0.884256,0.091744,0.538752,-1.1025,0.105,-2.86125,-5.048,-7.336,25.416,none,8,3.0,25354.0,151383.0,64914.0,158369.0,70548.0
2026-04-14 18:05:40.375118,735334,1609507434016555,5033986326,-0.833504,0.080032,0.61488,-1.79375,0.1225,-2.91375,-5.016,-7.136,25.648,none,8,3.0,25354.0,151383.0,64914.0,158369.0,70548.0
2026-04-14 18:05:40.419680,735345,1609507434025961,5033995560,-0.833504,0.080032,0.61488,-1.995,0.34125,-3.21125,-5.016,-7.136,25.648,none,8,3.0,25393.0,151220.0,64996.0,158112.0,70667.0
2026-04-14 18:05:40.419782,735346,1609507434040604,5034010476,-0.798368,0.062464,0.599264,-1.5225,0.25375,-3.28125,-6.000001,-7.256001,25.408,none,8,3.0,25393.0,151220.0,64996.0,158112.0,70667.0
2026-04-14 18:05:40.419832,735347,1609507434049574,5034019212,-0.874496,0.121024,0.646112,-0.62125,0.37625,-3.64,-6.016,-7.056,25.952002,none,8,3.0,25393.0,151220.0,64996.0,158112.0,70667.0
2026-04-14 18:05:40.419882,735348,1609507434058505,5034027901,-0.874496,0.121024,0.646112,-0.18375,0.2275,-3.47375,-6.016,-7.056,25.952002,none,8,3.0,25393.0,151220.0,64996.0,158112.0,70667.0
2026-04-14 18:05:40.455529,735349,1609507434073128,5034042818,-0.792512,0.0976,0.710528,0.2975,0.1575,-3.08875,-4.816001,-7.208,25.800001,none,8,3.0,25393.0,151220.0,64996.0,158112.0,70667.0
2026-04-14 18:05:40.480602,735350,1609507434082068,5034051474,-0.792512,0.0976,0.710528,-0.595,-0.11375,-3.045,-4.816001,-7.208,25.800001,none,8,3.0,25393.0,151220.0,64996.0,158112.0,70667.0
2026-04-14 18:05:40.488077,735351,1609507434096574,5034066365,-0.856928,0.105408,0.638304,-2.4325,-0.27125,-2.93125,-5.664,-6.568,26.584002,none,8,3.0,25393.0,151220.0,64996.0,158112.0,70667.0
2026-04-14 18:05:40.490239,735352,1609507434105529,5034075062,-0.856928,0.105408,0.638304,-4.10375,-0.98,-2.3625,-5.664,-6.568,26.584002,none,8,3.0,25393.0,151220.0,64996.0,158112.0,70667.0
2026-04-14 18:05:40.493893,735353,1609507434120005,5034089940,-0.79056,0.081984,0.749568,-3.21125,-1.5575,-2.625,-5.872,-6.488,26.160002,none,8,3.0,25393.0,151220.0,64996.0,158112.0,70667.0
2026-04-14 18:05:40.520554,735364,1609507434129249,5034098751,-0.815936,0.054656,0.544608,-2.45875,-1.61875,-2.54625,-5.488,-7.12,25.288002,none,8,3.0,25417.0,151120.0,65002.0,158035.0,70678.0
2026-04-14 18:05:40.523027,735365,1609507434138286,5034107470,-0.815936,0.054656,0.544608,-1.33,-1.37375,-2.3975,-5.488,-7.12,25.288002,none,8,3.0,25417.0,151120.0,65002.0,158035.0,70678.0
2026-04-14 18:05:40.525119,735366,1609507434152830,5034122412,-0.862784,0.081984,0.534848,-0.46375,-1.75,-2.28375,-4.776,-6.904,25.552002,none,8,3.0,25417.0,151120.0,65002.0,158035.0,70678.0
2026-04-14 18:05:40.528075,735367,1609507434161797,5034131173,-0.862784,0.081984,0.534848,-0.245,-1.35625,-2.05625,-4.776,-6.904,25.552002,none,8,3.0,25417.0,151120.0,65002.0,158035.0,70678.0
2026-04-14 18:05:40.535580,735368,1609507434176457,5034146099,-0.882304,0.10736,0.610976,-0.0525,-1.18125,-1.95125,-4.888,-6.864,25.592001,none,8,3.0,25417.0,151120.0,65002.0,158035.0,70678.0
2026-04-14 18:05:40.546825,735369,1609507434185540,5034154788,-0.882304,0.10736,0.610976,-0.14875,-1.61,-1.6275,-4.888,-6.864,25.592001,none,8,3.0,25417.0,151120.0,65002.0,158035.0,70678.0
2026-04-14 18:05:40.554417,735370,1609507434194491,5034163479,-0.772992,0.080032,0.74176,-0.4025,-1.42625,-2.00375,-5.368,-6.872,26.432001,none,8,3.0,25417.0,151120.0,65002.0,158035.0,70678.0
2026-04-14 18:05:40.590230,735371,1609507434209129,5034178401,-0.856928,0.080032,0.503616,-0.4375,-1.33875,-1.98625,-5.368,-6.896,24.704,none,8,3.0,25417.0,151120.0,65002.0,158035.0,70678.0
2026-04-14 18:05:40.595961,735372,1609507434218070,5034187114,-0.856928,0.080032,0.503616,0.035,-1.16375,-2.03,-5.712,-6.896,24.704,none,8,3.0,25417.0,151120.0,65002.0,158035.0,70678.0
2026-04-14 18:05:40.620455,735383,1609507434232586,5034202053,-0.772992,0.080032,0.700768,0.1925,-1.12,-1.84625,-4.96,-7.216001,25.896002,none,8,3.0,25383.0,150950.0,64990.0,157909.0,70681.0
2026-04-14 18:05:40.622974,735384,1609507434241538,5034210792,-0.772992,0.080032,0.700768,-0.37625,-1.2075,-2.1175,-4.96,-7.216001,25.896002,none,8,3.0,25383.0,150950.0,64990.0,157909.0,70681.0
2026-04-14 18:05:40.628050,735385,1609507434256129,5034225833,-0.845216,0.091744,0.577792,-1.19875,-0.98875,-1.9425,-5.24,-7.504,25.096,none,8,3.0,25383.0,150950.0,64990.0,157909.0,70681.0
2026-04-14 18:05:40.630561,735386,1609507434265132,5034234542,-0.845216,0.091744,0.577792,-1.3475,-1.05,-1.9425,-5.24,-7.504,25.096,none,8,3.0,25383.0,150950.0,64990.0,157909.0,70681.0
2026-04-14 18:05:40.635576,735387,1609507434274077,5034243215,-0.870592,0.099552,0.568032,-1.11125,-1.33875,-2.0825,-5.176,-7.208,25.704,none,8,3.0,25383.0,150950.0,64990.0,157909.0,70681.0
2026-04-14 18:05:40.648957,735388,1609507434288573,5034258107,-0.870592,0.099552,0.568032,-1.19,-0.98,-2.1175,-5.176,-7.208,25.704,none,8,3.0,25383.0,150950.0,64990.0,157909.0,70681.0
2026-04-14 18:05:40.656893,735389,1609507434297599,5034266827,-0.815936,0.10736,0.747616,-2.12625,-1.1725,-1.89875,-5.192,-6.984,27.184002,none,8,3.0,25383.0,150950.0,64990.0,157909.0,70681.0
2026-04-14 18:05:40.673136,735390,1609507434312098,5034281844,-0.79056,0.076128,0.733952,-2.555,-0.69125,-1.54875,-5.968,-7.08,25.648,none,8,3.0,25383.0,150950.0,64990.0,157909.0,70681.0
2026-04-14 18:05:40.681248,735391,1609507434321095,5034290561,-0.79056,0.076128,0.733952,-3.08,-0.95375,-1.95125,-5.968,-7.08,25.648,none,8,3.0,25383.0,150950.0,64990.0,157909.0,70681.0
2026-04-14 18:05:40.710177,735402,1609507434330314,5034299308,-0.892064,0.080032,0.540704,-2.695,-0.98875,-2.205,-5.456,-7.2,22.608002,none,8,3.0,25406.0,150887.0,65008.0,157876.0,70721.0
2026-04-14 18:05:40.713010,735403,1609507434344843,5034314328,-0.892064,0.080032,0.540704,-1.68,-0.79625,-2.49375,-5.456,-7.2,22.608002,none,8,3.0,25406.0,150887.0,65008.0,157876.0,70721.0
2026-04-14 18:05:40.715551,735404,1609507434353933,5034323060,-0.894016,0.10736,0.638304,0.805,-0.63875,-2.45,-5.848,-7.008,26.336,none,8,3.0,25406.0,150887.0,65008.0,157876.0,70721.0
2026-04-14 18:05:40.729247,735405,1609507434368551,5034337955,-0.894016,0.10736,0.638304,2.625,-0.7175,-2.09125,-5.848,-7.008,26.336,none,8,3.0,25406.0,150887.0,65008.0,157876.0,70721.0
2026-04-14 18:05:40.735571,735406,1609507434377540,5034346691,-0.843264,0.122976,0.696864,2.21375,-0.2625,-1.8025,-5.048,-7.208,25.664001,none,8,3.0,25406.0,150887.0,65008.0,157876.0,70721.0
2026-04-14 18:05:40.746874,735407,1609507434386526,5034355394,-0.843264,0.122976,0.696864,-0.28,0.0,-0.63,-5.048,-7.208,25.664001,none,8,3.0,25406.0,150887.0,65008.0,157876.0,70721.0
2026-04-14 18:05:40.760595,735408,1609507434401012,5034370323,-0.767136,0.064416,0.618784,-3.535,-0.1575,-0.32375,-5.736,-7.056,26.6,none,8,3.0,25406.0,150887.0,65008.0,157876.0,70721.0
2026-04-14 18:05:40.775074,735409,1609507434409940,5034379051,-0.767136,0.033184,0.62464,-6.20375,0.2625,-0.58625,-5.736,-7.056,26.6,none,8,3.0,25406.0,150887.0,65008.0,157876.0,70721.0
2026-04-14 18:05:40.784543,735410,1609507434424479,5034393963,-0.774944,0.042944,0.62464,-7.42,0.37625,-0.385,-6.208,-7.232,24.576,none,8,3.0,25406.0,150887.0,65008.0,157876.0,70721.0
2026-04-14 18:05:40.854067,735421,1609507434433606,5034402679,-0.854976,0.080032,0.659776,-7.21875,0.97125,-0.9625,-6.368001,-6.904,26.632002,none,8,3.0,25542.0,150446.0,65283.0,157293.0,71070.0
2026-04-14 18:05:40.856897,735422,1609507434448166,5034417684,-0.854976,0.080032,0.659776,-4.865,1.435,-1.44375,-6.368001,-6.904,26.632002,none,8,3.0,25542.0,150446.0,65283.0,157293.0,71070.0
2026-04-14 18:05:40.859385,735423,1609507434457478,5034426375,-0.845216,0.101504,0.714432,-1.47875,1.53125,-1.67125,-5.36,-7.432,25.608002,none,8,3.0,25542.0,150446.0,65283.0,157293.0,71070.0
2026-04-14 18:05:40.861844,735424,1609507434466524,5034435069,-0.845216,0.101504,0.714432,1.19,1.365,-2.3625,-5.36,-7.432,25.608002,none,8,3.0,25542.0,150446.0,65283.0,157293.0,71070.0
2026-04-14 18:05:40.864245,735425,1609507434481425,5034449951,-0.833504,0.083936,0.52704,3.49125,1.04125,-2.61625,-5.256,-7.000001,26.144001,none,8,3.0,25542.0,150446.0,65283.0,157293.0,71070.0
2026-04-14 18:05:40.868822,735426,1609507434490810,5034460794,-0.81008,0.095648,0.564128,4.26125,0.28,-2.96625,-5.256,-7.000001,26.328001,none,8,3.0,25542.0,150446.0,65283.0,157293.0,71070.0
2026-04-14 18:05:40.877762,735427,1609507434499776,5034469505,-0.81008,0.095648,0.564128,3.15875,0.18375,-3.3775,-5.648,-7.216001,26.328001,none,8,3.0,25542.0,150446.0,65283.0,157293.0,71070.0
2026-04-14 18:05:40.877848,735428,1609507434514247,5034484496,-0.851072,0.154208,0.706624,1.5575,-0.37625,-3.5875,-5.616,-7.104001,26.488,none,8,3.0,25542.0,150446.0,65283.0,157293.0,71070.0
2026-04-14 18:05:40.883951,735429,1609507434523249,5034493201,-0.851072,0.154208,0.706624,-1.05,-0.74375,-2.91375,-5.616,-7.104001,26.488,none,8,3.0,25542.0,150446.0,65283.0,157293.0,71070.0
2026-04-14 18:05:40.911538,735440,1609507434538007,5034508231,-0.769088,0.095648,0.718336,-4.375,-1.0325,-2.28375,-6.24,-6.856,26.480001,none,8,3.0,25370.0,150704.0,64981.0,157664.0,70653.0
2026-04-14 18:05:40.914043,735441,1609507434547093,5034516954,-0.769088,0.095648,0.718336,-7.3325,-1.33875,-3.9375,-6.24,-6.856,26.480001,none,8,3.0,25370.0,150704.0,64981.0,157664.0,70653.0
2026-04-14 18:05:40.921443,735442,1609507434561625,5034531892,-0.825696,0.095648,0.745664,-7.1575,-1.04125,-4.89125,-6.064,-6.784,26.448002,none,8,3.0,25370.0,150704.0,64981.0,157664.0,70653.0
2026-04-14 18:05:40.931526,735443,1609507434570558,5034540593,-0.825696,0.095648,0.745664,-5.075,-0.93625,-4.4975,-6.064,-6.784,26.448002,none,8,3.0,25370.0,150704.0,64981.0,157664.0,70653.0
2026-04-14 18:05:40.939068,735444,1609507434579505,5034549317,-0.856928,0.066368,0.493856,-2.1,-1.05875,-3.96375,-5.112001,-7.184001,25.968,none,8,3.0,25370.0,150704.0,64981.0,157664.0,70653.0
2026-04-14 18:05:40.957391,735445,1609507434594019,5034564222,-0.84912,0.134688,0.726144,-0.27125,-1.155,-3.6925,-5.752,-7.024,26.232,none,8,3.0,25370.0,150704.0,64981.0,157664.0,70653.0
2026-04-14 18:05:40.973181,735446,1609507434602963,5034572930,-0.84912,0.134688,0.726144,0.60375,-1.26875,-3.10625,-5.752,-7.024,26.232,none,8,3.0,25370.0,150704.0,64981.0,157664.0,70653.0
2026-04-14 18:05:40.996028,735447,1609507434617488,5034587837,-0.862784,0.128832,0.667584,0.90125,-1.68,-3.10625,-5.136,-7.408001,25.504002,none,8,3.0,25370.0,150704.0,64981.0,157664.0,70653.0
2026-04-14 18:05:41.012252,735458,1609507434626428,5034596689,-0.862784,0.128832,0.667584,-0.76125,-2.31875,-2.7475,-5.136,-7.408001,25.504002,none,8,3.0,25037.0,151263.0,64374.0,158353.0,69884.0
2026-04-14 18:05:41.014803,735459,1609507434640960,5034609603,-0.825696,0.066368,0.521184,-3.71875,-2.1,-1.96875,-5.256,-7.248,25.448002,none,8,3.0,25037.0,151263.0,64374.0,158353.0,69884.0
2026-04-14 18:05:41.017349,735460,1609507434650336,5034620408,-0.825696,0.066368,0.521184,-4.66375,-2.2575,-1.16375,-5.256,-7.248,25.448002,none,8,3.0,25037.0,151263.0,64374.0,158353.0,69884.0
2026-04-14 18:05:41.019886,735461,1609507434659494,5034629119,-0.792512,0.081984,0.75152,-4.06,-2.35375,-0.735,-5.792,-6.808,25.696001,none,8,3.0,25037.0,151263.0,64374.0,158353.0,69884.0
2026-04-14 18:05:41.036190,735462,1609507434674012,5034644036,-0.83936,0.095648,0.735904,-2.94,-2.0825,0.0875,-5.192,-7.08,26.296001,none,8,3.0,25037.0,151263.0,64374.0,158353.0,69884.0
2026-04-14 18:05:41.058073,735463,1609507434682951,5034652714,-0.83936,0.095648,0.735904,-1.7675,-1.3475,0.39375,-5.192,-7.08,26.296001,none,8,3.0,25037.0,151263.0,64374.0,158353.0,69884.0
2026-04-14 18:05:41.073967,735464,1609507434697585,5034667647,-0.794464,0.076128,0.759328,-1.21625,-1.54875,0.60375,-6.000001,-6.992,26.320002,none,8,3.0,25037.0,151263.0,64374.0,158353.0,69884.0
2026-04-14 18:05:41.076230,735465,1609507434706540,5034676354,-0.794464,0.076128,0.759328,-0.07,-1.72375,1.155,-6.000001,-6.992,26.320002,none,8,3.0,25037.0,151263.0,64374.0,158353.0,69884.0
2026-04-14 18:05:41.078988,735466,1609507434715512,5034685060,-0.831552,0.056608,0.52704,1.2425,-1.60125,1.11125,-6.136,-7.384,25.544,none,8,3.0,25037.0,151263.0,64374.0,158353.0,69884.0
2026-04-14 18:05:41.118894,735477,1609507434730153,5034699980,-0.831552,0.056608,0.52704,2.5375,-1.65375,0.58625,-6.136,-7.384,25.544,none,8,3.0,24892.0,151314.0,64101.0,158412.0,69574.0
2026-04-14 18:05:41.147928,735478,1609507434739275,5034708761,-0.778848,0.06832,0.636352,3.8675,-1.35625,0.48125,-5.296001,-6.952,26.008001,none,8,3.0,24892.0,151314.0,64101.0,158412.0,69574.0
2026-04-14 18:05:41.151704,735479,1609507434753780,5034723729,-0.876448,0.111264,0.609024,4.92625,-0.945,0.32375,-5.312,-7.28,25.368002,none,8,3.0,24892.0,151314.0,64101.0,158412.0,69574.0
2026-04-14 18:05:41.163770,735480,1609507434762798,5034732428,-0.876448,0.111264,0.609024,5.215,-1.42625,0.0,-5.312,-7.28,25.368002,none,8,3.0,24892.0,151314.0,64101.0,158412.0,69574.0
2026-04-14 18:05:41.176996,735481,1609507434771830,5034741132,-0.876448,0.111264,0.609024,5.005,-1.715,-0.3675,-5.312,-7.28,25.368002,none,8,3.0,24892.0,151314.0,64101.0,158412.0,69574.0
2026-04-14 18:05:41.180207,735482,1609507434786296,5034756068,-0.880352,0.089792,0.491904,5.5125,-1.60125,-0.90125,-5.416,-7.152,27.52,none,8,3.0,24892.0,151314.0,64101.0,158412.0,69574.0
2026-04-14 18:05:41.192852,735483,1609507434795397,5034764739,-0.83936,0.134688,0.724192,7.42875,-1.72375,-1.16375,-6.920001,-6.928001,27.336,none,8,3.0,24892.0,151314.0,64101.0,158412.0,69574.0
2026-04-14 18:05:41.205648,735484,1609507434809894,5034779636,-0.83936,0.134688,0.724192,8.95125,-1.6625,-1.6975,-6.920001,-6.928001,27.336,none,8,3.0,24892.0,151314.0,64101.0,158412.0,69574.0
2026-04-14 18:05:41.218550,735485,1609507434819005,5034788344,-0.882304,0.13664,0.521184,9.47625,-1.715,-2.3275,-6.736001,-8.168,25.536001,none,8,3.0,24892.0,151314.0,64101.0,158412.0,69574.0
2026-04-14 18:05:41.296039,735496,1609507434833675,5034803298,-0.827648,0.109312,0.51728,7.44625,-2.21375,-2.8525,-6.000001,-7.408001,26.352001,none,8,3.0,24962.0,150748.0,64200.0,157868.0,69680.0
2026-04-14 18:05:41.301575,735497,1609507434842611,5034812014,-0.827648,0.109312,0.51728,5.5125,-2.3275,-2.51125,-6.000001,-7.408001,26.352001,none,8,3.0,24962.0,150748.0,64200.0,157868.0,69680.0
2026-04-14 18:05:41.303683,735498,1609507434851529,5034820721,-0.827648,0.109312,0.51728,1.96,-2.49375,-2.80875,-6.000001,-7.408001,26.352001,none,8,3.0,24962.0,150748.0,64200.0,157868.0,69680.0
2026-04-14 18:05:41.305284,735499,1609507434866272,5034835631,-0.864736,0.132736,0.632448,-0.7175,-2.96625,-2.38,-6.168,-7.648,24.968,none,8,3.0,24962.0,150748.0,64200.0,157868.0,69680.0
2026-04-14 18:05:41.308480,735500,1609507434875217,5034844311,-0.774944,0.089792,0.733952,-2.65125,-3.07125,-2.5025,-6.432,-7.352,26.152,none,8,3.0,24962.0,150748.0,64200.0,157868.0,69680.0
2026-04-14 18:05:41.310925,735501,1609507434889818,5034859199,-0.774944,0.089792,0.733952,-3.5175,-3.49125,-2.7475,-6.432,-7.352,26.152,none,8,3.0,24962.0,150748.0,64200.0,157868.0,69680.0
2026-04-14 18:05:41.313464,735502,1609507434898724,5034867876,-0.77104,0.066368,0.669536,-3.4475,-3.12375,-2.70375,-6.568,-7.632,26.104002,none,8,3.0,24962.0,150748.0,64200.0,157868.0,69680.0
2026-04-14 18:05:41.335687,735503,1609507434907627,5034876621,-0.77104,0.066368,0.669536,-2.94875,-2.98375,-2.5725,-6.568,-7.632,26.104002,none,8,3.0,24962.0,150748.0,64200.0,157868.0,69680.0
2026-04-14 18:05:41.343384,735504,1609507434922141,5034891569,-0.817888,0.062464,0.5368,-2.30125,-2.17,-2.37125,-6.576,-7.768001,25.2,none,8,3.0,24962.0,150748.0,64200.0,157868.0,69680.0
2026-04-14 18:05:41.360451,735515,1609507434931148,5034900494,-0.817888,0.062464,0.5368,-2.38,-2.21375,-2.1525,-6.576,-7.768001,25.2,none,8,3.0,24970.0,150581.0,64200.0,157676.0,69701.0
2026-04-14 18:05:41.363938,735516,1609507434945742,5034915471,-0.782752,0.066368,0.64416,-1.61875,-1.8725,-1.91625,-5.472,-7.84,25.648,none,8,3.0,24970.0,150581.0,64200.0,157676.0,69701.0
2026-04-14 18:05:41.371379,735517,1609507434954790,5034924201,-0.7808,0.091744,0.728096,-0.81375,-1.39125,-2.0125,-5.84,-7.616,26.496002,none,8,3.0,24970.0,150581.0,64200.0,157676.0,69701.0
2026-04-14 18:05:41.371472,735518,1609507434963838,5034932947,-0.7808,0.091744,0.728096,-0.21875,-1.16375,-1.68875,-5.84,-7.616,26.496002,none,8,3.0,24970.0,150581.0,64200.0,157676.0,69701.0
2026-04-14 18:05:41.371534,735519,1609507434978402,5034948008,-0.845216,0.091744,0.5368,0.1575,-0.84875,-1.63625,-5.848,-7.648,25.504002,none,8,3.0,24970.0,150581.0,64200.0,157676.0,69701.0
2026-04-14 18:05:41.371594,735520,1609507434987352,5034956731,-0.845216,0.091744,0.5368,0.07875,-0.65625,-1.68,-5.848,-7.648,25.504002,none,8,3.0,24970.0,150581.0,64200.0,157676.0,69701.0
2026-04-14 18:05:41.371665,735521,1609507435002011,5034971756,-0.866688,0.115168,0.636352,0.4025,-0.76125,-1.37375,-5.496,-8.0,25.480001,none,8,3.0,24970.0,150581.0,64200.0,157676.0,69701.0
2026-04-14 18:05:41.371724,735522,1609507435011036,5034980465,-0.866688,0.115168,0.636352,0.20125,-1.1375,-1.1025,-5.496,-8.0,25.480001,none,8,3.0,24970.0,150581.0,64200.0,157676.0,69701.0
2026-04-14 18:05:41.386325,735523,1609507435025545,5034995399,-0.802272,0.105408,0.677344,1.98625,-1.19,-1.085,-5.608,-7.792,25.816002,none,8,3.0,24970.0,150581.0,64200.0,157676.0,69701.0
2026-04-14 18:05:41.415472,735534,1609507435034611,5035004207,-0.8296,0.122976,0.597312,4.15625,-0.7,-0.53375,-5.544,-7.992001,25.256,none,8,3.0,25050.0,149505.0,64342.0,156341.0,69915.0
2026-04-14 18:05:41.418027,735535,1609507435043609,5035012948,-0.8296,0.122976,0.597312,5.04,-1.12,-0.84,-5.544,-7.992001,25.256,none,8,3.0,25050.0,149505.0,64342.0,156341.0,69915.0
2026-04-14 18:05:41.420596,735536,1609507435058121,5035027887,-0.77104,0.130784,0.726144,4.50625,-0.6825,-0.97125,-5.6,-8.072001,26.2,none,8,3.0,25050.0,149505.0,64342.0,156341.0,69915.0
2026-04-14 18:05:41.426804,735537,1609507435067079,5035036618,-0.77104,0.130784,0.726144,2.63375,-0.8925,-1.07625,-5.6,-8.072001,26.2,none,8,3.0,25050.0,149505.0,64342.0,156341.0,69915.0
2026-04-14 18:05:41.445490,735538,1609507435081565,5035051500,-0.804224,0.142496,0.743712,0.595,-1.2075,-1.23375,-6.632,-7.880001,25.928001,none,8,3.0,25050.0,149505.0,64342.0,156341.0,69915.0
2026-04-14 18:05:41.449043,735539,1609507435090698,5035060267,-0.804224,0.142496,0.743712,-0.51625,-1.295,-1.18125,-6.632,-7.880001,25.928001,none,8,3.0,25050.0,149505.0,64342.0,156341.0,69915.0
2026-04-14 18:05:41.460591,735540,1609507435099746,5035069056,-0.784704,0.128832,0.755424,-0.90125,-1.49625,-1.60125,-5.616,-8.0,25.536001,none,8,3.0,25050.0,149505.0,64342.0,156341.0,69915.0
2026-04-14 18:05:41.474097,735541,1609507435114220,5035083985,-0.784704,0.128832,0.755424,-1.26875,-1.225,-1.68,-5.616,-8.0,25.536001,none,8,3.0,25050.0,149505.0,64342.0,156341.0,69915.0
2026-04-14 18:05:41.483094,735542,1609507435123165,5035092708,-0.812032,0.140544,0.757376,-2.12625,-1.5925,-1.63625,-5.352,-8.232,25.824001,none,8,3.0,25050.0,149505.0,64342.0,156341.0,69915.0
2026-04-14 18:05:41.515601,735553,1609507435137704,5035107821,-0.786656,0.095648,0.640256,-2.7825,-1.02375,-2.17875,-6.392,-7.512001,26.760002,none,8,3.0,25061.0,149456.0,64416.0,156378.0,69955.0
2026-04-14 18:05:41.517678,735554,1609507435146683,5035116550,-0.786656,0.095648,0.640256,-3.465,-0.56875,-2.6075,-6.392,-7.512001,26.760002,none,8,3.0,25061.0,149456.0,64416.0,156378.0,69955.0
2026-04-14 18:05:41.521848,735555,1609507435161376,5035131503,-0.769088,0.089792,0.691008,-4.06,-0.56,-2.765,-6.792,-7.504,27.44,none,8,3.0,25061.0,149456.0,64416.0,156378.0,69955.0
2026-04-14 18:05:41.539153,735556,1609507435170327,5035140212,-0.769088,0.089792,0.691008,-4.55875,-0.18375,-3.17625,-6.792,-7.504,27.44,none,8,3.0,25061.0,149456.0,64416.0,156378.0,69955.0
2026-04-14 18:05:41.557598,735557,1609507435179316,5035148975,-0.88816,0.115168,0.538752,-4.55,0.21875,-3.4125,-6.512,-7.912,25.168001,none,8,3.0,25061.0,149456.0,64416.0,156378.0,69955.0
2026-04-14 18:05:41.583106,735558,1609507435193807,5035163870,-0.88816,0.115168,0.538752,-3.59625,0.28875,-3.3075,-6.512,-7.912,25.168001,none,8,3.0,25061.0,149456.0,64416.0,156378.0,69955.0
2026-04-14 18:05:41.607674,735559,1609507435202728,5035172552,-0.88816,0.132736,0.597312,-2.89625,-0.39375,-3.10625,-6.888001,-7.696001,25.336,none,8,3.0,25061.0,149456.0,64416.0,156378.0,69955.0
2026-04-14 18:05:41.613150,735560,1609507435217235,5035187453,-0.813984,0.08784,0.540704,-2.30125,-0.25375,-2.555,-6.112001,-7.464,27.824001,none,8,3.0,25061.0,149456.0,64416.0,156378.0,69955.0
2026-04-14 18:05:41.615576,735561,1609507435226172,5035196145,-0.813984,0.08784,0.540704,-2.695,-0.42,-2.4325,-6.112001,-7.464,27.824001,none,8,3.0,25061.0,149456.0,64416.0,156378.0,69955.0
2026-04-14 18:05:41.645495,735572,1609507435240770,5035211101,-0.833504,0.089792,0.519232,-3.57875,-1.0325,-1.98625,-6.6,-7.872,26.888,none,8,3.0,25044.0,149739.0,64379.0,156675.0,69915.0
2026-04-14 18:05:41.647575,735573,1609507435249711,5035219786,-0.833504,0.089792,0.519232,-4.0425,-1.3825,-1.89,-6.6,-7.872,26.888,none,8,3.0,25044.0,149739.0,64379.0,156675.0,69915.0
2026-04-14 18:05:41.649985,735574,1609507435258718,5035228533,-0.76128,0.08784,0.71248,-3.885,-1.46125,-1.86375,-6.616,-7.832,26.456001,none,8,3.0,25044.0,149739.0,64379.0,156675.0,69915.0
2026-04-14 18:05:41.652991,735575,1609507435273244,5035243520,-0.76128,0.08784,0.71248,-2.9225,-1.47875,-1.67125,-6.616,-7.832,26.456001,none,8,3.0,25044.0,149739.0,64379.0,156675.0,69915.0
2026-04-14 18:05:41.655495,735576,1609507435282260,5035252209,-0.808128,0.101504,0.646112,-1.715,-0.98875,-1.79375,-6.304,-7.656,25.976002,none,8,3.0,25044.0,149739.0,64379.0,156675.0,69915.0
2026-04-14 18:05:41.657491,735577,1609507435296778,5035267132,-0.767136,0.08784,0.65392,-0.74375,-0.77,-2.21375,-5.712,-8.016001,24.872002,none,8,3.0,25044.0,149739.0,64379.0,156675.0,69915.0
2026-04-14 18:05:41.665359,735578,1609507435305718,5035275862,-0.767136,0.08784,0.65392,0.0175,-0.5075,-2.42375,-5.712,-8.016001,24.872002,none,8,3.0,25044.0,149739.0,64379.0,156675.0,69915.0
2026-04-14 18:05:41.680576,735579,1609507435320214,5035288720,-0.7808,0.08784,0.62464,0.0875,-0.875,-2.28375,-5.592001,-7.784,25.432001,none,8,3.0,25044.0,149739.0,64379.0,156675.0,69915.0
2026-04-14 18:05:41.691506,735580,1609507435329599,5035299482,-0.7808,0.08784,0.62464,0.32375,-0.56,-2.345,-5.592001,-7.784,25.432001,none,8,3.0,25044.0,149739.0,64379.0,156675.0,69915.0
2026-04-14 18:05:41.718895,735591,1609507435338574,5035308241,-0.79056,0.13664,0.757376,0.07875,-0.665,-2.0125,-5.592001,-7.608,26.256,none,8,3.0,25004.0,149359.0,64298.0,156213.0,69833.0
2026-04-14 18:05:41.726178,735592,1609507435353252,5035323122,-0.79056,0.13664,0.757376,0.41125,-0.98875,-1.5575,-5.592001,-7.608,26.256,none,8,3.0,25004.0,149359.0,64298.0,156213.0,69833.0
2026-04-14 18:05:41.740461,735593,1609507435362311,5035331855,-0.788608,0.132736,0.753472,-0.1225,-1.4175,-2.065,-7.224001,-7.496,27.152,none,8,3.0,25004.0,149359.0,64298.0,156213.0,69833.0
2026-04-14 18:05:41.742524,735594,1609507435376819,5035346819,-0.7808,0.10736,0.70272,-2.38,-1.35625,-1.925,-5.176,-8.096001,27.336,none,8,3.0,25004.0,149359.0,64298.0,156213.0,69833.0
2026-04-14 18:05:41.745151,735595,1609507435385745,5035355514,-0.7808,0.10736,0.70272,-3.57875,-1.14625,-1.77625,-5.952,-8.096001,27.336,none,8,3.0,25004.0,149359.0,64298.0,156213.0,69833.0
2026-04-14 18:05:41.755484,735596,1609507435394715,5035364215,-0.7808,0.10736,0.70272,-3.045,-1.0325,-2.1,-5.952,-8.096001,27.336,none,8,3.0,25004.0,149359.0,64298.0,156213.0,69833.0
2026-04-14 18:05:41.768086,735597,1609507435409192,5035379132,-0.853024,0.132736,0.677344,-2.21375,-0.86625,-2.17,-5.608,-8.160001,24.792002,none,8,3.0,25004.0,149359.0,64298.0,156213.0,69833.0
2026-04-14 18:05:41.778101,735598,1609507435418174,5035387859,-0.870592,0.122976,0.573888,-1.6275,-0.9975,-2.1875,-5.368,-8.056001,26.288002,none,8,3.0,25004.0,149359.0,64298.0,156213.0,69833.0
2026-04-14 18:05:41.818168,735609,1609507435432832,5035403193,-0.870592,0.122976,0.573888,-1.60125,-1.05875,-2.45875,-5.368,-8.056001,26.288002,none,8,3.0,25007.0,149063.0,64283.0,155866.0,69823.0
2026-04-14 18:05:41.818299,735610,1609507435441994,5035411924,-0.806176,0.095648,0.622688,-1.5925,-1.07625,-2.5375,-5.712,-7.624001,26.208002,none,8,3.0,25007.0,149063.0,64283.0,155866.0,69823.0
2026-04-14 18:05:41.822334,735611,1609507435451096,5035420725,-0.806176,0.095648,0.622688,-1.30375,-0.62125,-2.3625,-5.712,-7.624001,26.208002,none,8,3.0,25007.0,149063.0,64283.0,155866.0,69823.0
2026-04-14 18:05:41.825126,735612,1609507435465587,5035435699,-0.8296,0.121024,0.638304,-0.5075,-0.79625,-2.6425,-6.712,-7.72,26.488,none,8,3.0,25007.0,149063.0,64283.0,155866.0,69823.0
2026-04-14 18:05:41.833985,735613,1609507435474541,5035444430,-0.8296,0.121024,0.638304,0.0,-0.5075,-2.65125,-6.712,-7.72,26.488,none,8,3.0,25007.0,149063.0,64283.0,155866.0,69823.0
2026-04-14 18:05:41.867764,735614,1609507435489038,5035459334,-0.802272,0.130784,0.728096,0.0175,-0.7525,-2.625,-6.536,-8.328,25.28,none,8,3.0,25007.0,149063.0,64283.0,155866.0,69823.0
2026-04-14 18:05:41.870063,735615,1609507435498110,5035468081,-0.763232,0.105408,0.724192,-0.4025,-0.5425,-2.65125,-6.544,-7.8,24.296001,none,8,3.0,25007.0,149063.0,64283.0,155866.0,69823.0
2026-04-14 18:05:41.872507,735616,1609507435512612,5035480966,-0.763232,0.105408,0.724192,-1.95125,-0.70875,-2.30125,-6.544,-7.8,24.296001,none,8,3.0,25007.0,149063.0,64283.0,155866.0,69823.0
2026-04-14 18:05:41.883098,735617,1609507435521806,5035491720,-0.821792,0.12688,0.757376,-2.44125,-0.56,-2.52,-6.584,-7.68,27.000002,none,8,3.0,25007.0,149063.0,64283.0,155866.0,69823.0
2026-04-14 18:05:41.890531,735618,1609507435530786,5035500425,-0.821792,0.12688,0.757376,-2.44125,-0.77875,-2.73875,-6.584,-7.68,27.000002,none,8,3.0,25007.0,149063.0,64283.0,155866.0,69823.0
2026-04-14 18:05:41.965687,735629,1609507435545396,5035515377,-0.856928,0.124928,0.675392,-2.625,-0.93625,-2.47625,-6.76,-7.944,27.464,none,8,3.0,24979.0,149342.0,64234.0,156240.0,69772.0
2026-04-14 18:05:41.967776,735630,1609507435554329,5035524274,-0.856928,0.124928,0.675392,-1.93375,-0.875,-2.38,-6.76,-7.944,27.464,none,8,3.0,24979.0,149342.0,64234.0,156240.0,69772.0
2026-04-14 18:05:41.970611,735631,1609507435568957,5035539169,-0.84912,0.08784,0.511424,-1.60125,-0.6475,-2.16125,-7.504,-7.552001,27.456001,none,8,3.0,24979.0,149342.0,64234.0,156240.0,69772.0
2026-04-14 18:05:41.973116,735632,1609507435577933,5035547861,-0.772992,0.101504,0.733952,-0.98,-0.74375,-2.1175,-7.504,-7.552001,26.448002,none,8,3.0,24979.0,149342.0,64234.0,156240.0,69772.0
2026-04-14 18:05:41.975403,735633,1609507435586858,5035556535,-0.772992,0.101504,0.733952,-0.07,-0.65625,-2.1525,-7.624001,-7.84,26.448002,none,8,3.0,24979.0,149342.0,64234.0,156240.0,69772.0
2026-04-14 18:05:41.978114,735634,1609507435601487,5035571502,-0.812032,0.109312,0.6344,0.0175,-0.42,-2.31,-6.664001,-7.616,26.296001,none,8,3.0,24979.0,149342.0,64234.0,156240.0,69772.0
2026-04-14 18:05:41.980622,735635,1609507435610618,5035580268,-0.812032,0.109312,0.6344,0.665,-0.11375,-2.30125,-6.664001,-7.616,26.296001,none,8,3.0,24979.0,149342.0,64234.0,156240.0,69772.0
2026-04-14 18:05:41.985624,735636,1609507435625146,5035595189,-0.821792,0.138592,0.706624,0.46375,-0.0875,-2.52875,-6.936,-7.808001,26.248001,none,8,3.0,24979.0,149342.0,64234.0,156240.0,69772.0
2026-04-14 18:05:42.018048,735647,1609507435634632,5035604277,-0.821792,0.138592,0.706624,0.42,-0.14,-2.17875,-6.936,-7.808001,26.248001,none,8,3.0,24981.0,149248.0,64245.0,156185.0,69748.0
2026-04-14 18:05:42.020573,735648,1609507435643600,5035613130,-0.778848,0.132736,0.7808,-1.05,0.2625,-2.135,-6.232,-7.832,26.400002,none,8,3.0,24981.0,149248.0,64245.0,156185.0,69748.0
2026-04-14 18:05:42.022607,735649,1609507435658195,5035628049,-0.778848,0.122976,0.665632,-2.0125,0.0525,-2.45,-6.232,-7.832,26.400002,none,8,3.0,24981.0,149248.0,64245.0,156185.0,69748.0
2026-04-14 18:05:42.028012,735650,1609507435667287,5035636753,-0.765184,0.122976,0.665632,-3.29875,-0.16625,-2.10875,-6.672,-7.736001,26.168001,none,8,3.0,24981.0,149248.0,64245.0,156185.0,69748.0
2026-04-14 18:05:42.041340,735651,1609507435682042,5035651682,-0.84912,0.191296,0.532896,-4.99625,-0.37625,-2.2575,-5.904,-8.240001,25.44,none,8,3.0,24981.0,149248.0,64245.0,156185.0,69748.0
2026-04-14 18:05:42.051837,735652,1609507435691158,5035660541,-0.84912,0.191296,0.532896,-8.35625,-0.07,-1.84625,-5.904,-8.240001,25.44,none,8,3.0,24981.0,149248.0,64245.0,156185.0,69748.0
2026-04-14 18:05:42.059184,735653,1609507435700191,5035669216,-0.763232,0.179584,0.694912,-15.417501,1.72375,-1.61875,-6.408001,-7.168,26.632002,none,8,3.0,24981.0,149248.0,64245.0,156185.0,69748.0
2026-04-14 18:05:42.075174,735654,1609507435714706,5035684087,-0.763232,0.179584,0.694912,-26.8275,3.50875,-2.47625,-6.408001,-7.168,26.632002,none,8,3.0,24981.0,149248.0,64245.0,156185.0,69748.0
2026-04-14 18:05:42.081886,735655,1609507435723671,5035692807,-0.864736,0.134688,0.659776,-39.41,4.9175,-2.96625,-5.648,-6.84,26.408,none,8,3.0,24981.0,149248.0,64245.0,156185.0,69748.0
2026-04-14 18:05:42.119313,735666,1609507435738374,5035707821,-0.864736,0.134688,0.659776,-49.04375,5.85375,-2.96625,-5.648,-6.84,26.408,none,8,3.0,25233.0,148582.0,64698.0,155145.0,70396.0
2026-04-14 18:05:42.121206,735667,1609507435747348,5035716557,-0.843264,0.021472,0.509472,-52.01,6.57125,-2.24,-5.616,-6.912,26.560001,none,8,3.0,25233.0,148582.0,64698.0,155145.0,70396.0
2026-04-14 18:05:42.124275,735668,1609507435756270,5035725281,-0.843264,0.021472,0.509472,-48.615,7.245,-2.17,-5.616,-6.912,26.560001,none,8,3.0,25233.0,148582.0,64698.0,155145.0,70396.0
2026-04-14 18:05:42.130480,735669,1609507435770976,5035740228,-0.862784,0.015616,0.544608,-40.6,7.69125,-3.01875,-7.088,-5.32,27.184002,none,8,3.0,25233.0,148582.0,64698.0,155145.0,70396.0
2026-04-14 18:05:42.139222,735670,1609507435779930,5035748935,-0.769088,0.00976,0.640256,-30.54625,7.6475,-3.6225,-5.28,-5.816001,26.904001,none,8,3.0,25233.0,148582.0,64698.0,155145.0,70396.0
2026-04-14 18:05:42.155153,735671,1609507435794475,5035763811,-0.769088,0.00976,0.640256,-21.735,7.41125,-3.885,-5.28,-5.816001,26.904001,none,8,3.0,25233.0,148582.0,64698.0,155145.0,70396.0
2026-04-14 18:05:42.161908,735672,1609507435803465,5035772566,-0.806176,0.027328,0.534848,-16.38,6.5625,-3.98125,-5.264,-5.768,26.048,none,8,3.0,25233.0,148582.0,64698.0,155145.0,70396.0
2026-04-14 18:05:42.178223,735673,1609507435818020,5035787504,-0.806176,0.027328,0.534848,-13.4575,5.57375,-4.27875,-5.264,-5.768,26.048,none,8,3.0,25233.0,148582.0,64698.0,155145.0,70396.0
2026-04-14 18:05:42.186412,735674,1609507435826997,5035796281,-0.85888,0.05856,0.544608,-12.425,4.1475,-4.82125,-5.144,-5.352,26.864002,none,8,3.0,25233.0,148582.0,64698.0,155145.0,70396.0
2026-04-14 18:05:42.219320,735685,1609507435836011,5035805429,-0.85888,0.05856,0.544608,-11.3575,2.80875,-5.18,-5.144,-5.352,26.864002,none,8,3.0,25456.0,148409.0,65075.0,154641.0,70913.0
2026-04-14 18:05:42.221810,735686,1609507435850710,5035820444,-0.769088,0.031232,0.651968,-10.26375,2.45875,-5.6525,-5.744,-5.192,27.336,none,8,3.0,25456.0,148409.0,65075.0,154641.0,70913.0
2026-04-14 18:05:42.224383,735687,1609507435859682,5035829166,-0.77104,0.046848,0.743712,-8.855001,1.61875,-6.02875,-5.744,-5.192,25.960001,none,8,3.0,25456.0,148409.0,65075.0,154641.0,70913.0
2026-04-14 18:05:42.234050,735688,1609507435874209,5035844059,-0.77104,0.046848,0.743712,-7.63,1.3825,-6.09,-6.096,-5.352,25.960001,none,8,3.0,25456.0,148409.0,65075.0,154641.0,70913.0
2026-04-14 18:05:42.246547,735689,1609507435883178,5035852739,-0.81984,0.05856,0.739808,-7.105,1.11125,-5.69625,-5.272,-5.552,26.032001,none,8,3.0,25456.0,148409.0,65075.0,154641.0,70913.0
2026-04-14 18:05:42.250293,735690,1609507435892122,5035861478,-0.81984,0.05856,0.739808,-6.23875,1.12875,-6.09875,-5.272,-5.552,26.032001,none,8,3.0,25456.0,148409.0,65075.0,154641.0,70913.0
2026-04-14 18:05:42.266523,735691,1609507435906738,5035876400,-0.804224,0.031232,0.730048,-4.97,1.12,-6.265,-4.976,-5.648,26.44,none,8,3.0,25456.0,148409.0,65075.0,154641.0,70913.0
2026-04-14 18:05:42.292684,735692,1609507435915749,5035885086,-0.804224,0.031232,0.730048,-3.57,1.3825,-6.335,-4.976,-5.648,26.44,none,8,3.0,25456.0,148409.0,65075.0,154641.0,70913.0
2026-04-14 18:05:42.295163,735693,1609507435930237,5035900027,-0.853024,0.015616,0.511424,-0.84875,0.945,-5.97625,-5.6,-4.984,27.464,none,8,3.0,25456.0,148409.0,65075.0,154641.0,70913.0
2026-04-14 18:05:42.360317,735704,1609507435939312,5035908785,-0.853024,0.015616,0.511424,2.7825,1.0675,-5.8975,-5.6,-4.984,27.464,none,8,3.0,25271.0,148900.0,64743.0,155247.0,70524.0
2026-04-14 18:05:42.362790,735705,1609507435953909,5035923687,-0.870592,0.089792,0.651968,4.24375,1.8375,-5.705,-7.024,-5.144,28.12,none,8,3.0,25271.0,148900.0,64743.0,155247.0,70524.0
2026-04-14 18:05:42.368862,735706,1609507435962850,5035932376,-0.79056,0.062464,0.689056,3.3775,2.1875,-5.53875,-6.76,-5.328,27.088001,none,8,3.0,25271.0,148900.0,64743.0,155247.0,70524.0
2026-04-14 18:05:42.369293,735707,1609507435971951,5035941076,-0.79056,0.062464,0.689056,0.105,1.7675,-5.17125,-6.76,-5.328,27.088001,none,8,3.0,25271.0,148900.0,64743.0,155247.0,70524.0
2026-04-14 18:05:42.369896,735708,1609507435986480,5035956041,-0.85888,0.03904,0.495808,-3.00125,1.96,-4.06,-5.432,-5.216,27.368002,none,8,3.0,25271.0,148900.0,64743.0,155247.0,70524.0
2026-04-14 18:05:42.374444,735709,1609507435995456,5035964751,-0.85888,0.03904,0.495808,-3.96375,2.02125,-3.5175,-5.432,-5.216,27.368002,none,8,3.0,25271.0,148900.0,64743.0,155247.0,70524.0
2026-04-14 18:05:42.374953,735710,1609507436009949,5035979712,-0.802272,0.025376,0.62464,-3.45625,1.61,-3.05375,-5.752,-5.104,27.240002,none,8,3.0,25271.0,148900.0,64743.0,155247.0,70524.0
2026-04-14 18:05:42.380489,735711,1609507436018928,5035988434,-0.802272,0.025376,0.62464,-0.77,1.28625,-2.94,-5.752,-5.104,27.240002,none,8,3.0,25271.0,148900.0,64743.0,155247.0,70524.0
2026-04-14 18:05:42.393964,735712,1609507436033474,5036003342,-0.788608,0.040992,0.651968,1.25125,0.91,-2.42375,-6.048,-5.456,27.232,none,8,3.0,25271.0,148900.0,64743.0,155247.0,70524.0
2026-04-14 18:05:42.421531,735723,1609507436042612,5036012141,-0.835456,0.060512,0.550464,3.15,0.7525,-2.2575,-5.888001,-5.136,26.056002,none,8,3.0,25276.0,149083.0,64773.0,155403.0,70545.0
2026-04-14 18:05:42.424155,735724,1609507436051635,5036020889,-0.835456,0.060512,0.550464,3.4475,0.79625,-2.59875,-5.888001,-5.136,26.056002,none,8,3.0,25276.0,149083.0,64773.0,155403.0,70545.0
2026-04-14 18:05:42.426512,735725,1609507436066167,5036035818,-0.825696,0.044896,0.530944,1.82,0.49,-2.14375,-5.944,-5.616,27.184002,none,8,3.0,25276.0,149083.0,64773.0,155403.0,70545.0
2026-04-14 18:05:42.435305,735726,1609507436075111,5036044542,-0.825696,0.044896,0.530944,0.91,-0.00875,-1.7325,-5.944,-5.616,27.184002,none,8,3.0,25276.0,149083.0,64773.0,155403.0,70545.0
2026-04-14 18:05:42.452811,735727,1609507436089608,5036059446,-0.85888,0.056608,0.499712,0.77,-0.2975,-1.46125,-4.88,-5.656,25.960001,none,8,3.0,25276.0,149083.0,64773.0,155403.0,70545.0
2026-04-14 18:05:42.462620,735728,1609507436098533,5036068137,-0.85888,0.056608,0.499712,1.5575,-1.04125,-0.93625,-4.88,-5.656,25.960001,none,8,3.0,25276.0,149083.0,64773.0,155403.0,70545.0
2026-04-14 18:05:42.468529,735729,1609507436107487,5036076841,-0.81008,0.093696,0.763232,2.45875,-1.435,-1.0325,-4.84,-5.624,26.128002,none,8,3.0,25276.0,149083.0,64773.0,155403.0,70545.0
2026-04-14 18:05:42.481428,735730,1609507436122072,5036091792,-0.851072,0.066368,0.51728,2.0825,-2.10875,-1.77625,-5.376,-5.472,26.808,none,8,3.0,25276.0,149083.0,64773.0,155403.0,70545.0
2026-04-14 18:05:42.510604,735731,1609507436131087,5036100488,-0.851072,0.066368,0.51728,0.5075,-1.9075,-1.855,-5.376,-5.472,26.808,none,8,3.0,25276.0,149083.0,64773.0,155403.0,70545.0
2026-04-14 18:05:42.538039,735742,1609507436145676,5036115517,-0.798368,0.054656,0.626592,-0.72625,-1.67125,-2.0825,-5.008,-5.896,26.112001,none,8,3.0,25240.0,149179.0,64680.0,155533.0,70432.0
2026-04-14 18:05:42.540664,735743,1609507436154754,5036124291,-0.798368,0.054656,0.626592,-1.0675,-1.68,-2.05625,-5.008,-5.896,26.112001,none,8,3.0,25240.0,149179.0,64680.0,155533.0,70432.0
2026-04-14 18:05:42.543119,735744,1609507436169328,5036139344,-0.813984,0.081984,0.74176,-1.8025,-1.295,-2.1,-4.752,-5.888001,25.968,none,8,3.0,25240.0,149179.0,64680.0,155533.0,70432.0
2026-04-14 18:05:42.545581,735745,1609507436178269,5036148036,-0.813984,0.081984,0.74176,-2.0475,-1.32125,-2.3275,-4.752,-5.888001,25.968,none,8,3.0,25240.0,149179.0,64680.0,155533.0,70432.0
2026-04-14 18:05:42.548116,735746,1609507436187211,5036156748,-0.776896,0.037088,0.630496,-2.1525,-1.225,-2.5025,-4.68,-5.960001,26.208002,none,8,3.0,25240.0,149179.0,64680.0,155533.0,70432.0
2026-04-14 18:05:42.563081,735747,1609507436201983,5036171651,-0.776896,0.050752,0.747616,-3.185,-1.37375,-2.9225,-4.68,-5.960001,25.160002,none,8,3.0,25240.0,149179.0,64680.0,155533.0,70432.0
2026-04-14 18:05:42.570177,735748,1609507436211054,5036180375,-0.77104,0.050752,0.747616,-3.75375,-0.805,-2.8,-4.864,-5.616,25.160002,none,8,3.0,25240.0,149179.0,64680.0,155533.0,70432.0
2026-04-14 18:05:42.585201,735749,1609507436225543,5036195310,-0.88816,0.070272,0.609024,-3.96375,-0.37625,-2.9575,-5.344,-5.736,26.776001,none,8,3.0,25240.0,149179.0,64680.0,155533.0,70432.0
2026-04-14 18:05:42.593999,735750,1609507436234511,5036204005,-0.88816,0.070272,0.609024,-4.2,-0.30625,-3.03625,-5.344,-5.736,26.776001,none,8,3.0,25240.0,149179.0,64680.0,155533.0,70432.0
2026-04-14 18:05:42.621471,735761,1609507436243521,5036212781,-0.786656,0.023424,0.65392,-3.78875,-0.385,-3.0975,-5.928001,-5.992,27.184002,none,8,3.0,25221.0,149344.0,64629.0,155819.0,70369.0
2026-04-14 18:05:42.624147,735762,1609507436258093,5036227715,-0.786656,0.023424,0.65392,-2.66,-0.2975,-3.10625,-5.928001,-5.992,27.184002,none,8,3.0,25221.0,149344.0,64629.0,155819.0,70369.0
2026-04-14 18:05:42.626546,735763,1609507436267150,5036236474,-0.81008,0.062464,0.753472,-1.74125,-0.11375,-3.3775,-5.192,-5.952,25.784,none,8,3.0,25221.0,149344.0,64629.0,155819.0,70369.0
2026-04-14 18:05:42.661440,735764,1609507436281641,5036251422,-0.81008,0.062464,0.753472,-1.23375,0.14,-3.40375,-5.192,-5.952,25.784,none,8,3.0,25221.0,149344.0,64629.0,155819.0,70369.0
2026-04-14 18:05:42.686390,735765,1609507436290706,5036260153,-0.88816,0.066368,0.562176,-1.25125,0.5075,-3.4825,-4.84,-5.728,25.216002,none,8,3.0,25221.0,149344.0,64629.0,155819.0,70369.0
2026-04-14 18:05:42.688963,735766,1609507436299619,5036268832,-0.88816,0.066368,0.562176,-1.63625,0.27125,-3.3075,-4.84,-5.728,25.216002,none,8,3.0,25221.0,149344.0,64629.0,155819.0,70369.0
2026-04-14 18:05:42.691485,735767,1609507436314264,5036283758,-0.815936,0.066368,0.745664,-2.24,0.1925,-3.21125,-4.832,-5.520001,26.04,none,8,3.0,25221.0,149344.0,64629.0,155819.0,70369.0
2026-04-14 18:05:42.694094,735768,1609507436323198,5036292459,-0.884256,0.070272,0.62464,-3.22875,-0.0875,-2.89625,-4.912,-5.744,25.008001,none,8,3.0,25221.0,149344.0,64629.0,155819.0,70369.0
2026-04-14 18:05:42.721477,735779,1609507436338250,5036307915,-0.884256,0.070272,0.62464,-3.78,-0.63875,-2.6425,-4.912,-5.744,25.008001,none,8,3.0,25250.0,149352.0,64704.0,155872.0,70445.0
2026-04-14 18:05:42.724145,735780,1609507436347312,5036316657,-0.85888,0.062464,0.706624,-3.87625,-0.6475,-2.37125,-5.128,-5.496,25.808,none,8,3.0,25250.0,149352.0,64704.0,155872.0,70445.0
2026-04-14 18:05:42.726540,735781,1609507436356249,5036325382,-0.85888,0.062464,0.706624,-3.03625,-1.18125,-2.1525,-5.128,-5.496,25.808,none,8,3.0,25250.0,149352.0,64704.0,155872.0,70445.0
2026-04-14 18:05:42.731528,735782,1609507436370826,5036340302,-0.79056,0.013664,0.61488,-1.61,-1.53125,-1.785,-4.72,-5.704001,25.920002,none,8,3.0,25250.0,149352.0,64704.0,155872.0,70445.0
2026-04-14 18:05:42.740141,735783,1609507436379850,5036349022,-0.79056,0.013664,0.61488,-0.105,-1.37375,-1.89875,-4.72,-5.704001,25.920002,none,8,3.0,25250.0,149352.0,64704.0,155872.0,70445.0
2026-04-14 18:05:42.755303,735784,1609507436394392,5036363932,-0.794464,0.0488,0.745664,1.19875,-1.96875,-2.1525,-4.968,-5.872,26.168001,none,8,3.0,25250.0,149352.0,64704.0,155872.0,70445.0
2026-04-14 18:05:42.762694,735785,1609507436403447,5036372622,-0.792512,0.02928,0.659776,1.9075,-2.065,-2.3625,-4.968,-5.872,25.176,none,8,3.0,25250.0,149352.0,64704.0,155872.0,70445.0
2026-04-14 18:05:42.776797,735786,1609507436417966,5036387568,-0.792512,0.02928,0.659776,1.96,-2.31,-2.07375,-5.904,-5.264,25.176,none,8,3.0,25250.0,149352.0,64704.0,155872.0,70445.0
2026-04-14 18:05:42.786865,735787,1609507436426932,5036396253,-0.866688,0.066368,0.685152,1.81125,-2.4675,-1.645,-5.92,-5.296001,26.776001,none,8,3.0,25250.0,149352.0,64704.0,155872.0,70445.0
2026-04-14 18:05:42.796862,735788,1609507436435987,5036404976,-0.866688,0.066368,0.685152,1.96,-2.75625,-1.46125,-5.92,-5.296001,26.776001,none,8,3.0,25250.0,149352.0,64704.0,155872.0,70445.0
2026-04-14 18:05:42.824424,735799,1609507436450619,5036420046,-0.851072,0.017568,0.495808,2.38,-3.17625,-1.14625,-5.824,-5.88,27.240002,none,8,3.0,25183.0,149424.0,64627.0,156044.0,70336.0
2026-04-14 18:05:42.826912,735800,1609507436459540,5036428804,-0.851072,0.017568,0.495808,2.765,-3.1325,-0.98,-5.824,-5.88,27.240002,none,8,3.0,25183.0,149424.0,64627.0,156044.0,70336.0
2026-04-14 18:05:42.834106,735801,1609507436474087,5036443716,-0.80032,0.02928,0.659776,3.84125,-4.1125,-0.90125,-5.960001,-5.896,26.656002,none,8,3.0,25183.0,149424.0,64627.0,156044.0,70336.0
2026-04-14 18:05:42.845158,735802,1609507436483050,5036452434,-0.80032,0.02928,0.659776,5.41625,-3.85875,-1.12875,-5.960001,-5.896,26.656002,none,8,3.0,25183.0,149424.0,64627.0,156044.0,70336.0
2026-04-14 18:05:42.857524,735803,1609507436497559,5036467310,-0.862784,0.046848,0.579744,6.2475,-3.29875,-1.58375,-5.24,-6.296001,26.696001,none,8,3.0,25183.0,149424.0,64627.0,156044.0,70336.0
2026-04-14 18:05:42.865178,735804,1609507436506502,5036476022,-0.804224,0.037088,0.64416,6.9475,-3.52625,-1.82875,-5.408001,-6.512,25.912,none,8,3.0,25183.0,149424.0,64627.0,156044.0,70336.0
2026-04-14 18:05:42.873750,735805,1609507436515436,5036484716,-0.804224,0.037088,0.64416,7.48125,-3.40375,-2.03,-5.408001,-6.512,25.912,none,8,3.0,25183.0,149424.0,64627.0,156044.0,70336.0
2026-04-14 18:05:42.890176,735806,1609507436529896,5036499724,-0.823744,0.03904,0.538752,7.70875,-3.08,-1.68875,-6.032,-6.32,26.008001,none,8,3.0,25183.0,149424.0,64627.0,156044.0,70336.0
2026-04-14 18:05:42.921395,735817,1609507436539284,5036508933,-0.823744,0.03904,0.538752,7.3325,-3.35125,-1.28625,-6.032,-6.32,26.008001,none,8,3.0,25055.0,149571.0,64378.0,156347.0,70016.0
2026-04-14 18:05:42.924193,735818,1609507436553979,5036524097,-0.83936,0.070272,0.607072,7.35875,-3.2725,-1.1725,-6.904,-6.256001,26.696001,none,8,3.0,25055.0,149571.0,64378.0,156347.0,70016.0
2026-04-14 18:05:42.926561,735819,1609507436563016,5036532829,-0.83936,0.070272,0.607072,7.5775,-3.36,-1.4525,-6.904,-6.256001,26.696001,none,8,3.0,25055.0,149571.0,64378.0,156347.0,70016.0
2026-04-14 18:05:42.931551,735820,1609507436572020,5036541612,-0.823744,0.081984,0.651968,7.70875,-3.4825,-1.39125,-6.144,-6.408001,26.568,none,8,3.0,25055.0,149571.0,64378.0,156347.0,70016.0
2026-04-14 18:05:42.946305,735821,1609507436586674,5036556527,-0.7808,0.093696,0.796416,7.83125,-3.15,-1.33875,-5.36,-6.936,26.472002,none,8,3.0,25055.0,149571.0,64378.0,156347.0,70016.0
2026-04-14 18:05:42.953943,735822,1609507436595733,5036565272,-0.7808,0.093696,0.796416,7.91875,-3.10625,-1.3825,-5.36,-6.936,26.472002,none,8,3.0,25055.0,149571.0,64378.0,156347.0,70016.0
2026-04-14 18:05:42.970251,735823,1609507436610249,5036580242,-0.823744,0.101504,0.735904,8.05,-2.8,-1.77625,-5.008,-6.936,25.768002,none,8,3.0,25055.0,149571.0,64378.0,156347.0,70016.0
2026-04-14 18:05:42.979094,735824,1609507436619159,5036588929,-0.823744,0.101504,0.735904,9.24875,-2.38,-1.67125,-5.008,-6.936,25.768002,none,8,3.0,25055.0,149571.0,64378.0,156347.0,70016.0
2026-04-14 18:05:42.989066,735825,1609507436628105,5036597602,-0.763232,0.085888,0.657824,10.675,-1.9425,-1.21625,-6.36,-7.272,25.952002,none,8,3.0,25055.0,149571.0,64378.0,156347.0,70016.0
2026-04-14 18:05:43.067986,735836,1609507436642787,5036612615,-0.763232,0.085888,0.657824,12.11,-0.67375,-1.26,-6.36,-7.272,25.952002,none,8,3.0,24877.0,149691.0,64093.0,156613.0,69621.0
2026-04-14 18:05:43.070413,735837,1609507436651768,5036621347,-0.792512,0.158112,0.808128,11.795,0.7525,-1.77625,-6.376,-6.88,27.584002,none,8,3.0,24877.0,149691.0,64093.0,156613.0,69621.0
2026-04-14 18:05:43.073047,735838,1609507436666285,5036636245,-0.85888,0.148352,0.528992,9.00375,2.00375,-3.38625,-6.4,-7.112001,28.168001,none,8,3.0,24877.0,149691.0,64093.0,156613.0,69621.0
2026-04-14 18:05:43.075457,735839,1609507436675405,5036644959,-0.85888,0.148352,0.528992,6.46625,3.42125,-5.20625,-6.4,-7.112001,28.168001,none,8,3.0,24877.0,149691.0,64093.0,156613.0,69621.0
2026-04-14 18:05:43.080206,735840,1609507436689898,5036659880,-0.825696,0.183488,0.745664,4.22625,4.97,-6.50125,-6.832,-7.04,27.944002,none,8,3.0,24877.0,149691.0,64093.0,156613.0,69621.0
2026-04-14 18:05:43.082987,735841,1609507436698889,5036668649,-0.825696,0.183488,0.745664,2.975,5.7225,-7.49,-6.832,-7.04,27.944002,none,8,3.0,24877.0,149691.0,64093.0,156613.0,69621.0
2026-04-14 18:05:43.085411,735842,1609507436707855,5036677382,-0.862784,0.1464,0.452864,2.59875,5.31125,-7.35875,-6.848001,-7.216001,27.584002,none,8,3.0,24877.0,149691.0,64093.0,156613.0,69621.0
2026-04-14 18:05:43.087974,735843,1609507436722418,5036692303,-0.862784,0.1464,0.452864,1.96875,4.235,-6.86875,-6.848001,-7.216001,27.584002,none,8,3.0,24877.0,149691.0,64093.0,156613.0,69621.0
2026-04-14 18:05:43.090507,735844,1609507436731458,5036701050,-0.866688,0.179584,0.69296,-0.1225,2.52875,-5.3025,-6.976,-7.064,26.472002,none,8,3.0,24877.0,149691.0,64093.0,156613.0,69621.0
2026-04-14 18:05:43.148095,735855,1609507436746100,5036716268,-0.841312,0.085888,0.534848,-2.8175,-0.245,-3.40375,-5.928001,-7.2,26.272001,none,8,3.0,25100.0,149580.0,64488.0,156379.0,70085.0
2026-04-14 18:05:43.150611,735856,1609507436755136,5036725019,-0.841312,0.085888,0.534848,-6.83375,-3.21125,-1.86375,-5.928001,-7.2,26.272001,none,8,3.0,25100.0,149580.0,64488.0,156379.0,70085.0
2026-04-14 18:05:43.152651,735857,1609507436764101,5036733713,-0.841312,0.085888,0.534848,-9.91375,-6.09,-0.105,-5.928001,-7.2,26.272001,none,8,3.0,25100.0,149580.0,64488.0,156379.0,70085.0
2026-04-14 18:05:43.155153,735858,1609507436778611,5036748681,-0.874496,0.033184,0.466528,-10.185,-9.135,2.0825,-6.248,-7.064,27.312002,none,8,3.0,25100.0,149580.0,64488.0,156379.0,70085.0
2026-04-14 18:05:43.157763,735859,1609507436787550,5036757376,-0.925248,0.031232,0.460672,-7.1225,-12.24125,4.06875,-6.32,-7.152,26.416,none,8,3.0,25100.0,149580.0,64488.0,156379.0,70085.0
2026-04-14 18:05:43.163122,735860,1609507436802087,5036772430,-0.925248,0.031232,0.460672,-2.07375,-14.83125,6.32625,-6.32,-7.152,26.416,none,8,3.0,25100.0,149580.0,64488.0,156379.0,70085.0
2026-04-14 18:05:43.172625,735861,1609507436811028,5036781120,-0.884256,0.066368,0.66368,2.94,-16.19625,7.77875,-6.688,-7.192,25.416,none,8,3.0,25100.0,149580.0,64488.0,156379.0,70085.0
2026-04-14 18:05:43.184080,735862,1609507436825579,5036793977,-0.884256,0.066368,0.55632,7.3325,-15.82,8.77625,-6.688,-7.192,25.416,none,8,3.0,25100.0,149580.0,64488.0,156379.0,70085.0
2026-04-14 18:05:43.195617,735863,1609507436834976,5036804753,-0.825696,0.035136,0.55632,9.47625,-14.805,10.15875,-6.928001,-7.992001,25.448002,none,8,3.0,25100.0,149580.0,64488.0,156379.0,70085.0
2026-04-14 18:05:43.222611,735874,1609507436844133,5036813548,-0.825696,0.035136,0.55632,9.0475,-13.48375,10.9375,-6.928001,-7.992001,25.448002,none,8,3.0,24795.0,149856.0,63968.0,156992.0,69447.0
2026-04-14 18:05:43.225114,735875,1609507436858772,5036828621,-0.856928,0.03904,0.544608,6.79875,-11.76875,11.05125,-6.016,-7.992001,25.496,none,8,3.0,24795.0,149856.0,63968.0,156992.0,69447.0
2026-04-14 18:05:43.228464,735876,1609507436867811,5036837323,-0.851072,0.066368,0.648064,5.3725,-10.6225,10.6225,-6.072001,-8.296001,25.152,none,8,3.0,24795.0,149856.0,63968.0,156992.0,69447.0
2026-04-14 18:05:43.244186,735877,1609507436882303,5036852194,-0.851072,0.066368,0.648064,4.64625,-8.74125,10.4475,-6.072001,-8.296001,25.152,none,8,3.0,24795.0,149856.0,63968.0,156992.0,69447.0
2026-04-14 18:05:43.251355,735878,1609507436891222,5036860903,-0.765184,0.052704,0.616832,6.2825,-6.58875,9.3625,-6.456,-8.056001,26.088001,none,8,3.0,24795.0,149856.0,63968.0,156992.0,69447.0
2026-04-14 18:05:43.258876,735879,1609507436900274,5036869624,-0.765184,0.052704,0.616832,8.28625,-4.2175,7.84875,-6.456,-8.056001,26.088001,none,8,3.0,24795.0,149856.0,63968.0,156992.0,69447.0
2026-04-14 18:05:43.274305,735880,1609507436914758,5036884509,-0.708576,0.095648,0.75152,8.8725,-2.4325,6.48375,-7.912,-7.776001,26.584002,none,8,3.0,24795.0,149856.0,63968.0,156992.0,69447.0
2026-04-14 18:05:43.285572,735881,1609507436923719,5036893208,-0.708576,0.095648,0.75152,7.245,-1.05875,5.18,-7.912,-7.776001,26.584002,none,8,3.0,24795.0,149856.0,63968.0,156992.0,69447.0
2026-04-14 18:05:43.299346,735882,1609507436938242,5036908089,-0.74176,0.099552,0.591456,4.2175,-0.21,3.955,-6.408001,-8.328,25.088001,none,8,3.0,24795.0,149856.0,63968.0,156992.0,69447.0
2026-04-14 18:05:43.326450,735893,1609507436947343,5036916877,-0.728096,0.111264,0.646112,1.015,0.385,2.5025,-7.2,-8.336,25.952002,none,8,3.0,25143.0,148288.0,64570.0,155196.0,70246.0
2026-04-14 18:05:43.329214,735894,1609507436956406,5036925625,-0.728096,0.111264,0.646112,-0.3675,0.98,1.07625,-7.2,-8.336,25.952002,none,8,3.0,25143.0,148288.0,64570.0,155196.0,70246.0
2026-04-14 18:05:43.331716,735895,1609507436970949,5036940542,-0.786656,0.158112,0.698816,0.875,1.4875,-0.56,-7.192,-8.208,25.992,none,8,3.0,25143.0,148288.0,64570.0,155196.0,70246.0
2026-04-14 18:05:43.339225,735896,1609507436980006,5036949371,-0.786656,0.158112,0.698816,2.6425,2.24875,-2.17875,-7.192,-8.208,25.992,none,8,3.0,25143.0,148288.0,64570.0,155196.0,70246.0
2026-04-14 18:05:43.355473,735897,1609507436994512,5036964256,-0.769088,0.177632,0.776896,4.47125,3.0625,-4.15625,-7.12,-8.120001,27.344002,none,8,3.0,25143.0,148288.0,64570.0,155196.0,70246.0
2026-04-14 18:05:43.364065,735898,1609507437003533,5036972947,-0.769088,0.177632,0.776896,4.55875,3.70125,-5.10125,-7.12,-8.120001,27.344002,none,8,3.0,25143.0,148288.0,64570.0,155196.0,70246.0
2026-04-14 18:05:43.403153,735899,1609507437018058,5036987874,-0.747616,0.163968,0.739808,2.415,4.68125,-6.09875,-6.368001,-8.376,25.208002,none,8,3.0,25143.0,148288.0,64570.0,155196.0,70246.0
2026-04-14 18:05:43.408244,735900,1609507437026975,5036996580,-0.747616,0.197152,0.700768,-0.32375,4.55875,-7.00875,-6.368001,-8.376,25.208002,none,8,3.0,25143.0,148288.0,64570.0,155196.0,70246.0
2026-04-14 18:05:43.408614,735901,1609507437035988,5037005376,-0.847168,0.197152,0.700768,-3.745,5.22375,-8.05,-6.528,-7.984,23.768002,none,8,3.0,25143.0,148288.0,64570.0,155196.0,70246.0
2026-04-14 18:05:43.457727,735912,1609507437050597,5037020299,-0.884256,0.183488,0.603168,-6.13375,5.2675,-8.7325,-6.56,-7.928001,26.536001,none,8,3.0,25275.0,147993.0,64820.0,154738.0,70546.0
2026-04-14 18:05:43.460488,735913,1609507437059527,5037029007,-0.884256,0.183488,0.603168,-7.4025,5.67875,-9.1,-6.56,-7.928001,26.536001,none,8,3.0,25275.0,147993.0,64820.0,154738.0,70546.0
2026-04-14 18:05:43.463131,735914,1609507437074082,5037043903,-0.88816,0.163968,0.540704,-8.9075,6.3,-9.66875,-6.624001,-7.744,27.232,none,8,3.0,25275.0,147993.0,64820.0,154738.0,70546.0
2026-04-14 18:05:43.465624,735915,1609507437083221,5037052619,-0.88816,0.163968,0.540704,-9.9575,5.705,-9.1,-6.624001,-7.744,27.232,none,8,3.0,25275.0,147993.0,64820.0,154738.0,70546.0
2026-04-14 18:05:43.467679,735916,1609507437092248,5037061321,-0.851072,0.167872,0.698816,-11.235,5.34625,-8.4,-7.672,-7.456,27.6,none,8,3.0,25275.0,147993.0,64820.0,154738.0,70546.0
2026-04-14 18:05:43.470273,735917,1609507437106920,5037076263,-0.851072,0.167872,0.698816,-11.9875,4.69,-7.805,-7.672,-7.456,27.6,none,8,3.0,25275.0,147993.0,64820.0,154738.0,70546.0
2026-04-14 18:05:43.475287,735918,1609507437116069,5037084975,-0.851072,0.111264,0.493856,-13.36125,3.7275,-7.02625,-7.496,-7.424,25.264002,none,8,3.0,25275.0,147993.0,64820.0,154738.0,70546.0
2026-04-14 18:05:43.490725,735919,1609507437130559,5037099903,-0.895968,0.13664,0.5856,-12.8625,2.9225,-5.74875,-5.624,-7.624001,25.272001,none,8,3.0,25275.0,147993.0,64820.0,154738.0,70546.0
2026-04-14 18:05:43.501950,735920,1609507437139475,5037108626,-0.895968,0.13664,0.5856,-11.24375,1.53125,-4.69,-5.624,-7.624001,25.272001,none,8,3.0,25275.0,147993.0,64820.0,154738.0,70546.0
2026-04-14 18:05:43.526732,735931,1609507437154039,5037123754,-0.876448,0.103456,0.501664,-10.28125,0.2625,-4.59375,-5.528,-7.664001,25.312,none,8,3.0,25341.0,148020.0,64954.0,154709.0,70733.0
2026-04-14 18:05:43.529486,735932,1609507437163005,5037132476,-0.876448,0.103456,0.501664,-9.415,-0.7175,-3.5175,-5.528,-7.664001,25.312,none,8,3.0,25341.0,148020.0,64954.0,154709.0,70733.0
2026-04-14 18:05:43.531754,735933,1609507437172031,5037141181,-0.88816,0.109312,0.5856,-8.26,-1.14625,-2.415,-5.784,-7.744,25.808,none,8,3.0,25341.0,148020.0,64954.0,154709.0,70733.0
2026-04-14 18:05:43.545523,735934,1609507437186562,5037156094,-0.88816,0.109312,0.5856,-6.8775,-2.205,-1.7675,-5.784,-7.744,25.808,none,8,3.0,25341.0,148020.0,64954.0,154709.0,70733.0
2026-04-14 18:05:43.555594,735935,1609507437195596,5037164785,-0.876448,0.111264,0.638304,-5.2675,-3.08,-1.84625,-5.824,-7.520001,27.264002,none,8,3.0,25341.0,148020.0,64954.0,154709.0,70733.0
2026-04-14 18:05:43.570599,735936,1609507437210109,5037179656,-0.786656,0.089792,0.769088,-2.9225,-3.52625,-1.54,-6.696,-7.296001,25.328001,none,8,3.0,25341.0,148020.0,64954.0,154709.0,70733.0
2026-04-14 18:05:43.577936,735937,1609507437219033,5037188360,-0.786656,0.089792,0.769088,-0.95375,-4.31375,-1.42625,-6.696,-7.296001,25.328001,none,8,3.0,25341.0,148020.0,64954.0,154709.0,70733.0
2026-04-14 18:05:43.586846,735938,1609507437227972,5037197076,-0.786656,0.089792,0.538752,0.20125,-5.18875,-1.40875,-6.696,-7.296001,25.328001,none,8,3.0,25341.0,148020.0,64954.0,154709.0,70733.0
2026-04-14 18:05:43.625220,735949,1609507437242998,5037212648,-0.872544,0.095648,0.538752,1.82875,-5.46875,-1.12,-5.584,-7.576,24.952002,none,8,3.0,25157.0,148391.0,64617.0,155175.0,70290.0
2026-04-14 18:05:43.627506,735950,1609507437252036,5037221387,-0.86864,0.095648,0.542656,3.31625,-5.95,-0.84,-6.056,-7.536,25.52,none,8,3.0,25157.0,148391.0,64617.0,155175.0,70290.0
2026-04-14 18:05:43.630195,735951,1609507437266548,5037236345,-0.86864,0.095648,0.542656,3.1675,-5.67875,-1.07625,-6.056,-7.536,25.52,none,8,3.0,25157.0,148391.0,64617.0,155175.0,70290.0
2026-04-14 18:05:43.635201,735952,1609507437275488,5037245050,-0.774944,0.10736,0.792512,2.6775,-5.4425,-1.28625,-6.048,-7.84,25.640001,none,8,3.0,25157.0,148391.0,64617.0,155175.0,70290.0
2026-04-14 18:05:43.645279,735953,1609507437284587,5037253769,-0.774944,0.10736,0.792512,1.785,-5.11,-1.18125,-6.048,-7.84,25.640001,none,8,3.0,25157.0,148391.0,64617.0,155175.0,70290.0
2026-04-14 18:05:43.657624,735954,1609507437299244,5037268721,-0.76128,0.06832,0.681248,1.00625,-4.62,-1.61,-6.968,-7.424,26.432001,none,8,3.0,25157.0,148391.0,64617.0,155175.0,70290.0
2026-04-14 18:05:43.667776,735955,1609507437308193,5037277416,-0.76128,0.06832,0.681248,0.77875,-4.08625,-2.345,-6.968,-7.424,26.432001,none,8,3.0,25157.0,148391.0,64617.0,155175.0,70290.0
2026-04-14 18:05:43.686001,735956,1609507437322695,5037292313,-0.772992,0.056608,0.650016,0.665,-2.9225,-2.485,-6.264,-7.992001,22.800001,none,8,3.0,25157.0,148391.0,64617.0,155175.0,70290.0
2026-04-14 18:05:43.691730,735957,1609507437331606,5037300993,-0.860832,0.081984,0.5368,1.435,-2.16125,-2.79125,-6.312,-8.160001,25.064001,none,8,3.0,25157.0,148391.0,64617.0,155175.0,70290.0
2026-04-14 18:05:43.729120,735968,1609507437346337,5037316010,-0.860832,0.081984,0.5368,2.905,-1.6625,-3.115,-6.312,-8.160001,25.064001,none,8,3.0,24962.0,148678.0,64293.0,155610.0,69911.0
2026-04-14 18:05:43.731370,735969,1609507437355401,5037324820,-0.851072,0.085888,0.525088,3.98125,-1.04125,-3.47375,-5.88,-7.976,25.072,none,8,3.0,24962.0,148678.0,64293.0,155610.0,69911.0
2026-04-14 18:05:43.734152,735970,1609507437364405,5037333538,-0.851072,0.085888,0.525088,4.795,-0.13125,-3.8675,-5.88,-7.976,25.072,none,8,3.0,24962.0,148678.0,64293.0,155610.0,69911.0
2026-04-14 18:05:43.761549,735971,1609507437379163,5037348427,-0.853024,0.130784,0.648064,5.03125,0.175,-3.82375,-6.872,-7.8,26.264002,none,8,3.0,24962.0,148678.0,64293.0,155610.0,69911.0
2026-04-14 18:05:43.788975,735972,1609507437388195,5037357126,-0.853024,0.130784,0.648064,4.62875,0.56,-3.71875,-6.872,-7.8,26.264002,none,8,3.0,24962.0,148678.0,64293.0,155610.0,69911.0
2026-04-14 18:05:43.793721,735973,1609507437402685,5037372058,-0.862784,0.124928,0.581696,3.84125,0.7525,-3.43,-7.152,-8.192,25.840002,none,8,3.0,24962.0,148678.0,64293.0,155610.0,69911.0
2026-04-14 18:05:43.816394,735974,1609507437411664,5037380884,-0.862784,0.134688,0.60512,2.8,0.77,-2.9925,-6.872,-8.360001,25.304,none,8,3.0,24962.0,148678.0,64293.0,155610.0,69911.0
2026-04-14 18:05:43.824352,735975,1609507437420580,5037389555,-0.862784,0.134688,0.60512,1.98625,0.72625,-2.89625,-6.872,-8.360001,25.304,none,8,3.0,24962.0,148678.0,64293.0,155610.0,69911.0
2026-04-14 18:05:43.826806,735976,1609507437435149,5037404488,-0.847168,0.115168,0.538752,0.4025,1.05875,-2.44125,-5.928001,-8.312,25.168001,none,8,3.0,24962.0,148678.0,64293.0,155610.0,69911.0
2026-04-14 18:05:43.854462,735987,1609507437444485,5037413847,-0.847168,0.115168,0.538752,-1.79375,1.19875,-2.59875,-5.928001,-8.312,25.168001,none,8,3.0,24935.0,148488.0,64217.0,155406.0,69816.0
2026-04-14 18:05:43.856927,735988,1609507437459124,5037428935,-0.854976,0.142496,0.675392,-2.68625,1.56625,-2.63375,-6.104,-8.088,25.592001,none,8,3.0,24935.0,148488.0,64217.0,155406.0,69816.0
2026-04-14 18:05:43.859468,735989,1609507437468239,5037437714,-0.854976,0.142496,0.675392,-2.98375,2.03,-2.72125,-6.104,-8.088,25.592001,none,8,3.0,24935.0,148488.0,64217.0,155406.0,69816.0
2026-04-14 18:05:43.861874,735990,1609507437477407,5037446432,-0.85888,0.148352,0.671488,-2.17875,1.995,-2.905,-5.944,-8.488001,25.912,none,8,3.0,24935.0,148488.0,64217.0,155406.0,69816.0
2026-04-14 18:05:43.864368,735991,1609507437491945,5037461362,-0.772992,0.113216,0.671488,-1.67125,2.40625,-2.5725,-6.104,-8.672001,24.928001,none,8,3.0,24935.0,148488.0,64217.0,155406.0,69816.0
2026-04-14 18:05:43.866885,735992,1609507437500953,5037470092,-0.772992,0.113216,0.671488,-1.365,2.70375,-3.0275,-6.104,-8.672001,24.928001,none,8,3.0,24935.0,148488.0,64217.0,155406.0,69816.0
2026-04-14 18:05:43.874348,735993,1609507437515508,5037485051,-0.813984,0.150304,0.714432,-1.70625,2.45,-3.35125,-5.952,-8.160001,25.36,none,8,3.0,24935.0,148488.0,64217.0,155406.0,69816.0
2026-04-14 18:05:43.886459,735994,1609507437524494,5037493751,-0.813984,0.150304,0.714432,-2.905,2.0825,-3.40375,-5.952,-8.160001,25.36,none,8,3.0,24935.0,148488.0,64217.0,155406.0,69816.0
2026-04-14 18:05:43.899213,735995,1609507437538999,5037508642,-0.776896,0.12688,0.681248,-4.1125,1.89875,-3.605,-5.672,-8.168,25.008001,none,8,3.0,24935.0,148488.0,64217.0,155406.0,69816.0
2026-04-14 18:05:43.930621,736006,1609507437548054,5037517387,-0.776896,0.12688,0.681248,-5.005,1.785,-3.7975,-5.672,-8.168,25.008001,none,8,3.0,25002.0,148236.0,64370.0,155007.0,70017.0
2026-04-14 18:05:43.933117,736007,1609507437557023,5037526191,-0.86864,0.130784,0.499712,-5.90625,1.3825,-3.66625,-5.72,-7.984,25.536001,none,8,3.0,25002.0,148236.0,64370.0,155007.0,70017.0
2026-04-14 18:05:43.935661,736008,1609507437571544,5037541134,-0.788608,0.134688,0.763232,-6.335,0.875,-3.7975,-6.416,-7.568,26.000002,none,8,3.0,25002.0,148236.0,64370.0,155007.0,70017.0
2026-04-14 18:05:43.941403,736009,1609507437580516,5037549812,-0.788608,0.134688,0.763232,-6.57125,0.55125,-3.5875,-6.416,-7.568,26.000002,none,8,3.0,25002.0,148236.0,64370.0,155007.0,70017.0
2026-04-14 18:05:43.954027,736010,1609507437595054,5037564772,-0.845216,0.105408,0.501664,-7.0525,0.34125,-3.8325,-6.68,-7.856,26.008001,none,8,3.0,25002.0,148236.0,64370.0,155007.0,70017.0
2026-04-14 18:05:43.964374,736011,1609507437603997,5037573487,-0.845216,0.105408,0.501664,-6.62375,-0.5775,-3.15875,-6.68,-7.856,26.008001,none,8,3.0,25002.0,148236.0,64370.0,155007.0,70017.0
2026-04-14 18:05:43.973183,736012,1609507437612944,5037582188,-0.796416,0.083936,0.548512,-5.36375,-1.86375,-2.37125,-6.624001,-7.736001,26.096,none,8,3.0,25002.0,148236.0,64370.0,155007.0,70017.0
2026-04-14 18:05:43.987974,736013,1609507437627426,5037597114,-0.796416,0.083936,0.548512,-3.14125,-2.07375,-2.2225,-6.624001,-7.736001,26.096,none,8,3.0,25002.0,148236.0,64370.0,155007.0,70017.0
2026-04-14 18:05:43.995301,736014,1609507437636417,5037605820,-0.860832,0.121024,0.589504,-0.41125,-2.68625,-1.70625,-5.936,-7.72,25.232,none,8,3.0,25002.0,148236.0,64370.0,155007.0,70017.0
2026-04-14 18:05:44.030493,736025,1609507437651042,5037621095,-0.860832,0.132736,0.706624,0.8575,-3.21125,-0.91,-5.936,-7.72,25.232,none,8,3.0,24971.0,148334.0,64277.0,155147.0,69906.0
2026-04-14 18:05:44.032678,736026,1609507437660197,5037629789,-0.835456,0.132736,0.706624,1.39125,-3.75375,-0.3325,-5.936,-8.088,25.296001,none,8,3.0,24971.0,148334.0,64277.0,155147.0,69906.0
2026-04-14 18:05:44.035606,736027,1609507437674773,5037644728,-0.759328,0.081984,0.77104,1.6625,-4.3225,0.385,-5.8,-8.144,25.144001,none,8,3.0,24971.0,148334.0,64277.0,155147.0,69906.0
2026-04-14 18:05:44.044359,736028,1609507437683760,5037653446,-0.759328,0.081984,0.77104,1.56625,-4.76875,0.63,-5.8,-8.144,25.144001,none,8,3.0,24971.0,148334.0,64277.0,155147.0,69906.0
2026-04-14 18:05:44.051824,736029,1609507437692716,5037662197,-0.872544,0.066368,0.599264,2.56375,-5.04,-0.5775,-7.152,-7.624001,27.000002,none,8,3.0,24971.0,148334.0,64277.0,155147.0,69906.0
2026-04-14 18:05:44.067724,736030,1609507437707232,5037677101,-0.872544,0.066368,0.599264,4.725,-4.41875,-2.73875,-7.152,-7.624001,27.000002,none,8,3.0,24971.0,148334.0,64277.0,155147.0,69906.0
2026-04-14 18:05:44.076413,736031,1609507437716256,5037685827,-0.804224,0.124928,0.806176,12.41625,-2.82625,-4.76875,-6.6,-8.624001,25.344002,none,8,3.0,24971.0,148334.0,64277.0,155147.0,69906.0
2026-04-14 18:05:44.091240,736032,1609507437730797,5037700716,-0.804224,0.124928,0.806176,19.845,-0.53375,-7.1925,-6.6,-8.624001,25.344002,none,8,3.0,24971.0,148334.0,64277.0,155147.0,69906.0
2026-04-14 18:05:44.099357,736033,1609507437739801,5037709443,-0.831552,0.208864,0.76128,23.415,1.95125,-9.9225,-5.984,-8.8,25.800001,none,8,3.0,24971.0,148334.0,64277.0,155147.0,69906.0
2026-04-14 18:05:44.181726,736044,1609507437749016,5037718154,-0.831552,0.208864,0.76128,22.47,3.75375,-11.2525,-5.984,-8.8,25.800001,none,8,3.0,24643.0,148498.0,63708.0,155554.0,69169.0
2026-04-14 18:05:44.184227,736045,1609507437763538,5037733102,-0.860832,0.218624,0.5368,17.07125,5.17125,-10.955,-7.016,-8.608001,26.208002,none,8,3.0,24643.0,148498.0,63708.0,155554.0,69169.0
2026-04-14 18:05:44.186725,736046,1609507437772456,5037741783,-0.854976,0.222528,0.665632,9.5375,5.5475,-10.2725,-6.776001,-8.536,25.976002,none,8,3.0,24643.0,148498.0,63708.0,155554.0,69169.0
2026-04-14 18:05:44.188922,736047,1609507437786982,5037756698,-0.854976,0.222528,0.665632,1.2775,4.9525,-9.40625,-6.776001,-8.536,25.976002,none,8,3.0,24643.0,148498.0,63708.0,155554.0,69169.0
2026-04-14 18:05:44.191425,736048,1609507437795921,5037765384,-0.856928,0.148352,0.499712,-6.2125,3.675,-8.3825,-6.88,-8.496,26.28,none,8,3.0,24643.0,148498.0,63708.0,155554.0,69169.0
2026-04-14 18:05:44.193985,736049,1609507437810572,5037780298,-0.856928,0.148352,0.499712,-12.53,2.56375,-6.95625,-6.88,-8.496,26.28,none,8,3.0,24643.0,148498.0,63708.0,155554.0,69169.0
2026-04-14 18:05:44.196867,736050,1609507437819583,5037789034,-0.765184,0.08784,0.72224,-17.01875,1.54875,-5.66125,-6.776001,-8.416,24.984001,none,8,3.0,24643.0,148498.0,63708.0,155554.0,69169.0
2026-04-14 18:05:44.199339,736051,1609507437828568,5037797735,-0.765184,0.08784,0.72224,-20.2825,0.48125,-4.36625,-6.776001,-8.416,24.984001,none,8,3.0,24643.0,148498.0,63708.0,155554.0,69169.0
2026-04-14 18:05:44.202702,736052,1609507437843094,5037812693,-0.827648,0.035136,0.5368,-22.1725,-0.2975,-2.98375,-5.672,-8.168,25.144001,none,8,3.0,24643.0,148498.0,63708.0,155554.0,69169.0
2026-04-14 18:05:44.230626,736063,1609507437852127,5037821445,-0.827648,0.01952,0.515328,-20.67625,-0.06125,-2.28375,-5.672,-8.168,25.144001,none,8,3.0,24688.0,148793.0,63795.0,155825.0,69281.0
2026-04-14 18:05:44.233143,736064,1609507437866813,5037836410,-0.847168,0.01952,0.515328,-16.94,0.30625,-2.2225,-6.76,-7.776001,26.808,none,8,3.0,24688.0,148793.0,63795.0,155825.0,69281.0
2026-04-14 18:05:44.235220,736065,1609507437875765,5037845123,-0.7808,0.027328,0.685152,-12.46,1.28625,-2.8175,-6.776001,-7.672,27.784,none,8,3.0,24688.0,148793.0,63795.0,155825.0,69281.0
2026-04-14 18:05:44.243870,736066,1609507437884705,5037853818,-0.7808,0.027328,0.685152,-7.3675,2.135,-3.2375,-6.776001,-7.672,27.784,none,8,3.0,24688.0,148793.0,63795.0,155825.0,69281.0
2026-04-14 18:05:44.257641,736067,1609507437899219,5037868867,-0.812032,0.099552,0.767136,-2.47625,2.82625,-3.42125,-5.416,-8.120001,26.224,none,8,3.0,24688.0,148793.0,63795.0,155825.0,69281.0
2026-04-14 18:05:44.269248,736068,1609507437908181,5037877577,-0.812032,0.099552,0.767136,0.49875,3.85,-3.0625,-5.416,-8.120001,26.224,none,8,3.0,24688.0,148793.0,63795.0,155825.0,69281.0
2026-04-14 18:05:44.282590,736069,1609507437922706,5037892462,-0.827648,0.08784,0.5368,1.5225,3.96375,-2.94875,-5.736,-8.048,25.352001,none,8,3.0,24688.0,148793.0,63795.0,155825.0,69281.0
2026-04-14 18:05:44.291382,736070,1609507437931625,5037901144,-0.827648,0.08784,0.5368,0.32375,4.2175,-3.49125,-5.736,-8.048,25.352001,none,8,3.0,24688.0,148793.0,63795.0,155825.0,69281.0
2026-04-14 18:05:44.328978,736081,1609507437946163,5037916649,-0.870592,0.140544,0.700768,-2.45,3.36875,-4.06875,-5.456,-8.168,25.416,none,8,3.0,24785.0,148427.0,63983.0,155300.0,69536.0
2026-04-14 18:05:44.336866,736082,1609507437955243,5037925442,-0.901824,0.10736,0.493856,-4.73375,2.47625,-4.9,-5.608,-8.296001,25.832,none,8,3.0,24785.0,148427.0,63983.0,155300.0,69536.0
2026-04-14 18:05:44.339381,736083,1609507437964178,5037934173,-0.901824,0.10736,0.493856,-6.0025,1.6625,-4.62,-5.608,-8.296001,25.832,none,8,3.0,24785.0,148427.0,63983.0,155300.0,69536.0
2026-04-14 18:05:44.341391,736084,1609507437978708,5037947148,-0.806176,0.113216,0.724192,-5.76625,1.1725,-4.94375,-5.856,-7.920001,26.304,none,8,3.0,24785.0,148427.0,63983.0,155300.0,69536.0
2026-04-14 18:05:44.350006,736085,1609507437988033,5037957916,-0.806176,0.113216,0.724192,-5.88,0.81375,-5.45125,-5.856,-7.920001,26.304,none,8,3.0,24785.0,148427.0,63983.0,155300.0,69536.0
2026-04-14 18:05:44.362952,736086,1609507438002696,5037972874,-0.804224,0.08784,0.597312,-5.59125,0.74375,-5.7575,-6.096,-7.552001,25.216002,none,8,3.0,24785.0,148427.0,63983.0,155300.0,69536.0
2026-04-14 18:05:44.373085,736087,1609507438011786,5037981592,-0.804224,0.08784,0.597312,-5.2325,-0.07,-5.74,-6.096,-7.552001,25.216002,none,8,3.0,24785.0,148427.0,63983.0,155300.0,69536.0
2026-04-14 18:05:44.379458,736088,1609507438020783,5037990315,-0.784704,0.103456,0.720288,-5.9675,-0.42875,-5.5125,-5.416,-7.960001,23.6,none,8,3.0,24785.0,148427.0,63983.0,155300.0,69536.0
2026-04-14 18:05:44.396859,736089,1609507438035285,5038005220,-0.837408,0.083936,0.523136,-5.80125,-0.7525,-5.1275,-5.528,-7.784,24.696001,none,8,3.0,24785.0,148427.0,63983.0,155300.0,69536.0
2026-04-14 18:05:44.429857,736090,1609507438044209,5038013916,-0.837408,0.083936,0.523136,-6.69375,-1.295,-4.64625,-5.528,-7.784,24.696001,none,8,3.0,24785.0,148427.0,63983.0,155300.0,69536.0
2026-04-14 18:05:44.458857,736101,1609507438058769,5038028795,-0.74176,0.064416,0.671488,-6.58,-1.91625,-5.17125,-6.32,-7.440001,27.184002,none,8,3.0,25044.0,147888.0,64411.0,154567.0,70105.0
2026-04-14 18:05:44.461326,736102,1609507438067776,5038037543,-0.74176,0.064416,0.671488,-6.0375,-2.0475,-5.1275,-6.32,-7.440001,27.184002,none,8,3.0,25044.0,147888.0,64411.0,154567.0,70105.0
2026-04-14 18:05:44.464316,736103,1609507438082307,5038052501,-0.806176,0.093696,0.74176,-5.495,-1.505,-4.83,-6.928001,-7.192,27.176,none,8,3.0,25044.0,147888.0,64411.0,154567.0,70105.0
2026-04-14 18:05:44.466746,736104,1609507438091537,5038061314,-0.806176,0.093696,0.74176,-5.57375,-1.72375,-4.82125,-6.928001,-7.192,27.176,none,8,3.0,25044.0,147888.0,64411.0,154567.0,70105.0
2026-04-14 18:05:44.469204,736105,1609507438100509,5038070050,-0.774944,0.037088,0.59536,-5.1975,-2.12625,-5.075,-7.16,-7.488,27.184002,none,8,3.0,25044.0,147888.0,64411.0,154567.0,70105.0
2026-04-14 18:05:44.496868,736106,1609507438115120,5038084946,-0.83936,0.10736,0.732,-3.22,-2.05625,-4.99625,-6.6,-7.104001,26.560001,none,8,3.0,25044.0,147888.0,64411.0,154567.0,70105.0
2026-04-14 18:05:44.519459,736107,1609507438124081,5038093692,-0.83936,0.10736,0.732,-0.245,-1.6975,-5.67,-6.6,-7.104001,26.560001,none,8,3.0,25044.0,147888.0,64411.0,154567.0,70105.0
2026-04-14 18:05:44.521901,736108,1609507438138549,5038108590,-0.812032,0.111264,0.659776,3.78875,-0.69125,-6.39625,-6.480001,-8.016001,26.04,none,8,3.0,25044.0,147888.0,64411.0,154567.0,70105.0
2026-04-14 18:05:44.549288,736119,1609507438148105,5038117492,-0.812032,0.111264,0.659776,7.6125,-0.02625,-6.27375,-6.480001,-8.016001,26.04,none,8,3.0,25019.0,147871.0,64335.0,154506.0,70016.0
2026-04-14 18:05:44.551717,736120,1609507438157173,5038126281,-0.903776,0.160064,0.525088,8.95125,0.30625,-6.39625,-6.4,-8.016001,26.088001,none,8,3.0,25019.0,147871.0,64335.0,154506.0,70016.0
2026-04-14 18:05:44.554066,736121,1609507438171803,5038141213,-0.903776,0.160064,0.525088,7.67375,-0.1575,-5.62625,-6.4,-8.016001,26.088001,none,8,3.0,25019.0,147871.0,64335.0,154506.0,70016.0
2026-04-14 18:05:44.556718,736122,1609507438180874,5038149911,-0.841312,0.17568,0.732,3.6575,-0.9625,-4.36625,-6.24,-8.008,26.336,none,8,3.0,25019.0,147871.0,64335.0,154506.0,70016.0
2026-04-14 18:05:44.559299,736123,1609507438195425,5038164959,-0.853024,0.140544,0.71248,-1.8725,-1.68,-3.80625,-6.28,-8.104,23.408,none,8,3.0,25019.0,147871.0,64335.0,154506.0,70016.0
2026-04-14 18:05:44.566719,736124,1609507438204380,5038173743,-0.853024,0.140544,0.71248,-7.00875,-1.925,-3.36,-6.28,-8.104,23.408,none,8,3.0,25019.0,147871.0,64335.0,154506.0,70016.0
2026-04-14 18:05:44.572971,736125,1609507438213316,5038182398,-0.853024,0.140544,0.71248,-9.61625,-2.3975,-3.115,-6.28,-8.104,23.408,none,8,3.0,25019.0,147871.0,64335.0,154506.0,70016.0
2026-04-14 18:05:44.589478,736126,1609507438227942,5038197294,-0.843264,0.064416,0.519232,-10.17625,-2.66875,-3.5525,-5.352,-7.64,23.608002,none,8,3.0,25019.0,147871.0,64335.0,154506.0,70016.0
2026-04-14 18:05:44.595335,736127,1609507438236884,5038205998,-0.837408,0.101504,0.714432,-8.95125,-2.205,-3.9375,-5.392,-8.048,25.424002,none,8,3.0,25019.0,147871.0,64335.0,154506.0,70016.0
2026-04-14 18:05:44.631381,736138,1609507438251662,5038220974,-0.837408,0.101504,0.714432,-5.95875,-1.82875,-3.92,-5.392,-8.048,25.424002,none,8,3.0,25046.0,147814.0,64422.0,154469.0,70150.0
2026-04-14 18:05:44.637973,736139,1609507438260659,5038229812,-0.831552,0.072224,0.534848,-3.99,-1.46125,-4.03375,-5.6,-8.152,25.336,none,8,3.0,25046.0,147814.0,64422.0,154469.0,70150.0
2026-04-14 18:05:44.639735,736140,1609507438269607,5038238538,-0.831552,0.072224,0.534848,-2.56375,-1.295,-3.92,-5.6,-8.152,25.336,none,8,3.0,25046.0,147814.0,64422.0,154469.0,70150.0
2026-04-14 18:05:44.643942,736141,1609507438284138,5038253414,-0.765184,0.074176,0.71248,-2.10875,-1.05875,-3.9725,-5.728,-7.864,25.264002,none,8,3.0,25046.0,147814.0,64422.0,154469.0,70150.0
2026-04-14 18:05:44.651278,736142,1609507438293031,5038262044,-0.765184,0.074176,0.71248,-2.73875,-0.945,-4.06,-5.728,-7.864,25.264002,none,8,3.0,25046.0,147814.0,64422.0,154469.0,70150.0
2026-04-14 18:05:44.666730,736143,1609507438307542,5038276996,-0.847168,0.091744,0.609024,-4.17375,-0.735,-4.38375,-5.304,-7.776001,24.320002,none,8,3.0,25046.0,147814.0,64422.0,154469.0,70150.0
2026-04-14 18:05:44.676868,736144,1609507438316473,5038285675,-0.79056,0.072224,0.730048,-5.38125,-0.63875,-4.6725,-5.56,-7.704001,24.912,none,8,3.0,25046.0,147814.0,64422.0,154469.0,70150.0
2026-04-14 18:05:44.690656,736145,1609507438331009,5038300660,-0.79056,0.072224,0.730048,-5.29375,-0.735,-5.15375,-5.56,-7.704001,24.912,none,8,3.0,25046.0,147814.0,64422.0,154469.0,70150.0
2026-04-14 18:05:44.699147,736146,1609507438339970,5038309365,-0.960384,0.119072,0.724192,-5.18875,-1.6625,-4.97,-5.616,-7.872,25.04,none,8,3.0,25046.0,147814.0,64422.0,154469.0,70150.0
2026-04-14 18:05:44.734618,736157,1609507438349223,5038318649,-0.960384,0.119072,0.724192,-2.9225,-4.94375,-4.57625,-5.616,-7.872,25.04,none,8,3.0,24741.0,148391.0,63903.0,155267.0,69481.0
2026-04-14 18:05:44.736746,736158,1609507438363916,5038333617,-0.921344,0.13664,0.853024,-2.1525,-9.24,-3.22875,-5.512,-7.744,25.864,none,8,3.0,24741.0,148391.0,63903.0,155267.0,69481.0
2026-04-14 18:05:44.739316,736159,1609507438372959,5038342351,-0.921344,0.13664,0.853024,-5.43375,-13.32625,-2.19625,-5.512,-7.744,25.864,none,8,3.0,24741.0,148391.0,63903.0,155267.0,69481.0
2026-04-14 18:05:44.747991,736160,1609507438387459,5038357268,-0.999424,0.138592,0.747616,-8.8375,-16.415,-1.1025,-6.824,-6.824,26.016,none,8,3.0,24741.0,148391.0,63903.0,155267.0,69481.0
2026-04-14 18:05:44.757603,736161,1609507438396412,5038365954,-1.026752,0.124928,0.685152,-10.3425,-16.38,-0.00875,-6.936,-7.288001,25.456001,none,8,3.0,24741.0,148391.0,63903.0,155267.0,69481.0
2026-04-14 18:05:44.764321,736162,1609507438405357,5038374705,-1.026752,0.124928,0.685152,-9.45,-15.925,-0.69125,-6.936,-7.288001,25.456001,none,8,3.0,24741.0,148391.0,63903.0,155267.0,69481.0
2026-04-14 18:05:44.779445,736163,1609507438419930,5038389610,-0.874496,0.101504,0.745664,-7.0175,-14.28875,-2.58125,-6.528,-7.512001,25.248001,none,8,3.0,24741.0,148391.0,63903.0,155267.0,69481.0
2026-04-14 18:05:44.790743,736164,1609507438428905,5038398307,-0.874496,0.101504,0.745664,-7.63875,-11.4975,-5.95,-6.528,-7.512001,25.248001,none,8,3.0,24741.0,148391.0,63903.0,155267.0,69481.0
2026-04-14 18:05:44.804432,736165,1609507438443405,5038413177,-0.845216,0.103456,0.66368,-6.76375,-7.93625,-11.305,-6.752,-6.752,25.2,none,8,3.0,24741.0,148391.0,63903.0,155267.0,69481.0
2026-04-14 18:05:44.834288,736176,1609507438452467,5038421941,-0.845216,0.103456,0.66368,-2.52,-4.80375,-15.47,-6.752,-6.752,25.2,none,8,3.0,24655.0,148556.0,63705.0,155472.0,69239.0
2026-04-14 18:05:44.836707,736177,1609507438467019,5038436871,-0.767136,0.08784,0.427488,1.3125,-2.835,-17.5,-7.736001,-6.696,27.024002,none,8,3.0,24655.0,148556.0,63705.0,155472.0,69239.0
2026-04-14 18:05:44.839324,736178,1609507438475957,5038445569,-0.767136,0.08784,0.501664,1.365,-3.9375,-19.0575,-7.736001,-6.696,27.024002,none,8,3.0,24655.0,148556.0,63705.0,155472.0,69239.0
2026-04-14 18:05:44.863888,736179,1609507438484975,5038454267,-0.698816,0.122976,0.501664,-0.875,-6.9125,-19.34625,-8.464001,-6.528,24.728,none,8,3.0,24655.0,148556.0,63705.0,155472.0,69239.0
2026-04-14 18:05:44.889466,736180,1609507438499429,5038469215,-0.671488,0.08784,0.460672,-6.44,-10.96375,-18.45375,-8.68,-6.568,26.184002,none,8,3.0,24655.0,148556.0,63705.0,155472.0,69239.0
2026-04-14 18:05:44.899771,736181,1609507438508416,5038477892,-0.671488,0.08784,0.460672,-13.06375,-15.435,-17.115,-8.68,-6.568,26.184002,none,8,3.0,24655.0,148556.0,63705.0,155472.0,69239.0
2026-04-14 18:05:44.901391,736182,1609507438522953,5038492806,-0.733952,0.0976,0.61488,-20.5275,-20.36125,-13.90375,-8.224,-6.032,25.952002,none,8,3.0,24655.0,148556.0,63705.0,155472.0,69239.0
2026-04-14 18:05:44.903808,736183,1609507438532018,5038501502,-0.733952,0.0976,0.61488,-28.63875,-24.75375,-11.08625,-8.224,-6.032,25.952002,none,8,3.0,24655.0,148556.0,63705.0,155472.0,69239.0
2026-04-14 18:05:44.906306,736184,1609507438546540,5038516389,-0.696864,0.040992,0.757376,-34.02,-27.8075,-8.4,-8.280001,-5.784,25.848001,none,8,3.0,24655.0,148556.0,63705.0,155472.0,69239.0
2026-04-14 18:05:44.934418,736195,1609507438555530,5038525189,-0.696864,0.040992,0.757376,-37.2575,-28.37625,-5.74875,-8.280001,-5.784,25.848001,none,8,3.0,24525.0,148475.0,63494.0,155678.0,68846.0
2026-04-14 18:05:44.936843,736196,1609507438564540,5038533935,-0.700768,-0.013664,0.8296,-39.19125,-27.23,-3.68375,-8.704,-5.072,25.760002,none,8,3.0,24525.0,148475.0,63494.0,155678.0,68846.0
2026-04-14 18:05:44.939300,736197,1609507438579210,5038548858,-0.80032,-0.042944,0.905728,-41.09875,-25.64625,-1.23375,-8.88,-4.952,25.456001,none,8,3.0,24525.0,148475.0,63494.0,155678.0,68846.0
2026-04-14 18:05:44.948122,736198,1609507438588161,5038557533,-0.80032,-0.042944,0.905728,-43.11125,-24.03625,0.42875,-8.88,-4.952,25.456001,none,8,3.0,24525.0,148475.0,63494.0,155678.0,68846.0
2026-04-14 18:05:44.972514,736199,1609507438602707,5038572481,-0.792512,-0.150304,0.80032,-45.49125,-22.54875,1.18125,-7.984,-4.472,24.744001,none,8,3.0,24525.0,148475.0,63494.0,155678.0,68846.0
2026-04-14 18:05:44.972890,736200,1609507438611664,5038581183,-0.792512,-0.150304,0.80032,-44.44125,-20.72,1.51375,-7.984,-4.472,24.744001,none,8,3.0,24525.0,148475.0,63494.0,155678.0,68846.0
2026-04-14 18:05:44.980289,736201,1609507438620666,5038589868,-0.890112,-0.154208,0.794464,-41.0025,-18.82125,0.4375,-8.552,-4.08,24.664001,none,8,3.0,24525.0,148475.0,63494.0,155678.0,68846.0
2026-04-14 18:05:45.000136,736202,1609507438635210,5038604794,-0.890112,-0.154208,0.794464,-35.14,-16.24875,-2.0825,-8.552,-4.08,24.664001,none,8,3.0,24525.0,148475.0,63494.0,155678.0,68846.0
2026-04-14 18:05:45.004936,736203,1609507438644161,5038613509,-0.786656,-0.152256,0.886208,-26.81875,-14.34125,-5.06625,-8.904,-3.76,25.04,none,8,3.0,24525.0,148475.0,63494.0,155678.0,68846.0
2026-04-14 18:05:45.032867,736214,1609507438658758,5038628536,-0.880352,-0.035136,0.77104,-19.41625,-12.8275,-7.07,-10.112,-2.912,27.352001,none,8,3.0,23639.0,153413.0,62021.0,161133.0,66899.0
2026-04-14 18:05:45.035295,736215,1609507438667707,5038637302,-0.880352,-0.035136,0.77104,-15.33875,-10.7625,-9.03,-10.112,-2.912,27.352001,none,8,3.0,23639.0,153413.0,62021.0,161133.0,66899.0
2026-04-14 18:05:45.070344,736216,1609507438682224,5038652293,-0.774944,-0.007808,0.804224,-15.89875,-9.65125,-9.91375,-10.768001,-2.896,26.792002,none,8,3.0,23639.0,153413.0,62021.0,161133.0,66899.0
2026-04-14 18:05:45.072813,736217,1609507438691162,5038660998,-0.774944,-0.007808,0.804224,-21.525,-9.065,-9.31,-10.768001,-2.896,26.792002,none,8,3.0,23639.0,153413.0,62021.0,161133.0,66899.0
2026-04-14 18:05:45.075244,736218,1609507438700116,5038669701,-0.802272,0.005856,0.749568,-28.11375,-9.0475,-8.70625,-11.376,-2.504,26.168001,none,8,3.0,23639.0,153413.0,62021.0,161133.0,66899.0
2026-04-14 18:05:45.077868,736219,1609507438714639,5038684577,-0.802272,0.005856,0.749568,-35.245,-8.155,-12.136251,-11.376,-2.504,26.168001,none,8,3.0,23639.0,153413.0,62021.0,161133.0,66899.0
2026-04-14 18:05:45.085521,736220,1609507438723729,5038693241,-0.812032,-0.044896,0.591456,-38.07125,-8.2775,-16.905,-10.656,-2.2,25.776001,none,8,3.0,23639.0,153413.0,62021.0,161133.0,66899.0
2026-04-14 18:05:45.099024,736221,1609507438738211,5038708130,-0.747616,0.015616,0.599264,-36.96,-7.42875,-14.8925,-8.608001,-2.08,23.136002,none,8,3.0,23639.0,153413.0,62021.0,161133.0,66899.0
2026-04-14 18:05:45.107531,736222,1609507438747129,5038716878,-0.747616,0.015616,0.599264,-36.47875,-6.755,-11.97,-9.624001,-2.08,23.136002,none,8,3.0,23639.0,153413.0,62021.0,161133.0,66899.0
2026-04-14 18:05:45.135184,736233,1609507438761871,5038731956,-0.730048,-0.07808,0.376736,-36.6975,-6.85125,-13.74625,-10.784,-1.608,25.720001,none,8,3.0,24494.0,153759.0,63107.0,161170.0,67822.0
2026-04-14 18:05:45.137682,736234,1609507438770861,5038740755,-0.730048,-0.07808,0.376736,-36.085,-7.385,-16.59,-10.784,-1.608,25.720001,none,8,3.0,24494.0,153759.0,63107.0,161170.0,67822.0
2026-04-14 18:05:45.140390,736235,1609507438779917,5038749519,-0.763232,-0.056608,0.456768,-33.8625,-7.09625,-17.28125,-11.144,-1.0,24.800001,none,8,3.0,24494.0,153759.0,63107.0,161170.0,67822.0
2026-04-14 18:05:45.155363,736236,1609507438794602,5038764420,-0.763232,-0.056608,0.456768,-29.645,-6.53625,-15.21625,-11.144,-1.0,24.800001,none,8,3.0,24494.0,153759.0,63107.0,161170.0,67822.0
2026-04-14 18:05:45.165338,736237,1609507438803557,5038773131,-0.749568,-0.052704,0.530944,-27.317501,-6.2125,-13.92125,-9.88,-1.2,24.488,none,8,3.0,24494.0,153759.0,63107.0,161170.0,67822.0
2026-04-14 18:05:45.179199,736238,1609507438818073,5038788104,-0.749568,-0.052704,0.499712,-26.32875,-6.11625,-12.43375,-9.88,-1.2,24.488,none,8,3.0,24494.0,153759.0,63107.0,161170.0,67822.0
2026-04-14 18:05:45.188428,736239,1609507438826997,5038796809,-0.685152,-0.064416,0.499712,-24.675,-7.37625,-9.40625,-10.256001,-1.04,28.536001,none,8,3.0,24494.0,153759.0,63107.0,161170.0,67822.0
2026-04-14 18:05:45.195511,736240,1609507438835985,5038805496,-0.685152,-0.064416,0.499712,-25.165,-8.05,-10.10625,-10.256001,-1.04,28.536001,none,8,3.0,24494.0,153759.0,63107.0,161170.0,67822.0
2026-04-14 18:05:45.280339,736251,1609507438850910,5038820358,-0.7808,-0.111264,0.503616,-22.98625,-7.95375,-12.34625,-10.176001,-0.848,24.392002,none,8,3.0,25197.0,150028.0,64187.0,156800.0,69332.0
2026-04-14 18:05:45.284532,736252,1609507438859919,5038829128,-0.7808,-0.08784,0.593408,-18.15625,-5.48625,-10.26375,-9.936001,-0.976,22.304,none,8,3.0,25197.0,150028.0,64187.0,156800.0,69332.0
2026-04-14 18:05:45.285042,736253,1609507438874454,5038844010,-0.7808,-0.08784,0.593408,-10.9725,-2.135,-6.02,-9.936001,-0.976,22.304,none,8,3.0,25197.0,150028.0,64187.0,156800.0,69332.0
2026-04-14 18:05:45.287623,736254,1609507438883568,5038852709,-0.747616,-0.08784,0.511424,-3.955,0.86625,-4.22625,-10.328,-1.12,24.224,none,8,3.0,25197.0,150028.0,64187.0,156800.0,69332.0
2026-04-14 18:05:45.291327,736255,1609507438892583,5038861398,-0.747616,-0.08784,0.511424,0.86625,4.06,-1.51375,-10.328,-1.12,24.224,none,8,3.0,25197.0,150028.0,64187.0,156800.0,69332.0
2026-04-14 18:05:45.293038,736256,1609507438907491,5038876425,-0.733952,-0.031232,0.724192,0.5075,5.215,0.86625,-9.52,-1.408,23.888,none,8,3.0,25197.0,150028.0,64187.0,156800.0,69332.0
2026-04-14 18:05:45.295331,736257,1609507438917189,5038887235,-0.733952,-0.031232,0.724192,-4.76,2.96625,0.5425,-9.52,-1.408,23.888,none,8,3.0,25197.0,150028.0,64187.0,156800.0,69332.0
2026-04-14 18:05:45.297325,736258,1609507438926121,5038895970,-0.765184,-0.001952,0.75152,-13.0725,0.7875,-1.61,-10.240001,-1.248,23.896002,none,8,3.0,25197.0,150028.0,64187.0,156800.0,69332.0
2026-04-14 18:05:45.302688,736259,1609507438940833,5038910901,-0.825696,0.08784,0.74176,-21.11375,0.0,-3.70125,-9.696,-1.648,23.648,none,8,3.0,25197.0,150028.0,64187.0,156800.0,69332.0
2026-04-14 18:05:45.336576,736270,1609507438949814,5038919714,-0.825696,0.08784,0.74176,-25.17375,0.0525,-4.10375,-9.696,-1.648,23.648,none,8,3.0,25910.0,146706.0,65616.0,152576.0,71693.0
2026-04-14 18:05:45.339169,736271,1609507438964468,5038934619,-0.679296,0.144448,0.767136,-25.90875,0.525,-4.41875,-10.512,-1.088,24.432001,none,8,3.0,25910.0,146706.0,65616.0,152576.0,71693.0
2026-04-14 18:05:45.341461,736272,1609507438973599,5038943362,-0.679296,0.144448,0.767136,-28.595,0.07875,-4.0425,-10.512,-1.088,24.432001,none,8,3.0,25910.0,146706.0,65616.0,152576.0,71693.0
2026-04-14 18:05:45.349137,736273,1609507438988111,5038958258,-0.538752,0.158112,0.931104,-35.46375,-0.74375,-2.135,-10.448001,-1.04,23.808,none,8,3.0,25910.0,146706.0,65616.0,152576.0,71693.0
2026-04-14 18:05:45.356484,736274,1609507438997075,5038966978,-0.538752,0.158112,0.931104,-48.43125,-2.73,0.9625,-10.448001,-1.04,23.808,none,8,3.0,25910.0,146706.0,65616.0,152576.0,71693.0
2026-04-14 18:05:45.366587,736275,1609507439006006,5038975690,-0.597312,0.03904,0.942816,-64.32125,-5.9675,3.1325,-9.392,-0.544,22.744001,none,8,3.0,25910.0,146706.0,65616.0,152576.0,71693.0
2026-04-14 18:05:45.389670,736276,1609507439020595,5038990584,-0.745664,-0.16592,0.755424,-78.67125,-6.65875,1.74125,-8.992001,0.264,21.800001,none,8,3.0,25910.0,146706.0,65616.0,152576.0,71693.0
2026-04-14 18:05:45.389932,736277,1609507439029573,5038999254,-0.745664,-0.16592,0.755424,-84.8925,-6.3175,0.735,-8.992001,0.264,21.800001,none,8,3.0,25910.0,146706.0,65616.0,152576.0,71693.0
2026-04-14 18:05:45.404028,736278,1609507439044104,5039014189,-0.74176,-0.26352,0.694912,-81.08625,-6.22125,0.8925,-9.464001,1.136,23.080002,none,8,3.0,25910.0,146706.0,65616.0,152576.0,71693.0
2026-04-14 18:05:45.437728,736289,1609507439053083,5039022900,-0.74176,-0.26352,0.694912,-72.1875,-7.07875,1.995,-9.464001,1.136,23.080002,none,8,3.0,27662.0,145925.0,68692.0,151097.0,75428.0
2026-04-14 18:05:45.440021,736290,1609507439062061,5039031671,-0.728096,-0.206912,0.77104,-62.30875,-6.475,3.12375,-10.568001,1.952,24.024002,none,8,3.0,27662.0,145925.0,68692.0,151097.0,75428.0
2026-04-14 18:05:45.442791,736291,1609507439076660,5039046809,-0.728096,-0.206912,0.77104,-53.80375,-4.025,5.08375,-10.568001,1.952,24.024002,none,8,3.0,27662.0,145925.0,68692.0,151097.0,75428.0
2026-04-14 18:05:45.445319,736292,1609507439085708,5039055521,-0.757376,-0.23424,0.646112,-48.7375,-2.0825,6.62375,-11.072001,2.624,23.824001,none,8,3.0,27662.0,145925.0,68692.0,151097.0,75428.0
2026-04-14 18:05:45.461884,736293,1609507439100196,5039070416,-0.66368,-0.31232,0.603168,-46.1825,-1.19875,7.84,-11.072001,2.624,21.776001,none,8,3.0,27662.0,145925.0,68692.0,151097.0,75428.0
2026-04-14 18:05:45.472210,736294,1609507439109124,5039079082,-0.657824,-0.31232,0.603168,-45.01875,-0.98875,9.66,-9.216001,2.792,21.288,none,8,3.0,27662.0,145925.0,68692.0,151097.0,75428.0
2026-04-14 18:05:45.482974,736295,1609507439123710,5039093999,-0.65392,-0.308416,0.52704,-43.44375,-1.12875,10.885,-9.336,3.008,21.536001,none,8,3.0,27662.0,145925.0,68692.0,151097.0,75428.0
2026-04-14 18:05:45.492981,736296,1609507439132629,5039102846,-0.65392,-0.308416,0.52704,-40.39,-1.4175,11.22625,-9.336,3.008,21.536001,none,8,3.0,27662.0,145925.0,68692.0,151097.0,75428.0
2026-04-14 18:05:45.502950,736297,1609507439141605,5039111555,-0.593408,-0.27328,0.638304,-36.96,-1.47,11.06,-9.896001,3.76,22.552002,none,8,3.0,27662.0,145925.0,68692.0,151097.0,75428.0
2026-04-14 18:05:45.538114,736308,1609507439156325,5039126459,-0.593408,-0.27328,0.638304,-32.97,-1.19875,11.38375,-9.896001,3.76,22.552002,none,8,3.0,29257.0,146040.0,71453.0,150813.0,78533.0
2026-04-14 18:05:45.540703,736309,1609507439165493,5039135279,-0.603168,-0.240096,0.523136,-30.49375,-1.84625,11.9525,-9.528001,3.816,22.352001,none,8,3.0,29257.0,146040.0,71453.0,150813.0,78533.0
2026-04-14 18:05:45.542708,736310,1609507439179999,5039150230,-0.603168,-0.240096,0.523136,-30.5375,-1.26875,12.10125,-9.528001,3.816,22.352001,none,8,3.0,29257.0,146040.0,71453.0,150813.0,78533.0
2026-04-14 18:05:45.549481,736311,1609507439188937,5039158914,-0.65392,-0.181536,0.6832,-31.3425,-0.35,11.865,-9.92,4.568,21.952002,none,8,3.0,29257.0,146040.0,71453.0,150813.0,78533.0
2026-04-14 18:05:45.556900,736312,1609507439197874,5039167634,-0.65392,-0.181536,0.6832,-31.9025,1.67125,10.87625,-9.92,4.568,21.952002,none,8,3.0,29257.0,146040.0,71453.0,150813.0,78533.0
2026-04-14 18:05:45.572678,736313,1609507439212450,5039182532,-0.612928,-0.228384,0.694912,-30.7125,4.5675,9.45,-8.528001,4.76,21.328001,none,8,3.0,29257.0,146040.0,71453.0,150813.0,78533.0
2026-04-14 18:05:45.601844,736314,1609507439221425,5039191231,-0.691008,-0.181536,0.696864,-27.79875,7.2975,9.45,-8.208,4.88,20.896002,none,8,3.0,29257.0,146040.0,71453.0,150813.0,78533.0
2026-04-14 18:05:45.604371,736315,1609507439235928,5039206091,-0.691008,-0.181536,0.696864,-26.565,9.730001,9.49375,-8.208,4.88,20.896002,none,8,3.0,29257.0,146040.0,71453.0,150813.0,78533.0
2026-04-14 18:05:45.606829,736316,1609507439244882,5039214829,-0.689056,-0.23424,0.52704,-29.23375,9.91375,10.56125,-8.632,5.272,22.608002,none,8,3.0,29257.0,146040.0,71453.0,150813.0,78533.0
2026-04-14 18:05:45.660127,736327,1609507439259498,5039229856,-0.689056,-0.23424,0.52704,-34.326252,8.61,11.24375,-8.632,5.272,22.608002,none,8,3.0,29847.0,146306.0,72488.0,151060.0,79609.0
2026-04-14 18:05:45.661364,736328,1609507439268423,5039238575,-0.65392,-0.284992,0.718336,-37.73875,8.47875,12.285,-8.776,6.152,22.560001,none,8,3.0,29847.0,146306.0,72488.0,151060.0,79609.0
2026-04-14 18:05:45.666715,736329,1609507439277326,5039247220,-0.65392,-0.284992,0.718336,-36.70625,9.292501,13.22125,-8.776,6.152,22.560001,none,8,3.0,29847.0,146306.0,72488.0,151060.0,79609.0
2026-04-14 18:05:45.666812,736330,1609507439291889,5039262159,-0.757376,-0.288896,0.530944,-32.2525,11.042501,13.25625,-8.072001,6.424,21.944,none,8,3.0,29847.0,146306.0,72488.0,151060.0,79609.0
2026-04-14 18:05:45.668978,736331,1609507439300904,5039270838,-0.757376,-0.288896,0.530944,-27.79875,12.53875,12.74875,-8.072001,6.424,21.944,none,8,3.0,29847.0,146306.0,72488.0,151060.0,79609.0
2026-04-14 18:05:45.676816,736332,1609507439315491,5039285785,-0.694912,-0.279136,0.728096,-25.10375,14.525,13.30875,-7.688,6.424,19.92,none,8,3.0,29847.0,146306.0,72488.0,151060.0,79609.0
2026-04-14 18:05:45.706982,736333,1609507439324446,5039294495,-0.665632,-0.314272,0.679296,-24.5875,15.785,13.86,-5.488,6.288,20.264002,none,8,3.0,29847.0,146306.0,72488.0,151060.0,79609.0
2026-04-14 18:05:45.709461,736334,1609507439338928,5039307331,-0.665632,-0.314272,0.679296,-24.43875,16.05625,14.65625,-5.488,6.288,20.264002,none,8,3.0,29847.0,146306.0,72488.0,151060.0,79609.0
2026-04-14 18:05:45.711898,736335,1609507439348140,5039318083,-0.730048,-0.288896,0.599264,-22.5575,16.82625,15.11125,-5.992,7.000001,21.432001,none,8,3.0,29847.0,146306.0,72488.0,151060.0,79609.0
2026-04-14 18:05:45.753411,736347,1609507439357307,5039326860,-0.730048,-0.288896,0.599264,-19.46875,18.99625,15.47875,-5.992,7.000001,21.432001,none,8,3.0,29830.0,147510.0,72486.0,152643.0,79578.0
2026-04-14 18:05:45.753961,736348,1609507439372251,5039342058,-0.696864,-0.306464,0.503616,-15.35625,21.428751,14.9275,-5.048,7.576,20.968,none,8,3.0,29830.0,147510.0,72486.0,152643.0,79578.0
2026-04-14 18:05:45.756328,736349,1609507439381190,5039352388,-0.696864,-0.306464,0.503616,-11.06875,22.88125,14.18375,-5.048,7.576,20.968,none,8,3.0,29830.0,147510.0,72486.0,152643.0,79578.0
2026-04-14 18:05:45.762459,736350,1609507439390432,5039359051,-0.778848,-0.22448,0.65392,-8.37375,23.2225,15.0325,-4.552,7.664001,20.68,none,8,3.0,29830.0,147510.0,72486.0,152643.0,79578.0
2026-04-14 18:05:45.765042,736351,1609507439405335,5039373958,-0.853024,-0.267424,0.56608,-8.54875,21.875,14.84,-2.944,7.624001,20.416,none,8,3.0,29830.0,147510.0,72486.0,152643.0,79578.0
2026-04-14 18:05:45.775068,736352,1609507439414537,5039384766,-0.853024,-0.267424,0.56608,-9.42375,19.6175,13.60625,-2.944,7.624001,20.416,none,8,3.0,29830.0,147510.0,72486.0,152643.0,79578.0
2026-04-14 18:05:45.787987,736353,1609507439428998,5039397614,-0.804224,-0.357216,0.655872,-9.56375,17.1675,12.50375,-3.48,8.360001,23.232,none,8,3.0,29830.0,147510.0,72486.0,152643.0,79578.0
2026-04-14 18:05:45.799463,736354,1609507439438161,5039408377,-0.804224,-0.357216,0.655872,-7.37625,13.9825,12.145,-3.48,8.360001,23.232,none,8,3.0,29830.0,147510.0,72486.0,152643.0,79578.0
2026-04-14 18:05:45.806866,736355,1609507439447275,5039417114,-0.796416,-0.417728,0.589504,-2.3625,11.2,12.46,-2.224,8.392,21.384,none,8,3.0,29830.0,147510.0,72486.0,152643.0,79578.0
2026-04-14 18:05:45.834078,736365,1609507439461799,5039432143,-0.796416,-0.417728,0.589504,3.47375,10.28125,13.79,-2.224,8.392,21.384,none,8,3.0,27308.0,148737.0,68009.0,154635.0,74583.0
2026-04-14 18:05:45.838840,736366,1609507439470779,5039440875,-0.831552,-0.40992,0.472384,10.185,11.515,13.615,-1.72,8.472,20.352001,none,8,3.0,27308.0,148737.0,68009.0,154635.0,74583.0
2026-04-14 18:05:45.847258,736367,1609507439485414,5039453773,-0.759328,-0.374784,0.638304,18.235,14.04375,12.38125,-1.336,7.944,21.224,none,8,3.0,27308.0,148737.0,68009.0,154635.0,74583.0
2026-04-14 18:05:45.858632,736368,1609507439494719,5039464597,-0.759328,-0.374784,0.638304,28.95375,16.19625,12.2325,-1.336,7.944,21.224,none,8,3.0,27308.0,148737.0,68009.0,154635.0,74583.0
2026-04-14 18:05:45.864298,736369,1609507439503800,5039473293,-0.83936,-0.298656,0.833504,40.06625,15.77625,12.1975,-0.968,7.856,22.344002,none,8,3.0,27308.0,148737.0,68009.0,154635.0,74583.0
2026-04-14 18:05:45.880486,736370,1609507439518321,5039488370,-0.83936,-0.298656,0.833504,49.1575,12.1975,12.0575,-0.968,7.856,22.344002,none,8,3.0,27308.0,148737.0,68009.0,154635.0,74583.0
2026-04-14 18:05:45.888125,736371,1609507439527238,5039497051,-1.136064,-0.230336,0.942816,52.0975,-0.5425,9.135,-1.208,7.584001,22.136002,none,8,3.0,27308.0,148737.0,68009.0,154635.0,74583.0
2026-04-14 18:05:45.903108,736372,1609507439541771,5039511985,-1.136064,-0.230336,0.942816,46.9,-21.35,4.43625,-1.208,7.584001,22.136002,none,8,3.0,27308.0,148737.0,68009.0,154635.0,74583.0
2026-04-14 18:05:45.910669,736373,1609507439550701,5039520663,-0.892064,-0.288896,0.52704,36.86375,-34.982502,4.12125,-1.904,7.400001,23.696001,none,8,3.0,27308.0,148737.0,68009.0,154635.0,74583.0
2026-04-14 18:05:45.970557,736385,1609507439565313,5039533785,-0.757376,-0.378688,0.486048,31.98125,-32.41875,11.4275,-2.728,7.088,23.656002,none,8,3.0,24401.0,149312.0,62939.0,156190.0,68253.0
2026-04-14 18:05:45.973085,736386,1609507439574748,5039544597,-0.757376,-0.378688,0.486048,37.5025,-20.58875,17.17625,-2.728,7.088,23.656002,none,8,3.0,24401.0,149312.0,62939.0,156190.0,68253.0
2026-04-14 18:05:45.975519,736387,1609507439583718,5039553326,-0.8296,-0.30256,0.7808,48.72,-6.04625,13.877501,-2.84,7.096,23.448002,none,8,3.0,24401.0,149312.0,62939.0,156190.0,68253.0
2026-04-14 18:05:46.000242,736388,1609507439598312,5039568213,-0.8296,-0.30256,0.7808,59.3775,6.25625,8.1025,-2.84,7.096,23.448002,none,8,3.0,24401.0,149312.0,62939.0,156190.0,68253.0
2026-04-14 18:05:46.002552,736389,1609507439607290,5039576906,-0.983808,-0.130784,0.61488,66.21125,10.465,7.23625,-2.696,6.312,23.688002,none,8,3.0,24401.0,149312.0,62939.0,156190.0,68253.0
2026-04-14 18:05:46.005665,736390,1609507439621798,5039591867,-0.983808,-0.130784,0.61488,63.8925,8.785,8.56625,-2.696,6.312,23.688002,none,8,3.0,24401.0,149312.0,62939.0,156190.0,68253.0
2026-04-14 18:05:46.007714,736391,1609507439630757,5039600566,-0.864736,-0.158112,0.49776,56.35,5.90625,11.9,-2.792,5.56,25.384,none,8,3.0,24401.0,149312.0,62939.0,156190.0,68253.0
2026-04-14 18:05:46.010677,736392,1609507439639685,5039609231,-0.864736,-0.158112,0.49776,49.56875,3.6225,13.76375,-2.792,5.56,25.384,none,8,3.0,24401.0,149312.0,62939.0,156190.0,68253.0
2026-04-14 18:05:46.042419,736403,1609507439654308,5039624168,-0.8296,-0.130784,0.6832,49.315,3.3425,14.35,-2.88,4.944,24.392002,none,8,3.0,23779.0,149347.0,61999.0,156731.0,66370.0
2026-04-14 18:05:46.044617,736404,1609507439663306,5039632931,-0.8296,-0.130784,0.558272,53.165,4.1825,13.55375,-2.88,4.944,24.392002,none,8,3.0,23779.0,149347.0,61999.0,156731.0,66370.0
2026-04-14 18:05:46.046255,736405,1609507439677864,5039647916,-0.821792,-0.113216,0.552416,52.43875,5.1275,11.61125,-5.0,5.184,26.744001,none,8,3.0,23779.0,149347.0,61999.0,156731.0,66370.0
2026-04-14 18:05:46.049418,736406,1609507439686855,5039656608,-0.8296,-0.044896,0.493856,44.37125,4.24375,10.815,-4.92,4.896,25.832,none,8,3.0,23779.0,149347.0,61999.0,156731.0,66370.0
2026-04-14 18:05:46.055340,736407,1609507439695772,5039665298,-0.8296,-0.044896,0.493856,31.80625,2.87875,11.06,-4.92,4.896,25.832,none,8,3.0,23779.0,149347.0,61999.0,156731.0,66370.0
2026-04-14 18:05:46.070603,736408,1609507439710252,5039680285,-0.85888,-0.007808,0.480192,20.08125,2.87,9.40625,-3.336,4.408,24.808,none,8,3.0,23779.0,149347.0,61999.0,156731.0,66370.0
2026-04-14 18:05:46.079445,736409,1609507439719185,5039689090,-0.85888,-0.007808,0.480192,10.99875,4.4975,7.7875,-3.336,4.408,24.808,none,8,3.0,23779.0,149347.0,61999.0,156731.0,66370.0
2026-04-14 18:05:46.095232,736410,1609507439733784,5039703984,-0.837408,0.037088,0.6832,3.56125,7.5425,5.6175,-3.296,4.304,25.576002,none,8,3.0,23779.0,149347.0,61999.0,156731.0,66370.0
2026-04-14 18:05:46.103119,736411,1609507439742812,5039712677,-0.837408,0.037088,0.6832,-5.46875,9.59,3.29875,-3.296,4.304,25.576002,none,8,3.0,23779.0,149347.0,61999.0,156731.0,66370.0
2026-04-14 18:05:46.143990,736422,1609507439757919,5039727795,-0.948672,0.035136,0.515328,-21.945,8.60125,-0.8925,-2.984,5.072,27.224,none,8,3.0,23981.0,147699.0,62540.0,155307.0,66325.0
2026-04-14 18:05:46.146363,736423,1609507439766951,5039736593,-0.892064,-0.02928,0.696864,-43.46125,6.72875,-1.51375,-4.104,5.8,25.856,none,8,3.0,23981.0,147699.0,62540.0,155307.0,66325.0
2026-04-14 18:05:46.148956,736424,1609507439775916,5039745360,-0.892064,-0.02928,0.696864,-63.2275,3.80625,0.34125,-4.104,5.8,25.856,none,8,3.0,23981.0,147699.0,62540.0,155307.0,66325.0
2026-04-14 18:05:46.151738,736425,1609507439790478,5039760263,-0.808128,-0.197152,0.77104,-74.80375,1.28625,-0.84875,-3.568,6.544,24.984001,none,8,3.0,23981.0,147699.0,62540.0,155307.0,66325.0
2026-04-14 18:05:46.159066,736426,1609507439799415,5039768960,-0.808128,-0.197152,0.77104,-71.6625,1.42625,-2.5725,-3.568,6.544,24.984001,none,8,3.0,23981.0,147699.0,62540.0,155307.0,66325.0
2026-04-14 18:05:46.173860,736427,1609507439813925,5039783874,-0.899872,-0.208864,0.636352,-55.0375,3.64875,-2.63375,-3.072,6.824,25.144001,none,8,3.0,23981.0,147699.0,62540.0,155307.0,66325.0
2026-04-14 18:05:46.182819,736428,1609507439822939,5039792557,-0.899872,-0.208864,0.636352,-31.78875,6.30875,-3.50875,-3.072,6.824,25.144001,none,8,3.0,23981.0,147699.0,62540.0,155307.0,66325.0
2026-04-14 18:05:46.192680,736429,1609507439831905,5039801232,-0.821792,-0.173728,0.730048,-10.36,8.6275,-6.08125,-3.344,7.096,25.976002,none,8,3.0,23981.0,147699.0,62540.0,155307.0,66325.0
2026-04-14 18:05:46.205618,736430,1609507439846437,5039816199,-0.847168,-0.101504,0.720288,3.92875,10.885,-6.8075,-3.0,6.928001,24.192001,none,8,3.0,23981.0,147699.0,62540.0,155307.0,66325.0
2026-04-14 18:05:46.242315,736441,1609507439855357,5039824978,-0.847168,-0.101504,0.720288,11.865,12.80125,-6.1075,-3.0,6.928001,24.192001,none,8,3.0,24121.0,148627.0,62711.0,156099.0,66356.0
2026-04-14 18:05:46.242665,736442,1609507439869964,5039839946,-0.983808,-0.06832,0.489952,15.53125,13.3,-5.25,-4.52,7.528,27.168001,none,8,3.0,24121.0,148627.0,62711.0,156099.0,66356.0
2026-04-14 18:05:46.247461,736443,1609507439878889,5039848686,-0.983808,-0.06832,0.489952,15.155,10.73625,-5.0225,-4.52,7.528,27.168001,none,8,3.0,24121.0,148627.0,62711.0,156099.0,66356.0
2026-04-14 18:05:46.253005,736444,1609507439893426,5039861828,-0.911584,-0.01952,0.657824,11.64625,6.9825,-5.5125,-4.656,6.664001,26.352001,none,8,3.0,24121.0,148627.0,62711.0,156099.0,66356.0
2026-04-14 18:05:46.262965,736445,1609507439902656,5039872634,-0.911584,-0.01952,0.657824,8.855001,4.795,-3.1675,-4.656,6.664001,26.352001,none,8,3.0,24121.0,148627.0,62711.0,156099.0,66356.0
2026-04-14 18:05:46.271756,736446,1609507439911582,5039881335,-0.895968,-0.037088,0.437248,5.55625,3.9025,-2.4675,-3.192,6.544,25.480001,none,8,3.0,24121.0,148627.0,62711.0,156099.0,66356.0
2026-04-14 18:05:46.286522,736447,1609507439926230,5039896275,-0.831552,-0.046848,0.677344,3.22,4.0425,-3.17625,-3.136,6.392,24.6,none,8,3.0,24121.0,148627.0,62711.0,156099.0,66356.0
2026-04-14 18:05:46.295649,736448,1609507439935336,5039904981,-0.831552,-0.046848,0.677344,-0.06125,4.27875,-2.905,-3.136,6.392,24.6,none,8,3.0,24121.0,148627.0,62711.0,156099.0,66356.0
2026-04-14 18:05:46.309446,736449,1609507439949835,5039919924,-0.960384,-0.042944,0.521184,-4.8125,2.905,-2.9925,-3.104,6.856,26.352001,none,8,3.0,24121.0,148627.0,62711.0,156099.0,66356.0
2026-04-14 18:05:46.435004,736460,1609507439959337,5039928677,-0.960384,-0.042944,0.521184,-7.79625,1.82875,-1.75875,-3.104,6.856,26.352001,none,8,3.0,24257.0,148538.0,62700.0,155844.0,66545.0
2026-04-14 18:05:46.437681,736461,1609507439968376,5039937462,-0.915488,-0.074176,0.650016,-12.78375,-1.4,-2.66875,-3.696,7.216001,25.648,none,8,3.0,24257.0,148538.0,62700.0,155844.0,66545.0
2026-04-14 18:05:46.440322,736462,1609507439982892,5039952381,-0.915488,-0.074176,0.650016,-12.81,-3.07125,-1.435,-3.696,7.216001,25.648,none,8,3.0,24257.0,148538.0,62700.0,155844.0,66545.0
2026-04-14 18:05:46.442769,736463,1609507439991811,5039961058,-0.886208,-0.085888,0.720288,-10.6575,-4.12125,-1.40875,-3.704,6.648,25.240002,none,8,3.0,24257.0,148538.0,62700.0,155844.0,66545.0
2026-04-14 18:05:46.445241,736464,1609507440006567,5039975949,-0.905728,-0.119072,0.470432,-7.315,-4.15625,-2.91375,-3.616,6.536,25.288002,none,8,3.0,24257.0,148538.0,62700.0,155844.0,66545.0
2026-04-14 18:05:46.450270,736465,1609507440015605,5039984615,-0.905728,-0.119072,0.470432,-5.075,-4.08625,-3.78,-3.616,6.536,25.288002,none,8,3.0,24257.0,148538.0,62700.0,155844.0,66545.0
2026-04-14 18:05:46.452788,736466,1609507440024587,5039993315,-0.905728,-0.119072,0.470432,-6.23,-4.17375,-4.33125,-3.616,6.536,25.288002,none,8,3.0,24257.0,148538.0,62700.0,155844.0,66545.0
2026-04-14 18:05:46.455255,736467,1609507440039641,5040008249,-0.905728,-0.07808,0.665632,-7.63,-4.69,-4.655,-3.152,6.704001,25.312,none,8,3.0,24257.0,148538.0,62700.0,155844.0,66545.0
2026-04-14 18:05:46.457665,736468,1609507440048814,5040018999,-0.940864,-0.11712,0.460672,-8.5575,-5.57375,-5.2675,-3.368,7.016,24.816002,none,8,3.0,24257.0,148538.0,62700.0,155844.0,66545.0
2026-04-14 18:05:46.485186,736479,1609507440063298,5040032353,-0.940864,-0.11712,0.460672,-9.63375,-5.985,-5.90625,-3.368,7.016,24.816002,none,8,3.0,24447.0,147423.0,62855.0,154611.0,66798.0
2026-04-14 18:05:46.487840,736480,1609507440072316,5040041130,-0.940864,-0.124928,0.620736,-11.62,-7.4025,-6.93,-3.704,7.296001,25.032001,none,8,3.0,24447.0,147423.0,62855.0,154611.0,66798.0
2026-04-14 18:05:46.490333,736481,1609507440081721,5040051922,-0.940864,-0.124928,0.620736,-14.9625,-10.01,-7.0875,-3.704,7.296001,25.032001,none,8,3.0,24447.0,147423.0,62855.0,154611.0,66798.0
2026-04-14 18:05:46.492838,736482,1609507440096597,5040066851,-0.935008,-0.212768,0.480192,-16.975,-11.698751,-6.67625,-3.776,7.592001,25.072,none,8,3.0,24447.0,147423.0,62855.0,154611.0,66798.0
2026-04-14 18:05:46.495330,736483,1609507440105643,5040075619,-0.935008,-0.212768,0.480192,-17.15,-13.4575,-5.7575,-3.776,7.592001,25.072,none,8,3.0,24447.0,147423.0,62855.0,154611.0,66798.0
2026-04-14 18:05:46.497814,736484,1609507440114964,5040084397,-0.903776,-0.212768,0.66368,-12.9675,-14.63,-5.59125,-3.816,7.480001,25.088001,none,8,3.0,24447.0,147423.0,62855.0,154611.0,66798.0
2026-04-14 18:05:46.503137,736485,1609507440129626,5040099318,-0.911584,-0.244,0.460672,-7.20125,-14.84,-5.59125,-4.208,7.24,25.776001,none,8,3.0,24447.0,147423.0,62855.0,154611.0,66798.0
2026-04-14 18:05:46.503288,736486,1609507440138731,5040108078,-0.911584,-0.244,0.460672,-1.435,-14.9275,-4.41,-4.208,7.24,25.776001,none,8,3.0,24447.0,147423.0,62855.0,154611.0,66798.0
2026-04-14 18:05:46.512477,736487,1609507440153296,5040123048,-0.874496,-0.1952,0.675392,1.89,-15.417501,-1.37375,-5.136,7.136,26.168001,none,8,3.0,24447.0,147423.0,62855.0,154611.0,66798.0
2026-04-14 18:05:46.543831,736498,1609507440162390,5040131764,-0.874496,-0.1952,0.675392,2.7825,-16.415,3.35125,-5.136,7.136,26.168001,none,8,3.0,24621.0,144441.0,63032.0,151159.0,67297.0
2026-04-14 18:05:46.546534,736499,1609507440171386,5040140754,-0.769088,-0.257664,0.677344,0.49,-16.835001,6.57125,-5.168,6.952,25.04,none,8,3.0,24621.0,144441.0,63032.0,151159.0,67297.0
2026-04-14 18:05:46.551738,736500,1609507440186190,5040155684,-0.769088,-0.257664,0.677344,-1.30375,-16.135,8.5925,-5.168,6.952,25.04,none,8,3.0,24621.0,144441.0,63032.0,151159.0,67297.0
2026-04-14 18:05:46.555295,736501,1609507440195197,5040164522,-0.8296,-0.208864,0.757376,0.04375,-15.1025,10.386251,-4.984,6.656,25.096,none,8,3.0,24621.0,144441.0,63032.0,151159.0,67297.0
2026-04-14 18:05:46.571899,736502,1609507440209696,5040179455,-0.774944,-0.220576,0.821792,2.555,-14.77,10.15875,-4.912,6.608,24.888,none,8,3.0,24621.0,144441.0,63032.0,151159.0,67297.0
2026-04-14 18:05:46.577817,736503,1609507440218645,5040188171,-0.774944,-0.220576,0.821792,5.4425,-13.405,7.23625,-4.912,6.608,24.888,none,8,3.0,24621.0,144441.0,63032.0,151159.0,67297.0
2026-04-14 18:05:46.596896,736504,1609507440233235,5040203093,-0.763232,-0.228384,0.66368,9.3275,-10.70125,4.3225,-5.128,6.56,25.52,none,8,3.0,24621.0,144441.0,63032.0,151159.0,67297.0
2026-04-14 18:05:46.603118,736505,1609507440242219,5040211854,-0.763232,-0.228384,0.66368,16.09125,-7.69125,1.0675,-5.128,6.56,25.52,none,8,3.0,24621.0,144441.0,63032.0,151159.0,67297.0
2026-04-14 18:05:46.611737,736506,1609507440251223,5040220602,-0.817888,-0.134688,0.767136,23.17,-5.27625,-1.6975,-6.136,6.128,26.216002,none,8,3.0,24621.0,144441.0,63032.0,151159.0,67297.0
2026-04-14 18:05:46.641393,736517,1609507440265928,5040235674,-0.817888,-0.134688,0.767136,30.40625,-3.29875,-4.515,-6.136,6.128,26.216002,none,8,3.0,24777.0,143028.0,63224.0,149327.0,68194.0
2026-04-14 18:05:46.644456,736518,1609507440275157,5040244403,-0.905728,-0.08784,0.445056,35.98,-1.9425,-7.6475,-5.616,5.144,27.048,none,8,3.0,24777.0,143028.0,63224.0,149327.0,68194.0
2026-04-14 18:05:46.649426,736519,1609507440289748,5040259399,-0.9272,-0.00976,0.447008,39.9,-1.32125,-9.695,-5.936,4.272,25.152,none,8,3.0,24777.0,143028.0,63224.0,149327.0,68194.0
2026-04-14 18:05:46.663135,736520,1609507440298694,5040268145,-0.9272,-0.00976,0.447008,40.52125,-3.01875,-10.64875,-5.936,4.272,25.152,none,8,3.0,24777.0,143028.0,63224.0,149327.0,68194.0
2026-04-14 18:05:46.666874,736521,1609507440307630,5040276987,-0.9272,-0.00976,0.476288,37.6775,-5.55625,-11.41875,-5.936,4.272,25.152,none,8,3.0,24777.0,143028.0,63224.0,149327.0,68194.0
2026-04-14 18:05:46.703836,736522,1609507440322133,5040291913,-0.884256,-0.005856,0.476288,32.71625,-7.37625,-13.0725,-7.136,4.472,26.464,none,8,3.0,24777.0,143028.0,63224.0,149327.0,68194.0
2026-04-14 18:05:46.706245,736523,1609507440331030,5040300591,-0.853024,-0.0488,0.484096,27.2475,-8.9075,-14.752501,-6.28,3.488,25.456001,none,8,3.0,24777.0,143028.0,63224.0,149327.0,68194.0
2026-04-14 18:05:46.709440,736524,1609507440345543,5040315486,-0.853024,-0.0488,0.484096,23.73875,-8.81125,-14.8575,-6.28,3.488,25.456001,none,8,3.0,24777.0,143028.0,63224.0,149327.0,68194.0
2026-04-14 18:05:46.735100,736525,1609507440354587,5040324206,-0.833504,-0.070272,0.552416,23.835001,-8.05875,-14.91875,-6.832,2.88,25.808,none,8,3.0,24777.0,143028.0,63224.0,149327.0,68194.0
2026-04-14 18:05:46.792372,736536,1609507440369155,5040339268,-0.903776,-0.0488,0.44896,28.30625,-7.39375,-15.26,-7.36,1.968,23.528002,none,8,3.0,25472.0,142858.0,64549.0,148590.0,70195.0
2026-04-14 18:05:46.792490,736537,1609507440378091,5040347972,-0.903776,-0.0488,0.44896,34.6675,-7.72625,-15.58375,-7.36,1.968,23.528002,none,8,3.0,25472.0,142858.0,64549.0,148590.0,70195.0
2026-04-14 18:05:46.795514,736538,1609507440387057,5040356731,-0.903776,-0.0488,0.44896,41.53625,-8.47875,-15.09375,-7.36,1.968,23.528002,none,8,3.0,25472.0,142858.0,64549.0,148590.0,70195.0
2026-04-14 18:05:46.797559,736539,1609507440401550,5040371624,-0.7808,-0.074176,0.571936,46.1825,-9.05625,-13.71125,-6.968,0.856,24.392002,none,8,3.0,25472.0,142858.0,64549.0,148590.0,70195.0
2026-04-14 18:05:46.800515,736540,1609507440410476,5040380311,-0.864736,-0.001952,0.499712,48.90375,-10.08875,-12.60875,-6.984,0.08,24.664001,none,8,3.0,25472.0,142858.0,64549.0,148590.0,70195.0
2026-04-14 18:05:46.802563,736541,1609507440425041,5040395347,-0.864736,-0.001952,0.499712,51.02125,-11.0075,-11.1125,-6.984,0.08,24.664001,none,8,3.0,25472.0,142858.0,64549.0,148590.0,70195.0
2026-04-14 18:05:46.805524,736542,1609507440434004,5040404044,-0.788608,0.025376,0.548512,51.8875,-10.605001,-10.885,-6.952,-1.16,24.28,none,8,3.0,25472.0,142858.0,64549.0,148590.0,70195.0
2026-04-14 18:05:46.807609,736543,1609507440442955,5040412731,-0.788608,0.025376,0.548512,49.9625,-8.47875,-12.15375,-6.952,-1.16,24.28,none,8,3.0,25472.0,142858.0,64549.0,148590.0,70195.0
2026-04-14 18:05:46.818020,736544,1609507440457480,5040427684,-0.675392,0.017568,0.696864,41.44875,-7.6825,-12.97625,-7.36,-2.088,24.264002,none,8,3.0,25472.0,142858.0,64549.0,148590.0,70195.0
2026-04-14 18:05:46.845136,736555,1609507440466472,5040436460,-0.675392,0.017568,0.696864,28.4025,-6.1775,-13.95625,-7.36,-2.088,24.264002,none,8,3.0,25662.0,144084.0,65046.0,149688.0,70982.0
2026-04-14 18:05:46.847608,736556,1609507440481012,5040449373,-0.651968,0.044896,0.950624,16.26625,-4.935,-12.215,-7.696001,-2.616,23.928001,none,8,3.0,25662.0,144084.0,65046.0,149688.0,70982.0
2026-04-14 18:05:46.850385,736557,1609507440490222,5040460197,-0.597312,0.052704,1.042368,1.74125,-3.71,-11.99625,-7.984,-3.136,20.824001,none,8,3.0,25662.0,144084.0,65046.0,149688.0,70982.0
2026-04-14 18:05:46.866841,736558,1609507440504785,5040475091,-0.597312,0.052704,1.042368,-8.81125,-2.625,-10.64875,-7.984,-3.136,20.824001,none,8,3.0,25662.0,144084.0,65046.0,149688.0,70982.0
2026-04-14 18:05:46.873136,736559,1609507440513706,5040483823,-0.681248,0.052704,0.954528,-18.1125,-2.84375,-8.65375,-7.808001,-2.752,23.368002,none,8,3.0,25662.0,144084.0,65046.0,149688.0,70982.0
2026-04-14 18:05:46.882748,736560,1609507440522653,5040492545,-0.681248,0.052704,0.954528,-21.866251,-2.8,-9.61625,-7.808001,-2.752,23.368002,none,8,3.0,25662.0,144084.0,65046.0,149688.0,70982.0
2026-04-14 18:05:46.897961,736561,1609507440537138,5040507442,-0.710528,-0.076128,0.75152,-24.92,-3.15875,-14.035,-8.376,-2.208,24.408,none,8,3.0,25662.0,144084.0,65046.0,149688.0,70982.0
2026-04-14 18:05:46.906764,736562,1609507440546187,5040516172,-0.710528,-0.076128,0.75152,-22.1025,-1.2775,-17.14125,-8.376,-2.208,24.408,none,8,3.0,25662.0,144084.0,65046.0,149688.0,70982.0
2026-04-14 18:05:46.949381,736573,1609507440560888,5040531184,-0.651968,-0.169824,0.85888,-8.12,3.08,-17.535,-8.688001,-2.824,23.560001,none,8,3.0,26918.0,145396.0,67242.0,150378.0,73577.0
2026-04-14 18:05:46.951882,736574,1609507440569984,5040540155,-0.667584,-0.095648,0.7808,6.06375,6.55375,-20.09875,-9.0,-2.712,24.064001,none,8,3.0,26918.0,145396.0,67242.0,150378.0,73577.0
2026-04-14 18:05:46.954143,736575,1609507440579004,5040548885,-0.667584,-0.095648,0.7808,19.25,10.5525,-22.7325,-9.0,-2.712,24.064001,none,8,3.0,26918.0,145396.0,67242.0,150378.0,73577.0
2026-04-14 18:05:46.956957,736576,1609507440593592,5040563775,-0.737856,0.017568,0.564128,31.7275,14.35875,-20.93,-8.256001,-3.048,23.576,none,8,3.0,26918.0,145396.0,67242.0,150378.0,73577.0
2026-04-14 18:05:46.990616,736577,1609507440602646,5040572515,-0.737856,0.017568,0.564128,27.317501,13.335,-22.35625,-8.256001,-3.048,23.576,none,8,3.0,26918.0,145396.0,67242.0,150378.0,73577.0
2026-04-14 18:05:46.993019,736578,1609507440617145,5040587435,-0.802272,0.0488,0.679296,15.95125,11.2175,-24.68375,-9.584001,-2.672,24.536001,none,8,3.0,26918.0,145396.0,67242.0,150378.0,73577.0
2026-04-14 18:05:46.995508,736579,1609507440626159,5040596132,-0.802272,0.0488,0.679296,7.41125,9.35375,-22.95125,-9.584001,-2.672,24.536001,none,8,3.0,26918.0,145396.0,67242.0,150378.0,73577.0
2026-04-14 18:05:47.003022,736580,1609507440640745,5040611064,-0.763232,-0.046848,0.72224,1.54875,6.8425,-21.175,-9.416,-2.128,25.704,none,8,3.0,26918.0,145396.0,67242.0,150378.0,73577.0
2026-04-14 18:05:47.009014,736581,1609507440649812,5040619782,-0.763232,-0.046848,0.542656,2.6775,3.98125,-18.27,-9.416,-2.128,25.704,none,8,3.0,26918.0,145396.0,67242.0,150378.0,73577.0
2026-04-14 18:05:47.020673,736582,1609507440658855,5040628492,-0.860832,-0.025376,0.542656,10.71,2.6075,-13.62375,-10.016001,-2.768,25.152,none,8,3.0,26918.0,145396.0,67242.0,150378.0,73577.0
2026-04-14 18:05:47.070206,736593,1609507440673420,5040643430,-0.925248,0.046848,0.41968,18.41,2.73875,-10.87625,-10.384001,-3.392,24.616001,none,8,3.0,29668.0,145530.0,72334.0,149035.0,79154.0
2026-04-14 18:05:47.095126,736594,1609507440682390,5040652126,-0.925248,0.046848,0.41968,24.885,3.5175,-9.42375,-10.384001,-3.392,24.616001,none,8,3.0,29668.0,145530.0,72334.0,149035.0,79154.0
2026-04-14 18:05:47.118014,736595,1609507440696943,5040667044,-0.93696,0.05856,0.486048,28.91,1.47875,-7.32375,-9.488001,-3.832,24.824001,none,8,3.0,29668.0,145530.0,72334.0,149035.0,79154.0
2026-04-14 18:05:47.120533,736596,1609507440705875,5040675727,-0.93696,0.05856,0.486048,31.82375,-3.465,-3.185,-9.488001,-3.832,24.824001,none,8,3.0,29668.0,145530.0,72334.0,149035.0,79154.0
2026-04-14 18:05:47.122579,736597,1609507440714851,5040684412,-0.72224,0.060512,0.813984,31.31625,-9.275,4.3925,-9.440001,-4.304,24.52,none,8,3.0,29668.0,145530.0,72334.0,149035.0,79154.0
2026-04-14 18:05:47.125633,736598,1609507440729351,5040699275,-0.72224,0.060512,0.813984,20.37875,-12.67875,6.6675,-9.440001,-4.304,24.52,none,8,3.0,29668.0,145530.0,72334.0,149035.0,79154.0
2026-04-14 18:05:47.128119,736599,1609507440738281,5040707960,-0.636352,0.050752,0.759328,2.16125,-14.07,6.685,-10.0,-4.184,24.152,none,8,3.0,29668.0,145530.0,72334.0,149035.0,79154.0
2026-04-14 18:05:47.130608,736600,1609507440752799,5040722870,-0.612928,-0.052704,0.691008,-10.87625,-10.96375,9.3625,-9.72,-4.472,23.76,none,8,3.0,29668.0,145530.0,72334.0,149035.0,79154.0
2026-04-14 18:05:47.157687,736611,1609507440761887,5040731539,-0.612928,-0.052704,0.691008,-19.66125,-5.915,8.33875,-9.72,-4.472,23.76,none,8,3.0,26930.0,150695.0,67646.0,154866.0,74151.0
2026-04-14 18:05:47.160662,736612,1609507440776469,5040746662,-0.65392,-0.093696,0.90768,-24.3425,-4.13875,4.92625,-9.104,-4.08,23.104002,none,8,3.0,26930.0,150695.0,67646.0,154866.0,74151.0
2026-04-14 18:05:47.162672,736613,1609507440785533,5040755431,-0.65392,-0.093696,0.90768,-20.5275,-1.91625,5.38125,-9.104,-4.08,23.104002,none,8,3.0,26930.0,150695.0,67646.0,154866.0,74151.0
2026-04-14 18:05:47.165671,736614,1609507440794493,5040764143,-0.61488,-0.07808,0.872544,-12.7575,-1.42625,6.6325,-9.296001,-4.064,23.408,none,8,3.0,26930.0,150695.0,67646.0,154866.0,74151.0
2026-04-14 18:05:47.171342,736615,1609507440809131,5040779256,-0.61488,-0.07808,0.872544,-6.02,-1.085,6.78125,-9.296001,-4.064,23.408,none,8,3.0,26930.0,150695.0,67646.0,154866.0,74151.0
2026-04-14 18:05:47.177919,736616,1609507440818080,5040787979,-0.730048,0.005856,0.706624,-2.555,-0.175,7.1925,-8.984,-3.608,23.504002,none,8,3.0,26930.0,150695.0,67646.0,154866.0,74151.0
2026-04-14 18:05:47.195492,736617,1609507440832734,5040802993,-0.767136,0.044896,0.704672,-2.6425,0.56,6.53625,-9.8,-3.48,23.76,none,8,3.0,26930.0,150695.0,67646.0,154866.0,74151.0
2026-04-14 18:05:47.201748,736618,1609507440841639,5040811697,-0.767136,0.044896,0.704672,-4.795,0.7525,5.705,-9.8,-3.48,23.76,none,8,3.0,26930.0,150695.0,67646.0,154866.0,74151.0
2026-04-14 18:05:47.213139,736619,1609507440850640,5040820387,-0.767136,0.044896,0.704672,-6.81625,0.63,5.9675,-9.8,-3.48,23.76,none,8,3.0,26930.0,150695.0,67646.0,154866.0,74151.0
2026-04-14 18:05:47.245704,736630,1609507440865715,5040835330,-0.679296,0.044896,0.616832,-9.0475,-0.1225,6.8075,-9.144,-3.352,24.576,none,8,3.0,27754.0,149131.0,69214.0,153162.0,75938.0
2026-04-14 18:05:47.248140,736631,1609507440874675,5040844093,-0.669536,0.080032,0.720288,-12.215,1.19,5.87125,-8.592,-3.04,23.752,none,8,3.0,27754.0,149131.0,69214.0,153162.0,75938.0
2026-04-14 18:05:47.250663,736632,1609507440889186,5040859054,-0.669536,0.080032,0.720288,-12.50375,1.91625,8.81125,-8.592,-3.04,23.752,none,8,3.0,27754.0,149131.0,69214.0,153162.0,75938.0
2026-04-14 18:05:47.257674,736633,1609507440898121,5040867815,-0.642208,-0.017568,0.759328,-22.91625,-1.7325,13.11625,-8.664001,-2.712,24.048,none,8,3.0,27754.0,149131.0,69214.0,153162.0,75938.0
2026-04-14 18:05:47.266459,736634,1609507440907214,5040876519,-0.642208,-0.017568,0.759328,-42.2275,-7.86625,8.09375,-8.664001,-2.712,24.048,none,8,3.0,27754.0,149131.0,69214.0,153162.0,75938.0
2026-04-14 18:05:47.282725,736635,1609507440921718,5040891459,-0.591456,-0.167872,0.72224,-49.21875,-8.995,3.185,-9.088,-1.656,24.848001,none,8,3.0,27754.0,149131.0,69214.0,153162.0,75938.0
2026-04-14 18:05:47.291213,736636,1609507440930778,5040900180,-0.591456,-0.167872,0.72224,-34.6675,-5.845,3.08,-9.088,-1.656,24.848001,none,8,3.0,27754.0,149131.0,69214.0,153162.0,75938.0
2026-04-14 18:05:47.305268,736637,1609507440945265,5040915051,-0.677344,-0.128832,0.710528,-10.5875,-1.14625,3.0975,-9.208,-1.552,23.776001,none,8,3.0,27754.0,149131.0,69214.0,153162.0,75938.0
2026-04-14 18:05:47.315335,736638,1609507440954200,5040923764,-0.671488,-0.105408,0.640256,12.95,3.19375,1.8725,-7.808001,-1.992,23.968,none,8,3.0,27754.0,149131.0,69214.0,153162.0,75938.0
2026-04-14 18:05:47.346489,736649,1609507440968792,5040938754,-0.671488,-0.105408,0.640256,30.835001,6.60625,0.6825,-7.808001,-1.992,23.968,none,8,3.0,28042.0,151958.0,69652.0,156282.0,76433.0
2026-04-14 18:05:47.349129,736650,1609507440977894,5040947515,-0.724192,-0.035136,0.501664,43.155,9.63375,1.37375,-7.992001,-2.344,24.184002,none,8,3.0,28042.0,151958.0,69652.0,156282.0,76433.0
2026-04-14 18:05:47.351607,736651,1609507440986853,5040956179,-0.724192,-0.035136,0.501664,51.93125,12.32875,1.645,-7.992001,-2.344,24.184002,none,8,3.0,28042.0,151958.0,69652.0,156282.0,76433.0
2026-04-14 18:05:47.362373,736652,1609507441001361,5040971121,-0.737856,0.062464,0.640256,56.84,14.533751,2.17875,-7.6,-3.384,24.408,none,8,3.0,28042.0,151958.0,69652.0,156282.0,76433.0
2026-04-14 18:05:47.371385,736653,1609507441010291,5040979808,-0.737856,0.062464,0.640256,58.66875,15.6625,4.26125,-7.6,-3.384,24.408,none,8,3.0,28042.0,151958.0,69652.0,156282.0,76433.0
2026-04-14 18:05:47.384023,736654,1609507441024782,5040994744,-0.802272,0.091744,0.392352,57.39125,17.00125,6.615,-7.024,-3.4,22.272001,none,8,3.0,28042.0,151958.0,69652.0,156282.0,76433.0
2026-04-14 18:05:47.396589,736655,1609507441033719,5041003434,-0.890112,0.183488,0.501664,54.03125,18.20875,8.51375,-6.792,-4.28,24.336,none,8,3.0,28042.0,151958.0,69652.0,156282.0,76433.0
2026-04-14 18:05:47.411584,736656,1609507441048211,5041018317,-0.890112,0.183488,0.501664,46.83,18.94375,8.89875,-6.792,-4.28,24.336,none,8,3.0,28042.0,151958.0,69652.0,156282.0,76433.0
2026-04-14 18:05:47.437726,736657,1609507441057132,5041027026,-0.755424,0.199104,0.960384,31.64875,19.38125,9.0475,-6.456,-4.488,24.464,none,8,3.0,28042.0,151958.0,69652.0,156282.0,76433.0
2026-04-14 18:05:47.492795,736668,1609507441066612,5041036036,-0.755424,0.199104,0.960384,14.91,18.9525,11.43625,-6.456,-4.488,24.464,none,8,3.0,26473.0,154820.0,66745.0,160198.0,73179.0
2026-04-14 18:05:47.495362,736669,1609507441081240,5041050996,-0.876448,0.329888,1.163392,-3.00125,16.03,12.34625,-6.64,-3.776,26.024002,none,8,3.0,26473.0,154820.0,66745.0,160198.0,73179.0
2026-04-14 18:05:47.497835,736670,1609507441090191,5041059823,-0.876448,0.329888,1.163392,-22.8025,11.7075,13.7025,-6.64,-3.776,26.024002,none,8,3.0,26473.0,154820.0,66745.0,160198.0,73179.0
2026-04-14 18:05:47.500351,736671,1609507441104766,5041074739,-0.862784,0.310368,1.143872,-44.388752,6.055,15.91625,-6.64,-2.72,26.144001,none,8,3.0,26473.0,154820.0,66745.0,160198.0,73179.0
2026-04-14 18:05:47.502850,736672,1609507441113686,5041083440,-0.880352,0.050752,0.776896,-63.62125,-0.04375,16.6075,-6.408001,-1.376,26.464,none,8,3.0,26473.0,154820.0,66745.0,160198.0,73179.0
2026-04-14 18:05:47.505576,736673,1609507441122758,5041092144,-0.880352,0.050752,0.776896,-78.295,-4.585,13.965,-6.408001,-1.376,26.464,none,8,3.0,26473.0,154820.0,66745.0,160198.0,73179.0
2026-04-14 18:05:47.507725,736674,1609507441137263,5041107091,-0.804224,-0.148352,0.609024,-88.13875,-6.6325,9.9225,-6.032,-0.32,25.128,none,8,3.0,26473.0,154820.0,66745.0,160198.0,73179.0
2026-04-14 18:05:47.510656,736675,1609507441146192,5041115804,-0.804224,-0.148352,0.609024,-91.8225,-5.66125,3.7625,-6.032,-0.32,25.128,none,8,3.0,26473.0,154820.0,66745.0,160198.0,73179.0
2026-04-14 18:05:47.520675,736676,1609507441160798,5041130839,-0.786656,-0.171776,0.530944,-81.54125,0.28875,0.37625,-5.424,0.784,24.728,none,8,3.0,26473.0,154820.0,66745.0,160198.0,73179.0
2026-04-14 18:05:47.547657,736687,1609507441169836,5041139621,-0.786656,-0.171776,0.530944,-65.94,8.198751,-0.90125,-5.424,0.784,24.728,none,8,3.0,23901.0,156003.0,62145.0,162693.0,66533.0
2026-04-14 18:05:47.550138,736688,1609507441178876,5041148350,-0.835456,-0.171776,0.530944,-49.06125,14.9975,-3.56125,-5.112001,1.824,25.472002,none,8,3.0,23901.0,156003.0,62145.0,162693.0,66533.0
2026-04-14 18:05:47.555341,736689,1609507441193411,5041163297,-0.835456,-0.15616,0.55632,-34.72875,17.63125,-4.83875,-5.112001,1.824,25.472002,none,8,3.0,23901.0,156003.0,62145.0,162693.0,66533.0
2026-04-14 18:05:47.561778,736690,1609507441202434,5041172077,-0.872544,-0.148352,0.55632,-22.6625,17.1325,-4.445,-5.12,2.304,25.376001,none,8,3.0,23901.0,156003.0,62145.0,162693.0,66533.0
2026-04-14 18:05:47.577737,736691,1609507441216932,5041186989,-0.948672,-0.093696,0.45872,-11.06875,12.74,-3.19375,-6.072001,2.392,26.208002,none,8,3.0,23901.0,156003.0,62145.0,162693.0,66533.0
2026-04-14 18:05:47.588076,736692,1609507441225930,5041195664,-0.948672,-0.093696,0.45872,0.98,8.995,-1.63625,-6.072001,2.392,26.208002,none,8,3.0,23901.0,156003.0,62145.0,162693.0,66533.0
2026-04-14 18:05:47.600641,736693,1609507441240464,5041210699,-0.9272,-0.040992,0.513376,10.2725,5.67,-0.07,-4.76,2.208,26.288002,none,8,3.0,23901.0,156003.0,62145.0,162693.0,66533.0
2026-04-14 18:05:47.626922,736694,1609507441249431,5041219398,-0.9272,-0.040992,0.513376,12.90625,0.84875,-0.5425,-4.76,2.208,26.288002,none,8,3.0,23901.0,156003.0,62145.0,162693.0,66533.0
2026-04-14 18:05:47.629457,736695,1609507441258435,5041228069,-0.98576,-0.00976,0.392352,6.8775,-3.885,0.44625,-5.36,2.744,26.400002,none,8,3.0,23901.0,156003.0,62145.0,162693.0,66533.0
2026-04-14 18:05:47.664374,736706,1609507441273515,5041243014,-0.98576,-0.00976,0.392352,-13.43125,-8.60125,-0.32375,-5.36,2.744,26.400002,none,8,3.0,26467.0,149271.0,66555.0,155822.0,70908.0
2026-04-14 18:05:47.666868,736707,1609507441282759,5041251766,-0.96624,-0.081984,0.495808,-27.34375,-13.30875,4.2525,-5.992,2.992,26.216002,none,8,3.0,26467.0,149271.0,66555.0,155822.0,70908.0
2026-04-14 18:05:47.669405,736708,1609507441297248,5041266736,-0.856928,-0.181536,0.603168,-32.2,-15.96,8.855001,-6.272,3.424,27.384,none,8,3.0,26467.0,149271.0,66555.0,155822.0,70908.0
2026-04-14 18:05:47.671858,736709,1609507441306179,5041275441,-0.856928,-0.181536,0.603168,-29.7325,-12.48625,8.47,-6.272,3.424,27.384,none,8,3.0,26467.0,149271.0,66555.0,155822.0,70908.0
2026-04-14 18:05:47.674313,736710,1609507441315161,5041284162,-0.853024,-0.222528,0.564128,-19.7225,-8.155,6.65,-6.232,3.664,26.144001,none,8,3.0,26467.0,149271.0,66555.0,155822.0,70908.0
2026-04-14 18:05:47.697507,736711,1609507441329646,5041299067,-0.853024,-0.222528,0.564128,-13.667501,-6.2475,2.00375,-6.232,3.664,26.144001,none,8,3.0,26467.0,149271.0,66555.0,155822.0,70908.0
2026-04-14 18:05:47.697864,736712,1609507441338733,5041307800,-0.847168,-0.187392,0.72224,-7.5775,-2.12625,0.0875,-5.552,3.456,26.584002,none,8,3.0,26467.0,149271.0,66555.0,155822.0,70908.0
2026-04-14 18:05:47.714042,736713,1609507441353224,5041322766,-0.847168,-0.187392,0.72224,1.05875,3.40375,-0.07,-5.552,3.456,26.584002,none,8,3.0,26467.0,149271.0,66555.0,155822.0,70908.0
2026-04-14 18:05:47.721537,736714,1609507441362447,5041331520,-0.874496,-0.255712,0.583648,13.18625,8.1725,-1.61875,-5.224001,2.664,26.896002,none,8,3.0,26467.0,149271.0,66555.0,155822.0,70908.0
2026-04-14 18:05:47.749011,736725,1609507441371506,5041340323,-0.874496,-0.255712,0.583648,24.5875,11.305,-3.71875,-5.224001,2.664,26.896002,none,8,3.0,25731.0,146606.0,65374.0,153397.0,69007.0
2026-04-14 18:05:47.751500,736726,1609507441386552,5041355308,-0.821792,-0.22448,0.675392,38.42125,13.685,-4.68125,-5.168,2.16,26.400002,none,8,3.0,25731.0,146606.0,65374.0,153397.0,69007.0
2026-04-14 18:05:47.756493,736727,1609507441395876,5041366212,-0.8784,-0.035136,0.792512,53.76875,15.995,-4.90875,-4.816001,1.808,26.808,none,8,3.0,25731.0,146606.0,65374.0,153397.0,69007.0
2026-04-14 18:05:47.769089,736728,1609507441410551,5041379212,-0.8784,-0.035136,0.792512,61.635002,14.49,-6.25625,-4.816001,1.808,26.808,none,8,3.0,25731.0,146606.0,65374.0,153397.0,69007.0
2026-04-14 18:05:47.780321,736729,1609507441419785,5041389969,-0.860832,0.072224,0.523136,56.53375,11.40125,-6.46625,-5.76,1.384,26.640001,none,8,3.0,25731.0,146606.0,65374.0,153397.0,69007.0
2026-04-14 18:05:47.806641,736730,1609507441428802,5041398709,-0.860832,0.072224,0.523136,39.47125,7.14875,-3.85875,-5.76,1.384,26.640001,none,8,3.0,25731.0,146606.0,65374.0,153397.0,69007.0
2026-04-14 18:05:47.809149,736731,1609507441443308,5041413581,-0.895968,0.035136,0.560224,18.803751,5.41625,-2.38,-5.272,1.616,26.44,none,8,3.0,25731.0,146606.0,65374.0,153397.0,69007.0
2026-04-14 18:05:47.811573,736732,1609507441452272,5041422501,-0.895968,0.035136,0.560224,3.84125,5.04875,-3.29875,-5.272,1.616,26.44,none,8,3.0,25731.0,146606.0,65374.0,153397.0,69007.0
2026-04-14 18:05:47.872852,736743,1609507441466980,5041435410,-0.862784,-0.10736,0.714432,-2.42375,5.29375,-4.47125,-4.96,1.032,26.504002,none,8,3.0,25482.0,145783.0,64803.0,152442.0,68466.0
2026-04-14 18:05:47.875314,736744,1609507441476406,5041446298,-0.798368,-0.230336,0.747616,-2.135,5.915,-5.1625,-5.608,1.336,28.760002,none,8,3.0,25482.0,145783.0,64803.0,152442.0,68466.0
2026-04-14 18:05:47.877739,736745,1609507441485358,5041454981,-0.798368,-0.230336,0.747616,5.74,6.405,-4.62,-5.608,1.336,28.760002,none,8,3.0,25482.0,145783.0,64803.0,152442.0,68466.0
2026-04-14 18:05:47.880371,736746,1609507441499835,5041469867,-0.8784,-0.076128,0.503616,18.2175,6.4225,-4.47125,-5.792,0.56,27.848001,none,8,3.0,25482.0,145783.0,64803.0,152442.0,68466.0
2026-04-14 18:05:47.882847,736747,1609507441508794,5041478624,-0.8784,-0.076128,0.503616,28.93625,6.04625,-7.63875,-5.792,0.56,27.848001,none,8,3.0,25482.0,145783.0,64803.0,152442.0,68466.0
2026-04-14 18:05:47.885222,736748,1609507441523327,5041493611,-0.948672,0.212768,0.677344,38.8675,8.7675,-10.8325,-5.664,0.248,27.856,none,8,3.0,25482.0,145783.0,64803.0,152442.0,68466.0
2026-04-14 18:05:47.891505,736749,1609507441532344,5041502318,-0.948672,0.212768,0.677344,41.22125,11.76,-12.64375,-5.664,0.248,27.856,none,8,3.0,25482.0,145783.0,64803.0,152442.0,68466.0
2026-04-14 18:05:47.902855,736750,1609507441541307,5041511010,-0.895968,0.103456,0.648064,26.57375,8.1375,-16.56375,-5.248,-0.296,27.008001,none,8,3.0,25482.0,145783.0,64803.0,152442.0,68466.0
2026-04-14 18:05:47.919899,736751,1609507441555846,5041525899,-0.817888,-0.074176,0.607072,8.77625,2.28375,-17.6225,-5.248,-0.296,24.960001,none,8,3.0,25482.0,145783.0,64803.0,152442.0,68466.0
2026-04-14 18:05:47.951772,736762,1609507441564805,5041534777,-0.827648,-0.074176,0.607072,1.35625,0.11375,-14.56,-4.896,-0.264,25.128,none,8,3.0,25979.0,146059.0,65309.0,152330.0,69952.0
2026-04-14 18:05:47.954346,736763,1609507441579371,5041549748,-0.95648,-0.187392,0.437248,3.395,2.7125,-13.06375,-5.92,-0.368,28.616001,none,8,3.0,25979.0,146059.0,65309.0,152330.0,69952.0
2026-04-14 18:05:47.956796,736764,1609507441588417,5041558454,-0.95648,-0.187392,0.437248,15.65375,7.455,-13.85125,-5.92,-0.368,28.616001,none,8,3.0,25979.0,146059.0,65309.0,152330.0,69952.0
2026-04-14 18:05:47.963062,736765,1609507441602994,5041571381,-1.097024,0.023424,0.607072,37.345,8.8025,-13.97375,-6.16,-1.016,29.664001,none,8,3.0,25979.0,146059.0,65309.0,152330.0,69952.0
2026-04-14 18:05:47.971857,736766,1609507441612284,5041582156,-1.097024,0.023424,0.607072,54.4775,2.93125,-13.48375,-6.16,-1.016,29.664001,none,8,3.0,25979.0,146059.0,65309.0,152330.0,69952.0
2026-04-14 18:05:47.981905,736767,1609507441621337,5041590850,-0.940864,0.142496,0.56608,56.91,-6.39625,-9.68625,-6.304,-2.36,26.808,none,8,3.0,25979.0,146059.0,65309.0,152330.0,69952.0
2026-04-14 18:05:47.997651,736768,1609507441635838,5041605872,-0.940864,0.142496,0.56608,50.2425,-12.95875,-3.4125,-6.304,-2.36,26.808,none,8,3.0,25979.0,146059.0,65309.0,152330.0,69952.0
2026-04-14 18:05:48.005655,736769,1609507441644764,5041614578,-0.921344,0.201056,0.57584,37.51125,-16.8875,-1.26,-5.08,-2.616,26.672,none,8,3.0,25979.0,146059.0,65309.0,152330.0,69952.0
2026-04-14 18:05:48.024204,736770,1609507441659297,5041629511,-0.89792,0.128832,0.550464,24.325,-18.75125,-1.96,-5.384,-3.048,26.424002,none,8,3.0,25979.0,146059.0,65309.0,152330.0,69952.0
2026-04-14 18:05:48.051340,736781,1609507441668330,5041638253,-0.89792,0.128832,0.550464,13.18625,-19.76625,-1.18125,-5.384,-3.048,26.424002,none,8,3.0,24298.0,149046.0,62580.0,155469.0,67280.0
2026-04-14 18:05:48.054385,736782,1609507441677338,5041647023,-0.808128,0.0976,0.788608,5.41625,-20.01125,1.11125,-6.608,-2.624,25.536001,none,8,3.0,24298.0,149046.0,62580.0,155469.0,67280.0
2026-04-14 18:05:48.056851,736783,1609507441691854,5041661988,-0.808128,0.0976,0.788608,-0.0525,-21.06125,0.5775,-6.608,-2.624,25.536001,none,8,3.0,24298.0,149046.0,62580.0,155469.0,67280.0
2026-04-14 18:05:48.061879,736784,1609507441700847,5041670746,-0.8784,0.15616,0.827648,-3.29,-22.05875,-1.14625,-6.864,-2.64,27.6,none,8,3.0,24298.0,149046.0,62580.0,155469.0,67280.0
2026-04-14 18:05:48.076572,736785,1609507441715367,5041685639,-0.8784,0.15616,0.827648,-4.64625,-20.85125,-0.035,-6.864,-2.64,27.6,none,8,3.0,24298.0,149046.0,62580.0,155469.0,67280.0
2026-04-14 18:05:48.084172,736786,1609507441724347,5041694366,-0.774944,0.236192,0.923296,-9.37125,-18.92625,-0.56875,-5.976,-2.904,24.344002,none,8,3.0,24298.0,149046.0,62580.0,155469.0,67280.0
2026-04-14 18:05:48.096922,736787,1609507441738809,5041707215,-0.804224,0.255712,0.847168,-21.63,-15.190001,-4.865,-6.344,-2.136,27.2,none,8,3.0,24298.0,149046.0,62580.0,155469.0,67280.0
2026-04-14 18:05:48.107669,736788,1609507441748022,5041717959,-0.804224,0.255712,0.847168,-36.19875,-11.3925,-9.66875,-6.344,-2.136,27.2,none,8,3.0,24298.0,149046.0,62580.0,155469.0,67280.0
2026-04-14 18:05:48.117264,736789,1609507441756962,5041726628,-0.804224,0.083936,0.583648,-53.6025,-11.2,-17.7275,-6.344,-2.136,27.2,none,8,3.0,24298.0,149046.0,62580.0,155469.0,67280.0
2026-04-14 18:05:48.221836,736800,1609507441771629,5041741644,-0.899872,0.083936,0.583648,-68.7225,-11.96125,-24.61375,-6.72,-1.24,25.976002,none,8,3.0,25953.0,144067.0,65251.0,150236.0,69953.0
2026-04-14 18:05:48.224268,736801,1609507441780655,5041750368,-0.85888,-0.00976,0.67344,-75.52125,-12.03125,-27.20375,-6.536,-0.432,25.976002,none,8,3.0,25953.0,144067.0,65251.0,150236.0,69953.0
2026-04-14 18:05:48.229381,736802,1609507441795277,5041765309,-0.85888,-0.00976,0.67344,-76.22125,-12.59125,-26.5125,-6.536,-0.432,25.976002,none,8,3.0,25953.0,144067.0,65251.0,150236.0,69953.0
2026-04-14 18:05:48.231841,736803,1609507441804216,5041774006,-0.933056,-0.02928,0.413824,-75.06625,-12.285,-28.00875,-6.712,0.872,25.480001,none,8,3.0,25953.0,144067.0,65251.0,150236.0,69953.0
2026-04-14 18:05:48.234290,736804,1609507441813148,5041782699,-0.933056,-0.02928,0.413824,-76.18625,-10.73625,-29.8025,-6.712,0.872,25.480001,none,8,3.0,25953.0,144067.0,65251.0,150236.0,69953.0
2026-04-14 18:05:48.239494,736805,1609507441827640,5041797582,-0.954528,0.031232,0.450912,-81.795,-7.28875,-29.785,-6.872,1.832,25.704,none,8,3.0,25953.0,144067.0,65251.0,150236.0,69953.0
2026-04-14 18:05:48.241433,736806,1609507441836552,5041806245,-0.954528,0.031232,0.450912,-94.027504,-7.35,-27.4225,-6.872,1.832,25.704,none,8,3.0,25953.0,144067.0,65251.0,150236.0,69953.0
2026-04-14 18:05:48.269262,736807,1609507441851132,5041821172,-0.81008,-0.031232,0.552416,-106.5225,-8.645,-24.00125,-6.56,2.856,25.296001,none,8,3.0,25953.0,144067.0,65251.0,150236.0,69953.0
2026-04-14 18:05:48.271490,736808,1609507441860068,5041829870,-0.835456,-0.07808,0.519232,-107.0475,-4.45375,-8.00625,-6.232,4.128,24.832,none,8,3.0,25953.0,144067.0,65251.0,150236.0,69953.0
2026-04-14 18:05:48.299307,736819,1609507441874891,5041845057,-0.835456,-0.07808,0.519232,-110.363754,2.17,-0.3325,-6.232,4.128,24.832,none,8,3.0,27374.0,141465.0,67845.0,146674.0,72660.0
2026-04-14 18:05:48.301403,736820,1609507441883983,5041853819,-0.798368,-0.173728,0.609024,-108.2375,2.09125,-1.26875,-5.976,5.56,25.272001,none,8,3.0,27374.0,141465.0,67845.0,146674.0,72660.0
2026-04-14 18:05:48.303944,736821,1609507441893062,5041862685,-0.798368,-0.173728,0.609024,-103.9325,4.89125,1.4875,-5.976,5.56,25.272001,none,8,3.0,27374.0,141465.0,67845.0,146674.0,72660.0
2026-04-14 18:05:48.306798,736822,1609507441907559,5041877583,-0.882304,-0.236192,0.392352,-94.38625,1.5925,7.91875,-6.304,6.184001,25.256,none,8,3.0,27374.0,141465.0,67845.0,146674.0,72660.0
2026-04-14 18:05:48.309334,736823,1609507441916464,5041886289,-0.882304,-0.236192,0.392352,-85.12,-5.18875,11.480001,-6.304,6.184001,25.256,none,8,3.0,27374.0,141465.0,67845.0,146674.0,72660.0
2026-04-14 18:05:48.311802,736824,1609507441931111,5041901217,-0.845216,-0.288896,0.495808,-75.95875,-11.34875,12.1625,-6.512,6.440001,20.696001,none,8,3.0,27374.0,141465.0,67845.0,146674.0,72660.0
2026-04-14 18:05:48.314361,736825,1609507441940177,5041909918,-0.776896,-0.245952,0.667584,-62.81625,-14.971251,12.88875,-6.504,6.152,22.736002,none,8,3.0,27374.0,141465.0,67845.0,146674.0,72660.0
2026-04-14 18:05:48.316414,736826,1609507441949118,5041918596,-0.776896,-0.245952,0.667584,-51.0125,-17.815,12.2325,-6.504,6.152,22.736002,none,8,3.0,27374.0,141465.0,67845.0,146674.0,72660.0
2026-04-14 18:05:48.323173,736827,1609507441963666,5041933580,-0.689056,-0.17568,0.802272,-44.03,-19.17125,9.44125,-7.264,6.152,23.68,none,8,3.0,27374.0,141465.0,67845.0,146674.0,72660.0
2026-04-14 18:05:48.355656,736838,1609507441972819,5041942379,-0.689056,-0.17568,0.802272,-38.33375,-20.69375,7.63875,-7.264,6.152,23.68,none,8,3.0,29300.0,144144.0,71834.0,148088.0,77861.0
2026-04-14 18:05:48.357717,736839,1609507441987373,5041957305,-0.456768,-0.244,1.065792,-39.17375,-23.31,7.20125,-6.688,6.16,22.512001,none,8,3.0,29300.0,144144.0,71834.0,148088.0,77861.0
2026-04-14 18:05:48.360659,736840,1609507441996455,5041966007,-0.456768,-0.244,1.065792,-42.49875,-26.46875,7.945,-6.688,6.16,22.512001,none,8,3.0,29300.0,144144.0,71834.0,148088.0,77861.0
2026-04-14 18:05:48.366913,736841,1609507442005452,5041974692,-0.435296,-0.290848,0.884256,-41.01125,-28.5775,7.735,-6.728,5.936,22.112001,none,8,3.0,29300.0,144144.0,71834.0,148088.0,77861.0
2026-04-14 18:05:48.380696,736842,1609507442019978,5041989625,-0.476288,-0.294752,0.825696,-29.82875,-25.366251,5.04875,-7.128,6.184001,22.184002,none,8,3.0,29300.0,144144.0,71834.0,148088.0,77861.0
2026-04-14 18:05:48.389059,736843,1609507442028901,5041998366,-0.476288,-0.294752,0.825696,-12.55625,-16.16125,-1.4175,-7.128,6.184001,22.184002,none,8,3.0,29300.0,144144.0,71834.0,148088.0,77861.0
2026-04-14 18:05:48.403001,736844,1609507442043516,5042013264,-0.70272,-0.20496,0.542656,0.0175,-6.53625,-11.305,-7.312,6.024,22.6,none,8,3.0,29300.0,144144.0,71834.0,148088.0,77861.0
2026-04-14 18:05:48.412980,736845,1609507442052493,5042021962,-0.70272,-0.20496,0.542656,6.86,0.00875,-15.82875,-7.312,6.024,22.6,none,8,3.0,29300.0,144144.0,71834.0,148088.0,77861.0
2026-04-14 18:05:48.429358,736846,1609507442067132,5042036882,-0.679296,-0.074176,0.735904,9.02125,0.35,-16.8175,-7.256001,6.408001,22.376001,none,8,3.0,29300.0,144144.0,71834.0,148088.0,77861.0
2026-04-14 18:05:48.459429,736857,1609507442076269,5042045610,-0.679296,-0.074176,0.735904,4.19125,-2.695,-16.8,-7.256001,6.408001,22.376001,none,8,3.0,39853.0,161484.0,91494.0,167381.0,98428.0
2026-04-14 18:05:48.461849,736858,1609507442085332,5042054446,-0.657824,-0.099552,0.579744,-4.89125,-5.18875,-13.76375,-7.960001,6.768,23.864,none,8,3.0,39853.0,161484.0,91494.0,167381.0,98428.0
2026-04-14 18:05:48.464448,736859,1609507442099841,5042069355,-0.655872,-0.191296,0.651968,-15.54,-5.39,-9.45,-8.168,7.168,23.248001,none,8,3.0,39853.0,161484.0,91494.0,167381.0,98428.0
2026-04-14 18:05:48.469127,736860,1609507442108770,5042078059,-0.655872,-0.191296,0.651968,-26.3375,-3.59625,-8.12,-8.168,7.168,23.248001,none,8,3.0,39853.0,161484.0,91494.0,167381.0,98428.0
2026-04-14 18:05:48.486036,736861,1609507442123284,5042093003,-0.661728,-0.290848,0.597312,-33.915,-1.54875,-7.5425,-6.976,7.064,22.408,none,8,3.0,39853.0,161484.0,91494.0,167381.0,98428.0
2026-04-14 18:05:48.491262,736862,1609507442132248,5042101790,-0.661728,-0.290848,0.597312,-37.03,-1.435,-6.2475,-6.976,7.064,22.408,none,8,3.0,39853.0,161484.0,91494.0,167381.0,98428.0
2026-04-14 18:05:48.501889,736863,1609507442141194,5042110504,-0.728096,-0.320128,0.519232,-35.035,-2.4325,-2.905,-7.08,7.512001,20.216002,none,8,3.0,39853.0,161484.0,91494.0,167381.0,98428.0
2026-04-14 18:05:48.515580,736864,1609507442155837,5042125645,-0.728096,-0.320128,0.519232,-29.3825,-2.12625,0.805,-7.08,7.512001,20.216002,none,8,3.0,39853.0,161484.0,91494.0,167381.0,98428.0
2026-04-14 18:05:48.540403,736865,1609507442164946,5042134338,-0.689056,-0.324032,0.544608,-21.30625,-0.455,3.885,-6.576,7.584001,22.128,none,8,3.0,39853.0,161484.0,91494.0,167381.0,98428.0
2026-04-14 18:05:48.615560,736876,1609507442179504,5042149277,-0.689056,-0.324032,0.476288,-10.955,2.14375,6.11625,-6.576,7.584001,22.128,none,8,3.0,70393.0,189471.0,134791.0,195897.0,148501.0
2026-04-14 18:05:48.617930,736877,1609507442188534,5042158155,-0.671488,-0.339648,0.476288,1.3825,5.52125,9.24,-7.168,8.232,25.648,none,8,3.0,70393.0,189471.0,134791.0,195897.0,148501.0
2026-04-14 18:05:48.620633,736878,1609507442203047,5042173067,-0.581696,-0.265472,0.696864,13.230001,9.975,10.22875,-7.536,7.872,24.496,none,8,3.0,70393.0,189471.0,134791.0,195897.0,148501.0
2026-04-14 18:05:48.623133,736879,1609507442212158,5042181819,-0.581696,-0.265472,0.696864,24.24625,14.4725,8.295,-7.536,7.872,24.496,none,8,3.0,70393.0,189471.0,134791.0,195897.0,148501.0
2026-04-14 18:05:48.625091,736880,1609507442221078,5042190529,-0.714432,-0.154208,0.694912,31.43875,17.89375,4.7075,-7.088,7.696001,23.248001,none,8,3.0,70393.0,189471.0,134791.0,195897.0,148501.0
2026-04-14 18:05:48.627674,736881,1609507442235611,5042205400,-0.714432,-0.154208,0.694912,34.825,19.50375,4.10375,-7.088,7.696001,23.248001,none,8,3.0,70393.0,189471.0,134791.0,195897.0,148501.0
2026-04-14 18:05:48.630644,736882,1609507442244671,5042214143,-0.737856,-0.119072,0.694912,37.56375,20.08125,4.99625,-6.752,6.968,24.160002,none,8,3.0,70393.0,189471.0,134791.0,195897.0,148501.0
2026-04-14 18:05:48.632639,736883,1609507442259317,5042229140,-0.737856,-0.119072,0.694912,40.635,20.13375,6.405,-6.752,6.968,24.160002,none,8,3.0,70393.0,189471.0,134791.0,195897.0,148501.0
2026-04-14 18:05:48.635643,736884,1609507442268264,5042237831,-0.681248,-0.122976,0.767136,44.16125,20.3525,7.72625,-5.888001,6.920001,24.928001,none,8,3.0,70393.0,189471.0,134791.0,195897.0,148501.0
2026-04-14 18:05:48.667800,736895,1609507442277261,5042246620,-0.681248,-0.122976,0.767136,45.7275,21.210001,8.91625,-5.888001,6.920001,24.928001,none,8,3.0,52020.0,178253.0,112487.0,184599.0,122550.0
2026-04-14 18:05:48.670139,736896,1609507442291780,5042261520,-0.757376,-0.113216,0.739808,45.45625,22.575,9.6775,-5.616,6.832,24.848001,none,8,3.0,52020.0,178253.0,112487.0,184599.0,122550.0
2026-04-14 18:05:48.678464,736897,1609507442300813,5042270291,-0.84912,-0.109312,0.651968,45.35125,23.12625,10.115,-5.616,6.832,27.232,none,8,3.0,52020.0,178253.0,112487.0,184599.0,122550.0
2026-04-14 18:05:48.678553,736898,1609507442315451,5042285209,-0.84912,-0.109312,0.651968,45.0975,23.44125,10.9725,-5.048,6.536,27.232,none,8,3.0,52020.0,178253.0,112487.0,184599.0,122550.0
2026-04-14 18:05:48.685621,736899,1609507442324563,5042293906,-0.862784,-0.095648,0.964288,44.96625,23.16125,10.70125,-4.392,5.576,24.504002,none,8,3.0,52020.0,178253.0,112487.0,184599.0,122550.0
2026-04-14 18:05:48.694438,736900,1609507442333511,5042302632,-0.862784,-0.095648,0.964288,43.26,21.09625,10.63125,-4.392,5.576,24.504002,none,8,3.0,52020.0,178253.0,112487.0,184599.0,122550.0
2026-04-14 18:05:48.706739,736901,1609507442348121,5042317575,-1.036512,-0.210816,0.89792,45.3425,14.7875,11.6725,-5.368,5.416,27.664001,none,8,3.0,52020.0,178253.0,112487.0,184599.0,122550.0
2026-04-14 18:05:48.716296,736902,1609507442357209,5042326484,-1.036512,-0.210816,0.89792,56.166252,-1.505,14.175,-5.368,5.416,27.664001,none,8,3.0,52020.0,178253.0,112487.0,184599.0,122550.0
2026-04-14 18:05:48.755652,736913,1609507442372137,5042341530,-0.95648,-0.199104,0.866688,62.60625,-19.2675,12.88,-4.56,5.08,25.632002,none,8,3.0,28019.0,155068.0,71792.0,161960.0,77176.0
2026-04-14 18:05:48.760689,736914,1609507442381141,5042350328,-0.72224,-0.171776,0.528992,59.96375,-26.52125,9.73875,-4.56,5.08,27.680002,none,8,3.0,28019.0,155068.0,71792.0,161960.0,77176.0
2026-04-14 18:05:48.760921,736915,1609507442390207,5042359056,-0.726144,-0.171776,0.528992,54.17125,-26.11875,11.0775,-5.016,4.672,27.384,none,8,3.0,28019.0,155068.0,71792.0,161960.0,77176.0
2026-04-14 18:05:48.765265,736916,1609507442405309,5042374010,-0.62464,-0.220576,0.669536,44.86125,-21.14875,12.48625,-5.168,4.472,25.304,none,8,3.0,28019.0,155068.0,71792.0,161960.0,77176.0
2026-04-14 18:05:48.776562,736917,1609507442414897,5042384804,-0.62464,-0.220576,0.669536,37.24875,-11.4625,8.96875,-5.168,4.472,25.304,none,8,3.0,28019.0,155068.0,71792.0,161960.0,77176.0
2026-04-14 18:05:48.790721,736918,1609507442429416,5042399698,-0.847168,-0.134688,0.552416,37.6775,1.02375,5.11,-6.864,4.056,27.288002,none,8,3.0,28019.0,155068.0,71792.0,161960.0,77176.0
2026-04-14 18:05:48.800671,736919,1609507442438399,5042408380,-0.847168,-0.134688,0.552416,45.22,10.24625,1.89875,-6.864,4.056,27.288002,none,8,3.0,28019.0,155068.0,71792.0,161960.0,77176.0
2026-04-14 18:05:48.807712,736920,1609507442447424,5042417095,-0.972096,-0.046848,0.486048,53.6025,13.3175,-1.63625,-5.648,3.352,25.784,none,8,3.0,28019.0,155068.0,71792.0,161960.0,77176.0
2026-04-14 18:05:48.825192,736921,1609507442461934,5042432009,-0.970144,0.066368,0.499712,58.10875,10.5175,-3.955,-5.648,2.952,26.840002,none,8,3.0,28019.0,155068.0,71792.0,161960.0,77176.0
2026-04-14 18:05:48.855108,736932,1609507442470877,5042440772,-0.970144,0.066368,0.499712,55.67625,4.795,-2.14375,-5.312,2.952,26.840002,none,8,3.0,27820.0,147877.0,71009.0,154839.0,75077.0
2026-04-14 18:05:48.856351,736933,1609507442485854,5042455741,-0.827648,0.119072,0.687104,47.705,-1.4525,1.89875,-6.336,3.176,27.176,none,8,3.0,27820.0,147877.0,71009.0,154839.0,75077.0
2026-04-14 18:05:48.858869,736934,1609507442494897,5042464492,-0.827648,0.119072,0.687104,32.73375,-5.11875,3.4825,-6.336,3.176,27.176,none,8,3.0,27820.0,147877.0,71009.0,154839.0,75077.0
2026-04-14 18:05:48.864217,736935,1609507442503924,5042473202,-0.76128,-0.060512,0.60512,15.2775,-5.06625,4.12125,-6.568,2.784,27.464,none,8,3.0,27820.0,147877.0,71009.0,154839.0,75077.0
2026-04-14 18:05:48.879445,736936,1609507442518476,5042488100,-0.76128,-0.060512,0.60512,-2.205,-2.485,3.98125,-6.568,2.784,27.464,none,8,3.0,27820.0,147877.0,71009.0,154839.0,75077.0
2026-04-14 18:05:48.909295,736937,1609507442527479,5042496858,-0.919392,-0.095648,0.558272,-12.705,0.55125,4.0775,-6.008,3.008,26.216002,none,8,3.0,27820.0,147877.0,71009.0,154839.0,75077.0
2026-04-14 18:05:48.911916,736938,1609507442542024,5042511816,-0.919392,-0.091744,0.815936,-12.11,4.82125,2.59875,-6.008,3.008,26.216002,none,8,3.0,27820.0,147877.0,71009.0,154839.0,75077.0
2026-04-14 18:05:48.914066,736939,1609507442550938,5042520529,-0.843264,-0.091744,0.815936,-5.01375,7.04375,-1.435,-5.36,2.68,27.832,none,8,3.0,27820.0,147877.0,71009.0,154839.0,75077.0
2026-04-14 18:05:48.940791,736940,1609507442559887,5042529293,-0.843264,-0.091744,0.815936,1.505,6.85125,-4.6725,-5.36,2.68,27.832,none,8,3.0,27820.0,147877.0,71009.0,154839.0,75077.0
2026-04-14 18:05:48.995074,736951,1609507442575051,5042544781,-0.7808,-0.111264,0.700768,4.82125,6.37,-3.99,-5.488,2.688,26.424002,none,8,3.0,28803.0,146760.0,72867.0,153651.0,76297.0
2026-04-14 18:05:48.998176,736952,1609507442584102,5042553467,-0.80032,-0.07808,0.76128,4.31375,6.44,-1.07625,-6.688,3.48,27.448002,none,8,3.0,28803.0,146760.0,72867.0,153651.0,76297.0
2026-04-14 18:05:49.000669,736953,1609507442598758,5042568397,-0.80032,-0.07808,0.76128,1.88125,6.95625,-0.21875,-6.688,3.48,27.448002,none,8,3.0,28803.0,146760.0,72867.0,153651.0,76297.0
2026-04-14 18:05:49.003141,736954,1609507442607762,5042577061,-0.88816,-0.18544,0.544608,-3.56125,6.545,-1.9075,-7.064,3.472,28.624,none,8,3.0,28803.0,146760.0,72867.0,153651.0,76297.0
2026-04-14 18:05:49.005637,736955,1609507442616787,5042585745,-0.88816,-0.18544,0.544608,-5.71375,7.62125,-2.72125,-7.064,3.472,28.624,none,8,3.0,28803.0,146760.0,72867.0,153651.0,76297.0
2026-04-14 18:05:49.007700,736956,1609507442631438,5042600871,-0.847168,-0.10736,0.739808,4.62875,10.29,-0.98,-7.168,2.832,27.824001,none,8,3.0,28803.0,146760.0,72867.0,153651.0,76297.0
2026-04-14 18:05:49.010509,736957,1609507442640434,5042609584,-0.847168,-0.10736,0.739808,16.135,13.09875,-3.29,-7.168,2.832,27.824001,none,8,3.0,28803.0,146760.0,72867.0,153651.0,76297.0
2026-04-14 18:05:49.015667,736958,1609507442655018,5042624504,-0.854976,-0.060512,0.765184,24.6575,12.775,-6.7025,-6.36,2.568,29.640001,none,8,3.0,28803.0,146760.0,72867.0,153651.0,76297.0
2026-04-14 18:05:49.024305,736959,1609507442663983,5042633349,-0.903776,-0.042944,0.450912,20.57125,8.93375,-8.23375,-6.056,2.424,27.328001,none,8,3.0,28803.0,146760.0,72867.0,153651.0,76297.0
2026-04-14 18:05:49.056245,736970,1609507442678564,5042648314,-0.903776,-0.042944,0.450912,18.2875,6.965,-4.4275,-6.056,2.424,27.328001,none,8,3.0,30639.0,146435.0,75694.0,153112.0,79249.0
2026-04-14 18:05:49.058940,736971,1609507442687656,5042657067,-0.85888,-0.064416,0.657824,18.06875,7.11375,-3.71875,-5.768,2.208,28.296001,none,8,3.0,30639.0,146435.0,75694.0,153112.0,79249.0
2026-04-14 18:05:49.061496,736972,1609507442696655,5042665722,-0.85888,-0.064416,0.657824,17.57875,7.875,-6.545,-5.768,2.208,28.296001,none,8,3.0,30639.0,146435.0,75694.0,153112.0,79249.0
2026-04-14 18:05:49.070324,736973,1609507442711171,5042680677,-0.913536,0.00976,0.650016,18.97875,8.19,-6.405,-6.072001,1.84,28.088001,none,8,3.0,30639.0,146435.0,75694.0,153112.0,79249.0
2026-04-14 18:05:49.079139,736974,1609507442720140,5042689358,-0.913536,0.00976,0.650016,19.3725,6.95625,-4.68125,-6.072001,1.84,28.088001,none,8,3.0,30639.0,146435.0,75694.0,153112.0,79249.0
2026-04-14 18:05:49.095339,736975,1609507442734632,5042704290,-0.979904,0.05856,0.622688,16.5025,4.01625,-3.92875,-5.28,1.512,26.904001,none,8,3.0,30639.0,146435.0,75694.0,153112.0,79249.0
2026-04-14 18:05:49.102846,736976,1609507442743753,5042713039,-0.843264,-0.007808,0.650016,11.01625,0.2625,-3.87625,-5.256,1.144,26.064001,none,8,3.0,30639.0,146435.0,75694.0,153112.0,79249.0
2026-04-14 18:05:49.112871,736977,1609507442752701,5042721777,-0.843264,-0.007808,0.650016,6.67625,-2.89625,-2.905,-5.256,1.144,26.064001,none,8,3.0,30639.0,146435.0,75694.0,153112.0,79249.0
2026-04-14 18:05:49.129162,736978,1609507442767290,5042736681,-0.931104,0.0,0.552416,3.36875,-4.29625,-2.695,-5.344,1.208,27.496002,none,8,3.0,30639.0,146435.0,75694.0,153112.0,79249.0
2026-04-14 18:05:49.157215,736989,1609507442776739,5042745954,-0.931104,0.0,0.552416,2.82625,-4.1475,-3.3775,-5.344,1.208,27.496002,none,8,3.0,29654.0,146305.0,74347.0,153066.0,77960.0
2026-04-14 18:05:49.160093,736990,1609507442791271,5042760906,-0.9272,0.005856,0.57584,4.0775,-3.64,-3.82375,-6.68,1.368,29.232002,none,8,3.0,29654.0,146305.0,74347.0,153066.0,77960.0
2026-04-14 18:05:49.162242,736991,1609507442800201,5042769655,-0.9272,0.005856,0.57584,6.09,-3.05375,-5.85375,-6.68,1.368,29.232002,none,8,3.0,29654.0,146305.0,74347.0,153066.0,77960.0
2026-04-14 18:05:49.170017,736992,1609507442809136,5042778380,-0.911584,0.03904,0.646112,8.3825,-3.2725,-7.525,-7.608,1.248,27.792002,none,8,3.0,29654.0,146305.0,74347.0,153066.0,77960.0
2026-04-14 18:05:49.185315,736993,1609507442823666,5042793313,-0.911584,0.085888,0.671488,9.7125,-4.05125,-8.40875,-7.608,1.248,27.792002,none,8,3.0,29654.0,146305.0,74347.0,153066.0,77960.0
2026-04-14 18:05:49.192896,736994,1609507442832572,5042802026,-0.93696,0.091744,0.671488,7.86625,-5.29375,-8.68,-5.232,0.536,26.464,none,8,3.0,29654.0,146305.0,74347.0,153066.0,77960.0
2026-04-14 18:05:49.207734,736995,1609507442847114,5042816913,-0.9272,0.124928,0.71248,2.8,-7.25375,-8.2775,-5.544,0.848,26.696001,none,8,3.0,29654.0,146305.0,74347.0,153066.0,77960.0
2026-04-14 18:05:49.215259,736996,1609507442856083,5042825687,-0.9272,0.124928,0.71248,-3.57,-9.065,-7.3325,-5.544,0.848,26.696001,none,8,3.0,29654.0,146305.0,74347.0,153066.0,77960.0
2026-04-14 18:05:49.234117,736997,1609507442870668,5042840592,-0.915488,0.122976,0.628544,-10.70125,-12.11,-5.41625,-5.632,0.768,26.912,none,8,3.0,29654.0,146305.0,74347.0,153066.0,77960.0
2026-04-14 18:05:49.308963,737008,1609507442879704,5042849458,-0.915488,0.122976,0.628544,-20.3,-14.971251,-5.25875,-5.632,0.768,26.912,none,8,3.0,28260.0,146648.0,71824.0,153421.0,75116.0
2026-04-14 18:05:49.311480,737009,1609507442888762,5042858320,-0.872544,0.035136,0.62464,-29.05,-16.96625,-7.09625,-6.856,1.64,27.864002,none,8,3.0,28260.0,146648.0,71824.0,153421.0,75116.0
2026-04-14 18:05:49.314454,737010,1609507442903281,5042873230,-0.872544,0.035136,0.62464,-34.93875,-17.82375,-10.8325,-6.856,1.64,27.864002,none,8,3.0,28260.0,146648.0,71824.0,153421.0,75116.0
2026-04-14 18:05:49.316933,737011,1609507442912192,5042881902,-0.935008,0.001952,0.597312,-35.81375,-18.54125,-13.02,-7.208,1.88,25.112001,none,8,3.0,28260.0,146648.0,71824.0,153421.0,75116.0
2026-04-14 18:05:49.319435,737012,1609507442926716,5042896817,-0.808128,-0.015616,0.732,-36.2425,-19.88,-13.15125,-7.008,2.464,26.424002,none,8,3.0,28260.0,146648.0,71824.0,153421.0,75116.0
2026-04-14 18:05:49.321483,737013,1609507442935652,5042905522,-0.808128,-0.015616,0.732,-37.94,-22.303751,-13.195,-7.008,2.464,26.424002,none,8,3.0,28260.0,146648.0,71824.0,153421.0,75116.0
2026-04-14 18:05:49.324343,737014,1609507442950241,5042920544,-0.847168,-0.03904,0.696864,-43.1725,-25.0425,-15.33875,-6.536,3.008,26.008001,none,8,3.0,28260.0,146648.0,71824.0,153421.0,75116.0
2026-04-14 18:05:49.328474,737015,1609507442959218,5042929258,-0.847168,-0.03904,0.696864,-48.78125,-25.75125,-17.14125,-6.536,3.008,26.008001,none,8,3.0,28260.0,146648.0,71824.0,153421.0,75116.0
2026-04-14 18:05:49.328884,737016,1609507442968193,5042938019,-0.89792,-0.083936,0.62464,-51.24,-23.8175,-17.675,-7.2,3.312,26.192001,none,8,3.0,28260.0,146648.0,71824.0,153421.0,75116.0
2026-04-14 18:05:49.357575,737027,1609507442983468,5042953189,-0.89792,-0.083936,0.62464,-49.83125,-21.42,-18.41,-7.2,3.312,26.192001,none,8,3.0,30848.0,145501.0,75860.0,151582.0,79023.0
2026-04-14 18:05:49.361252,737028,1609507442992450,5042961945,-0.845216,-0.138592,0.552416,-47.85375,-19.2325,-18.96125,-8.976001,4.48,27.896002,none,8,3.0,30848.0,145501.0,75860.0,151582.0,79023.0
2026-04-14 18:05:49.363944,737029,1609507443001408,5042970894,-0.845216,-0.138592,0.552416,-47.13625,-17.63125,-18.55,-8.976001,4.48,27.896002,none,8,3.0,30848.0,145501.0,75860.0,151582.0,79023.0
2026-04-14 18:05:49.375217,737030,1609507443015952,5042985802,-0.903776,-0.154208,0.472384,-47.8975,-17.0975,-18.12125,-9.368,4.744,26.552002,none,8,3.0,30848.0,145501.0,75860.0,151582.0,79023.0
2026-04-14 18:05:49.385691,737031,1609507443024973,5042994621,-0.903776,-0.169824,0.460672,-47.95875,-16.7825,-18.22625,-9.368,4.744,26.552002,none,8,3.0,30848.0,145501.0,75860.0,151582.0,79023.0
2026-04-14 18:05:49.400681,737032,1609507443039480,5043009510,-0.950624,-0.158112,0.460672,-46.38375,-15.89,-16.625,-7.72,4.936,24.432001,none,8,3.0,30848.0,145501.0,75860.0,151582.0,79023.0
2026-04-14 18:05:49.407696,737033,1609507443048442,5043018255,-0.86864,-0.169824,0.445056,-42.805,-14.91,-11.73375,-7.496,5.072,25.000002,none,8,3.0,30848.0,145501.0,75860.0,151582.0,79023.0
2026-04-14 18:05:49.424425,737034,1609507443062979,5043033164,-0.86864,-0.169824,0.445056,-40.25875,-13.0725,-3.4825,-7.496,5.072,25.000002,none,8,3.0,30848.0,145501.0,75860.0,151582.0,79023.0
2026-04-14 18:05:49.435718,737035,1609507443071893,5043041863,-0.86864,-0.245952,0.413824,-38.7275,-8.96875,0.04375,-7.456,5.448,25.472002,none,8,3.0,30848.0,145501.0,75860.0,151582.0,79023.0
2026-04-14 18:05:49.460578,737046,1609507443080943,5043050558,-0.86864,-0.245952,0.413824,-37.607502,-5.32,-0.98,-7.456,5.448,25.472002,none,8,3.0,31703.0,144454.0,77438.0,150270.0,80928.0
2026-04-14 18:05:49.463060,737047,1609507443095622,5043065596,-0.784704,-0.238144,0.6832,-32.66375,-0.14,1.96,-8.304001,5.496,25.304,none,8,3.0,31703.0,144454.0,77438.0,150270.0,80928.0
2026-04-14 18:05:49.465573,737048,1609507443104609,5043074334,-0.784704,-0.238144,0.6832,-24.87625,3.675,2.49375,-8.304001,5.496,25.304,none,8,3.0,31703.0,144454.0,77438.0,150270.0,80928.0
2026-04-14 18:05:49.479396,737049,1609507443119247,5043089239,-0.884256,-0.255712,0.530944,-14.21875,6.6675,-0.04375,-7.936,4.992,25.192001,none,8,3.0,31703.0,144454.0,77438.0,150270.0,80928.0
2026-04-14 18:05:49.489440,737050,1609507443128189,5043097939,-0.798368,-0.212768,0.730048,-0.62125,8.4,-0.665,-7.768001,4.656,24.968,none,8,3.0,31703.0,144454.0,77438.0,150270.0,80928.0
2026-04-14 18:05:49.506972,737051,1609507443142699,5043112862,-0.798368,-0.212768,0.730048,11.80375,8.12875,0.77875,-7.768001,4.656,24.968,none,8,3.0,31703.0,144454.0,77438.0,150270.0,80928.0
2026-04-14 18:05:49.512847,737052,1609507443151653,5043121600,-0.743712,-0.0976,0.823744,17.50875,8.30375,3.6575,-6.544,3.816,23.736002,none,8,3.0,31703.0,144454.0,77438.0,150270.0,80928.0
2026-04-14 18:05:49.520249,737053,1609507443160564,5043130315,-0.743712,-0.0976,0.823744,14.525,9.135,7.39375,-6.544,3.816,23.736002,none,8,3.0,31703.0,144454.0,77438.0,150270.0,80928.0
2026-04-14 18:05:49.579427,737064,1609507443175559,5043145286,-0.657824,-0.095648,0.691008,3.5175,7.77875,9.6775,-6.944,3.632,24.464,none,8,3.0,29428.0,146539.0,72721.0,151649.0,78435.0
2026-04-14 18:05:49.581988,737065,1609507443184534,5043154080,-0.657824,-0.095648,0.691008,-13.37,6.545,7.9275,-6.944,3.632,24.464,none,8,3.0,29428.0,146539.0,72721.0,151649.0,78435.0
2026-04-14 18:05:49.584218,737066,1609507443199067,5043169041,-0.646112,-0.056608,0.74176,-33.3375,5.29375,1.40875,-8.536,3.856,24.392002,none,8,3.0,29428.0,146539.0,72721.0,151649.0,78435.0
2026-04-14 18:05:49.586951,737067,1609507443207998,5043177783,-0.569984,-0.191296,0.90768,-50.9775,2.8,-5.18,-8.648001,4.024,23.960001,none,8,3.0,29428.0,146539.0,72721.0,151649.0,78435.0
2026-04-14 18:05:49.589476,737068,1609507443217204,5043186608,-0.569984,-0.191296,0.90768,-56.0,-2.94,-7.035,-8.648001,4.024,23.960001,none,8,3.0,29428.0,146539.0,72721.0,151649.0,78435.0
2026-04-14 18:05:49.591575,737069,1609507443231755,5043201680,-0.597312,-0.20496,0.677344,-53.760002,-7.46375,-9.31,-8.240001,4.32,24.088001,none,8,3.0,29428.0,146539.0,72721.0,151649.0,78435.0
2026-04-14 18:05:49.600717,737070,1609507443240799,5043210378,-0.597312,-0.20496,0.677344,-43.96,-10.3425,-13.2125,-8.240001,4.32,24.088001,none,8,3.0,29428.0,146539.0,72721.0,151649.0,78435.0
2026-04-14 18:05:49.619387,737071,1609507443255333,5043225272,-0.421632,-0.163968,0.675392,-28.90125,-12.3725,-17.045,-7.488,3.776,23.048,none,8,3.0,29428.0,146539.0,72721.0,151649.0,78435.0
2026-04-14 18:05:49.641309,737072,1609507443264266,5043234067,-0.421632,-0.163968,0.675392,-14.79625,-10.71,-20.545,-7.488,3.776,23.048,none,8,3.0,29428.0,146539.0,72721.0,151649.0,78435.0
2026-04-14 18:05:49.666910,737073,1609507443273187,5043242764,-0.509472,-0.163968,0.603168,-7.945,-3.89375,-21.93625,-7.608,4.272,22.872002,none,8,3.0,29428.0,146539.0,72721.0,151649.0,78435.0
2026-04-14 18:05:49.696934,737084,1609507443287961,5043257700,-0.657824,-0.15616,0.638304,-7.28,4.97875,-24.17625,-8.456,4.224,22.632002,none,8,3.0,40619.0,157712.0,92818.0,163422.0,100683.0
2026-04-14 18:05:49.699363,737085,1609507443296908,5043266396,-0.657824,-0.15616,0.638304,-6.7375,11.76875,-27.545,-8.456,4.224,22.632002,none,8,3.0,40619.0,157712.0,92818.0,163422.0,100683.0
2026-04-14 18:05:49.701974,737086,1609507443311537,5043281292,-0.843264,-0.121024,0.49776,-4.34,13.81625,-28.866251,-7.32,3.92,22.808,none,8,3.0,40619.0,157712.0,92818.0,163422.0,100683.0
2026-04-14 18:05:49.706125,737087,1609507443320557,5043290068,-0.843264,-0.121024,0.49776,-4.0775,13.230001,-27.48375,-7.32,3.92,22.808,none,8,3.0,40619.0,157712.0,92818.0,163422.0,100683.0
2026-04-14 18:05:49.706642,737088,1609507443335167,5043305099,-0.772992,-0.144448,0.488,-6.16875,9.1175,-23.42375,-7.368001,4.048,22.560001,none,8,3.0,40619.0,157712.0,92818.0,163422.0,100683.0
2026-04-14 18:05:49.713197,737089,1609507443344171,5043313805,-0.772992,-0.144448,0.488,-10.7275,5.06625,-18.99625,-7.368001,4.048,22.560001,none,8,3.0,40619.0,157712.0,92818.0,163422.0,100683.0
2026-04-14 18:05:49.716140,737090,1609507443353123,5043322510,-0.669536,-0.236192,0.554368,-15.81125,3.40375,-15.4875,-6.416,4.12,22.744001,none,8,3.0,40619.0,157712.0,92818.0,163422.0,100683.0
2026-04-14 18:05:49.726808,737091,1609507443367637,5043337461,-0.671488,-0.25376,0.733952,-18.795,4.94375,-12.69625,-6.416,4.44,27.04,none,8,3.0,40619.0,157712.0,92818.0,163422.0,100683.0
2026-04-14 18:05:49.760658,737102,1609507443376625,5043346213,-0.671488,-0.25376,0.733952,-18.0425,8.23375,-9.59875,-7.36,4.44,27.04,none,8,3.0,50646.0,183879.0,110134.0,189667.0,120928.0
2026-04-14 18:05:49.763144,737103,1609507443391291,5043361239,-0.6344,-0.22448,0.757376,-15.30375,9.975,-7.0525,-7.936,4.784,24.272001,none,8,3.0,50646.0,183879.0,110134.0,189667.0,120928.0
2026-04-14 18:05:49.765618,737104,1609507443400377,5043369939,-0.6344,-0.22448,0.757376,-10.386251,10.54375,-5.075,-7.936,4.784,24.272001,none,8,3.0,50646.0,183879.0,110134.0,189667.0,120928.0
2026-04-14 18:05:49.769438,737105,1609507443409459,5043378765,-0.675392,-0.191296,0.591456,-4.9,12.573751,-2.765,-7.584001,4.344,22.768002,none,8,3.0,50646.0,183879.0,110134.0,189667.0,120928.0
2026-04-14 18:05:49.784460,737106,1609507443423906,5043393629,-0.675392,-0.191296,0.591456,-1.085,14.42875,-2.66,-7.584001,4.344,22.768002,none,8,3.0,50646.0,183879.0,110134.0,189667.0,120928.0
2026-04-14 18:05:49.793193,737107,1609507443432853,5043402370,-0.689056,-0.154208,0.642208,-0.2625,15.627501,-1.68,-6.32,4.264,22.544,none,8,3.0,50646.0,183879.0,110134.0,189667.0,120928.0
2026-04-14 18:05:49.807505,737108,1609507443447353,5043417280,-0.689056,-0.154208,0.67344,-0.9275,15.155,0.98875,-6.32,4.264,22.544,none,8,3.0,50646.0,183879.0,110134.0,189667.0,120928.0
2026-04-14 18:05:49.819343,737109,1609507443456331,5043425970,-0.794464,-0.103456,0.675392,-1.40875,14.34125,2.485,-5.6,4.112,20.056002,none,8,3.0,50646.0,183879.0,110134.0,189667.0,120928.0
2026-04-14 18:05:49.834410,737110,1609507443470843,5043440899,-0.696864,-0.144448,0.708576,-2.07375,13.37875,3.815,-5.608,4.52,23.352001,none,8,3.0,50646.0,183879.0,110134.0,189667.0,120928.0
2026-04-14 18:05:49.861482,737121,1609507443480355,5043449711,-0.696864,-0.144448,0.708576,-2.73875,11.935,5.53875,-5.608,4.52,23.352001,none,8,3.0,44861.0,180991.0,101866.0,186800.0,112268.0
2026-04-14 18:05:49.864459,737122,1609507443489353,5043458507,-0.769088,-0.128832,0.685152,-1.9775,11.8825,7.32375,-5.528,4.496,23.048,none,8,3.0,44861.0,180991.0,101866.0,186800.0,112268.0
2026-04-14 18:05:49.866932,737123,1609507443503869,5043473407,-0.769088,-0.128832,0.685152,-1.82,12.7575,8.9775,-5.528,4.496,23.048,none,8,3.0,44861.0,180991.0,101866.0,186800.0,112268.0
2026-04-14 18:05:49.871945,737124,1609507443512814,5043482170,-0.772992,-0.1464,0.72224,-1.89875,13.7375,10.17625,-5.096,4.864,23.672,none,8,3.0,44861.0,180991.0,101866.0,186800.0,112268.0
2026-04-14 18:05:49.888197,737125,1609507443527327,5043497090,-0.772992,-0.1464,0.72224,-1.16375,14.27125,11.20875,-5.096,4.864,23.672,none,8,3.0,44861.0,180991.0,101866.0,186800.0,112268.0
2026-04-14 18:05:49.897009,737126,1609507443536316,5043505777,-0.80032,-0.173728,0.737856,0.90125,14.69125,12.145,-3.624,4.376,22.480001,none,8,3.0,44861.0,180991.0,101866.0,186800.0,112268.0
2026-04-14 18:05:49.906761,737127,1609507443545250,5043514445,-0.80032,-0.173728,0.737856,2.31875,13.335,13.2125,-3.624,4.376,22.480001,none,8,3.0,44861.0,180991.0,101866.0,186800.0,112268.0
2026-04-14 18:05:49.921404,737128,1609507443559902,5043529385,-0.8784,-0.189344,0.892064,4.2525,7.88375,13.895,-3.576,4.12,23.072,none,8,3.0,44861.0,180991.0,101866.0,186800.0,112268.0
2026-04-14 18:05:49.928154,737129,1609507443568986,5043538065,-0.919392,-0.269376,0.728096,6.895,-0.58625,14.79625,-3.576,5.056,24.640001,none,8,3.0,44861.0,180991.0,101866.0,186800.0,112268.0
2026-04-14 18:05:49.960682,737140,1609507443583679,5043553073,-0.919392,-0.269376,0.728096,11.7075,-9.8875,16.2925,-4.944,5.056,24.640001,none,8,3.0,28724.0,166636.0,73292.0,173135.0,79831.0
2026-04-14 18:05:49.962767,737141,1609507443592645,5043561785,-0.7808,-0.320128,0.71248,18.3225,-16.12625,18.78625,-3.44,4.216,22.832,none,8,3.0,28724.0,166636.0,73292.0,173135.0,79831.0
2026-04-14 18:05:49.965698,737142,1609507443601577,5043570526,-0.7808,-0.320128,0.71248,24.4475,-17.8675,20.2825,-3.44,4.216,22.832,none,8,3.0,28724.0,166636.0,73292.0,173135.0,79831.0
2026-04-14 18:05:49.975356,737143,1609507443616134,5043585501,-0.71248,-0.318176,0.55632,27.64125,-16.14375,19.4075,-3.28,3.768,21.104,none,8,3.0,28724.0,166636.0,73292.0,173135.0,79831.0
2026-04-14 18:05:50.009315,737144,1609507443625083,5043594189,-0.71248,-0.318176,0.55632,28.58625,-11.2875,17.21125,-3.28,3.768,21.104,none,8,3.0,28724.0,166636.0,73292.0,173135.0,79831.0
2026-04-14 18:05:50.033863,737145,1609507443639574,5043609190,-0.728096,-0.269376,0.739808,31.395,-6.57125,14.5075,-3.256,4.08,23.152,none,8,3.0,28724.0,166636.0,73292.0,173135.0,79831.0
2026-04-14 18:05:50.038697,737146,1609507443648572,5043617900,-0.728096,-0.269376,0.739808,35.98,-3.8675,12.32875,-3.256,4.08,23.152,none,8,3.0,28724.0,166636.0,73292.0,173135.0,79831.0
2026-04-14 18:05:50.041199,737147,1609507443663080,5043632838,-0.706624,-0.290848,0.696864,41.39625,-4.20875,10.2725,-4.432,3.896,24.576,none,8,3.0,28724.0,166636.0,73292.0,173135.0,79831.0
2026-04-14 18:05:50.043636,737148,1609507443672059,5043641513,-0.71248,-0.257664,0.716384,49.4375,-6.18625,8.855001,-4.688,3.544,24.720001,none,8,3.0,28724.0,166636.0,73292.0,173135.0,79831.0
2026-04-14 18:05:50.085360,737159,1609507443681432,5043650646,-0.71248,-0.257664,0.716384,57.28625,-8.28625,7.175,-4.688,3.544,24.720001,none,8,3.0,24875.0,155874.0,64877.0,162918.0,69698.0
2026-04-14 18:05:50.085480,737160,1609507443696030,5043665624,-0.69296,-0.216672,0.694912,64.30375,-10.52625,6.8775,-5.288,2.776,25.912,none,8,3.0,24875.0,155874.0,64877.0,162918.0,69698.0
2026-04-14 18:05:50.085538,737161,1609507443704968,5043674385,-0.69296,-0.216672,0.694912,70.665,-10.6225,6.5975,-5.288,2.776,25.912,none,8,3.0,24875.0,155874.0,64877.0,162918.0,69698.0
2026-04-14 18:05:50.085589,737162,1609507443719503,5043689297,-0.767136,-0.113216,0.749568,74.2525,-9.19625,5.285,-5.064,2.064,24.616001,none,8,3.0,24875.0,155874.0,64877.0,162918.0,69698.0
2026-04-14 18:05:50.089568,737163,1609507443728470,5043698045,-0.767136,-0.113216,0.749568,74.26125,-7.1575,3.54375,-5.064,2.064,24.616001,none,8,3.0,24875.0,155874.0,64877.0,162918.0,69698.0
2026-04-14 18:05:50.097500,737164,1609507443737495,5043706769,-0.815936,-0.070272,0.667584,71.07625,-3.61375,1.4,-4.816001,1.464,22.624,none,8,3.0,24875.0,155874.0,64877.0,162918.0,69698.0
2026-04-14 18:05:50.112632,737165,1609507443752015,5043721741,-0.749568,-0.0488,0.812032,67.585,-0.14,-1.26875,-4.976,1.44,26.256,none,8,3.0,24875.0,155874.0,64877.0,162918.0,69698.0
2026-04-14 18:05:50.120039,737166,1609507443760957,5043730526,-0.749568,-0.0488,0.812032,64.42625,3.71,-3.675,-4.976,1.44,26.256,none,8,3.0,24875.0,155874.0,64877.0,162918.0,69698.0
2026-04-14 18:05:50.136288,737167,1609507443775466,5043745559,-0.774944,-0.025376,0.74176,61.4775,7.09625,-4.6725,-6.224001,0.784,26.864002,none,8,3.0,24875.0,155874.0,64877.0,162918.0,69698.0
2026-04-14 18:05:50.188995,737178,1609507443784509,5043754321,-0.774944,-0.025376,0.74176,57.6625,9.47625,-6.5275,-6.224001,0.784,26.864002,none,8,3.0,24547.0,151228.0,64017.0,158455.0,67700.0
2026-04-14 18:05:50.191400,737179,1609507443799080,5043769257,-0.827648,-0.011712,0.622688,52.64875,12.775,-8.155,-5.328,0.12,26.320002,none,8,3.0,24547.0,151228.0,64017.0,158455.0,67700.0
2026-04-14 18:05:50.193747,737180,1609507443808058,5043778083,-0.827648,-0.011712,0.622688,48.5625,14.81375,-10.07125,-5.328,0.12,26.320002,none,8,3.0,24547.0,151228.0,64017.0,158455.0,67700.0
2026-04-14 18:05:50.196469,737181,1609507443816978,5043786764,-0.915488,0.072224,0.70272,43.9425,15.8725,-11.13875,-5.4,-0.152,25.968,none,8,3.0,24547.0,151228.0,64017.0,158455.0,67700.0
2026-04-14 18:05:50.198983,737182,1609507443831482,5043801641,-0.929152,0.044896,0.46848,38.22,16.54625,-11.7775,-5.4,-0.728,26.288002,none,8,3.0,24547.0,151228.0,64017.0,158455.0,67700.0
2026-04-14 18:05:50.201467,737183,1609507443840443,5043810334,-0.929152,0.044896,0.46848,29.00625,15.9425,-11.64625,-5.4,-0.728,26.288002,none,8,3.0,24547.0,151228.0,64017.0,158455.0,67700.0
2026-04-14 18:05:50.215322,737184,1609507443854951,5043825215,-0.981856,0.02928,0.441152,16.3625,14.4725,-11.445,-5.528,-0.32,27.592001,none,8,3.0,24547.0,151228.0,64017.0,158455.0,67700.0
2026-04-14 18:05:50.225158,737185,1609507443863885,5043833945,-0.981856,0.02928,0.441152,4.795,11.54125,-10.54375,-5.528,-0.32,27.592001,none,8,3.0,24547.0,151228.0,64017.0,158455.0,67700.0
2026-04-14 18:05:50.237871,737186,1609507443878411,5043846834,-0.874496,-0.06832,0.6832,-1.19875,10.675,-9.66875,-5.112001,-0.4,26.320002,none,8,3.0,24547.0,151228.0,64017.0,158455.0,67700.0
2026-04-14 18:05:50.268021,737197,1609507443888127,5043857751,-0.874496,-0.06832,0.6832,-2.6775,11.655,-9.58125,-5.112001,-0.4,26.320002,none,8,3.0,25355.0,149103.0,65347.0,156361.0,68719.0
2026-04-14 18:05:50.268185,737198,1609507443897098,5043866534,-0.940864,-0.062464,0.52704,4.1125,12.60875,-8.30375,-6.464,-0.792,26.592001,none,8,3.0,25355.0,149103.0,65347.0,156361.0,68719.0
2026-04-14 18:05:50.270004,737199,1609507443911661,5043881401,-0.905728,0.023424,0.708576,14.2975,12.46,-6.93,-5.44,-0.728,24.480001,none,8,3.0,25355.0,149103.0,65347.0,156361.0,68719.0
2026-04-14 18:05:50.280244,737200,1609507443920657,5043890150,-0.905728,0.023424,0.708576,19.0925,9.8525,-6.36125,-5.44,-0.728,24.480001,none,8,3.0,25355.0,149103.0,65347.0,156361.0,68719.0
2026-04-14 18:05:50.290185,737201,1609507443929593,5043898839,-0.905728,0.023424,0.708576,18.05125,5.22375,-4.20875,-5.44,-0.728,24.480001,none,8,3.0,25355.0,149103.0,65347.0,156361.0,68719.0
2026-04-14 18:05:50.304014,737202,1609507443944130,5043913739,-0.833504,0.037088,0.749568,13.83375,2.0475,-0.805,-5.112001,-1.208,26.752,none,8,3.0,25355.0,149103.0,65347.0,156361.0,68719.0
2026-04-14 18:05:50.312727,737203,1609507443953102,5043922503,-0.81984,-0.011712,0.710528,12.25875,0.945,1.7675,-6.056,-0.752,27.000002,none,8,3.0,25355.0,149103.0,65347.0,156361.0,68719.0
2026-04-14 18:05:50.329128,737204,1609507443967588,5043937423,-0.81984,-0.011712,0.710528,10.2725,0.56,1.9775,-6.056,-0.752,27.000002,none,8,3.0,25355.0,149103.0,65347.0,156361.0,68719.0
2026-04-14 18:05:50.340369,737205,1609507443976507,5043946123,-0.854976,-0.040992,0.564128,9.93125,2.49375,2.7825,-5.960001,-0.824,26.984001,none,8,3.0,25355.0,149103.0,65347.0,156361.0,68719.0
2026-04-14 18:05:50.435310,737216,1609507443991141,5043961186,-0.854976,0.021472,0.530944,10.7625,2.87875,2.65125,-5.960001,-0.824,26.984001,none,8,3.0,25282.0,148921.0,65228.0,156247.0,68453.0
2026-04-14 18:05:50.445253,737217,1609507444000151,5043969937,-0.942816,0.025376,0.530944,10.885,2.93125,1.58375,-5.232,-1.304,26.376001,none,8,3.0,25282.0,148921.0,65228.0,156247.0,68453.0
2026-04-14 18:05:50.445656,737218,1609507444009180,5043978698,-0.942816,0.025376,0.530944,10.6925,1.35625,1.575,-5.232,-1.304,26.376001,none,8,3.0,25282.0,148921.0,65228.0,156247.0,68453.0
2026-04-14 18:05:50.447559,737219,1609507444023829,5043993672,-0.837408,0.033184,0.642208,9.8875,-0.3325,2.3625,-5.064,-1.6,26.632002,none,8,3.0,25282.0,148921.0,65228.0,156247.0,68453.0
2026-04-14 18:05:50.452944,737220,1609507444032840,5044002411,-0.935008,0.10736,0.591456,9.5725,-1.2775,2.38,-5.144,-1.48,25.448002,none,8,3.0,25282.0,148921.0,65228.0,156247.0,68453.0
2026-04-14 18:05:50.454592,737221,1609507444047320,5044017343,-0.935008,0.10736,0.591456,9.17,-1.68,2.03875,-5.144,-1.48,25.448002,none,8,3.0,25282.0,148921.0,65228.0,156247.0,68453.0
2026-04-14 18:05:50.454983,737222,1609507444056220,5044026009,-0.94672,0.12688,0.591456,6.0725,-2.47625,1.74125,-5.416,-1.528,27.560001,none,8,3.0,25282.0,148921.0,65228.0,156247.0,68453.0
2026-04-14 18:05:50.457526,737223,1609507444070765,5044040878,-0.94672,0.12688,0.591456,2.555,-3.045,1.7325,-5.416,-1.528,27.560001,none,8,3.0,25282.0,148921.0,65228.0,156247.0,68453.0
2026-04-14 18:05:50.487826,737235,1609507444079707,5044049593,-0.856928,0.10736,0.728096,-1.3475,-4.235,1.46125,-6.176,-1.28,29.136002,none,8,3.0,24909.0,148730.0,64541.0,156007.0,67728.0
2026-04-14 18:05:50.490398,737236,1609507444089469,5044058530,-0.856928,0.10736,0.728096,-5.075,-5.62625,1.3475,-6.176,-1.28,29.136002,none,8,3.0,24909.0,148730.0,64541.0,156007.0,67728.0
2026-04-14 18:05:50.492822,737237,1609507444104780,5044073494,-0.83936,0.03904,0.610976,-8.02375,-6.37,0.25375,-6.304,-1.528,27.608002,none,8,3.0,24909.0,148730.0,64541.0,156007.0,67728.0
2026-04-14 18:05:50.495375,737238,1609507444114329,5044084295,-0.919392,0.072224,0.704672,-9.3975,-7.4025,-0.6125,-6.440001,-1.296,27.616001,none,8,3.0,24909.0,148730.0,64541.0,156007.0,67728.0
2026-04-14 18:05:50.497830,737239,1609507444123362,5044093028,-0.919392,0.072224,0.704672,-9.8875,-8.98625,-1.19875,-6.440001,-1.296,27.616001,none,8,3.0,24909.0,148730.0,64541.0,156007.0,67728.0
2026-04-14 18:05:50.500327,737240,1609507444137955,5044107989,-0.919392,0.072224,0.706624,-9.68625,-9.66875,-2.3625,-6.32,-1.12,28.136002,none,8,3.0,24909.0,148730.0,64541.0,156007.0,67728.0
2026-04-14 18:05:50.507733,737241,1609507444146932,5044116734,-0.919392,0.072224,0.706624,-9.485,-10.36,-3.22,-6.32,-1.12,28.136002,none,8,3.0,24909.0,148730.0,64541.0,156007.0,67728.0
2026-04-14 18:05:50.524229,737242,1609507444161471,5044131634,-0.9272,0.031232,0.552416,-12.3725,-11.61125,-5.15375,-6.048,-1.32,26.576002,none,8,3.0,24909.0,148730.0,64541.0,156007.0,67728.0
2026-04-14 18:05:50.530380,737243,1609507444170423,5044140390,-0.9272,0.031232,0.552416,-15.47,-12.915,-5.13625,-6.048,-1.32,26.576002,none,8,3.0,24909.0,148730.0,64541.0,156007.0,67728.0
2026-04-14 18:05:50.566498,737254,1609507444179379,5044149445,-0.84912,0.003904,0.706624,-17.7275,-13.965,-4.76,-6.28,-1.248,26.672,none,8,3.0,24716.0,149245.0,64293.0,156533.0,67177.0
2026-04-14 18:05:50.568824,737255,1609507444194046,5044164349,-0.88816,0.031232,0.786656,-19.6525,-15.12875,-4.9525,-6.216,-0.776,25.936,none,8,3.0,24716.0,149245.0,64293.0,156533.0,67177.0
2026-04-14 18:05:50.571282,737256,1609507444203047,5044173067,-0.88816,0.031232,0.786656,-21.8925,-16.7125,-5.2675,-6.216,-0.776,25.936,none,8,3.0,24716.0,149245.0,64293.0,156533.0,67177.0
2026-04-14 18:05:50.577773,737257,1609507444217558,5044185941,-0.827648,0.037088,0.804224,-25.94375,-17.5175,-4.8475,-6.496,-0.296,26.320002,none,8,3.0,24716.0,149245.0,64293.0,156533.0,67177.0
2026-04-14 18:05:50.586436,737258,1609507444226791,5044196697,-0.827648,0.037088,0.804224,-30.9575,-19.53875,-2.6775,-6.496,-0.296,26.320002,none,8,3.0,24716.0,149245.0,64293.0,156533.0,67177.0
2026-04-14 18:05:50.596629,737259,1609507444235795,5044205448,-0.853024,-0.046848,0.534848,-35.857502,-20.5975,-4.43625,-6.344,0.144,26.264002,none,8,3.0,24716.0,149245.0,64293.0,156533.0,67177.0
2026-04-14 18:05:50.610377,737260,1609507444250275,5044220363,-0.853024,-0.046848,0.534848,-38.99875,-20.5975,-7.245,-6.344,0.144,26.264002,none,8,3.0,24716.0,149245.0,64293.0,156533.0,67177.0
2026-04-14 18:05:50.620423,737261,1609507444259420,5044229078,-0.886208,-0.062464,0.573888,-38.50875,-19.20625,-9.14375,-6.584,0.312,26.152,none,8,3.0,24716.0,149245.0,64293.0,156533.0,67177.0
2026-04-14 18:05:50.637100,737262,1609507444273944,5044243958,-0.843264,-0.076128,0.708576,-36.4525,-18.83875,-9.79125,-8.192,1.2,24.288002,none,8,3.0,24716.0,149245.0,64293.0,156533.0,67177.0
2026-04-14 18:05:50.667627,737273,1609507444282988,5044252710,-0.843264,-0.076128,0.708576,-35.51625,-18.85625,-9.2225,-8.192,1.2,24.288002,none,8,3.0,25232.0,148223.0,65252.0,155321.0,68146.0
2026-04-14 18:05:50.670620,737274,1609507444292087,5044261472,-0.843264,-0.076128,0.708576,-34.74625,-18.97,-8.925,-8.192,1.2,24.288002,none,8,3.0,25232.0,148223.0,65252.0,155321.0,68146.0
2026-04-14 18:05:50.673177,737275,1609507444306593,5044276393,-0.772992,-0.130784,0.65392,-32.9875,-17.14125,-10.2025,-7.896,1.456,25.088001,none,8,3.0,25232.0,148223.0,65252.0,155321.0,68146.0
2026-04-14 18:05:50.675196,737276,1609507444315522,5044285090,-0.870592,-0.095648,0.486048,-29.81125,-14.28,-10.0275,-7.312,1.768,25.416,none,8,3.0,25232.0,148223.0,65252.0,155321.0,68146.0
2026-04-14 18:05:50.691469,737277,1609507444330056,5044300031,-0.870592,-0.095648,0.486048,-28.192501,-11.83875,-9.89625,-7.312,1.768,25.416,none,8,3.0,25232.0,148223.0,65252.0,155321.0,68146.0
2026-04-14 18:05:50.699476,737278,1609507444339005,5044308727,-0.870592,-0.121024,0.413824,-28.3675,-9.555,-9.40625,-7.544,1.56,25.944002,none,8,3.0,25232.0,148223.0,65252.0,155321.0,68146.0
2026-04-14 18:05:50.714094,737279,1609507444353653,5044323702,-0.915488,-0.121024,0.466528,-28.97125,-8.05875,-9.205,-7.544,3.608,29.064001,none,8,3.0,25232.0,148223.0,65252.0,155321.0,68146.0
2026-04-14 18:05:50.745438,737280,1609507444362771,5044332401,-0.915488,-0.121024,0.466528,-27.64125,-7.5075,-8.6275,-7.496,2.36,29.064001,none,8,3.0,25232.0,148223.0,65252.0,155321.0,68146.0
2026-04-14 18:05:50.770579,737281,1609507444371824,5044341074,-0.915488,-0.121024,0.466528,-25.33125,-7.81375,-7.2275,-7.496,2.36,29.064001,none,8,3.0,25232.0,148223.0,65252.0,155321.0,68146.0
2026-04-14 18:05:50.880663,737292,1609507444386613,5044356100,-0.864736,-0.103456,0.685152,-22.015,-5.9325,-5.71375,-7.176,2.088,24.856,none,8,3.0,24568.0,147680.0,63804.0,154816.0,66779.0
2026-04-14 18:05:50.882702,737293,1609507444395581,5044364824,-0.89792,-0.103456,0.540704,-17.99875,-3.91125,-4.73375,-6.744,2.216,24.616001,none,8,3.0,24568.0,147680.0,63804.0,154816.0,66779.0
2026-04-14 18:05:50.885675,737294,1609507444410146,5044379930,-0.89792,-0.103456,0.540704,-16.2575,-2.02125,-2.21375,-6.744,2.216,24.616001,none,8,3.0,24568.0,147680.0,63804.0,154816.0,66779.0
2026-04-14 18:05:50.888176,737295,1609507444419088,5044388698,-0.872544,-0.046848,0.648064,-15.417501,-0.98875,0.86625,-6.440001,1.696,24.592001,none,8,3.0,24568.0,147680.0,63804.0,154816.0,66779.0
2026-04-14 18:05:50.890764,737296,1609507444428026,5044397383,-0.872544,-0.046848,0.648064,-15.79375,0.23625,3.3425,-6.440001,1.696,24.592001,none,8,3.0,24568.0,147680.0,63804.0,154816.0,66779.0
2026-04-14 18:05:50.893063,737297,1609507444442567,5044412394,-0.718336,-0.115168,0.650016,-17.35125,1.9425,4.8825,-6.552001,1.344,23.704,none,8,3.0,24568.0,147680.0,63804.0,154816.0,66779.0
2026-04-14 18:05:50.895695,737298,1609507444451585,5044421087,-0.718336,-0.115168,0.650016,-19.45125,3.77125,5.27625,-6.552001,1.344,23.704,none,8,3.0,24568.0,147680.0,63804.0,154816.0,66779.0
2026-04-14 18:05:50.898101,737299,1609507444466116,5044436339,-0.7808,-0.122976,0.568032,-21.665,6.53625,5.1975,-6.496,1.568,24.952002,none,8,3.0,24568.0,147680.0,63804.0,154816.0,66779.0
2026-04-14 18:05:50.900681,737300,1609507444475335,5044445070,-0.689056,-0.13664,0.782752,-23.16125,8.8375,5.36375,-6.936,1.04,24.672,none,8,3.0,24568.0,147680.0,63804.0,154816.0,66779.0
2026-04-14 18:05:50.928087,737311,1609507444484917,5044453758,-0.689056,-0.13664,0.782752,-24.7975,7.9625,5.81,-6.936,1.04,24.672,none,8,3.0,23513.0,149664.0,61395.0,156187.0,65546.0
2026-04-14 18:05:50.930518,737312,1609507444499400,5044468671,-0.735904,-0.03904,0.845216,-28.4725,5.66125,6.8425,-6.952,1.304,23.816002,none,8,3.0,23513.0,149664.0,61395.0,156187.0,65546.0
2026-04-14 18:05:50.932584,737313,1609507444508324,5044477317,-0.735904,-0.03904,0.845216,-33.075,1.91625,6.30875,-6.952,1.304,23.816002,none,8,3.0,23513.0,149664.0,61395.0,156187.0,65546.0
2026-04-14 18:05:50.935520,737314,1609507444522909,5044492409,-0.671488,-0.0488,0.886208,-37.4325,-0.28,2.6425,-7.112001,1.376,23.76,none,8,3.0,23513.0,149664.0,61395.0,156187.0,65546.0
2026-04-14 18:05:50.938024,737315,1609507444531837,5044501156,-0.671488,-0.0488,0.886208,-42.0525,0.07875,0.21,-7.112001,1.376,23.76,none,8,3.0,23513.0,149664.0,61395.0,156187.0,65546.0
2026-04-14 18:05:50.940589,737316,1609507444546361,5044516289,-0.650016,-0.095648,0.8296,-47.36375,1.68875,-2.38875,-6.832,1.336,24.264002,none,8,3.0,23513.0,149664.0,61395.0,156187.0,65546.0
2026-04-14 18:05:50.942643,737317,1609507444555554,5044525022,-0.603168,-0.210816,0.837408,-51.24875,1.75875,-6.27375,-7.488,1.824,23.752,none,8,3.0,23513.0,149664.0,61395.0,156187.0,65546.0
2026-04-14 18:05:50.945125,737318,1609507444564593,5044533723,-0.603168,-0.210816,0.837408,-51.415,3.9025,-9.37125,-7.488,1.824,23.752,none,8,3.0,23513.0,149664.0,61395.0,156187.0,65546.0
2026-04-14 18:05:50.948024,737319,1609507444579114,5044548677,-0.599264,-0.21472,0.843264,-45.08,8.3475,-13.4225,-7.648,2.392,23.408,none,8,3.0,23513.0,149664.0,61395.0,156187.0,65546.0
2026-04-14 18:05:50.980652,737330,1609507444588239,5044557375,-0.599264,-0.21472,0.843264,-35.2275,10.87625,-19.705,-7.648,2.392,23.408,none,8,3.0,27092.0,148775.0,67480.0,153070.0,73673.0
2026-04-14 18:05:50.983170,737331,1609507444602889,5044572414,-0.730048,-0.115168,0.55632,-21.9275,12.25875,-22.7675,-7.064,2.144,23.504002,none,8,3.0,27092.0,148775.0,67480.0,153070.0,73673.0
2026-04-14 18:05:50.985707,737332,1609507444612006,5044581116,-0.730048,-0.115168,0.55632,-12.2325,12.285,-22.3825,-7.064,2.144,23.504002,none,8,3.0,27092.0,148775.0,67480.0,153070.0,73673.0
2026-04-14 18:05:50.988057,737333,1609507444621050,5044589817,-0.726144,-0.02928,0.622688,-9.345,11.27,-21.455,-7.104001,2.552,23.6,none,8,3.0,27092.0,148775.0,67480.0,153070.0,73673.0
2026-04-14 18:05:50.993991,737334,1609507444636230,5044604891,-0.743712,-0.052704,0.388448,-9.40625,10.89375,-21.35,-6.752,2.712,23.296001,none,8,3.0,27092.0,148775.0,67480.0,153070.0,73673.0
2026-04-14 18:05:51.005727,737335,1609507444645463,5044615651,-0.743712,-0.052704,0.388448,-8.8025,10.57875,-18.61125,-6.752,2.712,23.296001,none,8,3.0,27092.0,148775.0,67480.0,153070.0,73673.0
2026-04-14 18:05:51.016458,737336,1609507444654399,5044624336,-0.743712,-0.052704,0.388448,-6.67625,10.87625,-15.8375,-6.752,2.712,23.296001,none,8,3.0,27092.0,148775.0,67480.0,153070.0,73673.0
2026-04-14 18:05:51.030526,737337,1609507444668884,5044639209,-0.755424,-0.015616,0.612928,-5.18,11.62875,-14.21,-6.616,2.552,24.312,none,8,3.0,27092.0,148775.0,67480.0,153070.0,73673.0
2026-04-14 18:05:51.038089,737338,1609507444677802,5044647978,-0.79056,0.007808,0.698816,-7.5075,10.22875,-11.06875,-6.472,2.656,22.080002,none,8,3.0,27092.0,148775.0,67480.0,153070.0,73673.0
2026-04-14 18:05:51.070628,737349,1609507444692793,5044663073,-0.79056,0.007808,0.698816,-14.23625,6.37875,-6.93,-6.472,2.656,22.080002,none,8,3.0,29405.0,150203.0,71711.0,153937.0,78356.0
2026-04-14 18:05:51.073230,737350,1609507444701720,5044671857,-0.786656,-0.046848,0.769088,-24.08875,0.8925,-2.1525,-5.416,2.792,21.84,none,8,3.0,29405.0,150203.0,71711.0,153937.0,78356.0
2026-04-14 18:05:51.075376,737351,1609507444710736,5044680607,-0.786656,-0.046848,0.769088,-34.65875,-4.10375,1.0325,-5.416,2.792,21.84,none,8,3.0,29405.0,150203.0,71711.0,153937.0,78356.0
2026-04-14 18:05:51.088222,737352,1609507444725280,5044695540,-0.753472,-0.232288,0.59536,-40.08375,-7.5425,3.8325,-4.992,2.8,21.776001,none,8,3.0,29405.0,150203.0,71711.0,153937.0,78356.0
2026-04-14 18:05:51.118092,737353,1609507444734347,5044704252,-0.753472,-0.232288,0.59536,-37.31875,-6.79875,7.1925,-4.992,2.8,21.776001,none,8,3.0,29405.0,150203.0,71711.0,153937.0,78356.0
2026-04-14 18:05:51.118239,737354,1609507444748819,5044719151,-0.694912,-0.269376,0.815936,-26.99375,-4.2175,9.02125,-4.952,2.904,21.568,none,8,3.0,29405.0,150203.0,71711.0,153937.0,78356.0
2026-04-14 18:05:51.119309,737355,1609507444757730,5044727837,-0.732,-0.244,0.671488,-15.636251,-1.16375,9.21375,-6.296001,3.392,23.136002,none,8,3.0,29405.0,150203.0,71711.0,153937.0,78356.0
2026-04-14 18:05:51.145994,737356,1609507444772300,5044740881,-0.732,-0.244,0.671488,-4.69875,2.23125,9.135,-6.296001,3.392,23.136002,none,8,3.0,29405.0,150203.0,71711.0,153937.0,78356.0
2026-04-14 18:05:51.148094,737357,1609507444781710,5044751637,-0.687104,-0.16592,0.710528,4.865,5.6175,9.8875,-4.904,3.008,21.44,none,8,3.0,29405.0,150203.0,71711.0,153937.0,78356.0
2026-04-14 18:05:51.177731,737368,1609507444790760,5044760401,-0.687104,-0.16592,0.710528,10.47375,7.6475,10.3425,-4.904,3.008,21.44,none,8,3.0,28239.0,152950.0,69640.0,157119.0,76147.0
2026-04-14 18:05:51.180643,737369,1609507444805335,5044775472,-0.70272,-0.085888,0.696864,12.32875,9.02125,10.7625,-4.32,3.488,21.584002,none,8,3.0,28239.0,152950.0,69640.0,157119.0,76147.0
2026-04-14 18:05:51.183212,737370,1609507444814300,5044784196,-0.70272,-0.085888,0.696864,10.28125,10.07125,11.6375,-4.32,3.488,21.584002,none,8,3.0,28239.0,152950.0,69640.0,157119.0,76147.0
2026-04-14 18:05:51.188683,737371,1609507444828812,5044799089,-0.747616,-0.115168,0.411872,5.6525,10.3425,12.83625,-3.808,2.808,22.488,none,8,3.0,28239.0,152950.0,69640.0,157119.0,76147.0
2026-04-14 18:05:51.199123,737372,1609507444837748,5044807794,-0.730048,-0.138592,0.413824,1.33,10.2375,14.49875,-4.2,3.568,22.544,none,8,3.0,28239.0,152950.0,69640.0,157119.0,76147.0
2026-04-14 18:05:51.206438,737373,1609507444846691,5044816510,-0.730048,-0.138592,0.413824,-1.05875,9.835,14.9975,-4.2,3.568,22.544,none,8,3.0,28239.0,152950.0,69640.0,157119.0,76147.0
2026-04-14 18:05:51.223144,737374,1609507444861330,5044831520,-0.806176,-0.115168,0.601216,-2.975,9.00375,15.00625,-3.008,3.128,21.792002,none,8,3.0,28239.0,152950.0,69640.0,157119.0,76147.0
2026-04-14 18:05:51.230238,737375,1609507444870354,5044840249,-0.806176,-0.115168,0.601216,-3.57,6.81625,15.14625,-3.008,3.128,21.792002,none,8,3.0,28239.0,152950.0,69640.0,157119.0,76147.0
2026-04-14 18:05:51.268192,737386,1609507444885089,5044855449,-1.0248,-0.134688,0.802272,-3.01,0.11375,14.63,-3.48,3.728,23.000002,none,8,3.0,24354.0,156989.0,62740.0,163037.0,68178.0
2026-04-14 18:05:51.270671,737387,1609507444894129,5044864173,-1.0248,-0.134688,0.802272,-0.7,-12.985,16.05625,-3.48,3.728,23.000002,none,8,3.0,24354.0,156989.0,62740.0,163037.0,68178.0
2026-04-14 18:05:51.273175,737388,1609507444908643,5044877067,-0.923296,-0.245952,0.827648,5.99375,-25.97,20.1075,-2.936,3.448,22.592001,none,8,3.0,24354.0,156989.0,62740.0,163037.0,68178.0
2026-04-14 18:05:51.277760,737389,1609507444917993,5044887871,-0.687104,-0.267424,0.76128,10.40375,-30.03,22.4175,-2.76,3.672,21.080002,none,8,3.0,24354.0,156989.0,62740.0,163037.0,68178.0
2026-04-14 18:05:51.289464,737390,1609507444926964,5044896555,-0.687104,-0.267424,0.76128,11.305,-25.94375,20.50125,-2.76,3.672,21.080002,none,8,3.0,24354.0,156989.0,62740.0,163037.0,68178.0
2026-04-14 18:05:51.301242,737391,1609507444941602,5044911431,-0.679296,-0.277184,0.767136,10.745,-18.48,18.40125,-2.144,3.496,22.128,none,8,3.0,24354.0,156989.0,62740.0,163037.0,68178.0
2026-04-14 18:05:51.311795,737392,1609507444950635,5044920158,-0.679296,-0.277184,0.767136,9.10875,-11.31375,14.980001,-2.144,3.496,22.128,none,8,3.0,24354.0,156989.0,62740.0,163037.0,68178.0
2026-04-14 18:05:51.325103,737393,1609507444965164,5044935058,-0.817888,-0.308416,0.696864,8.2075,-6.85125,10.5,-1.896,3.344,22.248001,none,8,3.0,24354.0,156989.0,62740.0,163037.0,68178.0
2026-04-14 18:05:51.333989,737394,1609507444974138,5044943763,-0.817888,-0.308416,0.696864,11.5675,-5.67,5.88875,-1.896,3.344,22.248001,none,8,3.0,24354.0,156989.0,62740.0,163037.0,68178.0
2026-04-14 18:05:51.342841,737395,1609507444983327,5044952500,-0.769088,-0.333792,0.612928,19.2325,-5.46,2.73875,-2.792,3.824,22.472,none,8,3.0,24354.0,156989.0,62740.0,163037.0,68178.0
2026-04-14 18:05:51.373211,737406,1609507444997888,5044967460,-0.691008,-0.275232,0.739808,28.9275,-4.69875,0.02625,-2.792,3.992,23.752,none,8,3.0,23035.0,151361.0,60309.0,158052.0,64625.0
2026-04-14 18:05:51.375325,737407,1609507445006828,5044976151,-0.691008,-0.275232,0.739808,39.47125,-3.045,-1.88125,-3.48,3.992,23.752,none,8,3.0,23035.0,151361.0,60309.0,158052.0,64625.0
2026-04-14 18:05:51.385694,737408,1609507445021340,5044991136,-0.802272,-0.173728,0.632448,49.0525,-1.04125,-3.395,-4.016,3.472,24.224,none,8,3.0,23035.0,151361.0,60309.0,158052.0,64625.0
2026-04-14 18:05:51.390297,737409,1609507445030277,5044999847,-0.802272,-0.173728,0.632448,56.09625,0.65625,-4.48875,-4.016,3.472,24.224,none,8,3.0,23035.0,151361.0,60309.0,158052.0,64625.0
2026-04-14 18:05:51.399638,737410,1609507445039274,5045008527,-0.730048,-0.128832,0.827648,59.15875,1.86375,-5.32,-4.456,3.736,25.944002,none,8,3.0,23035.0,151361.0,60309.0,158052.0,64625.0
2026-04-14 18:05:51.413004,737411,1609507445053780,5045023466,-0.730048,-0.128832,0.827648,58.24,3.36875,-6.25625,-4.456,3.736,25.944002,none,8,3.0,23035.0,151361.0,60309.0,158052.0,64625.0
2026-04-14 18:05:51.421483,737412,1609507445062762,5045032195,-0.81984,-0.111264,0.5856,55.08125,4.655,-7.60375,-3.656,2.784,24.608002,none,8,3.0,23035.0,151361.0,60309.0,158052.0,64625.0
2026-04-14 18:05:51.438138,737413,1609507445077289,5045047082,-0.81984,-0.111264,0.5856,51.8175,6.0725,-9.21375,-3.656,2.784,24.608002,none,8,3.0,23035.0,151361.0,60309.0,158052.0,64625.0
2026-04-14 18:05:51.543163,737424,1609507445086341,5045055745,-0.763232,-0.066368,0.8296,50.47,7.67375,-10.955,-4.344,2.768,23.672,none,8,3.0,23413.0,149028.0,61089.0,155976.0,64491.0
2026-04-14 18:05:51.545659,737425,1609507445100909,5045070687,-0.786656,-0.042944,0.784704,51.345,9.292501,-12.6,-4.28,1.976,25.408,none,8,3.0,23413.0,149028.0,61089.0,155976.0,64491.0
2026-04-14 18:05:51.548174,737426,1609507445109810,5045079356,-0.786656,-0.042944,0.784704,51.33625,11.19125,-13.90375,-4.28,1.976,25.408,none,8,3.0,23413.0,149028.0,61089.0,155976.0,64491.0
2026-04-14 18:05:51.550483,737427,1609507445118740,5045088064,-0.923296,0.017568,0.628544,50.05,13.15125,-14.27125,-4.28,1.752,24.872002,none,8,3.0,23413.0,149028.0,61089.0,155976.0,64491.0
2026-04-14 18:05:51.553225,737428,1609507445133209,5045102969,-0.923296,0.017568,0.628544,47.232502,14.525,-15.1025,-4.856,1.752,24.872002,none,8,3.0,23413.0,149028.0,61089.0,155976.0,64491.0
2026-04-14 18:05:51.555659,737429,1609507445142297,5045111603,-0.935008,0.021472,0.530944,42.805,14.533751,-17.00125,-4.968,1.248,25.68,none,8,3.0,23413.0,149028.0,61089.0,155976.0,64491.0
2026-04-14 18:05:51.557725,737430,1609507445156983,5045126571,-0.935008,0.021472,0.530944,38.03625,15.0325,-17.255,-4.968,1.248,25.68,none,8,3.0,23413.0,149028.0,61089.0,155976.0,64491.0
2026-04-14 18:05:51.560166,737431,1609507445165931,5045135281,-0.983808,0.037088,0.441152,32.69875,15.2075,-15.925,-4.832,1.008,25.784,none,8,3.0,23413.0,149028.0,61089.0,155976.0,64491.0
2026-04-14 18:05:51.562614,737432,1609507445174940,5045143996,-0.983808,0.037088,0.441152,25.52375,14.6475,-15.44375,-4.832,1.008,25.784,none,8,3.0,23413.0,149028.0,61089.0,155976.0,64491.0
2026-04-14 18:05:51.595548,737443,1609507445190179,5045159223,-0.899872,0.015616,0.657824,16.66875,12.83625,-15.23375,-4.688,1.184,26.216002,none,8,3.0,24600.0,148727.0,63603.0,156054.0,66401.0
2026-04-14 18:05:51.598031,737444,1609507445199210,5045167941,-0.890112,-0.015616,0.628544,8.417501,11.4275,-13.39625,-4.688,0.592,26.896002,none,8,3.0,24600.0,148727.0,63603.0,156054.0,66401.0
2026-04-14 18:05:51.600519,737445,1609507445214315,5045182942,-0.890112,-0.015616,0.628544,5.0575,10.14125,-10.9375,-4.864,0.592,26.896002,none,8,3.0,24600.0,148727.0,63603.0,156054.0,66401.0
2026-04-14 18:05:51.603057,737446,1609507445223752,5045193734,-0.993568,0.007808,0.560224,5.355,8.88125,-8.855001,-4.784,0.856,27.312002,none,8,3.0,24600.0,148727.0,63603.0,156054.0,66401.0
2026-04-14 18:05:51.605565,737447,1609507445232932,5045202475,-0.993568,0.007808,0.560224,7.34125,7.665,-7.07,-4.784,0.856,27.312002,none,8,3.0,24600.0,148727.0,63603.0,156054.0,66401.0
2026-04-14 18:05:51.607636,737448,1609507445247602,5045217396,-0.948672,0.00976,0.525088,9.09125,5.78375,-5.495,-5.480001,0.568,27.416,none,8,3.0,24600.0,148727.0,63603.0,156054.0,66401.0
2026-04-14 18:05:51.616833,737449,1609507445256564,5045226084,-0.948672,0.00976,0.525088,7.1925,4.095,-3.0975,-5.480001,0.568,27.416,none,8,3.0,24600.0,148727.0,63603.0,156054.0,66401.0
2026-04-14 18:05:51.625378,737450,1609507445265537,5045234782,-0.815936,-0.005856,0.685152,3.56125,3.36875,-0.875,-4.464,0.416,26.208002,none,8,3.0,24600.0,148727.0,63603.0,156054.0,66401.0
2026-04-14 18:05:51.639456,737451,1609507445280020,5045249767,-0.923296,-0.007808,0.618784,2.52,3.8325,1.085,-4.856,0.216,28.384,none,8,3.0,24600.0,148727.0,63603.0,156054.0,66401.0
2026-04-14 18:05:51.671594,737462,1609507445289250,5045258490,-0.923296,-0.007808,0.618784,2.00375,3.8675,0.7175,-4.856,0.216,28.384,none,8,3.0,25193.0,149386.0,64769.0,156895.0,67385.0
2026-04-14 18:05:51.672649,737463,1609507445303845,5045273436,-0.91744,-0.033184,0.495808,3.71875,4.6375,0.48125,-5.472,0.504,27.448002,none,8,3.0,25193.0,149386.0,64769.0,156895.0,67385.0
2026-04-14 18:05:51.675158,737464,1609507445312960,5045282133,-0.91744,-0.033184,0.495808,7.39375,4.45375,1.225,-5.472,0.504,27.448002,none,8,3.0,25193.0,149386.0,64769.0,156895.0,67385.0
2026-04-14 18:05:51.687519,737465,1609507445327592,5045297092,-0.931104,0.056608,0.583648,12.53,4.655,1.72375,-5.536,0.288,28.496002,none,8,3.0,25193.0,149386.0,64769.0,156895.0,67385.0
2026-04-14 18:05:51.701305,737466,1609507445336518,5045305783,-0.931104,0.056608,0.583648,14.49875,4.66375,1.79375,-5.536,0.288,28.496002,none,8,3.0,25193.0,149386.0,64769.0,156895.0,67385.0
2026-04-14 18:05:51.706804,737467,1609507445345536,5045314531,-0.821792,0.052704,0.71248,12.565,3.255,1.3125,-5.152,0.08,27.096,none,8,3.0,25193.0,149386.0,64769.0,156895.0,67385.0
2026-04-14 18:05:51.719375,737468,1609507445360035,5045329492,-0.925248,0.021472,0.493856,7.53375,1.155,1.37375,-5.152,-1.968,24.088001,none,8,3.0,25193.0,149386.0,64769.0,156895.0,67385.0
2026-04-14 18:05:51.729383,737469,1609507445368955,5045338187,-0.925248,0.021472,0.493856,3.33375,-0.51625,0.86625,-5.584,-0.064,24.088001,none,8,3.0,25193.0,149386.0,64769.0,156895.0,67385.0
2026-04-14 18:05:51.745684,737470,1609507445383479,5045353110,-0.860832,0.023424,0.718336,1.4525,-1.8725,0.93625,-5.048,0.0,26.536001,none,8,3.0,25193.0,149386.0,64769.0,156895.0,67385.0
2026-04-14 18:05:51.777452,737481,1609507445392679,5045361971,-0.860832,0.023424,0.718336,1.6275,-2.31875,0.81375,-5.048,0.0,26.536001,none,8,3.0,25117.0,149411.0,64626.0,156834.0,67234.0
2026-04-14 18:05:51.791665,737482,1609507445402100,5045370998,-0.923296,0.025376,0.49776,2.275,-3.54375,0.2975,-6.224001,0.264,27.480001,none,8,3.0,25117.0,149411.0,64626.0,156834.0,67234.0
2026-04-14 18:05:51.792495,737483,1609507445418062,5045388344,-0.923296,0.025376,0.49776,0.49,-5.13625,-0.55125,-6.224001,0.264,27.480001,none,8,3.0,25117.0,149411.0,64626.0,156834.0,67234.0
2026-04-14 18:05:51.792568,737484,1609507445427183,5045397090,-0.825696,-0.005856,0.642208,-2.3975,-6.2825,-0.9975,-6.04,0.4,27.768002,none,8,3.0,25117.0,149411.0,64626.0,156834.0,67234.0
2026-04-14 18:05:51.795198,737485,1609507445436158,5045405799,-0.825696,-0.005856,0.642208,-4.87375,-7.595,-2.1175,-6.04,0.4,27.768002,none,8,3.0,25117.0,149411.0,64626.0,156834.0,67234.0
2026-04-14 18:05:51.812727,737486,1609507445450674,5045420686,-0.833504,-0.046848,0.646112,-7.09625,-8.82,-2.8875,-5.68,0.608,27.248001,none,8,3.0,25117.0,149411.0,64626.0,156834.0,67234.0
2026-04-14 18:05:51.820335,737487,1609507445459584,5045429631,-0.833504,-0.046848,0.646112,-7.5775,-10.15875,-2.975,-5.68,0.608,27.248001,none,8,3.0,25117.0,149411.0,64626.0,156834.0,67234.0
2026-04-14 18:05:51.847848,737488,1609507445474129,5045442502,-0.929152,-0.021472,0.587552,-7.14875,-11.03375,-3.54375,-6.04,0.12,26.36,none,8,3.0,25117.0,149411.0,64626.0,156834.0,67234.0
2026-04-14 18:05:51.872585,737489,1609507445483326,5045453381,-0.903776,0.005856,0.733952,-7.1225,-12.005,-4.55,-5.552,0.04,26.512001,none,8,3.0,25117.0,149411.0,64626.0,156834.0,67234.0
2026-04-14 18:05:51.922896,737500,1609507445492345,5045462189,-0.903776,0.005856,0.733952,-7.53375,-12.04875,-5.39,-5.552,0.04,26.512001,none,8,3.0,25030.0,149875.0,64577.0,157333.0,67103.0
2026-04-14 18:05:51.925332,737501,1609507445507036,5045477056,-0.843264,-0.01952,0.685152,-8.09375,-11.73375,-5.08375,-5.464,-0.032,26.336,none,8,3.0,25030.0,149875.0,64577.0,157333.0,67103.0
2026-04-14 18:05:51.927892,737502,1609507445515951,5045485705,-0.843264,-0.01952,0.685152,-10.7625,-12.635,-6.02875,-5.464,-0.032,26.336,none,8,3.0,25030.0,149875.0,64577.0,157333.0,67103.0
2026-04-14 18:05:51.930366,737503,1609507445530433,5045500634,-0.892064,-0.011712,0.571936,-14.77,-13.16,-6.4575,-5.768,0.312,26.248001,none,8,3.0,25030.0,149875.0,64577.0,157333.0,67103.0
2026-04-14 18:05:51.932887,737504,1609507445539348,5045509312,-0.892064,-0.011712,0.571936,-20.0725,-14.56875,-6.7375,-5.768,0.312,26.248001,none,8,3.0,25030.0,149875.0,64577.0,157333.0,67103.0
2026-04-14 18:05:51.935399,737505,1609507445548493,5045518020,-0.870592,-0.001952,0.769088,-23.73,-16.05625,-7.0525,-6.024,0.816,27.904001,none,8,3.0,25030.0,149875.0,64577.0,157333.0,67103.0
2026-04-14 18:05:51.937603,737506,1609507445563035,5045533030,-0.89792,-0.064416,0.538752,-26.1275,-16.91375,-7.42,-6.024,1.184,26.008001,none,8,3.0,25030.0,149875.0,64577.0,157333.0,67103.0
2026-04-14 18:05:51.940059,737507,1609507445572017,5045541781,-0.89792,-0.064416,0.538752,-29.505001,-17.8675,-9.16125,-6.024,1.184,26.008001,none,8,3.0,25030.0,149875.0,64577.0,157333.0,67103.0
2026-04-14 18:05:51.973411,737518,1609507445586643,5045557066,-0.843264,-0.070272,0.757376,-30.6775,-18.71625,-9.765,-6.288,1.536,26.088001,none,8,3.0,25353.0,149416.0,65217.0,156864.0,67810.0
2026-04-14 18:05:51.977678,737519,1609507445595829,5045565949,-0.843264,-0.070272,0.757376,-30.835001,-19.38125,-9.94,-6.288,1.536,26.088001,none,8,3.0,25353.0,149416.0,65217.0,156864.0,67810.0
2026-04-14 18:05:51.977783,737520,1609507445610443,5045578827,-0.866688,-0.080032,0.677344,-30.345,-19.285,-10.325,-6.744,1.664,25.896002,none,8,3.0,25353.0,149416.0,65217.0,156864.0,67810.0
2026-04-14 18:05:51.980010,737521,1609507445619637,5045589582,-0.866688,-0.080032,0.677344,-29.95125,-19.0575,-10.71,-6.744,1.664,25.896002,none,8,3.0,25353.0,149416.0,65217.0,156864.0,67810.0
2026-04-14 18:05:51.988986,737522,1609507445628597,5045598280,-0.808128,-0.132736,0.503616,-29.61875,-18.41,-10.33375,-6.832,1.816,26.12,none,8,3.0,25353.0,149416.0,65217.0,156864.0,67810.0
2026-04-14 18:05:52.003839,737523,1609507445643098,5045613171,-0.84912,-0.130784,0.462624,-28.53375,-16.9225,-11.0775,-7.592001,2.256,27.424002,none,8,3.0,25353.0,149416.0,65217.0,156864.0,67810.0
2026-04-14 18:05:52.013124,737524,1609507445652063,5045621875,-0.84912,-0.130784,0.462624,-27.65,-15.4,-11.71625,-7.592001,2.256,27.424002,none,8,3.0,25353.0,149416.0,65217.0,156864.0,67810.0
2026-04-14 18:05:52.029415,737525,1609507445666650,5045636759,-0.856928,-0.140544,0.437248,-26.3725,-13.55375,-11.62,-7.488,2.312,25.152,none,8,3.0,25353.0,149416.0,65217.0,156864.0,67810.0
2026-04-14 18:05:52.035706,737526,1609507445675789,5045645488,-0.856928,-0.140544,0.437248,-24.5175,-12.60875,-11.52375,-7.488,2.312,25.152,none,8,3.0,25353.0,149416.0,65217.0,156864.0,67810.0
2026-04-14 18:05:52.044428,737527,1609507445684810,5045654193,-0.833504,-0.158112,0.435296,-21.98,-11.52375,-10.5525,-8.0,2.888,26.184002,none,8,3.0,25353.0,149416.0,65217.0,156864.0,67810.0
2026-04-14 18:05:52.073168,737538,1609507445699528,5045669176,-0.833504,-0.158112,0.435296,-19.3375,-10.0975,-9.30125,-8.0,2.888,26.184002,none,8,3.0,25188.0,147330.0,64649.0,154243.0,67750.0
2026-04-14 18:05:52.075202,737539,1609507445708604,5045677930,-0.903776,-0.111264,0.435296,-15.75875,-8.19,-8.198751,-7.912,3.136,25.800001,none,8,3.0,25188.0,147330.0,64649.0,154243.0,67750.0
2026-04-14 18:05:52.109435,737540,1609507445723178,5045692882,-0.813984,-0.07808,0.568032,-12.08375,-5.60875,-6.8075,-7.808001,2.52,28.224,none,8,3.0,25188.0,147330.0,64649.0,154243.0,67750.0
2026-04-14 18:05:52.111960,737541,1609507445732092,5045701556,-0.813984,-0.07808,0.568032,-12.95,-5.55625,-2.8,-7.808001,2.52,28.224,none,8,3.0,25188.0,147330.0,64649.0,154243.0,67750.0
2026-04-14 18:05:52.114233,737542,1609507445741001,5045710249,-0.813984,-0.07808,0.568032,-16.05625,-6.3175,-0.06125,-7.808001,2.52,28.224,none,8,3.0,25188.0,147330.0,64649.0,154243.0,67750.0
2026-04-14 18:05:52.116425,737543,1609507445755494,5045725188,-0.774944,-0.080032,0.743712,-17.29875,-4.61125,0.04375,-6.68,2.264,23.312,none,8,3.0,25188.0,147330.0,64649.0,154243.0,67750.0
2026-04-14 18:05:52.124133,737544,1609507445764513,5045733903,-0.821792,-0.060512,0.640256,-16.24875,-2.00375,2.49375,-6.536,1.832,23.008001,none,8,3.0,25188.0,147330.0,64649.0,154243.0,67750.0
2026-04-14 18:05:52.139136,737545,1609507445779026,5045748822,-0.821792,-0.060512,0.640256,-16.485,1.6275,3.745,-6.536,1.832,23.008001,none,8,3.0,25188.0,147330.0,64649.0,154243.0,67750.0
2026-04-14 18:05:52.147824,737546,1609507445788062,5045757518,-0.825696,-0.085888,0.679296,-16.58125,5.08375,3.255,-6.384,1.52,23.656002,none,8,3.0,25188.0,147330.0,64649.0,154243.0,67750.0
2026-04-14 18:05:52.176239,737557,1609507445802573,5045772439,-0.825696,-0.122976,0.679296,-13.405,7.67375,4.03375,-6.384,1.52,23.656002,none,8,3.0,23486.0,147967.0,61289.0,154307.0,65214.0
2026-04-14 18:05:52.179049,737558,1609507445811533,5045781150,-0.743712,-0.122976,0.679296,-8.225,8.417501,5.4775,-6.048,0.832,23.296001,none,8,3.0,23486.0,147967.0,61289.0,154307.0,65214.0
2026-04-14 18:05:52.181551,737559,1609507445820480,5045789870,-0.743712,-0.122976,0.679296,-6.44875,7.70875,6.755,-6.048,0.832,23.296001,none,8,3.0,23486.0,147967.0,61289.0,154307.0,65214.0
2026-04-14 18:05:52.215364,737560,1609507445835144,5045804809,-0.665632,-0.066368,0.935008,-9.28375,5.29375,8.5575,-6.144,0.848,24.000002,none,8,3.0,23486.0,147967.0,61289.0,154307.0,65214.0
2026-04-14 18:05:52.240376,737561,1609507445844097,5045813503,-0.716384,-0.013664,0.745664,-15.7675,2.61625,9.26625,-6.56,0.872,24.176,none,8,3.0,23486.0,147967.0,61289.0,154307.0,65214.0
2026-04-14 18:05:52.265251,737562,1609507445858613,5045828462,-0.716384,-0.013664,0.745664,-23.2925,1.58375,7.48125,-6.56,0.872,24.176,none,8,3.0,23486.0,147967.0,61289.0,154307.0,65214.0
2026-04-14 18:05:52.272775,737563,1609507445867552,5045837176,-0.628544,-0.00976,1.007232,-29.67125,1.58375,4.71625,-6.688,0.296,22.544,none,8,3.0,23486.0,147967.0,61289.0,154307.0,65214.0
2026-04-14 18:05:52.275142,737564,1609507445882027,5045852057,-0.628544,-0.00976,1.007232,-38.263752,2.2925,1.19,-6.688,0.296,22.544,none,8,3.0,23486.0,147967.0,61289.0,154307.0,65214.0
2026-04-14 18:05:52.302889,737575,1609507445891391,5045861048,-0.568032,-0.081984,0.919392,-45.8675,4.61125,-2.9575,-5.952,0.832,21.776001,none,8,3.0,25217.0,147849.0,63814.0,152830.0,69336.0
2026-04-14 18:05:52.305386,737576,1609507445900383,5045869838,-0.568032,-0.081984,0.919392,-51.77375,5.83625,-6.93,-5.952,0.832,21.776001,none,8,3.0,25217.0,147849.0,63814.0,152830.0,69336.0
2026-04-14 18:05:52.307758,737577,1609507445915040,5045884737,-0.638304,-0.105408,0.732,-54.888752,7.245,-10.07125,-6.32,0.728,22.208,none,8,3.0,25217.0,147849.0,63814.0,152830.0,69336.0
2026-04-14 18:05:52.310383,737578,1609507445924022,5045893542,-0.640256,-0.15616,0.694912,-52.96375,8.98625,-13.825,-5.768,1.6,21.984001,none,8,3.0,25217.0,147849.0,63814.0,152830.0,69336.0
2026-04-14 18:05:52.312867,737579,1609507445938600,5045908478,-0.640256,-0.15616,0.694912,-49.4375,8.54,-18.725,-5.768,1.6,21.984001,none,8,3.0,25217.0,147849.0,63814.0,152830.0,69336.0
2026-04-14 18:05:52.315395,737580,1609507445947715,5045917217,-0.568032,-0.21472,0.601216,-46.27,9.24,-20.51,-6.056,2.12,22.480001,none,8,3.0,25217.0,147849.0,63814.0,152830.0,69336.0
2026-04-14 18:05:52.317821,737581,1609507445956768,5045925929,-0.568032,-0.21472,0.601216,-42.385,10.465,-20.81625,-6.056,2.12,22.480001,none,8,3.0,25217.0,147849.0,63814.0,152830.0,69336.0
2026-04-14 18:05:52.331604,737582,1609507445971304,5045940828,-0.720288,-0.169824,0.464576,-34.8425,11.92625,-23.17,-5.336,2.736,21.880001,none,8,3.0,25217.0,147849.0,63814.0,152830.0,69336.0
2026-04-14 18:05:52.340311,737583,1609507445980227,5045949523,-0.720288,-0.169824,0.464576,-24.3075,15.855001,-25.6375,-5.336,2.736,21.880001,none,8,3.0,25217.0,147849.0,63814.0,152830.0,69336.0
2026-04-14 18:05:52.375106,737594,1609507445994850,5045964479,-0.710528,-0.0976,0.441152,-11.41875,19.022501,-25.24375,-5.744,2.496,22.168001,none,8,3.0,30650.0,144387.0,73410.0,147585.0,80173.0
2026-04-14 18:05:52.377838,737595,1609507446003784,5045973282,-0.710528,-0.081984,0.386496,-5.50375,19.88,-23.79125,-5.744,2.496,22.168001,none,8,3.0,30650.0,144387.0,73410.0,147585.0,80173.0
2026-04-14 18:05:52.380389,737596,1609507446012737,5045982081,-0.747616,-0.081984,0.386496,-7.4025,17.745,-21.28,-5.584,2.712,24.304,none,8,3.0,30650.0,144387.0,73410.0,147585.0,80173.0
2026-04-14 18:05:52.386671,737597,1609507446027261,5045997052,-0.76128,-0.054656,0.47824,-12.29375,15.4525,-16.178751,-5.472,3.264,22.872002,none,8,3.0,30650.0,144387.0,73410.0,147585.0,80173.0
2026-04-14 18:05:52.395398,737598,1609507446036305,5046005774,-0.76128,-0.054656,0.47824,-17.24625,13.1425,-11.50625,-5.472,3.264,22.872002,none,8,3.0,30650.0,144387.0,73410.0,147585.0,80173.0
2026-04-14 18:05:52.411647,737599,1609507446050810,5046020685,-0.74176,-0.080032,0.743712,-21.18375,11.698751,-8.32125,-4.376,3.352,21.920002,none,8,3.0,30650.0,144387.0,73410.0,147585.0,80173.0
2026-04-14 18:05:52.421633,737600,1609507446059810,5046029396,-0.74176,-0.080032,0.743712,-28.56,10.15875,-5.355,-4.376,3.352,21.920002,none,8,3.0,30650.0,144387.0,73410.0,147585.0,80173.0
2026-04-14 18:05:52.435215,737601,1609507446074332,5046044417,-0.720288,-0.244,0.661728,-35.420002,8.16375,-1.645,-5.152,2.984,21.632002,none,8,3.0,30650.0,144387.0,73410.0,147585.0,80173.0
2026-04-14 18:05:52.444937,737602,1609507446083315,5046053216,-0.720288,-0.244,0.661728,-36.54,6.65875,1.505,-5.152,2.984,21.632002,none,8,3.0,30650.0,144387.0,73410.0,147585.0,80173.0
2026-04-14 18:05:52.475374,737613,1609507446092761,5046062126,-0.798368,-0.251808,0.86864,-33.145,5.0225,3.08875,-3.76,3.2,21.352001,none,8,3.0,30412.0,157544.0,73776.0,162189.0,80244.0
2026-04-14 18:05:52.477899,737614,1609507446107356,5046077153,-0.93696,-0.286944,0.767136,-28.62125,3.5525,3.64,-4.144,3.832,22.400002,none,8,3.0,30412.0,157544.0,73776.0,162189.0,80244.0
2026-04-14 18:05:52.480372,737615,1609507446116308,5046085909,-0.93696,-0.286944,0.767136,-23.397501,0.32375,5.5825,-4.144,3.832,22.400002,none,8,3.0,30412.0,157544.0,73776.0,162189.0,80244.0
2026-04-14 18:05:52.492863,737616,1609507446130880,5046100823,-0.784704,-0.3904,0.735904,-17.77125,-5.24125,8.9425,-4.432,4.136,23.152,none,8,3.0,30412.0,157544.0,73776.0,162189.0,80244.0
2026-04-14 18:05:52.500367,737617,1609507446139854,5046109526,-0.784704,-0.3904,0.735904,-12.81875,-10.0275,11.585,-4.432,4.136,23.152,none,8,3.0,30412.0,157544.0,73776.0,162189.0,80244.0
2026-04-14 18:05:52.507766,737618,1609507446148812,5046118245,-0.681248,-0.398208,0.679296,-7.735,-10.22,12.80125,-2.992,3.904,21.160002,none,8,3.0,30412.0,157544.0,73776.0,162189.0,80244.0
2026-04-14 18:05:52.526008,737619,1609507446163292,5046133167,-0.681248,-0.398208,0.679296,-1.75875,-5.915,12.74875,-2.992,3.904,21.160002,none,8,3.0,30412.0,157544.0,73776.0,162189.0,80244.0
2026-04-14 18:05:52.533780,737620,1609507446172238,5046142045,-0.772992,-0.28304,0.685152,5.0925,-1.1725,12.3725,-3.448,3.544,22.784,none,8,3.0,30412.0,157544.0,73776.0,162189.0,80244.0
2026-04-14 18:05:52.551817,737621,1609507446186715,5046156933,-0.833504,-0.249856,0.45872,9.98375,2.56375,11.73375,-3.024,4.24,22.472,none,8,3.0,30412.0,157544.0,73776.0,162189.0,80244.0
2026-04-14 18:05:52.638147,737632,1609507446195804,5046165746,-0.833504,-0.249856,0.45872,12.99375,3.185,11.87375,-3.024,4.24,22.472,none,8,3.0,26787.0,155692.0,67227.0,161066.0,73169.0
2026-04-14 18:05:52.640624,737633,1609507446210493,5046180703,-0.845216,-0.169824,0.589504,15.04125,1.47875,12.8975,-4.2,4.12,23.136002,none,8,3.0,26787.0,155692.0,67227.0,161066.0,73169.0
2026-04-14 18:05:52.643029,737634,1609507446219433,5046189383,-0.845216,-0.169824,0.589504,17.5525,-0.42875,13.72,-4.2,4.12,23.136002,none,8,3.0,26787.0,155692.0,67227.0,161066.0,73169.0
2026-04-14 18:05:52.645611,737635,1609507446228469,5046198134,-0.763232,-0.191296,0.472384,19.60875,-2.19625,14.79625,-3.88,4.208,22.808,none,8,3.0,26787.0,155692.0,67227.0,161066.0,73169.0
2026-04-14 18:05:52.650602,737636,1609507446242992,5046213059,-0.763232,-0.191296,0.472384,21.98,-3.36875,15.4875,-3.88,4.208,22.808,none,8,3.0,26787.0,155692.0,67227.0,161066.0,73169.0
2026-04-14 18:05:52.653144,737637,1609507446251928,5046221743,-0.774944,-0.124928,0.677344,24.68375,-4.06,15.6975,-3.848,4.2,23.288002,none,8,3.0,26787.0,155692.0,67227.0,161066.0,73169.0
2026-04-14 18:05:52.655657,737638,1609507446266523,5046236614,-0.747616,-0.132736,0.728096,25.7075,-5.22375,15.505,-3.848,3.48,22.584002,none,8,3.0,26787.0,155692.0,67227.0,161066.0,73169.0
2026-04-14 18:05:52.657744,737639,1609507446275517,5046245411,-0.747616,-0.132736,0.728096,25.025,-6.72875,15.6625,-3.848,3.48,22.584002,none,8,3.0,26787.0,155692.0,67227.0,161066.0,73169.0
2026-04-14 18:05:52.660678,737640,1609507446284502,5046254138,-0.747616,-0.132736,0.728096,24.52625,-8.5225,15.14625,-3.848,3.48,22.584002,none,8,3.0,26787.0,155692.0,67227.0,161066.0,73169.0
2026-04-14 18:05:52.688185,737651,1609507446299093,5046267571,-0.710528,-0.197152,0.687104,24.87625,-10.4475,13.79,-2.856,3.376,22.496,none,8,3.0,24597.0,153188.0,62970.0,159396.0,68400.0
2026-04-14 18:05:52.690729,737652,1609507446308438,5046278507,-0.823744,-0.18544,0.64416,27.895,-13.11625,11.1475,-2.688,3.224,22.824001,none,8,3.0,24597.0,153188.0,62970.0,159396.0,68400.0
2026-04-14 18:05:52.692784,737653,1609507446322994,5046291366,-0.823744,-0.18544,0.64416,33.705,-16.28375,8.505,-2.688,3.224,22.824001,none,8,3.0,24597.0,153188.0,62970.0,159396.0,68400.0
2026-04-14 18:05:52.695524,737654,1609507446332185,5046302151,-0.788608,-0.167872,0.698816,40.845,-18.27,6.86875,-3.0,2.816,22.800001,none,8,3.0,24597.0,153188.0,62970.0,159396.0,68400.0
2026-04-14 18:05:52.700701,737655,1609507446341279,5046310921,-0.788608,-0.167872,0.698816,47.6175,-18.6025,5.565,-3.0,2.816,22.800001,none,8,3.0,24597.0,153188.0,62970.0,159396.0,68400.0
2026-04-14 18:05:52.716493,737656,1609507446355758,5046325807,-0.755424,-0.132736,0.759328,51.6425,-16.70375,4.235,-3.696,2.16,22.984001,none,8,3.0,24597.0,153188.0,62970.0,159396.0,68400.0
2026-04-14 18:05:52.745549,737657,1609507446364721,5046334485,-0.755424,-0.132736,0.759328,54.03125,-16.37125,2.45875,-3.696,2.16,22.984001,none,8,3.0,24597.0,153188.0,62970.0,159396.0,68400.0
2026-04-14 18:05:52.761001,737658,1609507446379258,5046349445,-0.794464,-0.134688,0.735904,56.0525,-15.8025,1.2425,-3.784,2.008,24.504002,none,8,3.0,24597.0,153188.0,62970.0,159396.0,68400.0
2026-04-14 18:05:52.763137,737659,1609507446388277,5046358132,-0.74176,-0.150304,0.677344,58.02125,-13.3525,-0.42875,-4.104,1.832,24.088001,none,8,3.0,24597.0,153188.0,62970.0,159396.0,68400.0
2026-04-14 18:05:52.790723,737670,1609507446402864,5046373092,-0.74176,-0.150304,0.677344,57.995,-10.045,-3.31625,-4.104,1.832,24.088001,none,8,3.0,22836.0,149554.0,59803.0,156654.0,63699.0
2026-04-14 18:05:52.792816,737671,1609507446412047,5046381796,-0.776896,-0.054656,0.735904,57.61875,-7.25375,-3.9725,-4.584,1.008,24.712002,none,8,3.0,22836.0,149554.0,59803.0,156654.0,63699.0
2026-04-14 18:05:52.795326,737672,1609507446421112,5046390575,-0.776896,-0.054656,0.735904,56.35875,-3.71,-3.9375,-4.584,1.008,24.712002,none,8,3.0,22836.0,149554.0,59803.0,156654.0,63699.0
2026-04-14 18:05:52.797727,737673,1609507446435654,5046405513,-0.802272,0.033184,0.813984,51.87,0.20125,-3.98125,-4.856,0.936,25.44,none,8,3.0,22836.0,149554.0,59803.0,156654.0,63699.0
2026-04-14 18:05:52.807373,737674,1609507446444597,5046414232,-0.802272,0.033184,0.813984,45.1675,4.08625,-4.9875,-4.856,0.936,25.44,none,8,3.0,22836.0,149554.0,59803.0,156654.0,63699.0
2026-04-14 18:05:52.820554,737675,1609507446459212,5046429232,-0.792512,-0.031232,0.720288,37.35375,6.5275,-6.29125,-5.24,1.08,24.424002,none,8,3.0,22836.0,149554.0,59803.0,156654.0,63699.0
2026-04-14 18:05:52.828062,737676,1609507446468188,5046437961,-0.886208,-0.07808,0.50752,30.87,8.8725,-7.5425,-5.464,0.824,25.792002,none,8,3.0,22836.0,149554.0,59803.0,156654.0,63699.0
2026-04-14 18:05:52.838004,737677,1609507446477264,5046446660,-0.886208,-0.07808,0.50752,25.9875,9.45,-8.40875,-5.464,0.824,25.792002,none,8,3.0,22836.0,149554.0,59803.0,156654.0,63699.0
2026-04-14 18:05:52.854372,737678,1609507446491769,5046461607,-0.876448,-0.027328,0.755424,22.522501,10.1325,-9.38,-4.76,0.752,24.816002,none,8,3.0,22836.0,149554.0,59803.0,156654.0,63699.0
2026-04-14 18:05:52.883952,737689,1609507446500805,5046470369,-0.876448,-0.027328,0.755424,21.60375,10.61375,-10.47375,-4.76,0.752,24.816002,none,8,3.0,23397.0,148540.0,61271.0,156340.0,64467.0
2026-04-14 18:05:52.886963,737690,1609507446515387,5046485298,-0.929152,-0.01952,0.532896,21.79625,10.7975,-11.12125,-4.704,0.304,25.024002,none,8,3.0,23397.0,148540.0,61271.0,156340.0,64467.0
2026-04-14 18:05:52.889452,737691,1609507446524353,5046494049,-0.929152,-0.01952,0.532896,21.46375,11.62,-10.56125,-4.704,0.304,25.024002,none,8,3.0,23397.0,148540.0,61271.0,156340.0,64467.0
2026-04-14 18:05:52.892834,737692,1609507446533302,5046502752,-0.864736,-0.005856,0.696864,20.27375,11.5325,-10.36,-4.312,0.288,25.080002,none,8,3.0,23397.0,148540.0,61271.0,156340.0,64467.0
2026-04-14 18:05:52.909222,737693,1609507446547800,5046517646,-0.880352,-0.01952,0.50752,17.12375,10.92875,-9.625,-5.624,0.12,24.840002,none,8,3.0,23397.0,148540.0,61271.0,156340.0,64467.0
2026-04-14 18:05:52.919325,737694,1609507446556751,5046526361,-0.880352,-0.01952,0.50752,14.735,9.84375,-7.9975,-5.624,0.12,24.840002,none,8,3.0,23397.0,148540.0,61271.0,156340.0,64467.0
2026-04-14 18:05:52.950705,737695,1609507446571303,5046541365,-0.823744,-0.040992,0.612928,11.61125,8.3825,-5.87125,-4.592,0.232,25.344002,none,8,3.0,23397.0,148540.0,61271.0,156340.0,64467.0
2026-04-14 18:05:52.975357,737696,1609507446580219,5046550107,-0.823744,-0.040992,0.612928,6.60625,6.615,-5.215,-4.592,0.232,25.344002,none,8,3.0,23397.0,148540.0,61271.0,156340.0,64467.0
2026-04-14 18:05:53.028092,737707,1609507446594745,5046565127,-0.9272,0.003904,0.591456,1.53125,5.145,-5.4075,-5.512,0.496,26.04,none,8,3.0,24185.0,149101.0,62851.0,157400.0,66040.0
2026-04-14 18:05:53.030603,737708,1609507446603738,5046573878,-0.9272,0.003904,0.591456,0.77,4.73375,-4.01625,-5.512,0.496,26.04,none,8,3.0,24185.0,149101.0,62851.0,157400.0,66040.0
2026-04-14 18:05:53.032686,737709,1609507446612686,5046582612,-0.792512,-0.031232,0.648064,-0.55125,4.47125,-3.22,-5.8,0.192,26.584002,none,8,3.0,24185.0,149101.0,62851.0,157400.0,66040.0
2026-04-14 18:05:53.035591,737710,1609507446627162,5046597515,-0.792512,-0.031232,0.648064,-1.47,4.06875,-1.68,-5.8,0.192,26.584002,none,8,3.0,24185.0,149101.0,62851.0,157400.0,66040.0
2026-04-14 18:05:53.038002,737711,1609507446636090,5046606194,-0.778848,-0.054656,0.691008,-2.91375,4.06875,-0.62125,-5.256,0.48,25.640001,none,8,3.0,24185.0,149101.0,62851.0,157400.0,66040.0
2026-04-14 18:05:53.040707,737712,1609507446650869,5046621197,-0.895968,-0.105408,0.571936,-2.02125,4.165,-1.18125,-5.32,0.224,25.584002,none,8,3.0,24185.0,149101.0,62851.0,157400.0,66040.0
2026-04-14 18:05:53.043042,737713,1609507446659796,5046629940,-0.895968,-0.105408,0.571936,3.99,5.0925,-1.12,-5.32,0.224,25.584002,none,8,3.0,24185.0,149101.0,62851.0,157400.0,66040.0
2026-04-14 18:05:53.045641,737714,1609507446674463,5046642897,-0.874496,-0.052704,0.75152,13.51875,6.30875,0.06125,-4.488,-0.712,25.6,none,8,3.0,24185.0,149101.0,62851.0,157400.0,66040.0
2026-04-14 18:05:53.048149,737715,1609507446683755,5046653661,-0.874496,-0.052704,0.75152,24.54375,5.6875,-0.23625,-4.488,-0.712,25.6,none,8,3.0,24185.0,149101.0,62851.0,157400.0,66040.0
2026-04-14 18:05:53.053189,737716,1609507446692783,5046662366,-0.876448,0.062464,0.765184,31.5175,3.54375,-1.295,-4.664,-0.656,25.336,none,8,3.0,24185.0,149101.0,62851.0,157400.0,66040.0
2026-04-14 18:05:53.083213,737727,1609507446707422,5046677301,-0.876448,0.062464,0.765184,31.14125,1.5925,-0.1925,-4.664,-0.656,25.336,none,8,3.0,24291.0,150837.0,62830.0,159295.0,66522.0
2026-04-14 18:05:53.088392,737728,1609507446716499,5046685987,-0.872544,0.037088,0.511424,25.12125,0.28875,1.02375,-4.928001,-0.936,25.024002,none,8,3.0,24291.0,150837.0,62830.0,159295.0,66522.0
2026-04-14 18:05:53.094351,737729,1609507446731266,5046701006,-0.825696,0.037088,0.552416,18.27875,-0.46375,1.86375,-4.928001,-0.872,25.664001,none,8,3.0,24291.0,150837.0,62830.0,159295.0,66522.0
2026-04-14 18:05:53.100530,737730,1609507446740276,5046709775,-0.825696,0.037088,0.552416,12.43375,-0.84875,1.995,-4.928001,-0.872,25.664001,none,8,3.0,24291.0,150837.0,62830.0,159295.0,66522.0
2026-04-14 18:05:53.110531,737731,1609507446749222,5046718506,-0.876448,0.056608,0.67344,6.895,-1.58375,2.21375,-5.064,-1.296,26.696001,none,8,3.0,24291.0,150837.0,62830.0,159295.0,66522.0
2026-04-14 18:05:53.124144,737732,1609507446763828,5046733402,-0.876448,0.056608,0.67344,-0.09625,-2.9575,1.225,-5.064,-1.296,26.696001,none,8,3.0,24291.0,150837.0,62830.0,159295.0,66522.0
2026-04-14 18:05:53.131602,737733,1609507446772812,5046742140,-0.8784,-0.011712,0.583648,-7.02625,-4.12125,0.02625,-5.08,-1.2,25.424002,none,8,3.0,24291.0,150837.0,62830.0,159295.0,66522.0
2026-04-14 18:05:53.147891,737734,1609507446787301,5046757090,-0.8784,-0.011712,0.583648,-9.66875,-4.4625,-1.28625,-5.08,-1.2,25.424002,none,8,3.0,24291.0,150837.0,62830.0,159295.0,66522.0
2026-04-14 18:05:53.181368,737745,1609507446796555,5046766202,-0.84912,-0.003904,0.749568,-8.89875,-4.375,-3.40375,-5.112001,-0.752,24.096,none,8,3.0,24120.0,151963.0,62319.0,160471.0,66344.0
2026-04-14 18:05:53.188235,737746,1609507446805603,5046774958,-0.84912,-0.003904,0.749568,-7.39375,-4.97,-5.1275,-5.112001,-0.752,24.096,none,8,3.0,24120.0,151963.0,62319.0,160471.0,66344.0
2026-04-14 18:05:53.188700,737747,1609507446820174,5046789938,-0.915488,-0.007808,0.603168,-7.455,-5.0575,-6.76375,-5.776001,-0.6,26.768002,none,8,3.0,24120.0,151963.0,62319.0,160471.0,66344.0
2026-04-14 18:05:53.192877,737748,1609507446829249,5046798727,-0.899872,-0.044896,0.511424,-9.37125,-5.2675,-8.74125,-5.776001,-0.6,26.096,none,8,3.0,24120.0,151963.0,62319.0,160471.0,66344.0
2026-04-14 18:05:53.205254,737749,1609507446843897,5046813606,-0.899872,-0.044896,0.511424,-10.94625,-5.24125,-9.9925,-5.832,-0.6,26.096,none,8,3.0,24120.0,151963.0,62319.0,160471.0,66344.0
2026-04-14 18:05:53.211507,737750,1609507446852880,5046822454,-0.845216,-0.076128,0.745664,-12.46,-4.9175,-11.2175,-5.896,-0.704,25.424002,none,8,3.0,24120.0,151963.0,62319.0,160471.0,66344.0
2026-04-14 18:05:53.222695,737751,1609507446861901,5046831158,-0.845216,-0.076128,0.745664,-12.565,-4.73375,-12.74,-5.896,-0.704,25.424002,none,8,3.0,24120.0,151963.0,62319.0,160471.0,66344.0
2026-04-14 18:05:53.236617,737752,1609507446876392,5046846043,-0.886208,-0.171776,0.50752,-9.8875,-4.7075,-13.36125,-6.064,-0.736,25.904001,none,8,3.0,24120.0,151963.0,62319.0,160471.0,66344.0
2026-04-14 18:05:53.246617,737753,1609507446885274,5046854780,-0.886208,-0.171776,0.50752,-3.21125,-4.7775,-12.95875,-6.064,-0.736,25.904001,none,8,3.0,24120.0,151963.0,62319.0,160471.0,66344.0
2026-04-14 18:05:53.282709,737764,1609507446899967,5046869723,-0.974048,-0.099552,0.587552,6.055,-5.66125,-11.71625,-5.328,-1.184,25.536001,none,8,3.0,23748.0,151526.0,61449.0,160222.0,65837.0
2026-04-14 18:05:53.285252,737765,1609507446908972,5046878552,-0.974048,-0.099552,0.587552,16.6775,-7.875,-10.96375,-5.328,-1.184,25.536001,none,8,3.0,23748.0,151526.0,61449.0,160222.0,65837.0
2026-04-14 18:05:53.287827,737766,1609507446923581,5046893458,-0.911584,-0.037088,0.720288,22.96875,-10.14125,-10.3425,-6.344,-0.552,26.808,none,8,3.0,23748.0,151526.0,61449.0,160222.0,65837.0
2026-04-14 18:05:53.319102,737767,1609507446932574,5046902257,-0.884256,0.01952,0.733952,24.7625,-11.62,-9.065,-7.416,-1.192,27.104002,none,8,3.0,23748.0,151526.0,61449.0,160222.0,65837.0
2026-04-14 18:05:53.341564,737768,1609507446941541,5046911010,-0.884256,0.01952,0.733952,23.31875,-12.8275,-7.6475,-7.416,-1.192,27.104002,none,8,3.0,23748.0,151526.0,61449.0,160222.0,65837.0
2026-04-14 18:05:53.344122,737769,1609507446956023,5046925901,-0.806176,-0.011712,0.792512,20.04625,-13.7375,-7.1225,-5.84,-2.336,25.008001,none,8,3.0,23748.0,151526.0,61449.0,160222.0,65837.0
2026-04-14 18:05:53.346629,737770,1609507446964948,5046934620,-0.806176,-0.011712,0.792512,16.6425,-14.74375,-6.16,-5.84,-2.336,25.008001,none,8,3.0,23748.0,151526.0,61449.0,160222.0,65837.0
2026-04-14 18:05:53.349158,737771,1609507446979427,5046949510,-0.784704,-0.056608,0.698816,13.9125,-15.715,-5.29375,-6.712,-2.472,25.312,none,8,3.0,23748.0,151526.0,61449.0,160222.0,65837.0
2026-04-14 18:05:53.351651,737772,1609507446988388,5046958251,-0.784704,-0.056608,0.698816,13.3,-16.4325,-4.31375,-6.712,-2.472,25.312,none,8,3.0,23748.0,151526.0,61449.0,160222.0,65837.0
2026-04-14 18:05:53.413205,737783,1609507447003298,5046971750,-0.77104,-0.054656,0.679296,15.72375,-16.765,-3.3075,-6.176,-2.768,24.880001,none,8,3.0,22558.0,148369.0,59060.0,155722.0,63731.0
2026-04-14 18:05:53.415735,737784,1609507447012632,5046982570,-0.853024,-0.027328,0.528992,18.5675,-16.485,-3.00125,-6.904,-3.04,25.808,none,8,3.0,22558.0,148369.0,59060.0,155722.0,63731.0
2026-04-14 18:05:53.418091,737785,1609507447021565,5046991253,-0.853024,-0.027328,0.528992,20.5275,-15.79375,-3.22,-6.904,-3.04,25.808,none,8,3.0,22558.0,148369.0,59060.0,155722.0,63731.0
2026-04-14 18:05:53.420695,737786,1609507447036047,5047006094,-0.769088,0.013664,0.74176,21.4375,-14.8925,-3.10625,-7.344,-3.256,25.792002,none,8,3.0,22558.0,148369.0,59060.0,155722.0,63731.0
2026-04-14 18:05:53.423207,737787,1609507447045001,5047014782,-0.769088,0.013664,0.74176,21.2275,-13.93875,-2.2225,-7.344,-3.256,25.792002,none,8,3.0,22558.0,148369.0,59060.0,155722.0,63731.0
2026-04-14 18:05:53.425728,737788,1609507447054098,5047023497,-0.778848,0.0488,0.778848,18.82125,-12.88875,-2.38875,-7.504,-3.96,24.392002,none,8,3.0,22558.0,148369.0,59060.0,155722.0,63731.0
2026-04-14 18:05:53.429436,737789,1609507447068699,5047038449,-0.778848,0.0488,0.778848,15.96875,-11.66375,-3.50875,-7.504,-3.96,24.392002,none,8,3.0,22558.0,148369.0,59060.0,155722.0,63731.0
2026-04-14 18:05:53.436959,737790,1609507447077632,5047047257,-0.825696,0.074176,0.739808,11.43625,-9.730001,-5.03125,-6.872,-4.672,23.312,none,8,3.0,22558.0,148369.0,59060.0,155722.0,63731.0
2026-04-14 18:05:53.453192,737791,1609507447092172,5047062156,-0.825696,0.050752,0.52704,8.365,-8.3125,-5.915,-6.664001,-4.776,25.416,none,8,3.0,22558.0,148369.0,59060.0,155722.0,63731.0
2026-04-14 18:05:53.488009,737802,1609507447101256,5047070936,-0.825696,0.050752,0.52704,5.78375,-6.90375,-6.97375,-6.664001,-4.776,25.416,none,8,3.0,23299.0,144699.0,59739.0,150563.0,64305.0
2026-04-14 18:05:53.490585,737803,1609507447115872,5047085915,-0.84912,0.099552,0.55632,3.325,-5.76625,-7.44625,-6.664001,-4.888,24.088001,none,8,3.0,23299.0,144699.0,59739.0,150563.0,64305.0
2026-04-14 18:05:53.493001,737804,1609507447124837,5047094624,-0.84912,0.099552,0.55632,1.28625,-4.78625,-7.46375,-6.664001,-4.888,24.088001,none,8,3.0,23299.0,144699.0,59739.0,150563.0,64305.0
2026-04-14 18:05:53.495427,737805,1609507447133927,5047103470,-0.732,0.062464,0.61488,-2.135,-3.7625,-7.805,-7.024,-5.216,23.744001,none,8,3.0,23299.0,144699.0,59739.0,150563.0,64305.0
2026-04-14 18:05:53.508864,737806,1609507447148489,5047118429,-0.732,0.062464,0.61488,-8.00625,-2.5725,-7.16625,-7.024,-5.216,23.744001,none,8,3.0,23299.0,144699.0,59739.0,150563.0,64305.0
2026-04-14 18:05:53.518168,737807,1609507447157437,5047127138,-0.6832,0.091744,0.765184,-15.30375,-1.5925,-4.71625,-6.808,-5.096,23.544,none,8,3.0,23299.0,144699.0,59739.0,150563.0,64305.0
2026-04-14 18:05:53.531947,737808,1609507447172031,5047142090,-0.675392,0.037088,0.718336,-24.710001,-0.00875,-2.31,-6.648,-4.952,24.096,none,8,3.0,23299.0,144699.0,59739.0,150563.0,64305.0
2026-04-14 18:05:53.541539,737809,1609507447181162,5047150796,-0.675392,0.037088,0.718336,-35.035,0.6475,-2.205,-6.648,-4.952,24.096,none,8,3.0,23299.0,144699.0,59739.0,150563.0,64305.0
2026-04-14 18:05:53.550698,737810,1609507447190117,5047159504,-0.675392,0.037088,0.718336,-44.52,0.16625,-2.37125,-6.648,-4.952,24.096,none,8,3.0,23299.0,144699.0,59739.0,150563.0,64305.0
2026-04-14 18:05:53.580267,737821,1609507447204707,5047174747,-0.667584,0.023424,0.880352,-50.49625,-0.875,-2.05625,-6.496,-4.672,23.624,none,8,3.0,24485.0,146089.0,61965.0,151277.0,67297.0
2026-04-14 18:05:53.587859,737822,1609507447213752,5047183483,-0.755424,0.044896,0.763232,-53.235,-2.72125,-0.805,-7.088,-4.192,23.368002,none,8,3.0,24485.0,146089.0,61965.0,151277.0,67297.0
2026-04-14 18:05:53.590085,737823,1609507447228267,5047198399,-0.755424,0.044896,0.763232,-53.2525,-4.61125,0.7525,-7.088,-4.192,23.368002,none,8,3.0,24485.0,146089.0,61965.0,151277.0,67297.0
2026-04-14 18:05:53.597000,737824,1609507447237216,5047207113,-0.636352,0.033184,0.983808,-50.2775,-4.75125,1.09375,-7.736001,-3.84,23.928001,none,8,3.0,24485.0,146089.0,61965.0,151277.0,67297.0
2026-04-14 18:05:53.613289,737825,1609507447251831,5047222086,-0.636352,-0.044896,0.77104,-47.69625,-3.89375,2.24,-7.736001,-3.84,23.928001,none,8,3.0,24485.0,146089.0,61965.0,151277.0,67297.0
2026-04-14 18:05:53.623202,737826,1609507447260770,5047230816,-0.6344,-0.044896,0.77104,-47.11875,-2.485,2.975,-7.496,-3.848,24.256,none,8,3.0,24485.0,146089.0,61965.0,151277.0,67297.0
2026-04-14 18:05:53.630709,737827,1609507447269868,5047239513,-0.6344,-0.044896,0.77104,-46.08625,-1.77625,2.45875,-7.496,-3.848,24.256,none,8,3.0,24485.0,146089.0,61965.0,151277.0,67297.0
2026-04-14 18:05:53.645751,737828,1609507447284387,5047254401,-0.626592,-0.062464,0.894016,-41.615,0.65625,1.3125,-7.304,-3.552,22.672,none,8,3.0,24485.0,146089.0,61965.0,151277.0,67297.0
2026-04-14 18:05:53.653989,737829,1609507447293532,5047263134,-0.749568,-0.056608,0.700768,-34.15125,4.27875,0.0,-7.936,-2.792,24.456001,none,8,3.0,24485.0,146089.0,61965.0,151277.0,67297.0
2026-04-14 18:05:53.732834,737840,1609507447308172,5047278275,-0.749568,-0.056608,0.700768,-25.61125,5.50375,-2.21375,-7.936,-2.792,24.456001,none,8,3.0,27144.0,146766.0,66773.0,150470.0,73035.0
2026-04-14 18:05:53.735570,737841,1609507447317121,5047286979,-0.737856,-0.060512,0.5856,-18.5325,5.4075,-4.87375,-8.544001,-2.264,25.44,none,8,3.0,27144.0,146766.0,66773.0,150470.0,73035.0
2026-04-14 18:05:53.738223,737842,1609507447326026,5047295641,-0.737856,-0.060512,0.5856,-13.71125,6.30875,-7.945,-8.544001,-2.264,25.44,none,8,3.0,27144.0,146766.0,66773.0,150470.0,73035.0
2026-04-14 18:05:53.740783,737843,1609507447340628,5047310550,-0.685152,-0.011712,0.812032,-11.261251,6.93,-11.29625,-9.016001,-2.608,24.976002,none,8,3.0,27144.0,146766.0,66773.0,150470.0,73035.0
2026-04-14 18:05:53.743202,737844,1609507447349545,5047319234,-0.685152,-0.011712,0.812032,-9.45,7.1925,-13.5275,-9.016001,-2.608,24.976002,none,8,3.0,27144.0,146766.0,66773.0,150470.0,73035.0
2026-04-14 18:05:53.747378,737845,1609507447364065,5047334212,-0.7808,-0.003904,0.55632,-8.6275,6.37,-14.49,-8.616,-2.544,23.736002,none,8,3.0,27144.0,146766.0,66773.0,150470.0,73035.0
2026-04-14 18:05:53.747868,737846,1609507447373034,5047342950,-0.728096,-0.015616,0.534848,-6.2475,4.40125,-14.0,-6.568,-2.44,24.152,none,8,3.0,27144.0,146766.0,66773.0,150470.0,73035.0
2026-04-14 18:05:53.750143,737847,1609507447387541,5047357893,-0.728096,-0.015616,0.534848,-4.66375,4.33125,-13.76375,-8.088,-2.44,24.152,none,8,3.0,27144.0,146766.0,66773.0,150470.0,73035.0
2026-04-14 18:05:53.757532,737848,1609507447396479,5047366651,-0.730048,-0.00976,0.511424,-1.79375,5.67875,-12.845,-8.240001,-2.6,24.096,none,8,3.0,27144.0,146766.0,66773.0,150470.0,73035.0
2026-04-14 18:05:53.785234,737859,1609507447405496,5047375484,-0.730048,-0.00976,0.511424,0.35875,6.81625,-11.3575,-8.240001,-2.6,24.096,none,8,3.0,27034.0,147516.0,66566.0,150979.0,72924.0
2026-04-14 18:05:53.787797,737860,1609507447420062,5047388428,-0.794464,0.05856,0.669536,-0.4375,6.3525,-9.79125,-7.776001,-2.432,24.912,none,8,3.0,27034.0,147516.0,66566.0,150979.0,72924.0
2026-04-14 18:05:53.790091,737861,1609507447429263,5047399233,-0.794464,0.05856,0.669536,-4.095,4.78625,-8.1375,-7.776001,-2.432,24.912,none,8,3.0,27034.0,147516.0,66566.0,150979.0,72924.0
2026-04-14 18:05:53.804413,737862,1609507447443959,5047414157,-0.704672,0.005856,0.710528,-9.9575,1.9775,-5.66125,-7.24,-2.776,22.896002,none,8,3.0,27034.0,147516.0,66566.0,150979.0,72924.0
2026-04-14 18:05:53.814461,737863,1609507447453120,5047422847,-0.704672,0.005856,0.59536,-17.33375,-1.365,-2.96625,-7.24,-2.776,22.896002,none,8,3.0,27034.0,147516.0,66566.0,150979.0,72924.0
2026-04-14 18:05:53.823028,737864,1609507447462161,5047431534,-0.774944,-0.037088,0.59536,-24.57,-3.94625,-1.61875,-7.264,-2.816,24.368002,none,8,3.0,27034.0,147516.0,66566.0,150979.0,72924.0
2026-04-14 18:05:53.838301,737865,1609507447476680,5047446456,-0.679296,-0.085888,0.813984,-30.07375,-5.425,-0.72625,-6.808,-2.344,22.456001,none,8,3.0,27034.0,147516.0,66566.0,150979.0,72924.0
2026-04-14 18:05:53.845017,737866,1609507447485597,5047455139,-0.679296,-0.085888,0.813984,-31.64,-5.80125,0.1575,-6.808,-2.344,22.456001,none,8,3.0,27034.0,147516.0,66566.0,150979.0,72924.0
2026-04-14 18:05:53.885424,737877,1609507447500527,5047470230,-0.776896,-0.113216,0.609024,-29.4525,-4.9875,1.3125,-6.88,-1.92,22.424002,none,8,3.0,26986.0,150142.0,66438.0,153401.0,72886.0
2026-04-14 18:05:53.888187,737878,1609507447509511,5047478977,-0.776896,-0.113216,0.609024,-25.095,-3.85875,2.14375,-6.88,-1.92,22.424002,none,8,3.0,26986.0,150142.0,66438.0,153401.0,72886.0
2026-04-14 18:05:53.890767,737879,1609507447518549,5047487692,-0.689056,-0.171776,0.61488,-19.4075,-3.17625,3.31625,-6.816001,-1.84,22.488,none,8,3.0,26986.0,150142.0,66438.0,153401.0,72886.0
2026-04-14 18:05:53.893207,737880,1609507447533136,5047502721,-0.689056,-0.171776,0.61488,-14.805,-1.44375,3.01875,-6.816001,-1.84,22.488,none,8,3.0,26986.0,150142.0,66438.0,153401.0,72886.0
2026-04-14 18:05:53.905676,737881,1609507447542092,5047511423,-0.747616,-0.105408,0.710528,-8.47875,0.16625,3.33375,-6.656,-1.8,23.128,none,8,3.0,26986.0,150142.0,66438.0,153401.0,72886.0
2026-04-14 18:05:53.917852,737882,1609507447556618,5047526360,-0.739808,-0.12688,0.558272,-2.56375,2.6425,5.32875,-6.608,-1.664,22.352001,none,8,3.0,26986.0,150142.0,66438.0,153401.0,72886.0
2026-04-14 18:05:53.924256,737883,1609507447565614,5047535100,-0.739808,-0.12688,0.558272,4.31375,3.815,3.89375,-6.608,-1.664,22.352001,none,8,3.0,26986.0,150142.0,66438.0,153401.0,72886.0
2026-04-14 18:05:53.942692,737884,1609507447580107,5047550048,-0.755424,-0.005856,0.769088,7.2975,3.12375,4.0775,-6.416,-1.584,22.328001,none,8,3.0,26986.0,150142.0,66438.0,153401.0,72886.0
2026-04-14 18:05:53.950690,737885,1609507447589097,5047558750,-0.755424,-0.005856,0.769088,5.36375,-0.09625,5.5125,-6.416,-1.584,22.328001,none,8,3.0,26986.0,150142.0,66438.0,153401.0,72886.0
2026-04-14 18:05:53.957691,737886,1609507447598058,5047567492,-0.870592,0.031232,0.704672,-0.35875,-5.95,6.8075,-7.192,-1.32,23.696001,none,8,3.0,26986.0,150142.0,66438.0,153401.0,72886.0
2026-04-14 18:05:53.985313,737897,1609507447612754,5047582393,-0.870592,0.031232,0.704672,-8.51375,-11.698751,8.61875,-7.192,-1.32,23.696001,none,8,3.0,27289.0,150112.0,66974.0,153326.0,73500.0
2026-04-14 18:05:53.988157,737898,1609507447621791,5047591150,-0.730048,-0.044896,0.784704,-17.12375,-15.7325,10.57875,-7.232,-1.008,25.36,none,8,3.0,27289.0,150112.0,66974.0,153326.0,73500.0
2026-04-14 18:05:53.998192,737899,1609507447636327,5047606058,-0.718336,-0.115168,0.75152,-23.89625,-16.9225,11.50625,-6.792,-0.56,23.032001,none,8,3.0,27289.0,150112.0,66974.0,153326.0,73500.0
2026-04-14 18:05:54.034594,737900,1609507447645409,5047614749,-0.718336,-0.115168,0.75152,-27.81625,-15.54,12.55625,-6.792,-0.56,23.032001,none,8,3.0,27289.0,150112.0,66974.0,153326.0,73500.0
2026-04-14 18:05:54.036123,737901,1609507447654471,5047623469,-0.718336,-0.193248,0.540704,-30.87,-13.69375,12.39875,-6.792,-0.56,23.032001,none,8,3.0,27289.0,150112.0,66974.0,153326.0,73500.0
2026-04-14 18:05:54.037549,737902,1609507447668924,5047638399,-0.75152,-0.197152,0.540704,-32.1125,-12.1275,11.12125,-6.704001,-0.464,23.464,none,8,3.0,27289.0,150112.0,66974.0,153326.0,73500.0
2026-04-14 18:05:54.062622,737903,1609507447677835,5047647073,-0.730048,-0.197152,0.610976,-31.64,-10.823751,10.5875,-6.728,0.16,24.376001,none,8,3.0,27289.0,150112.0,66974.0,153326.0,73500.0
2026-04-14 18:05:54.088192,737904,1609507447692331,5047661987,-0.730048,-0.197152,0.610976,-28.630001,-9.77375,10.64,-6.728,0.16,24.376001,none,8,3.0,27289.0,150112.0,66974.0,153326.0,73500.0
2026-04-14 18:05:54.128960,737915,1609507447701804,5047670681,-0.733952,-0.177632,0.646112,-24.6575,-9.23125,10.75375,-7.480001,0.672,24.44,none,8,3.0,27705.0,149132.0,67650.0,152432.0,74331.0
2026-04-14 18:05:54.135597,737916,1609507447710833,5047679476,-0.733952,-0.177632,0.646112,-20.88625,-8.47875,11.34875,-7.480001,0.672,24.44,none,8,3.0,27705.0,149132.0,67650.0,152432.0,74331.0
2026-04-14 18:05:54.135703,737917,1609507447725654,5047694427,-0.691008,-0.169824,0.77104,-16.0125,-8.79375,12.145,-7.392,0.616,23.560001,none,8,3.0,27705.0,149132.0,67650.0,152432.0,74331.0
2026-04-14 18:05:54.136281,737918,1609507447735127,5047705188,-0.691008,-0.1464,0.792512,-12.18875,-8.58375,12.53,-7.392,0.616,23.560001,none,8,3.0,27705.0,149132.0,67650.0,152432.0,74331.0
2026-04-14 18:05:54.138791,737919,1609507447749664,5047718051,-0.696864,-0.1464,0.792512,-6.92125,-7.42,12.5125,-6.656,0.672,24.416,none,8,3.0,27705.0,149132.0,67650.0,152432.0,74331.0
2026-04-14 18:05:54.141342,737920,1609507447759004,5047728871,-0.776896,-0.111264,0.675392,-2.35375,-5.95,12.52125,-6.6,0.648,22.856,none,8,3.0,27705.0,149132.0,67650.0,152432.0,74331.0
2026-04-14 18:05:54.144258,737921,1609507447767926,5047737766,-0.776896,-0.111264,0.675392,1.35625,-4.43625,12.22375,-6.6,0.648,22.856,none,8,3.0,27705.0,149132.0,67650.0,152432.0,74331.0
2026-04-14 18:05:54.146786,737922,1609507447782477,5047752757,-0.706624,-0.12688,0.681248,2.0825,-3.5875,11.36625,-5.960001,1.176,23.608002,none,8,3.0,27705.0,149132.0,67650.0,152432.0,74331.0
2026-04-14 18:05:54.153062,737923,1609507447791469,5047761599,-0.706624,-0.12688,0.681248,1.1725,-4.7075,10.5875,-5.960001,1.176,23.608002,none,8,3.0,27705.0,149132.0,67650.0,152432.0,74331.0
2026-04-14 18:05:54.183797,737934,1609507447806156,5047774567,-0.69296,-0.16592,0.694912,2.30125,-3.75375,9.3975,-6.344,1.56,23.728,none,8,3.0,26439.0,149431.0,65360.0,153560.0,71825.0
2026-04-14 18:05:54.186606,737935,1609507447815510,5047785415,-0.69296,-0.10736,0.851072,5.7925,-0.1925,8.37375,-6.344,1.56,23.728,none,8,3.0,26439.0,149431.0,65360.0,153560.0,71825.0
2026-04-14 18:05:54.189440,737936,1609507447824489,5047794119,-0.6832,-0.10736,0.851072,8.00625,2.42375,8.12875,-5.912,1.352,23.872002,none,8,3.0,26439.0,149431.0,65360.0,153560.0,71825.0
2026-04-14 18:05:54.200664,737937,1609507447838987,5047809030,-0.70272,-0.093696,0.732,8.4,3.73625,7.74375,-5.944,1.6,24.168001,none,8,3.0,26439.0,149431.0,65360.0,153560.0,71825.0
2026-04-14 18:05:54.207718,737938,1609507447847923,5047817726,-0.70272,-0.093696,0.732,8.085,4.48,7.0525,-5.944,1.6,24.168001,none,8,3.0,26439.0,149431.0,65360.0,153560.0,71825.0
2026-04-14 18:05:54.222759,737939,1609507447862516,5047832619,-0.76128,-0.109312,0.620736,8.37375,4.68125,5.46875,-5.344,1.304,25.128,none,8,3.0,26439.0,149431.0,65360.0,153560.0,71825.0
2026-04-14 18:05:54.231281,737940,1609507447871487,5047841304,-0.76128,-0.109312,0.620736,9.1,5.06625,4.01625,-5.344,1.304,25.128,none,8,3.0,26439.0,149431.0,65360.0,153560.0,71825.0
2026-04-14 18:05:54.240630,737941,1609507447880471,5047850054,-0.782752,-0.128832,0.589504,11.6725,5.6175,2.45875,-5.168,1.8,24.656002,none,8,3.0,26439.0,149431.0,65360.0,153560.0,71825.0
2026-04-14 18:05:54.256990,737942,1609507447894982,5047864996,-0.782752,-0.128832,0.589504,15.23375,5.60875,1.18125,-5.168,1.8,24.656002,none,8,3.0,26439.0,149431.0,65360.0,153560.0,71825.0
2026-04-14 18:05:54.285661,737953,1609507447904176,5047873837,-0.753472,-0.095648,0.835456,20.23875,5.7575,-0.5075,-5.992,1.912,23.880001,none,8,3.0,23309.0,151005.0,59751.0,157124.0,65374.0
2026-04-14 18:05:54.288175,737954,1609507447918764,5047888791,-0.821792,-0.089792,0.591456,25.68125,6.86875,-2.14375,-5.056,1.0,24.12,none,8,3.0,23309.0,151005.0,59751.0,157124.0,65374.0
2026-04-14 18:05:54.290724,737955,1609507447927760,5047897509,-0.821792,-0.089792,0.591456,32.01625,7.86625,-3.73625,-5.056,1.0,24.12,none,8,3.0,23309.0,151005.0,59751.0,157124.0,65374.0
2026-04-14 18:05:54.303230,737956,1609507447942318,5047912525,-0.817888,-0.046848,0.786656,35.638752,7.9975,-6.335,-5.272,0.768,24.056002,none,8,3.0,23309.0,151005.0,59751.0,157124.0,65374.0
2026-04-14 18:05:54.314712,737957,1609507447951254,5047921241,-0.817888,-0.046848,0.786656,37.8525,8.54875,-9.28375,-5.272,0.768,24.056002,none,8,3.0,23309.0,151005.0,59751.0,157124.0,65374.0
2026-04-14 18:05:54.323584,737958,1609507447960182,5047929947,-0.831552,-0.00976,0.812032,41.53625,8.88125,-11.97,-5.464,0.36,24.568,none,8,3.0,23309.0,151005.0,59751.0,157124.0,65374.0
2026-04-14 18:05:54.336802,737959,1609507447974709,5047944955,-0.831552,-0.00976,0.812032,44.63375,9.5025,-13.886251,-5.464,0.36,24.568,none,8,3.0,23309.0,151005.0,59751.0,157124.0,65374.0
2026-04-14 18:05:54.344057,737960,1609507447983610,5047953642,-0.796416,-0.007808,0.677344,45.263752,11.7075,-15.18125,-5.464,-0.112,24.632002,none,8,3.0,23309.0,151005.0,59751.0,157124.0,65374.0
2026-04-14 18:05:54.360310,737961,1609507447998230,5047968566,-0.872544,0.070272,0.730048,44.3275,14.84875,-14.49,-6.072001,0.344,25.296001,none,8,3.0,23309.0,151005.0,59751.0,157124.0,65374.0
2026-04-14 18:05:54.388167,737972,1609507448007283,5047977312,-0.872544,0.070272,0.730048,39.515,15.75,-14.62125,-6.072001,0.344,25.296001,none,8,3.0,22552.0,148788.0,59506.0,157003.0,63269.0
2026-04-14 18:05:54.390297,737973,1609507448016309,5047986060,-0.872544,0.070272,0.730048,34.265,15.4875,-14.28875,-6.072001,0.344,25.296001,none,8,3.0,22552.0,148788.0,59506.0,157003.0,63269.0
2026-04-14 18:05:54.393199,737974,1609507448030840,5048001069,-0.813984,0.021472,0.786656,26.4425,16.3625,-13.6325,-6.072001,-0.512,25.808,none,8,3.0,22552.0,148788.0,59506.0,157003.0,63269.0
2026-04-14 18:05:54.420310,737975,1609507448039736,5048009764,-0.905728,-0.011712,0.599264,20.06375,15.89,-12.43375,-6.088,-0.272,25.672,none,8,3.0,22552.0,148788.0,59506.0,157003.0,63269.0
2026-04-14 18:05:54.445447,737976,1609507448054270,5048022634,-0.905728,-0.011712,0.599264,16.205,14.16625,-11.6375,-6.088,-0.272,25.672,none,8,3.0,22552.0,148788.0,59506.0,157003.0,63269.0
2026-04-14 18:05:54.447929,737977,1609507448063463,5048033376,-0.788608,-0.021472,0.837408,12.78375,11.4625,-11.4625,-6.152,-0.648,26.528002,none,8,3.0,22552.0,148788.0,59506.0,157003.0,63269.0
2026-04-14 18:05:54.463202,737978,1609507448077970,5048046340,-0.788608,-0.00976,0.788608,8.75875,11.1825,-10.78,-5.896,-0.144,25.232,none,8,3.0,22552.0,148788.0,59506.0,157003.0,63269.0
2026-04-14 18:05:54.465724,737979,1609507448087196,5048057107,-0.788608,-0.00976,0.788608,5.81875,10.45625,-9.1,-5.896,-0.144,25.232,none,8,3.0,22552.0,148788.0,59506.0,157003.0,63269.0
2026-04-14 18:05:54.467723,737980,1609507448096164,5048065811,-0.788608,-0.00976,0.788608,3.84125,10.35125,-8.26875,-5.896,-0.144,25.232,none,8,3.0,22552.0,148788.0,59506.0,157003.0,63269.0
2026-04-14 18:05:54.495723,737991,1609507448110672,5048081222,-0.804224,-0.033184,0.603168,4.33125,10.63125,-6.895,-6.712,-0.144,26.312002,none,8,3.0,23876.0,150789.0,61915.0,159609.0,66283.0
2026-04-14 18:05:54.498216,737992,1609507448119622,5048089922,-0.860832,-0.037088,0.515328,6.3175,10.4475,-5.03125,-6.752,-0.272,25.792002,none,8,3.0,23876.0,150789.0,61915.0,159609.0,66283.0
2026-04-14 18:05:54.502552,737993,1609507448134172,5048102838,-0.860832,-0.037088,0.515328,7.525,9.61625,-3.57,-6.752,-0.272,25.792002,none,8,3.0,23876.0,150789.0,61915.0,159609.0,66283.0
2026-04-14 18:05:54.506944,737994,1609507448143809,5048113597,-0.837408,-0.070272,0.609024,8.23375,9.12625,-1.86375,-6.04,-0.552,26.624,none,8,3.0,23876.0,150789.0,61915.0,159609.0,66283.0
2026-04-14 18:05:54.512612,737995,1609507448152773,5048122299,-0.837408,-0.070272,0.609024,9.17,8.19,-0.7525,-6.04,-0.552,26.624,none,8,3.0,23876.0,150789.0,61915.0,159609.0,66283.0
2026-04-14 18:05:54.530375,737996,1609507448167459,5048137224,-0.948672,-0.01952,0.501664,14.30625,7.58625,0.07875,-4.968,-1.336,25.560001,none,8,3.0,23876.0,150789.0,61915.0,159609.0,66283.0
2026-04-14 18:05:54.536654,737997,1609507448176394,5048145920,-0.948672,-0.01952,0.501664,20.553751,7.0525,0.86625,-4.968,-1.336,25.560001,none,8,3.0,23876.0,150789.0,61915.0,159609.0,66283.0
2026-04-14 18:05:54.552890,737998,1609507448190891,5048160817,-0.95648,0.076128,0.503616,24.35125,5.01375,1.33,-5.808,-1.136,28.52,none,8,3.0,23876.0,150789.0,61915.0,159609.0,66283.0
2026-04-14 18:05:54.558980,737999,1609507448199903,5048169555,-0.89792,0.119072,0.671488,22.19,2.555,1.82875,-5.104,-1.328,25.552002,none,8,3.0,23876.0,150789.0,61915.0,159609.0,66283.0
2026-04-14 18:05:54.587879,738010,1609507448209051,5048178362,-0.89792,0.119072,0.671488,16.49375,1.00625,2.8875,-5.104,-1.328,25.552002,none,8,3.0,23491.0,154598.0,60631.0,163645.0,65933.0
2026-04-14 18:05:54.592102,738011,1609507448223684,5048193361,-0.792512,0.074176,0.691008,11.480001,0.525,3.5175,-5.2,-1.656,25.28,none,8,3.0,23491.0,154598.0,60631.0,163645.0,65933.0
2026-04-14 18:05:54.592721,738012,1609507448232642,5048202066,-0.792512,0.074176,0.691008,7.42875,-0.49,3.36875,-5.2,-1.656,25.28,none,8,3.0,23491.0,154598.0,60631.0,163645.0,65933.0
2026-04-14 18:05:54.608962,738013,1609507448247153,5048217003,-0.81008,0.093696,0.737856,4.01625,-1.02375,3.0625,-4.8,-1.8,25.336,none,8,3.0,23491.0,154598.0,60631.0,163645.0,65933.0
2026-04-14 18:05:54.616474,738014,1609507448256088,5048225686,-0.81008,0.093696,0.737856,-0.16625,-3.6925,2.17875,-4.8,-1.8,25.336,none,8,3.0,23491.0,154598.0,60631.0,163645.0,65933.0
2026-04-14 18:05:54.630315,738015,1609507448270584,5048240667,-0.798368,0.005856,0.593408,-6.58,-5.8275,0.35,-5.2,-1.56,26.560001,none,8,3.0,23491.0,154598.0,60631.0,163645.0,65933.0
2026-04-14 18:05:54.640380,738016,1609507448279493,5048249350,-0.841312,0.033184,0.571936,-8.3125,-6.2125,1.40875,-4.968,-1.968,25.824001,none,8,3.0,23491.0,154598.0,60631.0,163645.0,65933.0
2026-04-14 18:05:54.666727,738017,1609507448288506,5048258078,-0.841312,0.033184,0.571936,-6.405,-6.125,1.46125,-4.968,-1.968,25.824001,none,8,3.0,23491.0,154598.0,60631.0,163645.0,65933.0
2026-04-14 18:05:54.705231,738028,1609507448303017,5048272895,-0.841312,0.060512,0.757376,-6.8425,-7.2975,0.4375,-6.856,-1.592,26.456001,none,8,3.0,23216.0,155063.0,60039.0,164147.0,65553.0
2026-04-14 18:05:54.707592,738029,1609507448312004,5048281616,-0.841312,0.060512,0.757376,-9.38875,-8.91625,0.5075,-6.856,-1.592,26.456001,none,8,3.0,23216.0,155063.0,60039.0,164147.0,65553.0
2026-04-14 18:05:54.710238,738030,1609507448326509,5048296598,-0.81008,0.027328,0.720288,-10.4825,-9.58125,0.4375,-5.952,-1.304,26.504002,none,8,3.0,23216.0,155063.0,60039.0,164147.0,65553.0
2026-04-14 18:05:54.712755,738031,1609507448335448,5048305326,-0.81008,0.027328,0.720288,-11.1125,-9.8525,-0.42875,-5.952,-1.304,26.504002,none,8,3.0,23216.0,155063.0,60039.0,164147.0,65553.0
2026-04-14 18:05:54.715175,738032,1609507448349963,5048320210,-0.895968,0.033184,0.632448,-12.705,-10.50875,-1.04125,-6.248,-1.168,26.328001,none,8,3.0,23216.0,155063.0,60039.0,164147.0,65553.0
2026-04-14 18:05:54.719029,738033,1609507448358926,5048328934,-0.895968,0.015616,0.735904,-14.84,-11.24375,-1.53125,-6.248,-1.168,26.328001,none,8,3.0,23216.0,155063.0,60039.0,164147.0,65553.0
2026-04-14 18:05:54.729389,738034,1609507448368079,5048337637,-0.876448,0.015616,0.735904,-15.9775,-12.005,-1.26,-5.936,-0.832,26.080002,none,8,3.0,23216.0,155063.0,60039.0,164147.0,65553.0
2026-04-14 18:05:54.744518,738035,1609507448382607,5048352677,-0.79056,-0.0488,0.689056,-16.66875,-12.53875,-1.19875,-6.736001,-0.888,25.160002,none,8,3.0,23216.0,155063.0,60039.0,164147.0,65553.0
2026-04-14 18:05:54.751952,738036,1609507448391560,5048361385,-0.79056,-0.0488,0.689056,-16.84375,-13.895,-2.03,-6.736001,-0.888,25.160002,none,8,3.0,23216.0,155063.0,60039.0,164147.0,65553.0
2026-04-14 18:05:54.833241,738047,1609507448406643,5048376373,-0.808128,-0.033184,0.802272,-18.445,-15.74125,-2.79125,-6.08,-0.632,24.256,none,8,3.0,23320.0,155318.0,60211.0,164402.0,65773.0
2026-04-14 18:05:54.835728,738048,1609507448415641,5048385107,-0.808128,-0.033184,0.802272,-22.8725,-17.28125,-5.285,-6.08,-0.632,24.256,none,8,3.0,23320.0,155318.0,60211.0,164402.0,65773.0
2026-04-14 18:05:54.837815,738049,1609507448424647,5048393854,-0.796416,-0.095648,0.696864,-28.4725,-17.54375,-7.8225,-7.448,0.136,26.216002,none,8,3.0,23320.0,155318.0,60211.0,164402.0,65773.0
2026-04-14 18:05:54.843283,738050,1609507448439120,5048408747,-0.796416,-0.095648,0.571936,-33.04,-17.24625,-10.66625,-7.448,0.136,26.216002,none,8,3.0,23320.0,155318.0,60211.0,164402.0,65773.0
2026-04-14 18:05:54.845774,738051,1609507448448070,5048417455,-0.80032,-0.142496,0.571936,-37.2575,-17.43,-12.85375,-7.136,0.872,26.12,none,8,3.0,23320.0,155318.0,60211.0,164402.0,65773.0
2026-04-14 18:05:54.848181,738052,1609507448462584,5048432370,-0.812032,-0.15616,0.661728,-38.8325,-17.115,-15.02375,-7.856,0.872,27.016,none,8,3.0,23320.0,155318.0,60211.0,164402.0,65773.0
2026-04-14 18:05:54.850753,738053,1609507448471511,5048441068,-0.812032,-0.15616,0.661728,-37.94875,-15.95125,-18.08625,-7.856,0.872,27.016,none,8,3.0,23320.0,155318.0,60211.0,164402.0,65773.0
2026-04-14 18:05:54.853274,738054,1609507448480462,5048449791,-0.708576,-0.201056,0.763232,-34.44,-13.9475,-20.15125,-8.280001,1.08,26.024002,none,8,3.0,23320.0,155318.0,60211.0,164402.0,65773.0
2026-04-14 18:05:54.855270,738055,1609507448495017,5048464774,-0.708576,-0.201056,0.763232,-27.685,-11.3575,-20.8775,-8.280001,1.08,26.024002,none,8,3.0,23320.0,155318.0,60211.0,164402.0,65773.0
2026-04-14 18:05:54.889305,738066,1609507448503992,5048473662,-0.710528,-0.162016,0.691008,-21.525,-9.1875,-20.4925,-7.616,1.528,25.968,none,8,3.0,24274.0,156369.0,61917.0,165269.0,67276.0
2026-04-14 18:05:54.891421,738067,1609507448518755,5048488622,-0.710528,-0.162016,0.691008,-19.3375,-7.14875,-19.45125,-7.616,1.528,25.968,none,8,3.0,24274.0,156369.0,61917.0,165269.0,67276.0
2026-04-14 18:05:54.894368,738068,1609507448527843,5048497330,-0.794464,-0.083936,0.61488,-22.435,-4.27,-19.3725,-7.096,1.28,23.840002,none,8,3.0,24274.0,156369.0,61917.0,165269.0,67276.0
2026-04-14 18:05:54.901393,738069,1609507448542401,5048512211,-0.796416,-0.158112,0.521184,-27.9825,-2.3975,-21.55125,-7.112001,1.592,24.408,none,8,3.0,24274.0,156369.0,61917.0,165269.0,67276.0
2026-04-14 18:05:54.910584,738070,1609507448551371,5048520969,-0.796416,-0.158112,0.521184,-31.38625,-0.07875,-23.87875,-7.112001,1.592,24.408,none,8,3.0,24274.0,156369.0,61917.0,165269.0,67276.0
2026-04-14 18:05:54.920697,738071,1609507448560309,5048529676,-0.796416,-0.140544,0.523136,-32.66375,1.9075,-25.69,-7.112001,1.592,24.408,none,8,3.0,24274.0,156369.0,61917.0,165269.0,67276.0
2026-04-14 18:05:54.935708,738072,1609507448574839,5048544549,-0.837408,-0.140544,0.523136,-31.94625,3.535,-24.710001,-7.84,2.152,23.904001,none,8,3.0,24274.0,156369.0,61917.0,165269.0,67276.0
2026-04-14 18:05:54.948183,738073,1609507448583797,5048553223,-0.821792,-0.128832,0.530944,-32.4975,3.8675,-22.925,-7.000001,1.944,24.536001,none,8,3.0,24274.0,156369.0,61917.0,165269.0,67276.0
2026-04-14 18:05:54.959478,738074,1609507448598387,5048568123,-0.821792,-0.128832,0.530944,-35.91,4.06875,-22.925,-7.000001,1.944,24.536001,none,8,3.0,24274.0,156369.0,61917.0,165269.0,67276.0
2026-04-14 18:05:54.992251,738085,1609507448607763,5048576871,-0.788608,-0.181536,0.642208,-38.885,5.39,-23.7475,-7.016,2.512,22.112001,none,8,3.0,26548.0,154026.0,66125.0,162678.0,71446.0
2026-04-14 18:05:54.993988,738086,1609507448616755,5048585637,-0.788608,-0.181536,0.642208,-38.71,7.5075,-23.835001,-7.016,2.512,22.112001,none,8,3.0,26548.0,154026.0,66125.0,162678.0,71446.0
2026-04-14 18:05:54.996259,738087,1609507448631909,5048600591,-0.853024,-0.197152,0.445056,-34.763752,10.50875,-20.97375,-6.632,2.488,24.176,none,8,3.0,26548.0,154026.0,66125.0,162678.0,71446.0
2026-04-14 18:05:55.003739,738088,1609507448641372,5048611423,-0.919392,-0.17568,0.406016,-29.11125,13.5975,-17.4125,-6.464,2.592,25.904001,none,8,3.0,26548.0,154026.0,66125.0,162678.0,71446.0
2026-04-14 18:05:55.011327,738089,1609507448650304,5048620156,-0.919392,-0.17568,0.406016,-21.39375,16.91375,-16.35375,-6.464,2.592,25.904001,none,8,3.0,26548.0,154026.0,66125.0,162678.0,71446.0
2026-04-14 18:05:55.027051,738090,1609507448664868,5048635083,-0.870592,-0.081984,0.464576,-16.66,18.87375,-10.68375,-5.904,2.44,23.912,none,8,3.0,26548.0,154026.0,66125.0,162678.0,71446.0
2026-04-14 18:05:55.034166,738091,1609507448673818,5048643774,-0.870592,-0.081984,0.464576,-18.9875,17.491251,-4.43625,-5.904,2.44,23.912,none,8,3.0,26548.0,154026.0,66125.0,162678.0,71446.0
2026-04-14 18:05:55.051934,738092,1609507448688372,5048658655,-0.813984,-0.158112,0.601216,-21.04375,16.31,-5.18875,-7.192,2.696,24.920002,none,8,3.0,26548.0,154026.0,66125.0,162678.0,71446.0
2026-04-14 18:05:55.057761,738093,1609507448697459,5048667312,-0.813984,-0.158112,0.601216,-20.86875,14.84875,-4.13875,-7.192,2.696,24.920002,none,8,3.0,26548.0,154026.0,66125.0,162678.0,71446.0
2026-04-14 18:05:55.089363,738104,1609507448712041,5048682281,-0.864736,-0.11712,0.55632,-16.35375,14.9975,0.4025,-5.416,2.232,23.808,none,8,3.0,24115.0,153472.0,62055.0,162125.0,66718.0
2026-04-14 18:05:55.091234,738105,1609507448721006,5048691227,-0.864736,-0.11712,0.774944,-13.37875,12.87125,4.0075,-5.416,2.232,23.808,none,8,3.0,24115.0,153472.0,62055.0,162125.0,66718.0
2026-04-14 18:05:55.094325,738106,1609507448729976,5048699958,-0.79056,-0.0488,0.774944,-17.8675,10.0625,6.64125,-6.28,2.504,23.2,none,8,3.0,24115.0,153472.0,62055.0,162125.0,66718.0
2026-04-14 18:05:55.105526,738107,1609507448744574,5048714947,-0.679296,-0.083936,0.890112,-28.35875,7.04375,7.7525,-6.048,1.88,23.920002,none,8,3.0,24115.0,153472.0,62055.0,162125.0,66718.0
2026-04-14 18:05:55.115612,738108,1609507448753513,5048723625,-0.679296,-0.083936,0.890112,-40.8275,4.375,7.44625,-6.048,1.88,23.920002,none,8,3.0,24115.0,153472.0,62055.0,162125.0,66718.0
2026-04-14 18:05:55.128200,738109,1609507448768011,5048736446,-0.67344,-0.181536,0.880352,-47.9325,2.79125,5.985,-5.912,2.296,23.768002,none,8,3.0,24115.0,153472.0,62055.0,162125.0,66718.0
2026-04-14 18:05:55.159637,738110,1609507448777253,5048747265,-0.67344,-0.181536,0.880352,-49.6825,2.3975,4.76,-5.912,2.296,23.768002,none,8,3.0,24115.0,153472.0,62055.0,162125.0,66718.0
2026-04-14 18:05:55.163977,738111,1609507448786185,5048755962,-0.657824,-0.206912,0.7808,-46.69875,2.66875,1.9775,-5.312,2.008,22.552002,none,8,3.0,24115.0,153472.0,62055.0,162125.0,66718.0
2026-04-14 18:05:55.164127,738112,1609507448800801,5048770860,-0.657824,-0.206912,0.7808,-40.3025,2.61625,-1.21625,-5.312,2.008,22.552002,none,8,3.0,24115.0,153472.0,62055.0,162125.0,66718.0
2026-04-14 18:05:55.211630,738123,1609507448810449,5048779636,-0.558272,-0.206912,0.704672,-32.83,2.91375,-4.06875,-5.232,1.848,22.192001,none,8,3.0,24983.0,147391.0,62632.0,152894.0,68095.0
2026-04-14 18:05:55.214439,738124,1609507448824961,5048794558,-0.661728,-0.138592,0.769088,-28.83125,4.87375,-6.6325,-5.128,1.64,22.328001,none,8,3.0,24983.0,147391.0,62632.0,152894.0,68095.0
2026-04-14 18:05:55.216528,738125,1609507448833914,5048803255,-0.661728,-0.138592,0.769088,-24.15875,7.30625,-10.167501,-5.128,1.64,22.328001,none,8,3.0,24983.0,147391.0,62632.0,152894.0,68095.0
2026-04-14 18:05:55.219094,738126,1609507448842961,5048812013,-0.737856,-0.080032,0.60512,-18.8125,9.16125,-13.23875,-5.368,2.184,20.400002,none,8,3.0,24983.0,147391.0,62632.0,152894.0,68095.0
2026-04-14 18:05:55.221574,738127,1609507448857591,5048827033,-0.737856,-0.080032,0.60512,-14.5775,10.66625,-14.84,-5.368,2.184,20.400002,none,8,3.0,24983.0,147391.0,62632.0,152894.0,68095.0
2026-04-14 18:05:55.226735,738128,1609507448866607,5048835786,-0.755424,-0.056608,0.65392,-12.60875,9.7825,-15.627501,-5.256,2.536,22.256,none,8,3.0,24983.0,147391.0,62632.0,152894.0,68095.0
2026-04-14 18:05:55.241650,738129,1609507448881121,5048850669,-0.755424,-0.056608,0.65392,-11.9525,6.2125,-14.02625,-5.256,2.536,22.256,none,8,3.0,24983.0,147391.0,62632.0,152894.0,68095.0
2026-04-14 18:05:55.250767,738130,1609507448890083,5048859428,-0.732,-0.10736,0.622688,-12.18,3.4125,-10.7975,-5.384,2.696,20.848001,none,8,3.0,24983.0,147391.0,62632.0,152894.0,68095.0
2026-04-14 18:05:55.268105,738131,1609507448904579,5048874364,-0.689056,-0.210816,0.677344,-17.50875,-1.33875,-10.01875,-5.392,3.008,24.68,none,8,3.0,24983.0,147391.0,62632.0,152894.0,68095.0
2026-04-14 18:05:55.328239,738143,1609507448913609,5048883175,-0.689056,-0.210816,0.677344,-26.31125,-4.87375,-10.2375,-5.392,3.008,24.68,none,8,3.0,27486.0,145819.0,66984.0,149579.0,73115.0
2026-04-14 18:05:55.330750,738144,1609507448922624,5048891936,-0.689056,-0.25376,0.755424,-29.54,-4.96125,-11.025,-5.392,3.008,24.68,none,8,3.0,27486.0,145819.0,66984.0,149579.0,73115.0
2026-04-14 18:05:55.333239,738145,1609507448937148,5048906892,-0.671488,-0.25376,0.755424,-26.775,-3.12375,-11.06875,-6.392,4.024,24.152,none,8,3.0,27486.0,145819.0,66984.0,149579.0,73115.0
2026-04-14 18:05:55.335745,738146,1609507448946107,5048915668,-0.778848,-0.212768,0.69296,-22.04125,-1.3475,-11.1125,-6.368001,4.32,23.52,none,8,3.0,27486.0,145819.0,66984.0,149579.0,73115.0
2026-04-14 18:05:55.338217,738147,1609507448960755,5048930607,-0.778848,-0.212768,0.69296,-15.715,0.14875,-9.1875,-6.368001,4.32,23.52,none,8,3.0,27486.0,145819.0,66984.0,149579.0,73115.0
2026-04-14 18:05:55.344363,738148,1609507448969704,5048939350,-0.714432,-0.216672,0.65392,-8.4,1.225,-5.50375,-6.248,4.496,22.400002,none,8,3.0,27486.0,145819.0,66984.0,149579.0,73115.0
2026-04-14 18:05:55.344808,738149,1609507448978718,5048948106,-0.714432,-0.216672,0.65392,-5.6875,2.21375,-4.27875,-6.248,4.496,22.400002,none,8,3.0,27486.0,145819.0,66984.0,149579.0,73115.0
2026-04-14 18:05:55.353786,738150,1609507448993221,5048962993,-0.691008,-0.232288,0.5368,-4.13,2.8875,-2.625,-5.2,4.76,22.456001,none,8,3.0,27486.0,145819.0,66984.0,149579.0,73115.0
2026-04-14 18:05:55.361890,738151,1609507449002172,5048971715,-0.691008,-0.232288,0.5368,-0.48125,3.1325,0.28,-5.2,4.76,22.456001,none,8,3.0,27486.0,145819.0,66984.0,149579.0,73115.0
2026-04-14 18:05:55.394472,738162,1609507449017336,5048987213,-0.7808,-0.179584,0.398208,2.45875,3.00125,2.21375,-5.32,4.568,23.12,none,8,3.0,28035.0,146709.0,67967.0,150029.0,74231.0
2026-04-14 18:05:55.396979,738163,1609507449026399,5048995964,-0.786656,-0.130784,0.45872,2.4675,1.89,4.68125,-5.776001,5.544,24.792002,none,8,3.0,28035.0,146709.0,67967.0,150029.0,74231.0
2026-04-14 18:05:55.399468,738164,1609507449035354,5049004674,-0.786656,-0.130784,0.45872,1.82875,0.63,6.57125,-5.776001,5.544,24.792002,none,8,3.0,28035.0,146709.0,67967.0,150029.0,74231.0
2026-04-14 18:05:55.410695,738165,1609507449049944,5049019617,-0.774944,-0.113216,0.597312,0.49,0.14875,7.735,-6.4,5.896,24.856,none,8,3.0,28035.0,146709.0,67967.0,150029.0,74231.0
2026-04-14 18:05:55.418198,738166,1609507449058878,5049028360,-0.774944,-0.113216,0.597312,-0.98875,0.0875,8.33875,-6.4,5.896,24.856,none,8,3.0,28035.0,146709.0,67967.0,150029.0,74231.0
2026-04-14 18:05:55.433240,738167,1609507449073427,5049043251,-0.827648,-0.1952,0.456768,-2.38875,-1.89,9.415,-5.12,4.768,22.712002,none,8,3.0,28035.0,146709.0,67967.0,150029.0,74231.0
2026-04-14 18:05:55.444421,738168,1609507449082378,5049051936,-0.827648,-0.1952,0.456768,-2.59875,-5.74,10.465,-5.12,4.768,22.712002,none,8,3.0,28035.0,146709.0,67967.0,150029.0,74231.0
2026-04-14 18:05:55.457730,738169,1609507449096869,5049066863,-0.88816,-0.21472,0.57584,0.81375,-11.3575,13.16,-4.528,5.072,18.512001,none,8,3.0,28035.0,146709.0,67967.0,150029.0,74231.0
2026-04-14 18:05:55.465356,738170,1609507449105808,5049075586,-0.767136,-0.28304,0.530944,5.915,-14.9975,15.995,-4.48,4.976,22.144001,none,8,3.0,28035.0,146709.0,67967.0,150029.0,74231.0
2026-04-14 18:05:55.495683,738181,1609507449114853,5049084350,-0.767136,-0.28304,0.530944,14.16625,-14.81375,17.745,-4.48,4.976,22.144001,none,8,3.0,24109.0,153643.0,61206.0,158635.0,66687.0
2026-04-14 18:05:55.497833,738182,1609507449129413,5049099284,-0.782752,-0.255712,0.593408,24.22875,-11.445,19.215,-4.128,4.904,24.352001,none,8,3.0,24109.0,153643.0,61206.0,158635.0,66687.0
2026-04-14 18:05:55.523240,738183,1609507449138467,5049108071,-0.782752,-0.255712,0.593408,35.11375,-8.61,20.01125,-4.128,4.904,24.352001,none,8,3.0,24109.0,153643.0,61206.0,158635.0,66687.0
2026-04-14 18:05:55.548103,738184,1609507449152992,5049122997,-0.823744,-0.238144,0.706624,42.83125,-6.5625,19.55625,-4.728,4.376,24.312,none,8,3.0,24109.0,153643.0,61206.0,158635.0,66687.0
2026-04-14 18:05:55.560173,738185,1609507449161910,5049131678,-0.823744,-0.238144,0.706624,47.18875,-6.3175,18.095,-4.728,4.376,24.312,none,8,3.0,24109.0,153643.0,61206.0,158635.0,66687.0
2026-04-14 18:05:55.563058,738186,1609507449176456,5049146542,-0.769088,-0.210816,0.950624,51.45,-6.76375,18.50625,-4.888,3.928,24.904001,none,8,3.0,24109.0,153643.0,61206.0,158635.0,66687.0
2026-04-14 18:05:55.565595,738187,1609507449185447,5049155225,-0.845216,-0.160064,0.745664,56.58625,-7.595,19.678751,-5.072,3.344,25.752,none,8,3.0,24109.0,153643.0,61206.0,158635.0,66687.0
2026-04-14 18:05:55.568139,738188,1609507449194366,5049163895,-0.845216,-0.160064,0.745664,63.44625,-9.24875,20.22125,-5.072,3.344,25.752,none,8,3.0,24109.0,153643.0,61206.0,158635.0,66687.0
2026-04-14 18:05:55.598209,738199,1609507449209010,5049178863,-0.823744,-0.070272,0.765184,68.04875,-7.84,20.6675,-5.472,2.904,25.624,none,8,3.0,23759.0,149232.0,60495.0,154366.0,65974.0
2026-04-14 18:05:55.600717,738200,1609507449218530,5049187658,-0.823744,-0.070272,0.765184,61.71375,-6.02875,19.0575,-5.472,2.904,25.624,none,8,3.0,23759.0,149232.0,60495.0,154366.0,65974.0
2026-04-14 18:05:55.603148,738201,1609507449233114,5049202554,-0.747616,-0.115168,0.792512,45.54375,-4.69,14.735,-5.312,3.152,26.432001,none,8,3.0,23759.0,149232.0,60495.0,154366.0,65974.0
2026-04-14 18:05:55.605698,738202,1609507449242053,5049211238,-0.747616,-0.115168,0.792512,33.6525,-0.04375,12.985,-5.312,3.152,26.432001,none,8,3.0,23759.0,149232.0,60495.0,154366.0,65974.0
2026-04-14 18:05:55.610729,738203,1609507449251109,5049219956,-0.759328,-0.08784,0.794464,25.7775,5.31125,12.6525,-6.448,3.216,26.760002,none,8,3.0,23759.0,149232.0,60495.0,154366.0,65974.0
2026-04-14 18:05:55.627401,738204,1609507449265594,5049235060,-0.837408,-0.085888,0.618784,23.87875,8.07625,10.4125,-5.4,2.408,24.104002,none,8,3.0,23759.0,149232.0,60495.0,154366.0,65974.0
2026-04-14 18:05:55.634531,738205,1609507449274522,5049243770,-0.837408,-0.085888,0.618784,25.10375,9.61625,8.86375,-5.4,2.408,24.104002,none,8,3.0,23759.0,149232.0,60495.0,154366.0,65974.0
2026-04-14 18:05:55.650554,738206,1609507449289052,5049258668,-0.806176,-0.105408,0.530944,25.655,10.43,8.16375,-4.624,2.176,25.080002,none,8,3.0,23759.0,149232.0,60495.0,154366.0,65974.0
2026-04-14 18:05:55.657554,738207,1609507449297976,5049267361,-0.806176,-0.105408,0.530944,25.5325,9.765,6.51,-4.624,2.176,25.080002,none,8,3.0,23759.0,149232.0,60495.0,154366.0,65974.0
2026-04-14 18:05:55.668138,738208,1609507449307064,5049276111,-0.831552,-0.076128,0.474336,25.52375,9.05625,6.13375,-6.072001,2.416,26.144001,none,8,3.0,23759.0,149232.0,60495.0,154366.0,65974.0
2026-04-14 18:05:55.698137,738219,1609507449321687,5049291198,-0.831552,-0.076128,0.474336,25.55,7.27125,5.7225,-6.072001,2.416,26.144001,none,8,3.0,23160.0,146434.0,59479.0,152903.0,63636.0
2026-04-14 18:05:55.700704,738220,1609507449330718,5049299982,-0.901824,-0.033184,0.480192,23.695,4.165,3.50875,-6.472,2.288,26.944002,none,8,3.0,23160.0,146434.0,59479.0,152903.0,63636.0
2026-04-14 18:05:55.704420,738221,1609507449345261,5049314972,-0.901824,-0.017568,0.704672,18.87375,0.51625,-0.0875,-6.472,2.288,26.944002,none,8,3.0,23160.0,146434.0,59479.0,152903.0,63636.0
2026-04-14 18:05:55.715489,738222,1609507449354201,5049323713,-0.845216,-0.021472,0.704672,11.095,-3.35125,-3.0975,-6.000001,2.76,27.984001,none,8,3.0,23160.0,146434.0,59479.0,152903.0,63636.0
2026-04-14 18:05:55.730637,738223,1609507449368717,5049338609,-0.81008,-0.060512,0.57584,4.40125,-5.5475,-4.90875,-5.456,1.872,25.736002,none,8,3.0,23160.0,146434.0,59479.0,152903.0,63636.0
2026-04-14 18:05:55.738057,738224,1609507449377680,5049347308,-0.81008,-0.060512,0.57584,0.3325,-6.01125,-5.80125,-5.456,1.872,25.736002,none,8,3.0,23160.0,146434.0,59479.0,152903.0,63636.0
2026-04-14 18:05:55.745668,738225,1609507449386684,5049356043,-0.81984,0.005856,0.753472,-2.87875,-2.91375,-7.4025,-5.336,2.16,24.384,none,8,3.0,23160.0,146434.0,59479.0,152903.0,63636.0
2026-04-14 18:05:55.761947,738226,1609507449401213,5049370949,-0.81984,0.005856,0.753472,-3.64875,1.30375,-8.33,-5.336,2.16,24.384,none,8,3.0,23160.0,146434.0,59479.0,152903.0,63636.0
2026-04-14 18:05:55.793073,738237,1609507449410140,5049379705,-0.841312,-0.031232,0.81008,-6.81625,5.5125,-11.585,-5.336,2.32,26.112001,none,8,3.0,24577.0,145394.0,62338.0,152356.0,65495.0
2026-04-14 18:05:55.798273,738238,1609507449425094,5049394663,-0.841312,-0.031232,0.81008,-9.5375,7.93625,-12.81,-5.336,2.32,26.112001,none,8,3.0,24577.0,145394.0,62338.0,152356.0,65495.0
2026-04-14 18:05:55.802254,738239,1609507449434074,5049403412,-0.808128,-0.13664,0.710528,-9.00375,9.2225,-10.28125,-5.552,2.512,24.960001,none,8,3.0,24577.0,145394.0,62338.0,152356.0,65495.0
2026-04-14 18:05:55.803024,738240,1609507449443056,5049412137,-0.808128,-0.13664,0.710528,-9.30125,8.33875,-8.02375,-5.552,2.512,24.960001,none,8,3.0,24577.0,145394.0,62338.0,152356.0,65495.0
2026-04-14 18:05:55.818028,738241,1609507449457636,5049427007,-0.823744,-0.218624,0.54656,-5.03125,9.6775,-4.08625,-5.392,2.52,25.976002,none,8,3.0,24577.0,145394.0,62338.0,152356.0,65495.0
2026-04-14 18:05:55.825188,738242,1609507449466581,5049435797,-0.903776,-0.007808,0.651968,6.13375,13.93875,0.95375,-5.392,2.264,27.048,none,8,3.0,24577.0,145394.0,62338.0,152356.0,65495.0
2026-04-14 18:05:55.840726,738243,1609507449481167,5049450857,-0.903776,-0.007808,0.651968,16.77375,16.79125,0.4375,-5.144,2.264,27.048,none,8,3.0,24577.0,145394.0,62338.0,152356.0,65495.0
2026-04-14 18:05:55.852032,738244,1609507449490321,5049459702,-0.964288,-0.003904,0.59536,20.67625,16.33625,-3.22875,-4.712,1.968,26.288002,none,8,3.0,24577.0,145394.0,62338.0,152356.0,65495.0
2026-04-14 18:05:55.859564,738245,1609507449499361,5049468404,-0.964288,-0.003904,0.59536,11.99625,10.80625,-3.465,-4.712,1.968,26.288002,none,8,3.0,24577.0,145394.0,62338.0,152356.0,65495.0
2026-04-14 18:05:55.966635,738256,1609507449514401,5049483812,-0.854976,-0.091744,0.443104,2.28375,6.8775,1.925,-5.536,2.584,26.44,none,8,3.0,24517.0,146797.0,62666.0,154062.0,65657.0
2026-04-14 18:05:55.969046,738257,1609507449523375,5049492584,-0.854976,-0.091744,0.443104,1.6275,6.405,4.9875,-5.536,2.584,26.44,none,8,3.0,24517.0,146797.0,62666.0,154062.0,65657.0
2026-04-14 18:05:55.971633,738258,1609507449537884,5049507517,-0.84912,-0.124928,0.544608,0.1925,5.43375,0.83125,-5.312,2.44,27.536001,none,8,3.0,24517.0,146797.0,62666.0,154062.0,65657.0
2026-04-14 18:05:55.974167,738259,1609507449546984,5049516249,-0.979904,-0.037088,0.50752,3.9725,6.0725,1.46125,-5.312,2.536,24.256,none,8,3.0,24517.0,146797.0,62666.0,154062.0,65657.0
2026-04-14 18:05:55.976612,738260,1609507449555884,5049524957,-0.979904,-0.037088,0.50752,6.8425,3.605,2.065,-5.944,2.536,24.256,none,8,3.0,24517.0,146797.0,62666.0,154062.0,65657.0
2026-04-14 18:05:55.979041,738261,1609507449570568,5049539959,-0.880352,-0.052704,0.540704,4.10375,-0.2275,1.575,-4.936,2.152,26.416,none,8,3.0,24517.0,146797.0,62666.0,154062.0,65657.0
2026-04-14 18:05:55.981638,738262,1609507449579638,5049548705,-0.880352,-0.052704,0.540704,0.385,-3.1675,2.6075,-4.936,2.152,26.416,none,8,3.0,24517.0,146797.0,62666.0,154062.0,65657.0
2026-04-14 18:05:55.984162,738263,1609507449594159,5049563596,-0.938912,-0.0488,0.5368,-3.815,-4.52375,2.93125,-4.672,2.216,26.464,none,8,3.0,24517.0,146797.0,62666.0,154062.0,65657.0
2026-04-14 18:05:55.986656,738264,1609507449603220,5049572316,-0.938912,-0.0488,0.5368,-7.1225,-5.3375,2.68625,-4.672,2.216,26.464,none,8,3.0,24517.0,146797.0,62666.0,154062.0,65657.0
2026-04-14 18:05:56.016488,738275,1609507449618052,5049587362,-0.909632,-0.119072,0.476288,-9.292501,-6.09875,2.07375,-4.824,2.376,26.248001,none,8,3.0,24016.0,149200.0,61970.0,157347.0,65135.0
2026-04-14 18:05:56.019036,738276,1609507449627067,5049596124,-0.909632,-0.103456,0.753472,-9.31875,-6.405,1.65375,-4.824,2.376,26.248001,none,8,3.0,24016.0,149200.0,61970.0,157347.0,65135.0
2026-04-14 18:05:56.021471,738277,1609507449636024,5049604826,-0.845216,-0.095648,0.753472,-6.44,-6.335,1.16375,-4.832,2.424,28.256,none,8,3.0,24016.0,149200.0,61970.0,157347.0,65135.0
2026-04-14 18:05:56.024008,738278,1609507449651039,5049619826,-0.815936,-0.091744,0.743712,-2.79125,-6.16875,0.98875,-4.944,2.336,26.696001,none,8,3.0,24016.0,149200.0,61970.0,157347.0,65135.0
2026-04-14 18:05:56.026557,738279,1609507449660429,5049630615,-0.815936,-0.091744,0.743712,-2.205,-6.71125,0.525,-4.944,2.336,26.696001,none,8,3.0,24016.0,149200.0,61970.0,157347.0,65135.0
2026-04-14 18:05:56.030265,738280,1609507449669449,5049639356,-0.853024,-0.119072,0.530944,-2.66,-6.93875,0.315,-4.96,2.336,26.384,none,8,3.0,24016.0,149200.0,61970.0,157347.0,65135.0
2026-04-14 18:05:56.045359,738281,1609507449683997,5049654234,-0.853024,-0.119072,0.530944,-2.4325,-6.615,0.55125,-4.96,2.336,26.384,none,8,3.0,24016.0,149200.0,61970.0,157347.0,65135.0
2026-04-14 18:05:56.052885,738282,1609507449692963,5049663015,-0.895968,-0.046848,0.622688,0.14,-6.32625,1.05,-4.744,2.504,26.328001,none,8,3.0,24016.0,149200.0,61970.0,157347.0,65135.0
2026-04-14 18:05:56.067899,738283,1609507449707458,5049675893,-0.895968,-0.046848,0.667584,3.82375,-6.0375,0.4375,-4.744,2.504,26.328001,none,8,3.0,24016.0,149200.0,61970.0,157347.0,65135.0
2026-04-14 18:05:56.096455,738294,1609507449716919,5049687098,-0.798368,-0.05856,0.667584,4.61125,-5.7925,-0.20125,-5.088,2.008,26.864002,none,8,3.0,23163.0,151207.0,60374.0,159730.0,64142.0
2026-04-14 18:05:56.098884,738295,1609507449725861,5049695782,-0.798368,-0.05856,0.667584,3.08,-6.335,-1.26875,-5.088,2.008,26.864002,none,8,3.0,23163.0,151207.0,60374.0,159730.0,64142.0
2026-04-14 18:05:56.102690,738296,1609507449740511,5049710787,-0.825696,-0.054656,0.620736,3.045,-6.755,-1.98625,-5.688,2.344,27.392002,none,8,3.0,23163.0,151207.0,60374.0,159730.0,64142.0
2026-04-14 18:05:56.109024,738297,1609507449749587,5049719490,-0.911584,0.015616,0.55632,4.48875,-7.07,-2.8,-5.960001,2.28,27.176,none,8,3.0,23163.0,151207.0,60374.0,159730.0,64142.0
2026-04-14 18:05:56.126330,738298,1609507449764243,5049734381,-0.911584,0.015616,0.55632,5.7225,-8.1375,-3.815,-5.960001,2.28,27.176,none,8,3.0,23163.0,151207.0,60374.0,159730.0,64142.0
2026-04-14 18:05:56.135033,738299,1609507449773251,5049743096,-0.860832,0.007808,0.540704,3.24625,-9.9575,-4.27,-5.68,1.704,25.904001,none,8,3.0,23163.0,151207.0,60374.0,159730.0,64142.0
2026-04-14 18:05:56.150149,738300,1609507449787760,5049758043,-0.860832,0.007808,0.540704,-1.96875,-11.8475,-5.1275,-5.68,1.704,25.904001,none,8,3.0,23163.0,151207.0,60374.0,159730.0,64142.0
2026-04-14 18:05:56.157751,738301,1609507449796681,5049766761,-0.853024,-0.01952,0.544608,-5.81,-13.02875,-5.43375,-5.424,1.704,24.488,none,8,3.0,23163.0,151207.0,60374.0,159730.0,64142.0
2026-04-14 18:05:56.171212,738302,1609507449805647,5049775461,-0.853024,-0.01952,0.544608,-8.5575,-13.4575,-6.41375,-5.424,1.704,24.488,none,8,3.0,23163.0,151207.0,60374.0,159730.0,64142.0
2026-04-14 18:05:56.198732,738313,1609507449820172,5049790515,-0.892064,0.01952,0.704672,-9.5375,-13.46625,-7.77875,-6.000001,2.52,27.160002,none,8,3.0,23039.0,151430.0,60192.0,159954.0,64042.0
2026-04-14 18:05:56.201957,738314,1609507449829224,5049799231,-0.853024,-0.040992,0.589504,-9.65125,-13.22125,-8.91625,-5.712,1.96,24.76,none,8,3.0,23039.0,151430.0,60192.0,159954.0,64042.0
2026-04-14 18:05:56.203730,738315,1609507449843760,5049812124,-0.853024,-0.040992,0.589504,-10.15,-12.80125,-9.6075,-5.712,1.96,24.76,none,8,3.0,23039.0,151430.0,60192.0,159954.0,64042.0
2026-04-14 18:05:56.226411,738316,1609507449853017,5049823040,-0.913536,-0.001952,0.651968,-11.025,-13.230001,-9.975,-5.672,2.12,25.728,none,8,3.0,23039.0,151430.0,60192.0,159954.0,64042.0
2026-04-14 18:05:56.237936,738317,1609507449861955,5049831726,-0.913536,-0.001952,0.651968,-12.4775,-13.8075,-9.7125,-5.672,2.12,25.728,none,8,3.0,23039.0,151430.0,60192.0,159954.0,64042.0
2026-04-14 18:05:56.257618,738318,1609507449876485,5049846641,-0.935008,-0.001952,0.601216,-14.84,-13.9125,-8.8375,-6.008,2.392,25.288002,none,8,3.0,23039.0,151430.0,60192.0,159954.0,64042.0
2026-04-14 18:05:56.285067,738319,1609507449885416,5049855337,-0.935008,-0.001952,0.601216,-19.3725,-14.39375,-7.875,-6.008,2.392,25.288002,none,8,3.0,23039.0,151430.0,60192.0,159954.0,64042.0
2026-04-14 18:05:56.287488,738320,1609507449900018,5049870253,-0.89792,-0.03904,0.554368,-25.55,-14.455,-6.88625,-5.944,2.736,26.288002,none,8,3.0,23039.0,151430.0,60192.0,159954.0,64042.0
2026-04-14 18:05:56.290122,738321,1609507449908963,5049879105,-0.89792,-0.105408,0.689056,-30.14375,-13.09,-5.99375,-5.944,2.736,26.288002,none,8,3.0,23039.0,151430.0,60192.0,159954.0,64042.0
2026-04-14 18:05:56.342919,738332,1609507449923569,5049892323,-0.7808,-0.105408,0.689056,-32.92625,-10.78875,-7.13125,-6.408001,3.32,25.072,none,8,3.0,24053.0,150628.0,62097.0,159136.0,65965.0
2026-04-14 18:05:56.345292,738333,1609507449932893,5049903107,-0.792512,-0.132736,0.685152,-33.18,-8.995,-8.32125,-7.08,3.304,25.920002,none,8,3.0,24053.0,150628.0,62097.0,159136.0,65965.0
2026-04-14 18:05:56.347904,738334,1609507449941882,5049911792,-0.792512,-0.132736,0.685152,-33.145,-7.35875,-8.40875,-7.08,3.304,25.920002,none,8,3.0,24053.0,150628.0,62097.0,159136.0,65965.0
2026-04-14 18:05:56.350400,738335,1609507449956390,5049926692,-0.854976,-0.10736,0.505568,-34.2125,-7.83125,-8.6275,-6.768,3.76,25.176,none,8,3.0,24053.0,150628.0,62097.0,159136.0,65965.0
2026-04-14 18:05:56.352923,738336,1609507449965394,5049935577,-0.854976,-0.10736,0.505568,-38.1325,-9.54625,-7.51625,-6.768,3.76,25.176,none,8,3.0,24053.0,150628.0,62097.0,159136.0,65965.0
2026-04-14 18:05:56.355242,738337,1609507449979987,5049948479,-0.757376,-0.0976,0.698816,-42.13125,-10.6225,-4.9,-7.04,3.992,25.384,none,8,3.0,24053.0,150628.0,62097.0,159136.0,65965.0
2026-04-14 18:05:56.357805,738338,1609507449989365,5049959385,-0.757376,-0.0976,0.491904,-46.8125,-10.08,-4.3575,-7.04,3.992,25.384,none,8,3.0,24053.0,150628.0,62097.0,159136.0,65965.0
2026-04-14 18:05:56.360412,738339,1609507449998477,5049968138,-0.85888,-0.105408,0.491904,-51.93125,-10.03625,-3.22,-6.896,4.624,25.480001,none,8,3.0,24053.0,150628.0,62097.0,159136.0,65965.0
2026-04-14 18:05:56.397830,738350,1609507450013111,5049983066,-0.804224,-0.089792,0.657824,-58.65125,-10.43875,-2.23125,-6.36,4.752,24.392002,none,8,3.0,24976.0,148098.0,63510.0,155959.0,67530.0
2026-04-14 18:05:56.400341,738351,1609507450022192,5049991833,-0.804224,-0.089792,0.657824,-65.5025,-10.92,1.40875,-6.36,4.752,24.392002,none,8,3.0,24976.0,148098.0,63510.0,155959.0,67530.0
2026-04-14 18:05:56.402920,738352,1609507450036862,5050006841,-0.765184,-0.226432,0.733952,-67.66375,-9.1525,2.75625,-7.296001,5.624,24.464,none,8,3.0,24976.0,148098.0,63510.0,155959.0,67530.0
2026-04-14 18:05:56.406466,738353,1609507450045826,5050015524,-0.765184,-0.226432,0.733952,-61.8275,-5.04875,2.065,-7.296001,5.624,24.464,none,8,3.0,24976.0,148098.0,63510.0,155959.0,67530.0
2026-04-14 18:05:56.415349,738354,1609507450054780,5050024252,-0.704672,-0.286944,0.704672,-52.08,0.13125,1.81125,-6.224001,4.928001,23.624,none,8,3.0,24976.0,148098.0,63510.0,155959.0,67530.0
2026-04-14 18:05:56.432891,738355,1609507450069280,5050039260,-0.704672,-0.286944,0.704672,-41.86875,5.005,1.60125,-6.224001,4.928001,23.624,none,8,3.0,24976.0,148098.0,63510.0,155959.0,67530.0
2026-04-14 18:05:56.439171,738356,1609507450078193,5050047930,-0.776896,-0.249856,0.579744,-33.95875,6.11625,3.9025,-4.928001,4.64,21.160002,none,8,3.0,24976.0,148098.0,63510.0,155959.0,67530.0
2026-04-14 18:05:56.455459,738357,1609507450092756,5050062837,-0.714432,-0.257664,0.638304,-28.23625,5.99375,2.66875,-4.744,4.2,21.480001,none,8,3.0,24976.0,148098.0,63510.0,155959.0,67530.0
2026-04-14 18:05:56.461687,738358,1609507450101693,5050071509,-0.714432,-0.257664,0.638304,-22.44375,6.8425,-0.0175,-4.744,4.2,21.480001,none,8,3.0,24976.0,148098.0,63510.0,155959.0,67530.0
2026-04-14 18:05:56.470346,738359,1609507450110659,5050080248,-0.689056,-0.226432,0.640256,-17.22875,7.42875,0.56875,-4.744,4.216,21.960001,none,8,3.0,24976.0,148098.0,63510.0,155959.0,67530.0
2026-04-14 18:05:56.497829,738370,1609507450125275,5050095492,-0.689056,-0.226432,0.640256,-13.7025,7.23625,0.83125,-5.64,4.216,21.960001,none,8,3.0,23729.0,146606.0,60323.0,152105.0,65024.0
2026-04-14 18:05:56.500577,738371,1609507450134272,5050104240,-0.706624,-0.20496,0.61488,-12.775,6.5275,-0.665,-5.472,3.8,21.04,none,8,3.0,23729.0,146606.0,60323.0,152105.0,65024.0
2026-04-14 18:05:56.507695,738372,1609507450148775,5050117153,-0.706624,-0.20496,0.61488,-11.1475,4.85625,-2.31875,-5.472,3.8,21.04,none,8,3.0,23729.0,146606.0,60323.0,152105.0,65024.0
2026-04-14 18:05:56.519451,738373,1609507450157986,5050127910,-0.573888,-0.216672,0.81008,-11.55,2.6775,-4.795,-4.88,3.056,18.744001,none,8,3.0,23729.0,146606.0,60323.0,152105.0,65024.0
2026-04-14 18:05:56.532861,738374,1609507450172499,5050142838,-0.628544,-0.158112,0.782752,-11.025,0.91,-6.64125,-5.296001,3.032,21.632002,none,8,3.0,23729.0,146606.0,60323.0,152105.0,65024.0
2026-04-14 18:05:56.542815,738375,1609507450181442,5050151531,-0.628544,-0.158112,0.782752,-11.47125,-1.085,-8.295,-5.296001,3.032,21.632002,none,8,3.0,23729.0,146606.0,60323.0,152105.0,65024.0
2026-04-14 18:05:56.550722,738376,1609507450190496,5050160264,-0.628544,-0.158112,0.845216,-11.97,-0.79625,-10.77125,-5.296001,3.032,21.632002,none,8,3.0,23729.0,146606.0,60323.0,152105.0,65024.0
2026-04-14 18:05:56.588013,738377,1609507450205179,5050175160,-0.560224,-0.130784,0.845216,-10.77125,-0.30625,-11.62875,-5.168,2.968,20.648,none,8,3.0,23729.0,146606.0,60323.0,152105.0,65024.0
2026-04-14 18:05:56.678090,738388,1609507450214125,5050183810,-0.622688,-0.11712,0.833504,-14.91,-1.085,-13.53625,-5.176,3.048,20.064001,none,8,3.0,25106.0,145028.0,62733.0,149890.0,68192.0
2026-04-14 18:05:56.680472,738389,1609507450228625,5050198750,-0.622688,-0.11712,0.833504,-21.105,-1.8025,-13.265,-5.176,3.048,20.064001,none,8,3.0,25106.0,145028.0,62733.0,149890.0,68192.0
2026-04-14 18:05:56.683099,738390,1609507450237681,5050207496,-0.67344,-0.203008,0.57584,-22.3125,-1.07625,-13.0025,-5.184,3.144,20.208,none,8,3.0,25106.0,145028.0,62733.0,149890.0,68192.0
2026-04-14 18:05:56.685508,738391,1609507450246667,5050216196,-0.67344,-0.203008,0.57584,-19.5125,1.84625,-14.752501,-5.184,3.144,20.208,none,8,3.0,25106.0,145028.0,62733.0,149890.0,68192.0
2026-04-14 18:05:56.688110,738392,1609507450261130,5050231076,-0.747616,-0.148352,0.618784,-14.72625,5.29375,-16.00375,-5.176,3.288,20.68,none,8,3.0,25106.0,145028.0,62733.0,149890.0,68192.0
2026-04-14 18:05:56.690651,738393,1609507450270083,5050239775,-0.747616,-0.148352,0.618784,-10.675,8.33875,-17.14125,-5.176,3.288,20.68,none,8,3.0,25106.0,145028.0,62733.0,149890.0,68192.0
2026-04-14 18:05:56.693117,738394,1609507450284740,5050254646,-0.679296,-0.134688,0.739808,-8.6275,9.12625,-18.10375,-4.8,3.456,19.664001,none,8,3.0,25106.0,145028.0,62733.0,149890.0,68192.0
2026-04-14 18:05:56.695608,738395,1609507450293700,5050263334,-0.659776,-0.144448,0.75152,-9.77375,9.17875,-15.33,-4.904,3.36,20.936,none,8,3.0,25106.0,145028.0,62733.0,149890.0,68192.0
2026-04-14 18:05:56.698111,738396,1609507450308171,5050278243,-0.659776,-0.144448,0.75152,-13.02875,8.2075,-15.28625,-4.904,3.36,20.936,none,8,3.0,25106.0,145028.0,62733.0,149890.0,68192.0
2026-04-14 18:05:56.725657,738407,1609507450317536,5050286975,-0.622688,-0.183488,0.745664,-20.27375,6.335,-13.5275,-5.368,4.424,21.088001,none,8,3.0,25425.0,144809.0,63245.0,149208.0,68841.0
2026-04-14 18:05:56.728238,738408,1609507450326547,5050295688,-0.622688,-0.183488,0.745664,-26.880001,6.25625,-10.325,-5.368,4.424,21.088001,none,8,3.0,25425.0,144809.0,63245.0,149208.0,68841.0
2026-04-14 18:05:56.730700,738409,1609507450341217,5050310720,-0.677344,-0.222528,0.726144,-26.46875,7.91,-8.505,-5.312,4.024,21.048,none,8,3.0,25425.0,144809.0,63245.0,149208.0,68841.0
2026-04-14 18:05:56.732676,738410,1609507450350180,5050319496,-0.677344,-0.222528,0.726144,-18.55875,10.01875,-5.5475,-5.312,4.024,21.048,none,8,3.0,25425.0,144809.0,63245.0,149208.0,68841.0
2026-04-14 18:05:56.734999,738411,1609507450364708,5050334474,-0.665632,-0.226432,0.714432,-16.03,9.59875,-4.585,-5.096,4.688,22.568,none,8,3.0,25425.0,144809.0,63245.0,149208.0,68841.0
2026-04-14 18:05:56.738154,738412,1609507450373697,5050343202,-0.821792,-0.179584,0.609024,-15.95125,8.89875,-3.15,-4.632,4.952,20.12,none,8,3.0,25425.0,144809.0,63245.0,149208.0,68841.0
2026-04-14 18:05:56.741491,738413,1609507450382733,5050351898,-0.821792,-0.179584,0.609024,-17.885,7.2275,-1.5575,-4.632,4.952,20.12,none,8,3.0,25425.0,144809.0,63245.0,149208.0,68841.0
2026-04-14 18:05:56.758120,738414,1609507450397262,5050366793,-0.76128,-0.230336,0.691008,-22.19875,4.22625,-0.14875,-3.52,5.584,20.728,none,8,3.0,25425.0,144809.0,63245.0,149208.0,68841.0
2026-04-14 18:05:56.766715,738415,1609507450406150,5050375489,-0.76128,-0.230336,0.691008,-26.075,0.41125,3.03625,-3.52,5.584,20.728,none,8,3.0,25425.0,144809.0,63245.0,149208.0,68841.0
2026-04-14 18:05:56.799409,738426,1609507450420790,5050391051,-0.757376,-0.245952,0.794464,-28.49,-3.36,6.06375,-3.8,5.72,19.92,none,8,3.0,23483.0,148054.0,59916.0,153342.0,64965.0
2026-04-14 18:05:56.801928,738427,1609507450429787,5050399790,-0.757376,-0.245952,0.794464,-28.525,-5.46875,9.1525,-3.8,5.72,19.92,none,8,3.0,23483.0,148054.0,59916.0,153342.0,64965.0
2026-04-14 18:05:56.805444,738428,1609507450444449,5050414685,-0.70272,-0.325984,0.691008,-26.80125,-6.265,12.6525,-2.88,5.808,19.408,none,8,3.0,23483.0,148054.0,59916.0,153342.0,64965.0
2026-04-14 18:05:56.815857,738429,1609507450453472,5050423396,-0.657824,-0.398208,0.655872,-21.81375,-4.9525,13.27375,-3.832,6.496,20.800001,none,8,3.0,23483.0,148054.0,59916.0,153342.0,64965.0
2026-04-14 18:05:56.822035,738430,1609507450462429,5050432131,-0.657824,-0.398208,0.655872,-12.64375,-2.6775,14.21875,-3.832,6.496,20.800001,none,8,3.0,23483.0,148054.0,59916.0,153342.0,64965.0
2026-04-14 18:05:56.838278,738431,1609507450477009,5050447028,-0.726144,-0.402112,0.558272,-1.96875,0.4725,15.32125,-2.592,6.016,19.480001,none,8,3.0,23483.0,148054.0,59916.0,153342.0,64965.0
2026-04-14 18:05:56.846578,738432,1609507450486007,5050455722,-0.726144,-0.402112,0.558272,8.67125,3.80625,13.2475,-2.592,6.016,19.480001,none,8,3.0,23483.0,148054.0,59916.0,153342.0,64965.0
2026-04-14 18:05:56.863211,738433,1609507450500484,5050470616,-0.735904,-0.306464,0.84912,18.9525,6.22125,12.78375,-2.36,6.712,21.072,none,8,3.0,23483.0,148054.0,59916.0,153342.0,64965.0
2026-04-14 18:05:56.869427,738434,1609507450509450,5050479344,-0.735904,-0.306464,0.84912,26.460001,5.99375,14.83125,-2.36,6.712,21.072,none,8,3.0,23483.0,148054.0,59916.0,153342.0,64965.0
2026-04-14 18:05:56.900463,738445,1609507450518895,5050488133,-0.866688,-0.189344,0.667584,25.795,2.135,14.4725,-3.648,6.288,20.224,none,8,3.0,25662.0,144560.0,63812.0,149404.0,68949.0
2026-04-14 18:05:56.903267,738446,1609507450533725,5050503126,-0.851072,-0.20496,0.745664,18.865,-5.31125,13.685,-3.896,6.552001,20.568,none,8,3.0,25662.0,144560.0,63812.0,149404.0,68949.0
2026-04-14 18:05:56.905767,738447,1609507450542710,5050511831,-0.851072,-0.20496,0.745664,8.44375,-14.21875,16.0475,-3.896,6.552001,20.568,none,8,3.0,25662.0,144560.0,63812.0,149404.0,68949.0
2026-04-14 18:05:56.918250,738448,1609507450557295,5050526743,-0.767136,-0.40016,0.583648,-3.64,-23.0825,17.185,-3.4,6.976,20.696001,none,8,3.0,25662.0,144560.0,63812.0,149404.0,68949.0
2026-04-14 18:05:56.926984,738449,1609507450566297,5050535431,-0.767136,-0.40016,0.583648,-5.76625,-25.48,17.272501,-3.4,6.976,20.696001,none,8,3.0,25662.0,144560.0,63812.0,149404.0,68949.0
2026-04-14 18:05:56.934449,738450,1609507450575250,5050544207,-0.655872,-0.357216,0.511424,8.435,-20.39625,20.16,-4.944,7.592001,22.52,none,8,3.0,25662.0,144560.0,63812.0,149404.0,68949.0
2026-04-14 18:05:56.948933,738451,1609507450589739,5050559112,-0.655872,-0.357216,0.511424,26.52125,-12.0925,18.2175,-4.944,7.592001,22.52,none,8,3.0,25662.0,144560.0,63812.0,149404.0,68949.0
2026-04-14 18:05:56.957647,738452,1609507450598662,5050567807,-0.655872,-0.407968,0.737856,30.24,-3.92,10.3775,-4.808,7.632,22.848001,none,8,3.0,25662.0,144560.0,63812.0,149404.0,68949.0
2026-04-14 18:05:56.994451,738453,1609507450613310,5050582743,-0.655872,-0.407968,0.542656,31.29875,0.02625,3.185,-4.808,7.632,22.848001,none,8,3.0,25662.0,144560.0,63812.0,149404.0,68949.0
2026-04-14 18:05:57.071888,738464,1609507450622387,5050591480,-0.704672,-0.36112,0.542656,43.54,5.6875,2.03875,-4.456,6.68,21.000002,none,8,3.0,35363.0,145793.0,80822.0,149537.0,85516.0
2026-04-14 18:05:57.074094,738465,1609507450631370,5050600237,-0.704672,-0.36112,0.542656,60.62875,11.57625,-2.7475,-4.456,6.68,21.000002,none,8,3.0,35363.0,145793.0,80822.0,149537.0,85516.0
2026-04-14 18:05:57.076438,738466,1609507450646019,5050615179,-0.747616,-0.22448,0.476288,70.3675,16.415,-8.95125,-5.664,6.456,24.44,none,8,3.0,35363.0,145793.0,80822.0,149537.0,85516.0
2026-04-14 18:05:57.079451,738467,1609507450655098,5050623885,-0.794464,-0.163968,0.515328,74.6375,20.553751,-11.55,-5.592001,6.288,24.080002,none,8,3.0,35363.0,145793.0,80822.0,149537.0,85516.0
2026-04-14 18:05:57.081975,738468,1609507450670006,5050638822,-0.794464,-0.163968,0.515328,78.39125,23.485,-12.4425,-5.592001,6.288,24.080002,none,8,3.0,35363.0,145793.0,80822.0,149537.0,85516.0
2026-04-14 18:05:57.083965,738469,1609507450679362,5050649570,-0.76128,-0.134688,0.651968,84.21875,24.19375,-13.11625,-5.704001,5.480001,25.080002,none,8,3.0,35363.0,145793.0,80822.0,149537.0,85516.0
2026-04-14 18:05:57.086968,738470,1609507450688271,5050658259,-0.76128,-0.134688,0.651968,90.39625,24.35125,-14.0175,-5.704001,5.480001,25.080002,none,8,3.0,35363.0,145793.0,80822.0,149537.0,85516.0
2026-04-14 18:05:57.089445,738471,1609507450702946,5050673176,-0.823744,-0.085888,0.667584,100.12625,23.9225,-13.3525,-5.376,3.928,25.792002,none,8,3.0,35363.0,145793.0,80822.0,149537.0,85516.0
2026-04-14 18:05:57.091533,738472,1609507450712127,5050681957,-0.823744,-0.085888,0.667584,112.93625,22.435,-10.885,-5.376,3.928,25.792002,none,8,3.0,35363.0,145793.0,80822.0,149537.0,85516.0
2026-04-14 18:05:57.119480,738483,1609507450727199,5050696958,-0.98576,0.103456,0.831552,116.3225,16.5025,-13.71125,-5.592001,2.792,24.720001,none,8,3.0,31912.0,145765.0,77598.0,151313.0,82252.0
2026-04-14 18:05:57.121979,738484,1609507450736160,5050705696,-1.079456,0.226432,0.427488,109.85625,7.07875,-16.03875,-4.816001,1.128,25.352001,none,8,3.0,31912.0,145765.0,77598.0,151313.0,82252.0
2026-04-14 18:05:57.125957,738485,1609507450745184,5050714431,-1.079456,0.226432,0.427488,91.46375,-2.63375,-11.78625,-4.816001,1.128,25.352001,none,8,3.0,31912.0,145765.0,77598.0,151313.0,82252.0
2026-04-14 18:05:57.126428,738486,1609507450759796,5050729420,-0.833504,0.199104,0.603168,57.96,-11.94375,-6.60625,-4.808,1.44,25.264002,none,8,3.0,31912.0,145765.0,77598.0,151313.0,82252.0
2026-04-14 18:05:57.128946,738487,1609507450768741,5050738112,-0.833504,0.199104,0.603168,17.68375,-17.52625,-4.80375,-4.808,1.44,25.264002,none,8,3.0,31912.0,145765.0,77598.0,151313.0,82252.0
2026-04-14 18:05:57.144332,738488,1609507450783244,5050753014,-0.825696,0.031232,0.554368,-18.515,-16.79125,-4.235,-4.984,2.248,25.048,none,8,3.0,31912.0,145765.0,77598.0,151313.0,82252.0
2026-04-14 18:05:57.153875,738489,1609507450792356,5050761690,-0.825696,0.031232,0.554368,-40.57375,-10.64875,-5.3725,-4.984,2.248,25.048,none,8,3.0,31912.0,145765.0,77598.0,151313.0,82252.0
2026-04-14 18:05:57.160658,738490,1609507450801295,5050770409,-0.909632,-0.11712,0.620736,-44.135,-2.77375,-7.63875,-4.872,2.184,25.192001,none,8,3.0,31912.0,145765.0,77598.0,151313.0,82252.0
2026-04-14 18:05:57.176585,738491,1609507450815889,5050785328,-0.9272,-0.197152,0.603168,-39.71625,1.54875,-10.92875,-5.272,3.056,25.448002,none,8,3.0,31912.0,145765.0,77598.0,151313.0,82252.0
2026-04-14 18:05:57.229820,738502,1609507450825070,5050794128,-0.9272,-0.197152,0.603168,-38.36,0.55125,-15.35625,-5.272,3.056,25.448002,none,8,3.0,29397.0,145294.0,72842.0,151412.0,76018.0
2026-04-14 18:05:57.231319,738503,1609507450839660,5050809124,-0.776896,-0.17568,0.813984,-37.52,-2.10875,-15.16375,-4.608,2.944,25.192001,none,8,3.0,29397.0,145294.0,72842.0,151412.0,76018.0
2026-04-14 18:05:57.233982,738504,1609507450848584,5050817859,-0.776896,-0.17568,0.813984,-28.25375,-2.4325,-9.70375,-4.608,2.944,25.192001,none,8,3.0,29397.0,145294.0,72842.0,151412.0,76018.0
2026-04-14 18:05:57.236512,738505,1609507450863114,5050832919,-0.792512,-0.17568,0.776896,-17.47375,-0.14875,-10.5525,-4.512,3.192,25.344002,none,8,3.0,29397.0,145294.0,72842.0,151412.0,76018.0
2026-04-14 18:05:57.239046,738506,1609507450872063,5050841616,-0.792512,-0.17568,0.776896,-7.735,3.00125,-14.18375,-4.512,3.192,25.344002,none,8,3.0,29397.0,145294.0,72842.0,151412.0,76018.0
2026-04-14 18:05:57.241368,738507,1609507450881013,5050850335,-0.853024,-0.138592,0.583648,-1.225,6.4575,-13.18625,-4.64,3.728,26.240002,none,8,3.0,29397.0,145294.0,72842.0,151412.0,76018.0
2026-04-14 18:05:57.255316,738508,1609507450895530,5050865297,-0.806176,-0.142496,0.691008,2.6075,8.3825,-12.31125,-4.64,3.728,24.368002,none,8,3.0,29397.0,145294.0,72842.0,151412.0,76018.0
2026-04-14 18:05:57.264202,738509,1609507450904481,5050873994,-0.806176,-0.142496,0.691008,3.96375,8.49625,-13.3525,-5.584,3.84,24.368002,none,8,3.0,29397.0,145294.0,72842.0,151412.0,76018.0
2026-04-14 18:05:57.310383,738520,1609507450919186,5050888936,-0.899872,-0.085888,0.685152,4.69875,8.05875,-12.50375,-4.888,3.08,25.056002,none,8,3.0,29962.0,145186.0,73788.0,151483.0,76677.0
2026-04-14 18:05:57.310604,738521,1609507450928182,5050897700,-0.899872,-0.085888,0.685152,5.8975,7.805,-9.93125,-4.888,3.08,25.056002,none,8,3.0,29962.0,145186.0,73788.0,151483.0,76677.0
2026-04-14 18:05:57.312745,738522,1609507450937188,5050906430,-0.886208,-0.081984,0.5368,8.56625,6.46625,-7.5775,-4.816001,2.736,26.728,none,8,3.0,29962.0,145186.0,73788.0,151483.0,76677.0
2026-04-14 18:05:57.319640,738523,1609507450951719,5050921372,-0.886208,-0.081984,0.5368,9.345,4.69875,-6.62375,-4.816001,2.736,26.728,none,8,3.0,29962.0,145186.0,73788.0,151483.0,76677.0
2026-04-14 18:05:57.322568,738524,1609507450960680,5050930079,-0.860832,-0.056608,0.532896,7.945,2.1,-5.34625,-4.496,3.088,25.728,none,8,3.0,29962.0,145186.0,73788.0,151483.0,76677.0
2026-04-14 18:05:57.335295,738525,1609507450975340,5050945018,-0.860832,-0.056608,0.532896,3.22875,-0.1925,-3.36875,-4.496,3.088,25.728,none,8,3.0,29962.0,145186.0,73788.0,151483.0,76677.0
2026-04-14 18:05:57.361641,738526,1609507450984307,5050953720,-0.929152,-0.023424,0.52704,-1.61875,-1.70625,-1.575,-5.584,3.616,28.320002,none,8,3.0,29962.0,145186.0,73788.0,151483.0,76677.0
2026-04-14 18:05:57.364179,738527,1609507450998841,5050968601,-0.905728,-0.02928,0.60512,-4.6025,-2.555,-1.0325,-6.272,3.64,26.368002,none,8,3.0,29962.0,145186.0,73788.0,151483.0,76677.0
2026-04-14 18:05:57.392903,738528,1609507451007825,5050977288,-0.905728,-0.02928,0.60512,-6.74625,-3.43,-0.595,-6.272,3.64,26.368002,none,8,3.0,29962.0,145186.0,73788.0,151483.0,76677.0
2026-04-14 18:05:57.395383,738529,1609507451016771,5050985983,-0.841312,-0.105408,0.54656,-9.75625,-4.8125,0.07875,-4.48,3.344,26.144001,none,8,3.0,29962.0,145186.0,73788.0,151483.0,76677.0
2026-04-14 18:05:57.447925,738540,1609507451031353,5051000936,-0.841312,-0.105408,0.54656,-10.84125,-5.90625,0.98875,-4.48,3.344,26.144001,none,8,3.0,29944.0,145123.0,73734.0,151588.0,76638.0
2026-04-14 18:05:57.450229,738541,1609507451040283,5051009615,-0.808128,-0.052704,0.802272,-9.7825,-5.74,1.53125,-4.776,3.32,25.44,none,8,3.0,29944.0,145123.0,73734.0,151588.0,76638.0
2026-04-14 18:05:57.452648,738542,1609507451054839,5051024583,-0.808128,-0.052704,0.802272,-8.82,-5.915,2.485,-4.776,3.32,25.44,none,8,3.0,29944.0,145123.0,73734.0,151588.0,76638.0
2026-04-14 18:05:57.455442,738543,1609507451063833,5051033283,-0.77104,-0.085888,0.698816,-9.345,-5.94125,1.5225,-4.808,3.552,23.984001,none,8,3.0,29944.0,145123.0,73734.0,151588.0,76638.0
2026-04-14 18:05:57.457891,738544,1609507451072866,5051041967,-0.77104,-0.085888,0.698816,-10.71875,-5.3375,-0.58625,-4.808,3.552,23.984001,none,8,3.0,29944.0,145123.0,73734.0,151588.0,76638.0
2026-04-14 18:05:57.460376,738545,1609507451087455,5051056852,-0.862784,-0.08784,0.544608,-10.47375,-4.9875,-1.96875,-5.36,3.904,26.608002,none,8,3.0,29944.0,145123.0,73734.0,151588.0,76638.0
2026-04-14 18:05:57.462944,738546,1609507451096397,5051065621,-0.862784,-0.08784,0.677344,-8.86375,-4.1475,-1.1025,-5.36,3.904,26.608002,none,8,3.0,29944.0,145123.0,73734.0,151588.0,76638.0
2026-04-14 18:05:57.470430,738547,1609507451110892,5051080545,-0.890112,0.003904,0.677344,-9.4675,-4.6725,0.16625,-5.480001,3.88,27.784,none,8,3.0,29944.0,145123.0,73734.0,151588.0,76638.0
2026-04-14 18:05:57.508092,738558,1609507451120301,5051089281,-0.798368,-0.050752,0.694912,-13.7025,-6.11625,-1.7325,-5.784,4.248,26.072,none,8,3.0,29920.0,145462.0,73787.0,151989.0,76593.0
2026-04-14 18:05:57.510145,738559,1609507451129471,5051098059,-0.798368,-0.050752,0.694912,-18.935,-7.65625,-3.2375,-5.784,4.248,26.072,none,8,3.0,29920.0,145462.0,73787.0,151989.0,76593.0
2026-04-14 18:05:57.511270,738560,1609507451144511,5051112994,-0.895968,-0.035136,0.669536,-23.23125,-8.855001,-3.185,-5.184,4.072,26.880001,none,8,3.0,29920.0,145462.0,73787.0,151989.0,76593.0
2026-04-14 18:05:57.515288,738561,1609507451153894,5051123794,-0.895968,-0.035136,0.669536,-26.8625,-10.14125,-2.1,-5.184,4.072,26.880001,none,8,3.0,29920.0,145462.0,73787.0,151989.0,76593.0
2026-04-14 18:05:57.529380,738562,1609507451168583,5051138792,-0.89792,-0.070272,0.538752,-30.42375,-10.77125,-2.5025,-5.016,4.36,25.144001,none,8,3.0,29920.0,145462.0,73787.0,151989.0,76593.0
2026-04-14 18:05:57.539381,738563,1609507451177535,5051147480,-0.853024,-0.099552,0.573888,-34.3525,-11.9875,-3.14125,-5.016,5.048,24.952002,none,8,3.0,29920.0,145462.0,73787.0,151989.0,76593.0
2026-04-14 18:05:57.546969,738564,1609507451186463,5051156186,-0.853024,-0.099552,0.573888,-38.3075,-13.0025,-3.03625,-4.912,5.048,24.952002,none,8,3.0,29920.0,145462.0,73787.0,151989.0,76593.0
2026-04-14 18:05:57.561936,738565,1609507451200931,5051171063,-0.794464,-0.113216,0.784704,-40.915,-14.455,-3.36875,-5.208,5.296001,24.560001,none,8,3.0,29920.0,145462.0,73787.0,151989.0,76593.0
2026-04-14 18:05:57.570716,738566,1609507451209877,5051179985,-0.794464,-0.113216,0.784704,-43.18125,-15.82,-3.745,-5.208,5.296001,24.560001,none,8,3.0,29920.0,145462.0,73787.0,151989.0,76593.0
2026-04-14 18:05:57.607630,738577,1609507451224740,5051193308,-0.880352,-0.128832,0.612928,-44.51125,-16.065,-3.40375,-5.928001,6.288,27.000002,none,8,3.0,30555.0,144865.0,74753.0,151007.0,77750.0
2026-04-14 18:05:57.610692,738578,1609507451234437,5051204094,-0.880352,-0.128832,0.612928,-45.29,-15.95125,-3.56125,-5.928001,6.288,27.000002,none,8,3.0,30555.0,144865.0,74753.0,151007.0,77750.0
2026-04-14 18:05:57.613112,738579,1609507451243478,5051212803,-0.866688,-0.160064,0.57584,-45.6225,-16.52875,-3.2725,-6.424,6.528,25.080002,none,8,3.0,30555.0,144865.0,74753.0,151007.0,77750.0
2026-04-14 18:05:57.618063,738580,1609507451258207,5051227846,-0.847168,-0.187392,0.569984,-45.63125,-16.24875,-2.16125,-5.984,7.032001,23.880001,none,8,3.0,30555.0,144865.0,74753.0,151007.0,77750.0
2026-04-14 18:05:57.628154,738581,1609507451267144,5051236635,-0.847168,-0.187392,0.569984,-45.43,-15.82,-1.37375,-5.984,7.032001,23.880001,none,8,3.0,30555.0,144865.0,74753.0,151007.0,77750.0
2026-04-14 18:05:57.641535,738582,1609507451281607,5051251531,-0.80032,-0.220576,0.503616,-44.73,-14.980001,-1.16375,-5.896,7.496,23.536001,none,8,3.0,30555.0,144865.0,74753.0,151007.0,77750.0
2026-04-14 18:05:57.651523,738583,1609507451290626,5051260312,-0.80032,-0.220576,0.503616,-43.67125,-13.79875,-0.46375,-5.896,7.496,23.536001,none,8,3.0,30555.0,144865.0,74753.0,151007.0,77750.0
2026-04-14 18:05:57.661968,738584,1609507451299544,5051269066,-0.774944,-0.247904,0.513376,-42.595,-13.15125,-0.56,-5.952,7.68,24.376001,none,8,3.0,30555.0,144865.0,74753.0,151007.0,77750.0
2026-04-14 18:05:57.674216,738585,1609507451314201,5051284041,-0.774944,-0.247904,0.513376,-42.105,-12.48625,0.035,-5.952,7.68,24.376001,none,8,3.0,30555.0,144865.0,74753.0,151007.0,77750.0
2026-04-14 18:05:57.749310,738596,1609507451323419,5051292747,-0.733952,-0.240096,0.749568,-40.43375,-11.235,1.82,-5.12,7.624001,22.712002,none,8,3.0,30494.0,143644.0,74579.0,149645.0,77678.0
2026-04-14 18:05:57.751956,738597,1609507451337986,5051307779,-0.733952,-0.240096,0.577792,-37.02125,-9.292501,2.8175,-5.12,7.624001,22.712002,none,8,3.0,30494.0,143644.0,74579.0,149645.0,77678.0
2026-04-14 18:05:57.754277,738598,1609507451346955,5051316573,-0.813984,-0.251808,0.577792,-31.50875,-6.8425,2.6775,-5.848,8.256001,26.272001,none,8,3.0,30494.0,143644.0,74579.0,149645.0,77678.0
2026-04-14 18:05:57.756994,738599,1609507451355930,5051325309,-0.813984,-0.251808,0.577792,-24.47375,-3.78,2.65125,-5.848,8.256001,26.272001,none,8,3.0,30494.0,143644.0,74579.0,149645.0,77678.0
2026-04-14 18:05:57.759479,738600,1609507451370452,5051340210,-0.831552,-0.220576,0.542656,-19.705,-1.96,3.66625,-5.944,8.256001,24.44,none,8,3.0,30494.0,143644.0,74579.0,149645.0,77678.0
2026-04-14 18:05:57.761544,738601,1609507451379375,5051348894,-0.75152,-0.226432,0.767136,-17.54375,-1.3825,3.57875,-6.008,8.248,21.2,none,8,3.0,30494.0,143644.0,74579.0,149645.0,77678.0
2026-04-14 18:05:57.764509,738602,1609507451393860,5051363781,-0.75152,-0.226432,0.767136,-18.2175,-1.4525,2.59875,-6.008,8.248,21.2,none,8,3.0,30494.0,143644.0,74579.0,149645.0,77678.0
2026-04-14 18:05:57.766857,738603,1609507451402801,5051372498,-0.843264,-0.226432,0.577792,-17.4825,-0.805,3.115,-4.784,8.160001,22.344002,none,8,3.0,30494.0,143644.0,74579.0,149645.0,77678.0
2026-04-14 18:05:57.780276,738604,1609507451417365,5051387366,-0.843264,-0.226432,0.577792,-17.24625,-0.5075,3.47375,-4.784,8.160001,22.344002,none,8,3.0,30494.0,143644.0,74579.0,149645.0,77678.0
2026-04-14 18:05:57.809003,738615,1609507451426476,5051396660,-0.796416,-0.244,0.530944,-15.54875,1.1025,2.87,-3.648,7.232,20.256,none,8,3.0,28865.0,143802.0,71322.0,150114.0,74524.0
2026-04-14 18:05:57.811554,738616,1609507451435648,5051405417,-0.796416,-0.244,0.530944,-13.3175,3.745,4.0425,-3.648,7.232,20.256,none,8,3.0,28865.0,143802.0,71322.0,150114.0,74524.0
2026-04-14 18:05:57.814285,738617,1609507451450349,5051420326,-0.745664,-0.22448,0.772992,-12.5825,6.3175,4.71625,-4.264,6.896,21.456001,none,8,3.0,28865.0,143802.0,71322.0,150114.0,74524.0
2026-04-14 18:05:57.819475,738618,1609507451459457,5051429090,-0.782752,-0.23424,0.618784,-13.93875,8.96875,3.7275,-3.36,7.04,19.872002,none,8,3.0,28865.0,143802.0,71322.0,150114.0,74524.0
2026-04-14 18:05:57.834171,738619,1609507451473925,5051444026,-0.782752,-0.23424,0.618784,-16.178751,10.6925,4.235,-3.36,7.04,19.872002,none,8,3.0,28865.0,143802.0,71322.0,150114.0,74524.0
2026-04-14 18:05:57.869462,738620,1609507451482895,5051452717,-0.77104,-0.259616,0.665632,-17.928751,10.85875,4.83,-2.952,6.512,19.536001,none,8,3.0,28865.0,143802.0,71322.0,150114.0,74524.0
2026-04-14 18:05:57.874078,738621,1609507451491829,5051461441,-0.77104,-0.259616,0.665632,-19.6525,9.3275,3.80625,-2.952,6.512,19.536001,none,8,3.0,28865.0,143802.0,71322.0,150114.0,74524.0
2026-04-14 18:05:57.874433,738622,1609507451506407,5051476334,-0.720288,-0.267424,0.864736,-20.7375,8.54,2.59,-2.36,5.816001,18.408,none,8,3.0,28865.0,143802.0,71322.0,150114.0,74524.0
2026-04-14 18:05:57.876448,738623,1609507451515389,5051485037,-0.720288,-0.267424,0.864736,-18.8125,8.12875,2.2575,-2.36,5.816001,18.408,none,8,3.0,28865.0,143802.0,71322.0,150114.0,74524.0
2026-04-14 18:05:57.907617,738634,1609507451529949,5051500052,-0.753472,-0.275232,0.609024,-14.2275,8.8025,2.21375,-2.184,5.896,18.624,none,8,3.0,27324.0,144398.0,67753.0,149588.0,72518.0
2026-04-14 18:05:57.910556,738635,1609507451538973,5051508782,-0.753472,-0.275232,0.609024,-10.0975,9.89625,1.89,-2.184,5.896,18.624,none,8,3.0,27324.0,144398.0,67753.0,149588.0,72518.0
2026-04-14 18:05:57.914386,738636,1609507451553510,5051523858,-0.739808,-0.247904,0.618784,-7.48125,11.1475,0.84,-2.704,6.088,20.384,none,8,3.0,27324.0,144398.0,67753.0,149588.0,72518.0
2026-04-14 18:05:57.924151,738637,1609507451562450,5051532577,-0.648064,-0.245952,0.813984,-6.615,11.71625,0.4025,-2.584,5.656,19.256,none,8,3.0,27324.0,144398.0,67753.0,149588.0,72518.0
2026-04-14 18:05:57.933040,738638,1609507451571371,5051541285,-0.648064,-0.245952,0.813984,-5.0925,10.61375,-0.84875,-2.584,5.656,19.256,none,8,3.0,27324.0,144398.0,67753.0,149588.0,72518.0
2026-04-14 18:05:57.948226,738639,1609507451585966,5051556258,-0.648064,-0.236192,0.788608,-2.35375,10.89375,-3.99,-3.6,6.048,18.984001,none,8,3.0,27324.0,144398.0,67753.0,149588.0,72518.0
2026-04-14 18:05:57.955713,738640,1609507451594970,5051565036,-0.648064,-0.236192,0.788608,2.30125,12.03125,-6.825,-3.6,6.048,18.984001,none,8,3.0,27324.0,144398.0,67753.0,149588.0,72518.0
2026-04-14 18:05:57.971064,738641,1609507451609617,5051579906,-0.704672,-0.193248,0.59536,7.48125,13.30875,-8.07625,-2.144,5.112001,18.28,none,8,3.0,27324.0,144398.0,67753.0,149588.0,72518.0
2026-04-14 18:05:57.981844,738642,1609507451618559,5051588637,-0.704672,-0.193248,0.59536,8.82875,12.94125,-8.21625,-2.144,5.112001,18.28,none,8,3.0,27324.0,144398.0,67753.0,149588.0,72518.0
2026-04-14 18:05:58.011352,738653,1609507451627648,5051597553,-0.765184,-0.0976,0.6344,5.01375,11.68125,-8.4875,-2.312,5.336,19.192001,none,8,3.0,28444.0,143253.0,69310.0,148055.0,74551.0
2026-04-14 18:05:58.013845,738654,1609507451642224,5051612468,-0.784704,-0.103456,0.499712,-1.8725,10.12375,-8.60125,-1.936,5.176,19.400002,none,8,3.0,28444.0,143253.0,69310.0,148055.0,74551.0
2026-04-14 18:05:58.017017,738655,1609507451651149,5051621189,-0.784704,-0.103456,0.499712,-8.96,8.49625,-8.88125,-1.936,5.176,19.400002,none,8,3.0,28444.0,143253.0,69310.0,148055.0,74551.0
2026-04-14 18:05:58.026847,738656,1609507451665804,5051636124,-0.726144,-0.179584,0.456768,-16.35375,6.71125,-8.0675,-2.648,5.992,18.872002,none,8,3.0,28444.0,143253.0,69310.0,148055.0,74551.0
2026-04-14 18:05:58.036985,738657,1609507451674776,5051644813,-0.726144,-0.179584,0.456768,-22.81125,5.34625,-7.70875,-2.648,5.992,18.872002,none,8,3.0,28444.0,143253.0,69310.0,148055.0,74551.0
2026-04-14 18:05:58.049496,738658,1609507451689291,5051657699,-0.70272,-0.255712,0.51728,-28.76125,4.27875,-7.2275,-2.48,5.576,17.640001,none,8,3.0,28444.0,143253.0,69310.0,148055.0,74551.0
2026-04-14 18:05:58.061541,738659,1609507451698520,5051668483,-0.70272,-0.255712,0.51728,-31.07125,4.4625,-6.65875,-2.48,5.576,17.640001,none,8,3.0,28444.0,143253.0,69310.0,148055.0,74551.0
2026-04-14 18:05:58.068565,738660,1609507451707456,5051677197,-0.788608,-0.236192,0.616832,-29.26875,4.41875,-6.57125,-1.352,5.808,17.432001,none,8,3.0,28444.0,143253.0,69310.0,148055.0,74551.0
2026-04-14 18:05:58.155577,738671,1609507451721989,5051692078,-0.735904,-0.286944,0.489952,-24.7275,5.62625,-5.27625,-0.944,5.992,17.576,none,8,3.0,28407.0,142549.0,69178.0,147365.0,74462.0
2026-04-14 18:05:58.156537,738672,1609507451730939,5051700785,-0.735904,-0.286944,0.489952,-20.58,6.15125,-3.33375,-0.944,5.992,17.576,none,8,3.0,28407.0,142549.0,69178.0,147365.0,74462.0
2026-04-14 18:05:58.159780,738673,1609507451745429,5051715717,-0.677344,-0.353312,0.544608,-23.0825,5.0575,-3.68375,-0.64,6.152,16.952002,none,8,3.0,28407.0,142549.0,69178.0,147365.0,74462.0
2026-04-14 18:05:58.162712,738674,1609507451754366,5051724433,-0.677344,-0.353312,0.544608,-24.63125,4.55,-2.10875,-0.64,6.152,16.952002,none,8,3.0,28407.0,142549.0,69178.0,147365.0,74462.0
2026-04-14 18:05:58.163829,738675,1609507451769024,5051739333,-0.733952,-0.308416,0.70272,-20.20375,6.18625,-1.42625,-0.44,6.432,17.0,none,8,3.0,28407.0,142549.0,69178.0,147365.0,74462.0
2026-04-14 18:05:58.166855,738676,1609507451778112,5051748044,-0.733952,-0.308416,0.70272,-13.440001,8.70625,-1.07625,-0.44,6.432,17.0,none,8,3.0,28407.0,142549.0,69178.0,147365.0,74462.0
2026-04-14 18:05:58.168772,738677,1609507451787188,5051756810,-0.743712,-0.325984,0.501664,-7.7175,9.86125,0.1225,0.048,6.792,16.704,none,8,3.0,28407.0,142549.0,69178.0,147365.0,74462.0
2026-04-14 18:05:58.171836,738678,1609507451801779,5051771793,-0.786656,-0.22448,0.753472,-4.57625,9.6075,1.505,-0.624,7.272,17.792002,none,8,3.0,28407.0,142549.0,69178.0,147365.0,74462.0
2026-04-14 18:05:58.174088,738679,1609507451810749,5051780566,-0.786656,-0.22448,0.753472,-4.2525,8.61875,2.7125,-0.624,7.272,17.792002,none,8,3.0,28407.0,142549.0,69178.0,147365.0,74462.0
2026-04-14 18:05:58.211974,738690,1609507451825884,5051795485,-0.831552,-0.201056,0.81008,-5.9675,6.265,2.84375,-0.128,7.144001,17.768002,none,8,3.0,27514.0,143178.0,67667.0,148291.0,72578.0
2026-04-14 18:05:58.214290,738691,1609507451835117,5051804305,-0.831552,-0.201056,0.81008,-10.45625,2.21375,2.00375,-0.128,7.144001,17.768002,none,8,3.0,27514.0,143178.0,67667.0,148291.0,72578.0
2026-04-14 18:05:58.216510,738692,1609507451844138,5051813025,-0.860832,-0.240096,0.786656,-15.435,-2.8875,1.6625,0.368,7.912,17.800001,none,8,3.0,27514.0,143178.0,67667.0,148291.0,72578.0
2026-04-14 18:05:58.219506,738693,1609507451858660,5051828018,-0.860832,-0.240096,0.786656,-18.55,-7.245,3.1325,0.368,7.912,17.800001,none,8,3.0,27514.0,143178.0,67667.0,148291.0,72578.0
2026-04-14 18:05:58.226504,738694,1609507451867727,5051836758,-0.76128,-0.333792,0.716384,-19.6175,-9.7475,5.67875,0.616,8.120001,16.616001,none,8,3.0,27514.0,143178.0,67667.0,148291.0,72578.0
2026-04-14 18:05:58.237022,738695,1609507451876678,5051845446,-0.76128,-0.333792,0.716384,-18.61125,-8.4,6.55375,0.616,8.120001,16.616001,none,8,3.0,27514.0,143178.0,67667.0,148291.0,72578.0
2026-04-14 18:05:58.250295,738696,1609507451891776,5051860385,-0.747616,-0.368928,0.6832,-14.77,-4.5675,6.48375,1.864,8.024,16.848001,none,8,3.0,27514.0,143178.0,67667.0,148291.0,72578.0
2026-04-14 18:05:58.261360,738697,1609507451900955,5051871134,-0.747616,-0.368928,0.6832,-9.00375,-1.4525,4.96125,1.864,8.024,16.848001,none,8,3.0,27514.0,143178.0,67667.0,148291.0,72578.0
2026-04-14 18:05:58.276661,738698,1609507451915458,5051883959,-0.732,-0.366976,0.737856,-2.8,0.41125,3.1325,1.688,8.184,17.632,none,8,3.0,27514.0,143178.0,67667.0,148291.0,72578.0
2026-04-14 18:05:58.307820,738709,1609507451924842,5051895404,-0.74176,-0.333792,0.70272,2.52,0.35875,2.135,2.032,8.56,17.216002,none,8,3.0,26736.0,143322.0,66268.0,148796.0,70736.0
2026-04-14 18:05:58.310695,738710,1609507451933881,5051904119,-0.74176,-0.333792,0.70272,6.3875,-0.46375,1.63625,2.032,8.56,17.216002,none,8,3.0,26736.0,143322.0,66268.0,148796.0,70736.0
2026-04-14 18:05:58.315699,738711,1609507451948700,5051919019,-0.733952,-0.327936,0.593408,8.51375,-1.58375,1.05875,0.832,9.584001,20.088001,none,8,3.0,26736.0,143322.0,66268.0,148796.0,70736.0
2026-04-14 18:05:58.318203,738712,1609507451957665,5051927813,-0.733952,-0.327936,0.593408,10.1325,-2.21375,0.5425,0.832,9.584001,20.088001,none,8,3.0,26736.0,143322.0,66268.0,148796.0,70736.0
2026-04-14 18:05:58.330450,738713,1609507451972292,5051940682,-0.815936,-0.30256,0.54656,10.92,-3.35125,0.56,-0.264,9.384001,19.720001,none,8,3.0,26736.0,143322.0,66268.0,148796.0,70736.0
2026-04-14 18:05:58.342468,738714,1609507451981522,5051951445,-0.815936,-0.30256,0.54656,13.2475,-4.7425,0.21875,-0.264,9.384001,19.720001,none,8,3.0,26736.0,143322.0,66268.0,148796.0,70736.0
2026-04-14 18:05:58.352956,738715,1609507451990506,5051960161,-0.739808,-0.30256,0.696864,16.24,-6.11625,-1.21625,1.032,9.432,19.984001,none,8,3.0,26736.0,143322.0,66268.0,148796.0,70736.0
2026-04-14 18:05:58.365670,738716,1609507452004996,5051975101,-0.79056,-0.245952,0.698816,20.83375,-6.79,-3.3425,1.048,9.336,19.232,none,8,3.0,26736.0,143322.0,66268.0,148796.0,70736.0
2026-04-14 18:05:58.375381,738717,1609507452013939,5051983797,-0.79056,-0.245952,0.698816,25.13875,-7.39375,-4.68125,1.048,9.336,19.232,none,8,3.0,26736.0,143322.0,66268.0,148796.0,70736.0
2026-04-14 18:05:58.407812,738728,1609507452028915,5051998899,-0.728096,-0.240096,0.755424,26.6875,-7.04375,-6.3,-0.368,9.688001,20.44,none,8,3.0,26790.0,143154.0,66706.0,149388.0,70189.0
2026-04-14 18:05:58.410718,738729,1609507452038120,5052007688,-0.728096,-0.240096,0.755424,25.13,-7.105,-7.48125,-0.368,9.688001,20.44,none,8,3.0,26790.0,143154.0,66706.0,149388.0,70189.0
2026-04-14 18:05:58.413219,738730,1609507452047112,5052016386,-0.794464,-0.242048,0.564128,21.41125,-6.27375,-7.8225,-0.048,9.744,20.984001,none,8,3.0,26790.0,143154.0,66706.0,149388.0,70189.0
2026-04-14 18:05:58.424256,738731,1609507452061718,5052031270,-0.794464,-0.242048,0.564128,18.43625,-5.59125,-7.6475,-0.048,9.744,20.984001,none,8,3.0,26790.0,143154.0,66706.0,149388.0,70189.0
2026-04-14 18:05:58.430746,738732,1609507452070696,5052040082,-0.817888,-0.25376,0.56608,16.26625,-4.22625,-7.72625,0.168,9.832001,21.456001,none,8,3.0,26790.0,143154.0,66706.0,149388.0,70189.0
2026-04-14 18:05:58.463207,738733,1609507452085174,5052055041,-0.755424,-0.296704,0.646112,15.2075,-2.80875,-8.33,-0.88,9.664001,21.104,none,8,3.0,26790.0,143154.0,66706.0,149388.0,70189.0
2026-04-14 18:05:58.488226,738734,1609507452094099,5052063743,-0.755424,-0.296704,0.646112,15.16375,-1.5575,-9.135,-0.88,9.664001,21.104,none,8,3.0,26790.0,143154.0,66706.0,149388.0,70189.0
2026-04-14 18:05:58.513217,738735,1609507452103040,5052072435,-0.755424,-0.298656,0.569984,15.61,0.02625,-10.40375,-0.88,9.664001,21.104,none,8,3.0,26790.0,143154.0,66706.0,149388.0,70189.0
2026-04-14 18:05:58.538130,738736,1609507452117523,5052087425,-0.798368,-0.298656,0.569984,17.955,1.225,-10.80625,-1.0,10.392,22.480001,none,8,3.0,26790.0,143154.0,66706.0,149388.0,70189.0
2026-04-14 18:05:58.573245,738747,1609507452127016,5052096369,-0.81008,-0.320128,0.562176,21.5775,2.47625,-10.6925,-1.408,9.984,22.464,none,8,3.0,28976.0,148309.0,70918.0,155758.0,75189.0
2026-04-14 18:05:58.575218,738748,1609507452141601,5052111327,-0.81008,-0.320128,0.562176,26.53,4.59375,-11.1475,-1.408,9.984,22.464,none,8,3.0,28976.0,148309.0,70918.0,155758.0,75189.0
2026-04-14 18:05:58.577927,738749,1609507452150662,5052120060,-0.86864,-0.255712,0.677344,32.375,7.21,-11.9525,-1.808,9.784,21.048,none,8,3.0,28976.0,148309.0,70918.0,155758.0,75189.0
2026-04-14 18:05:58.580746,738750,1609507452159720,5052128817,-0.86864,-0.255712,0.677344,40.425,9.3625,-12.67875,-1.808,9.784,21.048,none,8,3.0,28976.0,148309.0,70918.0,155758.0,75189.0
2026-04-14 18:05:58.583258,738751,1609507452174229,5052143744,-0.853024,-0.199104,0.763232,47.25875,10.5,-12.25,-2.44,9.240001,23.112001,none,8,3.0,28976.0,148309.0,70918.0,155758.0,75189.0
2026-04-14 18:05:58.585751,738752,1609507452183138,5052152402,-0.853024,-0.199104,0.544608,49.90125,10.78875,-12.20625,-2.44,9.240001,23.112001,none,8,3.0,28976.0,148309.0,70918.0,155758.0,75189.0
2026-04-14 18:05:58.588135,738753,1609507452197731,5052167295,-0.8784,-0.187392,0.532896,48.72,10.4825,-11.22625,-2.744,8.552,22.728,none,8,3.0,28976.0,148309.0,70918.0,155758.0,75189.0
2026-04-14 18:05:58.601248,738754,1609507452206696,5052176052,-0.862784,-0.130784,0.573888,45.395,11.0075,-10.01,-3.08,8.112,24.008001,none,8,3.0,28976.0,148309.0,70918.0,155758.0,75189.0
2026-04-14 18:05:58.601575,738755,1609507452221235,5052191035,-0.862784,-0.130784,0.573888,42.25375,11.31375,-7.7525,-3.08,8.112,24.008001,none,8,3.0,28976.0,148309.0,70918.0,155758.0,75189.0
2026-04-14 18:05:58.620162,738766,1609507452230532,5052199929,-0.841312,-0.140544,0.503616,32.99625,8.6275,-7.0875,-2.856,7.928001,24.576,none,8,3.0,30196.0,152145.0,72652.0,159641.0,77650.0
2026-04-14 18:05:58.623015,738767,1609507452239467,5052208643,-0.841312,-0.140544,0.503616,21.84875,6.58875,-5.46,-2.856,7.928001,24.576,none,8,3.0,30196.0,152145.0,72652.0,159641.0,77650.0
2026-04-14 18:05:58.627657,738768,1609507452254081,5052223670,-0.843264,-0.140544,0.687104,14.035,5.17125,-2.5725,-3.024,8.048,25.408,none,8,3.0,30196.0,152145.0,72652.0,159641.0,77650.0
2026-04-14 18:05:58.630148,738769,1609507452263062,5052232381,-0.843264,-0.140544,0.687104,11.655,5.08375,-1.56625,-3.024,8.048,25.408,none,8,3.0,30196.0,152145.0,72652.0,159641.0,77650.0
2026-04-14 18:05:58.637832,738770,1609507452277623,5052247456,-0.94672,-0.121024,0.491904,9.82625,4.9175,-1.2075,-4.048,8.168,24.536001,none,8,3.0,30196.0,152145.0,72652.0,159641.0,77650.0
2026-04-14 18:05:58.647767,738771,1609507452286673,5052256143,-0.913536,-0.08784,0.548512,8.61,3.955,0.83125,-4.248,8.192,25.68,none,8,3.0,30196.0,152145.0,72652.0,159641.0,77650.0
2026-04-14 18:05:58.654134,738772,1609507452295659,5052264898,-0.913536,-0.08784,0.548512,5.20625,2.695,1.05875,-4.248,8.192,25.68,none,8,3.0,30196.0,152145.0,72652.0,159641.0,77650.0
2026-04-14 18:05:58.670529,738773,1609507452310225,5052279833,-0.823744,-0.162016,0.501664,-2.03,-0.13125,1.09375,-3.464,8.288,24.752,none,8,3.0,30196.0,152145.0,72652.0,159641.0,77650.0
2026-04-14 18:05:58.679154,738774,1609507452319349,5052288541,-0.823744,-0.162016,0.501664,-7.83125,-1.02375,2.31,-3.464,8.288,24.752,none,8,3.0,30196.0,152145.0,72652.0,159641.0,77650.0
2026-04-14 18:05:58.714087,738785,1609507452334007,5052303598,-0.81984,-0.255712,0.482144,-9.31875,-0.42,2.5025,-3.36,8.112,25.744001,none,8,3.0,30881.0,152300.0,73869.0,159875.0,79051.0
2026-04-14 18:05:58.714537,738786,1609507452342981,5052312310,-0.81984,-0.255712,0.482144,-6.37875,2.61625,1.58375,-3.36,8.112,25.744001,none,8,3.0,30881.0,152300.0,73869.0,159875.0,79051.0
2026-04-14 18:05:58.722052,738787,1609507452357462,5052327223,-0.835456,-0.251808,0.745664,3.1675,6.7375,1.61875,-3.048,7.816001,25.640001,none,8,3.0,30881.0,152300.0,73869.0,159875.0,79051.0
2026-04-14 18:05:58.725068,738788,1609507452366403,5052336035,-0.933056,-0.162016,0.528992,17.12375,8.8025,-0.2625,-3.088,7.64,24.928001,none,8,3.0,30881.0,152300.0,73869.0,159875.0,79051.0
2026-04-14 18:05:58.735298,738789,1609507452375352,5052344744,-0.933056,-0.162016,0.528992,25.97,7.665,-1.53125,-3.088,7.64,24.928001,none,8,3.0,30881.0,152300.0,73869.0,159875.0,79051.0
2026-04-14 18:05:58.751654,738790,1609507452389835,5052359641,-0.837408,-0.11712,0.515328,24.73625,3.52625,-0.1925,-3.28,7.36,25.016,none,8,3.0,30881.0,152300.0,73869.0,159875.0,79051.0
2026-04-14 18:05:58.759077,738791,1609507452398761,5052368333,-0.837408,-0.11712,0.515328,16.616251,1.3125,1.4875,-3.28,7.36,25.016,none,8,3.0,30881.0,152300.0,73869.0,159875.0,79051.0
2026-04-14 18:05:58.774011,738792,1609507452413268,5052383256,-0.909632,-0.0976,0.501664,9.80875,1.715,3.57875,-2.928,7.184001,24.912,none,8,3.0,30881.0,152300.0,73869.0,159875.0,79051.0
2026-04-14 18:05:58.781628,738793,1609507452422327,5052391951,-0.909632,-0.0976,0.501664,4.1125,1.67125,1.5575,-2.928,7.184001,24.912,none,8,3.0,30881.0,152300.0,73869.0,159875.0,79051.0
2026-04-14 18:05:58.859167,738804,1609507452431520,5052400731,-0.862784,-0.138592,0.710528,-2.16125,-0.5075,-1.21625,-2.984,7.152,25.312,none,8,3.0,30651.0,152668.0,73403.0,160326.0,78703.0
2026-04-14 18:05:58.861662,738805,1609507452446054,5052415693,-0.886208,-0.152256,0.616832,-4.655,-1.51375,0.16625,-3.704,7.904,26.080002,none,8,3.0,30651.0,152668.0,73403.0,160326.0,78703.0
2026-04-14 18:05:58.864175,738806,1609507452455086,5052424394,-0.886208,-0.152256,0.616832,-3.40375,-1.05875,0.28,-3.704,7.904,26.080002,none,8,3.0,30651.0,152668.0,73403.0,160326.0,78703.0
2026-04-14 18:05:58.866857,738807,1609507452469563,5052439321,-0.83936,-0.199104,0.620736,-0.6475,-0.13125,-0.735,-4.112,7.336,26.064001,none,8,3.0,30651.0,152668.0,73403.0,160326.0,78703.0
2026-04-14 18:05:58.869222,738808,1609507452478518,5052447981,-0.83936,-0.199104,0.620736,3.84125,0.21875,-1.09375,-4.112,7.336,26.064001,none,8,3.0,30651.0,152668.0,73403.0,160326.0,78703.0
2026-04-14 18:05:58.871678,738809,1609507452493050,5052462867,-0.860832,-0.193248,0.538752,9.0475,0.4725,-0.5775,-4.064,7.2,25.864,none,8,3.0,30651.0,152668.0,73403.0,160326.0,78703.0
2026-04-14 18:05:58.874160,738810,1609507452502022,5052471547,-0.860832,-0.193248,0.538752,13.965,0.07,-0.00875,-4.064,7.2,25.864,none,8,3.0,30651.0,152668.0,73403.0,160326.0,78703.0
2026-04-14 18:05:58.876700,738811,1609507452511025,5052480419,-0.894016,-0.083936,0.704672,18.38375,-0.2275,0.83125,-4.136,7.000001,26.304,none,8,3.0,30651.0,152668.0,73403.0,160326.0,78703.0
2026-04-14 18:05:58.885399,738812,1609507452525560,5052495385,-0.894016,-0.06832,0.739808,18.6375,-1.44375,1.47,-4.136,7.000001,26.304,none,8,3.0,30651.0,152668.0,73403.0,160326.0,78703.0
2026-04-14 18:05:58.912453,738823,1609507452534548,5052504146,-0.866688,-0.06832,0.739808,15.67125,-2.975,1.82875,-3.432,7.264,25.944002,none,8,3.0,30303.0,152505.0,72680.0,160272.0,77962.0
2026-04-14 18:05:58.915012,738824,1609507452549255,5052519135,-0.808128,-0.115168,0.718336,11.83,-4.445,1.95125,-3.04,6.608,25.216002,none,8,3.0,30303.0,152505.0,72680.0,160272.0,77962.0
2026-04-14 18:05:58.917671,738825,1609507452558208,5052527834,-0.808128,-0.115168,0.718336,9.16125,-5.9325,2.47625,-3.04,6.608,25.216002,none,8,3.0,30303.0,152505.0,72680.0,160272.0,77962.0
2026-04-14 18:05:58.929303,738826,1609507452567139,5052536524,-0.835456,-0.062464,0.757376,8.02375,-6.36125,3.1325,-3.592,6.32,24.840002,none,8,3.0,30303.0,152505.0,72680.0,160272.0,77962.0
2026-04-14 18:05:58.945113,738827,1609507452581663,5052551393,-0.835456,-0.062464,0.757376,7.49875,-7.0175,3.85,-3.592,6.32,24.840002,none,8,3.0,30303.0,152505.0,72680.0,160272.0,77962.0
2026-04-14 18:05:58.950410,738828,1609507452590618,5052560170,-0.882304,-0.0488,0.704672,5.46875,-8.575,3.71875,-3.512,5.952,25.000002,none,8,3.0,30303.0,152505.0,72680.0,160272.0,77962.0
2026-04-14 18:05:58.966953,738829,1609507452605133,5052575095,-0.882304,-0.0488,0.704672,2.73875,-9.730001,3.42125,-3.512,5.952,25.000002,none,8,3.0,30303.0,152505.0,72680.0,160272.0,77962.0
2026-04-14 18:05:58.975416,738830,1609507452614199,5052583788,-0.905728,-0.060512,0.6344,-0.25375,-11.305,3.535,-3.376,6.064,24.472002,none,8,3.0,30303.0,152505.0,72680.0,160272.0,77962.0
2026-04-14 18:05:59.011408,738841,1609507452628876,5052599184,-0.815936,-0.076128,0.774944,-2.0125,-12.01375,2.9925,-3.128,6.608,25.736002,none,8,3.0,29358.0,152259.0,70680.0,160046.0,76106.0
2026-04-14 18:05:59.014364,738842,1609507452637973,5052607912,-0.815936,-0.076128,0.774944,-3.4125,-12.53,3.35125,-3.128,6.608,25.736002,none,8,3.0,29358.0,152259.0,70680.0,160046.0,76106.0
2026-04-14 18:05:59.016852,738843,1609507452647013,5052616665,-0.8784,-0.046848,0.667584,-4.4975,-12.705,3.08875,-4.224,6.28,26.088001,none,8,3.0,29358.0,152259.0,70680.0,160046.0,76106.0
2026-04-14 18:05:59.021846,738844,1609507452661554,5052631587,-0.8784,-0.046848,0.667584,-6.15125,-12.99375,2.66875,-4.224,6.28,26.088001,none,8,3.0,29358.0,152259.0,70680.0,160046.0,76106.0
2026-04-14 18:05:59.031844,738845,1609507452670580,5052640315,-0.854976,-0.085888,0.5368,-9.38,-13.5975,2.35375,-4.304,6.128,24.384,none,8,3.0,29358.0,152259.0,70680.0,160046.0,76106.0
2026-04-14 18:05:59.048205,738846,1609507452685106,5052655254,-0.854976,-0.085888,0.5368,-12.90625,-14.58625,2.05625,-4.304,6.128,24.384,none,8,3.0,29358.0,152259.0,70680.0,160046.0,76106.0
2026-04-14 18:05:59.054423,738847,1609507452694109,5052664013,-0.880352,-0.054656,0.667584,-16.66875,-15.5225,1.96875,-3.456,6.536,22.616001,none,8,3.0,29358.0,152259.0,70680.0,160046.0,76106.0
2026-04-14 18:05:59.064500,738848,1609507452703113,5052672712,-0.880352,-0.054656,0.667584,-20.5275,-15.81125,1.9775,-3.456,6.536,22.616001,none,8,3.0,29358.0,152259.0,70680.0,160046.0,76106.0
2026-04-14 18:05:59.078224,738849,1609507452717600,5052687623,-0.812032,-0.080032,0.798368,-23.91375,-16.7825,1.65375,-3.472,6.832,24.968,none,8,3.0,29358.0,152259.0,70680.0,160046.0,76106.0
2026-04-14 18:05:59.091538,738850,1609507452726598,5052696304,-0.812032,-0.080032,0.798368,-27.4575,-17.0975,1.79375,-3.472,6.832,24.968,none,8,3.0,29358.0,152259.0,70680.0,160046.0,76106.0
2026-04-14 18:05:59.117516,738861,1609507452741179,5052711280,-0.823744,-0.080032,0.778848,-31.0975,-17.52625,1.855,-3.44,6.936,24.6,none,8,3.0,28919.0,152142.0,69651.0,159824.0,75212.0
2026-04-14 18:05:59.120001,738862,1609507452750278,5052720143,-0.821792,-0.103456,0.772992,-33.97625,-17.99875,1.4875,-5.048,8.304001,26.136002,none,8,3.0,28919.0,152142.0,69651.0,159824.0,75212.0
2026-04-14 18:05:59.148078,738863,1609507452764914,5052735055,-0.821792,-0.103456,0.772992,-36.63625,-17.745,1.47875,-5.048,8.304001,26.136002,none,8,3.0,28919.0,152142.0,69651.0,159824.0,75212.0
2026-04-14 18:05:59.150150,738864,1609507452773948,5052743756,-0.860832,-0.162016,0.5368,-38.22,-17.75375,1.155,-4.84,8.272,24.272001,none,8,3.0,28919.0,152142.0,69651.0,159824.0,75212.0
2026-04-14 18:05:59.152738,738865,1609507452782962,5052752511,-0.860832,-0.162016,0.5368,-38.12375,-17.78875,1.14625,-4.84,8.272,24.272001,none,8,3.0,28919.0,152142.0,69651.0,159824.0,75212.0
2026-04-14 18:05:59.160582,738866,1609507452797483,5052767588,-0.851072,-0.189344,0.528992,-36.72375,-16.66,1.8025,-4.128,8.464001,23.904001,none,8,3.0,28919.0,152142.0,69651.0,159824.0,75212.0
2026-04-14 18:05:59.167727,738867,1609507452806394,5052776305,-0.851072,-0.189344,0.528992,-34.2825,-15.575,2.94875,-4.128,8.464001,23.904001,none,8,3.0,28919.0,152142.0,69651.0,159824.0,75212.0
2026-04-14 18:05:59.199353,738868,1609507452820920,5052791189,-0.747616,-0.238144,0.628544,-30.47625,-15.05875,3.9375,-4.48,8.512,23.568,none,8,3.0,28919.0,152142.0,69651.0,159824.0,75212.0
2026-04-14 18:05:59.254460,738879,1609507452829897,5052800243,-0.817888,-0.236192,0.480192,-27.65,-14.28875,4.8475,-3.632,8.952001,23.552002,none,8,3.0,28158.0,151211.0,68148.0,158765.0,73829.0
2026-04-14 18:05:59.256999,738880,1609507452839042,5052808926,-0.817888,-0.236192,0.480192,-24.96375,-13.886251,5.285,-3.632,8.952001,23.552002,none,8,3.0,28158.0,151211.0,68148.0,158765.0,73829.0
2026-04-14 18:05:59.259060,738881,1609507452853577,5052823826,-0.833504,-0.21472,0.52704,-22.54875,-13.195,5.4075,-4.024,8.712001,22.872002,none,8,3.0,28158.0,151211.0,68148.0,158765.0,73829.0
2026-04-14 18:05:59.261402,738882,1609507452862528,5052832541,-0.833504,-0.21472,0.52704,-19.705,-11.935,6.825,-4.024,8.712001,22.872002,none,8,3.0,28158.0,151211.0,68148.0,158765.0,73829.0
2026-04-14 18:05:59.264437,738883,1609507452876959,5052845381,-0.714432,-0.232288,0.661728,-19.7575,-10.99875,8.365,-3.824,8.392,22.616001,none,8,3.0,28158.0,151211.0,68148.0,158765.0,73829.0
2026-04-14 18:05:59.271952,738884,1609507452886325,5052856187,-0.714432,-0.232288,0.661728,-22.46125,-11.042501,8.51375,-3.824,8.392,22.616001,none,8,3.0,28158.0,151211.0,68148.0,158765.0,73829.0
2026-04-14 18:05:59.274150,738885,1609507452900834,5052871089,-0.689056,-0.27328,0.739808,-24.68375,-9.44125,8.53125,-3.224,8.448,22.240002,none,8,3.0,28158.0,151211.0,68148.0,158765.0,73829.0
2026-04-14 18:05:59.278819,738886,1609507452909911,5052879826,-0.71248,-0.284992,0.75152,-23.35375,-7.56875,8.47,-3.064,8.392,22.032001,none,8,3.0,28158.0,151211.0,68148.0,158765.0,73829.0
2026-04-14 18:05:59.279421,738887,1609507452918918,5052888513,-0.71248,-0.284992,0.75152,-20.90375,-6.72875,7.3675,-3.064,8.392,22.032001,none,8,3.0,28158.0,151211.0,68148.0,158765.0,73829.0
2026-04-14 18:05:59.313099,738898,1609507452933852,5052903434,-0.788608,-0.298656,0.601216,-15.12,-5.11875,6.25625,-2.264,7.416,21.376001,none,8,3.0,26406.0,149805.0,64942.0,157512.0,71061.0
2026-04-14 18:05:59.315672,738899,1609507452942844,5052912232,-0.788608,-0.298656,0.601216,-8.07625,-4.40125,4.87375,-2.264,7.416,21.376001,none,8,3.0,26406.0,149805.0,64942.0,157512.0,71061.0
2026-04-14 18:05:59.318179,738900,1609507452957407,5052927146,-0.71248,-0.261568,0.802272,-1.9425,-2.84375,3.94625,-1.128,6.584,19.896002,none,8,3.0,26406.0,149805.0,64942.0,157512.0,71061.0
2026-04-14 18:05:59.326864,738901,1609507452966342,5052935867,-0.71248,-0.261568,0.802272,1.8375,-2.5025,4.05125,-1.128,6.584,19.896002,none,8,3.0,26406.0,149805.0,64942.0,157512.0,71061.0
2026-04-14 18:05:59.334186,738902,1609507452975346,5052944609,-0.763232,-0.238144,0.651968,1.645,-2.52,5.0925,-0.904,6.04,20.608002,none,8,3.0,26406.0,149805.0,64942.0,157512.0,71061.0
2026-04-14 18:05:59.349463,738903,1609507452989852,5052959501,-0.62464,-0.28304,0.81008,0.0,-2.835,5.85375,-1.216,5.656,18.560001,none,8,3.0,26406.0,149805.0,64942.0,157512.0,71061.0
2026-04-14 18:05:59.360744,738904,1609507452998784,5052968206,-0.62464,-0.28304,0.81008,-2.065,-1.785,6.0025,-1.216,5.656,18.560001,none,8,3.0,26406.0,149805.0,64942.0,157512.0,71061.0
2026-04-14 18:05:59.374003,738905,1609507453013438,5052983087,-0.681248,-0.257664,0.84912,-2.14375,-0.70875,5.635,-0.296,5.536,19.528002,none,8,3.0,26406.0,149805.0,64942.0,157512.0,71061.0
2026-04-14 18:05:59.382607,738906,1609507453022367,5052991865,-0.681248,-0.257664,0.84912,-1.26875,1.09375,4.24375,-0.296,5.536,19.528002,none,8,3.0,26406.0,149805.0,64942.0,157512.0,71061.0
2026-04-14 18:05:59.414373,738917,1609507453031683,5053000659,-0.714432,-0.249856,0.659776,1.51375,3.8675,3.26375,-1.136,5.312,19.072,none,8,3.0,24994.0,146413.0,62572.0,153657.0,68517.0
2026-04-14 18:05:59.416525,738918,1609507453046386,5053015594,-0.714432,-0.249856,0.659776,6.57125,6.44,2.73,-1.136,5.312,19.072,none,8,3.0,24994.0,146413.0,62572.0,153657.0,68517.0
2026-04-14 18:05:59.418895,738919,1609507453055337,5053024423,-0.739808,-0.210816,0.638304,10.78875,9.1875,1.25125,-1.792,4.568,18.848001,none,8,3.0,24994.0,146413.0,62572.0,153657.0,68517.0
2026-04-14 18:05:59.432023,738920,1609507453069837,5053039384,-0.661728,-0.20496,0.57584,13.1075,12.355001,-0.91,-0.984,3.96,16.288,none,8,3.0,24994.0,146413.0,62572.0,153657.0,68517.0
2026-04-14 18:05:59.439588,738921,1609507453078749,5053048057,-0.661728,-0.20496,0.57584,15.4875,14.84875,0.07875,-0.984,3.96,16.288,none,8,3.0,24994.0,146413.0,62572.0,153657.0,68517.0
2026-04-14 18:05:59.453274,738922,1609507453093337,5053063096,-0.65392,-0.15616,0.765184,14.35,15.5925,0.4725,-0.792,3.272,18.824001,none,8,3.0,24994.0,146413.0,62572.0,153657.0,68517.0
2026-04-14 18:05:59.463535,738923,1609507453102270,5053071797,-0.65392,-0.15616,0.765184,8.65375,16.63375,-1.75,-0.792,3.272,18.824001,none,8,3.0,24994.0,146413.0,62572.0,153657.0,68517.0
2026-04-14 18:05:59.476531,738924,1609507453111217,5053080500,-0.655872,-0.15616,0.710528,4.69875,16.38875,-4.305,-2.144,3.928,20.928001,none,8,3.0,24994.0,146413.0,62572.0,153657.0,68517.0
2026-04-14 18:05:59.488049,738925,1609507453125689,5053095431,-0.655872,-0.15616,0.710528,3.68375,16.3625,-5.285,-2.144,3.928,20.928001,none,8,3.0,24994.0,146413.0,62572.0,153657.0,68517.0
2026-04-14 18:05:59.515741,738936,1609507453134965,5053104243,-0.74176,-0.07808,0.691008,5.4075,16.52875,-6.16,-2.296,3.544,19.352001,none,8,3.0,26415.0,144971.0,64567.0,149550.0,69962.0
2026-04-14 18:05:59.518140,738937,1609507453149465,5053119232,-0.74176,-0.07808,0.562176,6.0025,16.42375,-7.4725,-2.296,3.544,19.352001,none,8,3.0,26415.0,144971.0,64567.0,149550.0,69962.0
2026-04-14 18:05:59.526625,738938,1609507453158407,5053135970,-0.79056,-0.070272,0.562176,2.9575,16.44125,-9.1,-3.496,3.744,22.04,none,8,3.0,26415.0,144971.0,64567.0,149550.0,69962.0
2026-04-14 18:05:59.532000,738939,1609507453171109,5053140548,-0.755424,-0.046848,0.72224,-2.87,14.49875,-9.5725,-1.392,3.048,19.048,none,8,3.0,26415.0,144971.0,64567.0,149550.0,69962.0
2026-04-14 18:05:59.540815,738940,1609507453180036,5053149239,-0.755424,-0.046848,0.72224,-9.8175,10.22,-10.5,-1.392,3.048,19.048,none,8,3.0,26415.0,144971.0,64567.0,149550.0,69962.0
2026-04-14 18:05:59.570699,738941,1609507453194499,5053164285,-0.81008,-0.074176,0.661728,-17.01875,4.03375,-11.50625,-1.144,3.4,18.576,none,8,3.0,26415.0,144971.0,64567.0,149550.0,69962.0
2026-04-14 18:05:59.571897,738942,1609507453203425,5053172980,-0.81008,-0.074176,0.661728,-24.5175,-2.09125,-10.94625,-1.144,3.4,18.576,none,8,3.0,26415.0,144971.0,64567.0,149550.0,69962.0
2026-04-14 18:05:59.594460,738943,1609507453212507,5053181701,-0.794464,-0.212768,0.56608,-30.66875,-5.355,-10.6225,-1.072,4.4,19.336,none,8,3.0,26415.0,144971.0,64567.0,149550.0,69962.0
2026-04-14 18:05:59.599474,738944,1609507453227023,5053196628,-0.794464,-0.212768,0.56608,-32.2175,-5.10125,-10.43875,-1.072,4.4,19.336,none,8,3.0,26415.0,144971.0,64567.0,149550.0,69962.0
2026-04-14 18:05:59.626994,738955,1609507453236185,5053205339,-0.679296,-0.31232,0.696864,-27.2125,-2.135,-10.2725,-1.64,3.832,19.264002,none,8,3.0,26224.0,145154.0,64247.0,149778.0,69707.0
2026-04-14 18:05:59.629489,738956,1609507453250765,5053220370,-0.735904,-0.2928,0.558272,-17.535,1.28625,-10.2375,-1.64,4.136,18.368,none,8,3.0,26224.0,145154.0,64247.0,149778.0,69707.0
2026-04-14 18:05:59.631522,738957,1609507453259702,5053229075,-0.735904,-0.2928,0.558272,-8.47,3.40375,-11.03375,-1.056,4.136,18.368,none,8,3.0,26224.0,145154.0,64247.0,149778.0,69707.0
2026-04-14 18:05:59.636671,738958,1609507453274372,5053244009,-0.76128,-0.251808,0.609024,-3.75375,3.71875,-10.8675,-1.064,3.72,19.344002,none,8,3.0,26224.0,145154.0,64247.0,149778.0,69707.0
2026-04-14 18:05:59.644493,738959,1609507453283471,5053252757,-0.76128,-0.251808,0.609024,-3.395,3.1325,-10.045,-1.064,3.72,19.344002,none,8,3.0,26224.0,145154.0,64247.0,149778.0,69707.0
2026-04-14 18:05:59.654508,738960,1609507453292406,5053261533,-0.80032,-0.208864,0.733952,-3.1325,1.085,-9.765,-1.16,4.424,19.664001,none,8,3.0,26224.0,145154.0,64247.0,149778.0,69707.0
2026-04-14 18:05:59.666568,738961,1609507453307078,5053276415,-0.80032,-0.208864,0.733952,-1.63625,-0.455,-8.07625,-1.16,4.424,19.664001,none,8,3.0,26224.0,145154.0,64247.0,149778.0,69707.0
2026-04-14 18:05:59.676816,738962,1609507453316015,5053285119,-0.724192,-0.240096,0.691008,0.93625,-1.56625,-6.615,-0.688,4.48,19.320002,none,8,3.0,26224.0,145154.0,64247.0,149778.0,69707.0
2026-04-14 18:05:59.715705,738973,1609507453330540,5053300739,-0.724192,-0.240096,0.61488,4.52375,-2.17,-4.9525,-0.688,4.48,19.320002,none,8,3.0,26344.0,144057.0,64378.0,148459.0,69986.0
2026-04-14 18:05:59.718206,738974,1609507453339519,5053309439,-0.80032,-0.189344,0.61488,8.12875,-2.38,-3.045,-0.144,4.184,18.664001,none,8,3.0,26344.0,144057.0,64378.0,148459.0,69986.0
2026-04-14 18:05:59.720708,738975,1609507453348571,5053318207,-0.80032,-0.189344,0.61488,11.33125,-2.61625,-1.37375,-0.144,4.184,18.664001,none,8,3.0,26344.0,144057.0,64378.0,148459.0,69986.0
2026-04-14 18:05:59.724286,738976,1609507453363117,5053333125,-0.8296,-0.138592,0.64416,12.46875,-3.5,0.6825,-0.392,4.2,18.68,none,8,3.0,26344.0,144057.0,64378.0,148459.0,69986.0
2026-04-14 18:05:59.731645,738977,1609507453372179,5053341871,-0.714432,-0.163968,0.716384,12.04875,-4.15625,1.7325,-1.08,4.424,21.088001,none,8,3.0,26344.0,144057.0,64378.0,148459.0,69986.0
2026-04-14 18:05:59.750240,738978,1609507453386663,5053356764,-0.714432,-0.163968,0.716384,10.4125,-4.9525,2.30125,-1.08,4.424,21.088001,none,8,3.0,26344.0,144057.0,64378.0,148459.0,69986.0
2026-04-14 18:05:59.756428,738979,1609507453395881,5053365604,-0.817888,-0.140544,0.579744,9.65125,-5.3725,2.4325,-0.272,4.328,19.232,none,8,3.0,26344.0,144057.0,64378.0,148459.0,69986.0
2026-04-14 18:05:59.796545,738980,1609507453410323,5053380481,-0.817888,-0.140544,0.579744,9.38,-6.23,2.7475,-0.272,4.328,19.232,none,8,3.0,26344.0,144057.0,64378.0,148459.0,69986.0
2026-04-14 18:05:59.799490,738981,1609507453419242,5053389192,-0.784704,-0.111264,0.778848,10.167501,-6.65,3.00125,-0.816,4.336,19.072,none,8,3.0,26344.0,144057.0,64378.0,148459.0,69986.0
2026-04-14 18:05:59.801962,738982,1609507453428156,5053397895,-0.784704,-0.111264,0.778848,11.54125,-7.245,3.17625,-0.816,4.336,19.072,none,8,3.0,26344.0,144057.0,64378.0,148459.0,69986.0
2026-04-14 18:05:59.829405,738993,1609507453442961,5053412877,-0.747616,-0.16592,0.609024,13.67625,-7.945,3.35125,-1.464,4.16,19.416,none,8,3.0,26219.0,142500.0,64075.0,146826.0,69680.0
2026-04-14 18:05:59.831993,738994,1609507453452191,5053421678,-0.730048,-0.162016,0.72224,15.6625,-8.015,2.6425,-1.2,3.792,19.536001,none,8,3.0,26219.0,142500.0,64075.0,146826.0,69680.0
2026-04-14 18:05:59.834483,738995,1609507453466740,5053436642,-0.730048,-0.162016,0.72224,17.7275,-8.37375,2.07375,-1.2,3.792,19.536001,none,8,3.0,26219.0,142500.0,64075.0,146826.0,69680.0
2026-04-14 18:05:59.836975,738996,1609507453475703,5053445351,-0.79056,-0.169824,0.544608,20.116251,-9.70375,1.65375,-0.928,3.68,19.880001,none,8,3.0,26219.0,142500.0,64075.0,146826.0,69680.0
2026-04-14 18:05:59.845320,738997,1609507453484748,5053454060,-0.79056,-0.169824,0.544608,22.741251,-10.605001,0.4725,-0.928,3.68,19.880001,none,8,3.0,26219.0,142500.0,64075.0,146826.0,69680.0
2026-04-14 18:05:59.859334,738998,1609507453499239,5053469039,-0.747616,-0.122976,0.804224,25.43625,-11.6025,-0.77,-1.896,4.296,21.504002,none,8,3.0,26219.0,142500.0,64075.0,146826.0,69680.0
2026-04-14 18:05:59.869325,738999,1609507453508147,5053477725,-0.747616,-0.122976,0.804224,28.1575,-13.15125,-1.12875,-1.896,4.296,21.504002,none,8,3.0,26219.0,142500.0,64075.0,146826.0,69680.0
2026-04-14 18:05:59.886803,739000,1609507453522694,5053492662,-0.80032,-0.099552,0.710528,30.065,-13.46625,-1.6275,-1.52,4.024,21.712002,none,8,3.0,26219.0,142500.0,64075.0,146826.0,69680.0
2026-04-14 18:05:59.967835,739011,1609507453531616,5053501828,-0.80032,-0.099552,0.710528,31.01875,-13.78125,-2.3975,-1.52,4.024,21.712002,none,8,3.0,24822.0,140973.0,61704.0,146036.0,66351.0
2026-04-14 18:05:59.970339,739012,1609507453546306,5053514715,-0.7808,-0.07808,0.753472,30.695,-13.011251,-2.5725,-1.16,3.312,18.2,none,8,3.0,24822.0,140973.0,61704.0,146036.0,66351.0
2026-04-14 18:05:59.972810,739013,1609507453555631,5053525537,-0.726144,-0.05856,0.880352,29.11125,-11.47125,-3.255,-2.816,3.232,21.832,none,8,3.0,24822.0,140973.0,61704.0,146036.0,66351.0
2026-04-14 18:05:59.975210,739014,1609507453564707,5053534217,-0.726144,-0.05856,0.880352,25.78625,-9.2225,-3.3075,-2.816,3.232,21.832,none,8,3.0,24822.0,140973.0,61704.0,146036.0,66351.0
2026-04-14 18:05:59.977909,739015,1609507453579188,5053549149,-0.679296,-0.076128,0.862784,22.12875,-7.5425,-3.17625,-1.968,3.2,21.456001,none,8,3.0,24822.0,140973.0,61704.0,146036.0,66351.0
2026-04-14 18:05:59.985436,739016,1609507453588087,5053557840,-0.679296,-0.076128,0.862784,18.45375,-5.08375,-2.65125,-1.968,3.2,21.456001,none,8,3.0,24822.0,140973.0,61704.0,146036.0,66351.0
2026-04-14 18:05:59.987937,739017,1609507453602595,5053572713,-0.671488,-0.10736,0.847168,14.58625,-1.98625,-3.03625,-2.192,3.456,21.888,none,8,3.0,24822.0,140973.0,61704.0,146036.0,66351.0
2026-04-14 18:05:59.990318,739018,1609507453611514,5053581429,-0.671488,-0.10736,0.847168,11.9875,0.4025,-3.22875,-2.192,3.456,21.888,none,8,3.0,24822.0,140973.0,61704.0,146036.0,66351.0
2026-04-14 18:05:59.992919,739019,1609507453620483,5053590186,-0.763232,-0.130784,0.610976,11.52375,0.91,-2.8175,-2.248,3.848,22.832,none,8,3.0,24822.0,140973.0,61704.0,146036.0,66351.0
2026-04-14 18:06:00.020102,739030,1609507453635165,5053605102,-0.665632,-0.1464,0.759328,10.7975,3.42125,-3.38625,-2.536,3.36,21.872002,none,8,3.0,25020.0,143036.0,62651.0,149443.0,66831.0
2026-04-14 18:06:00.022551,739031,1609507453644137,5053613871,-0.665632,-0.1464,0.759328,8.225,5.88875,-4.8825,-2.536,3.36,21.872002,none,8,3.0,25020.0,143036.0,62651.0,149443.0,66831.0
2026-04-14 18:06:00.025110,739032,1609507453658760,5053628814,-0.75152,-0.128832,0.651968,8.9425,5.81875,-4.97,-1.816,3.536,22.176,none,8,3.0,25020.0,143036.0,62651.0,149443.0,66831.0
2026-04-14 18:06:00.027503,739033,1609507453667749,5053637511,-0.75152,-0.128832,0.651968,8.00625,7.25375,-6.685,-1.816,3.536,22.176,none,8,3.0,25020.0,143036.0,62651.0,149443.0,66831.0
2026-04-14 18:06:00.039489,739034,1609507453676806,5053646193,-0.80032,-0.142496,0.579744,6.18625,10.24625,-8.86375,-2.32,4.056,22.616001,none,8,3.0,25020.0,143036.0,62651.0,149443.0,66831.0
2026-04-14 18:06:00.050312,739035,1609507453691285,5053661128,-0.80032,-0.142496,0.579744,7.30625,10.96375,-8.9425,-2.32,4.056,22.616001,none,8,3.0,25020.0,143036.0,62651.0,149443.0,66831.0
2026-04-14 18:06:00.061641,739036,1609507453700276,5053669850,-0.77104,-0.119072,0.714432,7.9625,11.2,-9.02125,-1.92,4.592,25.232,none,8,3.0,25020.0,143036.0,62651.0,149443.0,66831.0
2026-04-14 18:06:00.075287,739037,1609507453714768,5053684778,-0.8296,-0.140544,0.5856,9.26625,10.77125,-9.730001,-2.232,4.28,22.152,none,8,3.0,25020.0,143036.0,62651.0,149443.0,66831.0
2026-04-14 18:06:00.084156,739038,1609507453723736,5053693467,-0.8296,-0.140544,0.5856,8.82,16.0125,-11.6375,-2.232,4.28,22.152,none,8,3.0,25020.0,143036.0,62651.0,149443.0,66831.0
2026-04-14 18:06:00.121683,739050,1609507453738439,5053708446,-0.737856,-0.162016,0.657824,9.3975,15.37375,-11.62,-2.52,4.28,23.080002,none,8,3.0,25951.0,145978.0,64577.0,153378.0,69560.0
2026-04-14 18:06:00.124073,739051,1609507453747540,5053717175,-0.737856,-0.162016,0.657824,8.1375,15.07625,-9.0125,-2.52,4.28,23.080002,none,8,3.0,25951.0,145978.0,64577.0,153378.0,69560.0
2026-04-14 18:06:00.128390,739052,1609507453756508,5053725931,-0.886208,-0.10736,0.612928,7.77,12.66125,-7.385,-4.248,4.792,24.288002,none,8,3.0,25951.0,145978.0,64577.0,153378.0,69560.0
2026-04-14 18:06:00.130167,739053,1609507453770994,5053740880,-0.886208,-0.10736,0.612928,9.24875,11.06875,-6.72,-4.248,4.792,24.288002,none,8,3.0,25951.0,145978.0,64577.0,153378.0,69560.0
2026-04-14 18:06:00.141118,739054,1609507453780035,5053749591,-0.960384,-0.113216,0.554368,9.8175,13.37,-7.39375,-3.552,4.52,24.432001,none,8,3.0,25951.0,145978.0,64577.0,153378.0,69560.0
2026-04-14 18:06:00.157692,739055,1609507453794555,5053764517,-0.796416,-0.121024,0.564128,11.4625,14.1925,-7.58625,-2.624,4.696,23.992,none,8,3.0,25951.0,145978.0,64577.0,153378.0,69560.0
2026-04-14 18:06:00.164036,739056,1609507453803527,5053773226,-0.796416,-0.121024,0.564128,11.261251,11.33125,-5.74875,-2.624,4.696,23.992,none,8,3.0,25951.0,145978.0,64577.0,153378.0,69560.0
2026-04-14 18:06:00.171578,739057,1609507453812498,5053781930,-0.796416,-0.121024,0.564128,10.01,11.935,-5.38125,-2.624,4.696,23.992,none,8,3.0,25951.0,145978.0,64577.0,153378.0,69560.0
2026-04-14 18:06:00.187762,739058,1609507453827086,5053796828,-0.812032,-0.12688,0.694912,6.3175,11.80375,-5.67,-2.6,4.688,23.160002,none,8,3.0,25951.0,145978.0,64577.0,153378.0,69560.0
2026-04-14 18:06:00.223925,739069,1609507453836447,5053805834,-0.864736,-0.074176,0.675392,1.3125,9.03875,-4.82125,-3.88,4.912,24.936,none,8,3.0,26629.0,147283.0,65497.0,154997.0,71022.0
2026-04-14 18:06:00.226405,739070,1609507453851021,5053820852,-0.864736,-0.074176,0.675392,-1.33875,6.9125,-2.44125,-3.88,4.912,24.936,none,8,3.0,26629.0,147283.0,65497.0,154997.0,71022.0
2026-04-14 18:06:00.230370,739071,1609507453860013,5053829545,-0.825696,-0.105408,0.54656,-0.90125,7.7175,-1.785,-2.512,4.648,24.184002,none,8,3.0,26629.0,147283.0,65497.0,154997.0,71022.0
2026-04-14 18:06:00.232168,739072,1609507453868981,5053838242,-0.825696,-0.105408,0.54656,-1.12875,7.35,-2.73875,-2.512,4.648,24.184002,none,8,3.0,26629.0,147283.0,65497.0,154997.0,71022.0
2026-04-14 18:06:00.244308,739073,1609507453883594,5053853213,-0.745664,-0.076128,0.70272,-2.75625,5.43375,-2.37125,-2.632,4.824,24.344002,none,8,3.0,26629.0,147283.0,65497.0,154997.0,71022.0
2026-04-14 18:06:00.251389,739074,1609507453892531,5053861925,-0.745664,-0.076128,0.70272,-6.4575,3.80625,-3.0275,-2.632,4.824,24.344002,none,8,3.0,26629.0,147283.0,65497.0,154997.0,71022.0
2026-04-14 18:06:00.267614,739075,1609507453907077,5053876818,-0.862784,-0.124928,0.54656,-7.105,7.35,-4.76875,-2.712,4.832,25.000002,none,8,3.0,26629.0,147283.0,65497.0,154997.0,71022.0
2026-04-14 18:06:00.320418,739076,1609507453916047,5053885518,-0.784704,-0.15616,0.61488,-6.4575,6.4925,-4.7775,-4.52,5.480001,26.144001,none,8,3.0,26629.0,147283.0,65497.0,154997.0,71022.0
2026-04-14 18:06:00.327676,739077,1609507453930529,5053900395,-0.784704,-0.15616,0.61488,-4.6725,5.04875,-3.3775,-4.52,5.480001,26.144001,none,8,3.0,26629.0,147283.0,65497.0,154997.0,71022.0
2026-04-14 18:06:00.352895,739088,1609507453939631,5053909125,-0.886208,-0.150304,0.534848,-2.345,4.4975,-3.325,-4.168,5.176,25.512001,none,8,3.0,27140.0,148894.0,66083.0,156665.0,71860.0
2026-04-14 18:06:00.355276,739089,1609507453948566,5053917801,-0.886208,-0.150304,0.534848,2.37125,3.3075,-3.4825,-4.168,5.176,25.512001,none,8,3.0,27140.0,148894.0,66083.0,156665.0,71860.0
2026-04-14 18:06:00.357806,739090,1609507453963061,5053932710,-0.831552,-0.052704,0.765184,7.0525,1.81125,-3.19375,-3.808,5.176,25.488,none,8,3.0,27140.0,148894.0,66083.0,156665.0,71860.0
2026-04-14 18:06:00.360376,739091,1609507453971998,5053941457,-0.831552,-0.052704,0.765184,8.2075,0.6475,-3.68375,-3.808,5.176,25.488,none,8,3.0,27140.0,148894.0,66083.0,156665.0,71860.0
2026-04-14 18:06:00.362873,739092,1609507453986596,5053956388,-0.921344,-0.050752,0.544608,5.705,0.035,-4.1125,-3.672,5.096,25.472002,none,8,3.0,27140.0,148894.0,66083.0,156665.0,71860.0
2026-04-14 18:06:00.365319,739093,1609507453995605,5053965092,-0.85888,-0.060512,0.735904,1.2425,-1.365,-3.56125,-3.672,5.056,26.896002,none,8,3.0,27140.0,148894.0,66083.0,156665.0,71860.0
2026-04-14 18:06:00.370373,739094,1609507454010227,5053980108,-0.85888,-0.060512,0.735904,-1.53125,-2.2575,-3.115,-3.856,5.056,26.896002,none,8,3.0,27140.0,148894.0,66083.0,156665.0,71860.0
2026-04-14 18:06:00.380433,739095,1609507454019280,5053988791,-0.89792,-0.056608,0.642208,-2.91375,-3.0975,-2.1,-3.32,5.016,24.648,none,8,3.0,27140.0,148894.0,66083.0,156665.0,71860.0
2026-04-14 18:06:00.388212,739096,1609507454028362,5053997490,-0.89792,-0.056608,0.642208,-3.815,-3.8675,-1.51375,-3.32,5.016,24.648,none,8,3.0,27140.0,148894.0,66083.0,156665.0,71860.0
2026-04-14 18:06:00.446590,739107,1609507454042910,5054012452,-0.860832,-0.091744,0.5368,-5.3725,-4.27875,-1.3125,-3.08,4.784,24.448002,none,8,3.0,27468.0,152090.0,66073.0,159503.0,72269.0
2026-04-14 18:06:00.449083,739108,1609507454051858,5054021171,-0.860832,-0.091744,0.5368,-6.9125,-5.71375,-1.0325,-3.08,4.784,24.448002,none,8,3.0,27468.0,152090.0,66073.0,159503.0,72269.0
2026-04-14 18:06:00.451557,739109,1609507454066487,5054036218,-0.884256,-0.0976,0.550464,-8.61,-6.83375,-0.9275,-3.816,5.176,25.6,none,8,3.0,27468.0,152090.0,66073.0,159503.0,72269.0
2026-04-14 18:06:00.454142,739110,1609507454075455,5054044988,-0.884256,-0.050752,0.739808,-9.63375,-7.28875,-1.015,-3.816,5.176,25.6,none,8,3.0,27468.0,152090.0,66073.0,159503.0,72269.0
2026-04-14 18:06:00.456653,739111,1609507454084440,5054053695,-0.872544,-0.056608,0.739808,-8.65375,-8.18125,-0.79625,-4.048,5.376,24.52,none,8,3.0,27468.0,152090.0,66073.0,159503.0,72269.0
2026-04-14 18:06:00.459160,739112,1609507454098976,5054068604,-0.886208,-0.05856,0.622688,-7.67375,-8.68875,0.2275,-4.392,5.488,26.544,none,8,3.0,27468.0,152090.0,66073.0,159503.0,72269.0
2026-04-14 18:06:00.467885,739113,1609507454107902,5054077298,-0.886208,-0.05856,0.622688,-7.805,-9.75625,1.4,-4.392,5.488,26.544,none,8,3.0,27468.0,152090.0,66073.0,159503.0,72269.0
2026-04-14 18:06:00.482926,739114,1609507454122390,5054092344,-0.8296,-0.0976,0.571936,-9.2575,-10.96375,1.05,-3.472,5.24,24.312,none,8,3.0,27468.0,152090.0,66073.0,159503.0,72269.0
2026-04-14 18:06:00.491608,739115,1609507454131317,5054101049,-0.8296,-0.0976,0.571936,-10.4475,-11.2525,1.11125,-3.472,5.24,24.312,none,8,3.0,27468.0,152090.0,66073.0,159503.0,72269.0
2026-04-14 18:06:00.524767,739126,1609507454146096,5054116255,-0.788608,-0.083936,0.72224,-13.34375,-12.005,0.88375,-3.368,5.248,24.336,none,8,3.0,26871.0,154630.0,64643.0,162038.0,71100.0
2026-04-14 18:06:00.526356,739127,1609507454155041,5054125028,-0.788608,-0.083936,0.72224,-16.1175,-12.74875,1.47,-3.368,5.248,24.336,none,8,3.0,26871.0,154630.0,64643.0,162038.0,71100.0
2026-04-14 18:06:00.529065,739128,1609507454164048,5054133715,-0.84912,-0.083936,0.612928,-19.69625,-13.22125,1.72375,-4.272,5.76,24.960001,none,8,3.0,26871.0,154630.0,64643.0,162038.0,71100.0
2026-04-14 18:06:00.540692,739129,1609507454178586,5054148704,-0.81008,-0.12688,0.60512,-23.1175,-13.13375,0.6825,-4.552,5.944,25.224,none,8,3.0,26871.0,154630.0,64643.0,162038.0,71100.0
2026-04-14 18:06:00.548126,739130,1609507454187639,5054157404,-0.81008,-0.12688,0.60512,-25.6725,-13.16,-0.315,-4.552,5.944,25.224,none,8,3.0,26871.0,154630.0,64643.0,162038.0,71100.0
2026-04-14 18:06:00.562675,739131,1609507454202137,5054172288,-0.845216,-0.160064,0.54656,-27.3,-12.7575,-0.8575,-4.392,6.344,25.032001,none,8,3.0,26871.0,154630.0,64643.0,162038.0,71100.0
2026-04-14 18:06:00.574224,739132,1609507454211084,5054180962,-0.845216,-0.160064,0.54656,-27.13375,-13.72,-1.37375,-4.392,6.344,25.032001,none,8,3.0,26871.0,154630.0,64643.0,162038.0,71100.0
2026-04-14 18:06:00.580726,739133,1609507454219998,5054189700,-0.870592,-0.144448,0.691008,-25.13,-14.35,-1.47,-5.144,6.24,23.872002,none,8,3.0,26871.0,154630.0,64643.0,162038.0,71100.0
2026-04-14 18:06:00.595728,739134,1609507454234560,5054204776,-0.870592,-0.144448,0.691008,-22.4875,-14.805,-1.54875,-5.144,6.24,23.872002,none,8,3.0,26871.0,154630.0,64643.0,162038.0,71100.0
2026-04-14 18:06:00.625564,739145,1609507454243547,5054213488,-0.825696,-0.154208,0.720288,-19.8275,-15.72375,-1.33,-4.392,6.256001,23.368002,none,8,3.0,27192.0,155180.0,65150.0,162503.0,71545.0
2026-04-14 18:06:00.628120,739146,1609507454258124,5054228441,-0.856928,-0.179584,0.534848,-17.17625,-16.66,-0.2975,-5.336,6.752,23.896002,none,8,3.0,27192.0,155180.0,65150.0,162503.0,71545.0
2026-04-14 18:06:00.630592,739147,1609507454267200,5054237125,-0.856928,-0.179584,0.534848,-15.785,-17.96375,1.155,-5.336,6.752,23.896002,none,8,3.0,27192.0,155180.0,65150.0,162503.0,71545.0
2026-04-14 18:06:00.640701,739148,1609507454281713,5054250118,-0.837408,-0.189344,0.677344,-14.42,-18.71625,2.00375,-5.44,6.848001,25.152,none,8,3.0,27192.0,155180.0,65150.0,162503.0,71545.0
2026-04-14 18:06:00.669119,739149,1609507454290943,5054260915,-0.837408,-0.189344,0.677344,-11.7075,-18.725,3.96375,-5.44,6.848001,25.152,none,8,3.0,27192.0,155180.0,65150.0,162503.0,71545.0
2026-04-14 18:06:00.671404,739150,1609507454300020,5054269610,-0.806176,-0.236192,0.726144,-6.265,-18.64625,7.00875,-5.04,6.088,24.112001,none,8,3.0,27192.0,155180.0,65150.0,162503.0,71545.0
2026-04-14 18:06:00.674185,739151,1609507454314559,5054284712,-0.806176,-0.236192,0.726144,1.8375,-18.83,10.6225,-5.04,6.088,24.112001,none,8,3.0,27192.0,155180.0,65150.0,162503.0,71545.0
2026-04-14 18:06:00.697000,739152,1609507454323511,5054293408,-0.806176,-0.300608,0.638304,11.40125,-19.73125,15.12,-4.448,5.336,22.824001,none,8,3.0,27192.0,155180.0,65150.0,162503.0,71545.0
2026-04-14 18:06:00.726898,739163,1609507454338153,5054308475,-0.940864,-0.329888,0.589504,23.16125,-20.71125,19.88,-4.528,4.088,22.736002,none,8,3.0,26213.0,151378.0,63741.0,158931.0,70477.0
2026-04-14 18:06:00.729413,739164,1609507454347102,5054317298,-0.940864,-0.329888,0.589504,37.826252,-22.81125,25.96125,-4.528,4.088,22.736002,none,8,3.0,26213.0,151378.0,63741.0,158931.0,70477.0
2026-04-14 18:06:00.731295,739165,1609507454356214,5054326023,-0.940864,-0.329888,0.589504,56.420002,-23.87,33.73125,-4.528,4.088,22.736002,none,8,3.0,26213.0,151378.0,63741.0,158931.0,70477.0
2026-04-14 18:06:00.734546,739166,1609507454370864,5054340924,-0.935008,-0.462624,0.70272,80.71,-27.23875,40.915,-5.072,2.384,22.968,none,8,3.0,26213.0,151378.0,63741.0,158931.0,70477.0
2026-04-14 18:06:00.741644,739167,1609507454379810,5054349634,-1.018944,-0.433344,0.802272,112.25375,-32.20875,49.72625,-5.568,0.2,22.560001,none,8,3.0,26213.0,151378.0,63741.0,158931.0,70477.0
2026-04-14 18:06:00.754494,739168,1609507454394334,5054364570,-1.018944,-0.433344,0.802272,149.16125,-37.80875,62.072502,-5.568,0.2,22.560001,none,8,3.0,26213.0,151378.0,63741.0,158931.0,70477.0
2026-04-14 18:06:00.764052,739169,1609507454403271,5054373262,-1.089216,-0.2928,0.573888,187.67876,-39.29625,79.6425,-7.224001,-2.968,23.080002,none,8,3.0,26213.0,151378.0,63741.0,158931.0,70477.0
2026-04-14 18:06:00.780759,739170,1609507454417879,5054388162,-1.057984,-0.162016,0.651968,220.86751,-40.1275,94.00125,-7.224001,-2.968,21.472,none,8,3.0,26213.0,151378.0,63741.0,158931.0,70477.0
2026-04-14 18:06:00.789122,739171,1609507454426829,5054396873,-1.061888,-0.162016,0.651968,246.09375,-44.77375,103.08375,-9.712001,-6.36,21.472,none,8,3.0,26213.0,151378.0,63741.0,158931.0,70477.0
2026-04-14 18:06:00.796417,739172,1609507454435843,5054405571,-1.061888,-0.162016,0.651968,257.74,-50.25125,110.4775,-9.712001,-6.36,21.472,none,8,3.0,26213.0,151378.0,63741.0,158931.0,70477.0
2026-04-14 18:06:00.829538,739183,1609507454450409,5054420561,-1.118496,0.07808,0.802272,264.81876,-54.0925,119.1575,-10.808001,-9.888001,20.248001,none,8,3.0,36533.0,151458.0,82077.0,154054.0,88534.0
2026-04-14 18:06:00.832065,739184,1609507454459365,5054429432,-1.079456,0.54656,0.724192,264.71375,-50.49625,130.61125,-14.704,-11.888001,19.136002,none,8,3.0,36533.0,151458.0,82077.0,154054.0,88534.0
2026-04-14 18:06:00.833998,739185,1609507454473909,5054442330,-1.079456,0.54656,0.724192,250.9325,-39.12125,136.0275,-14.704,-11.888001,19.136002,none,8,3.0,36533.0,151458.0,82077.0,154054.0,88534.0
2026-04-14 18:06:00.845753,739186,1609507454483208,5054453188,-1.19072,0.650016,0.569984,230.01125,-34.5625,138.06625,-17.512001,-12.984,21.064001,none,8,3.0,36533.0,151458.0,82077.0,154054.0,88534.0
2026-04-14 18:06:00.853340,739187,1609507454492673,5054461896,-1.19072,0.650016,0.569984,214.6375,-18.40125,144.165,-17.512001,-12.984,21.064001,none,8,3.0,36533.0,151458.0,82077.0,154054.0,88534.0
2026-04-14 18:06:00.868274,739188,1609507454507181,5054476889,-1.136064,0.987712,0.489952,233.1525,-1.12875,156.70375,-20.288,-14.168,19.800001,none,8,3.0,36533.0,151458.0,82077.0,154054.0,88534.0
2026-04-14 18:06:00.875365,739189,1609507454516127,5054485598,-1.136064,0.987712,0.489952,198.2575,-3.35125,149.21375,-20.288,-14.168,19.800001,none,8,3.0,36533.0,151458.0,82077.0,154054.0,88534.0
2026-04-14 18:06:00.895681,739190,1609507454530675,5054500501,-1.03456,1.260992,0.40992,113.5925,-6.62375,141.75,-21.912,-13.496,19.672,none,8,3.0,36533.0,151458.0,82077.0,154054.0,88534.0
2026-04-14 18:06:00.925301,739201,1609507454540063,5054509713,-0.778848,0.958432,0.62464,29.19875,-14.07875,153.65875,-23.76,-10.208,22.04,none,8,3.0,65953.0,256804.0,131946.0,245388.0,146210.0
2026-04-14 18:06:00.928243,739202,1609507454549287,5054518471,-0.778848,0.958432,0.62464,-38.745,-27.475,163.45,-23.76,-10.208,22.04,none,8,3.0,65953.0,256804.0,131946.0,245388.0,146210.0
2026-04-14 18:06:00.930729,739203,1609507454563839,5054533461,-0.480192,0.84912,0.650016,-82.34625,-35.735,161.84875,-23.336,-7.520001,22.104002,none,8,3.0,65953.0,256804.0,131946.0,245388.0,146210.0
2026-04-14 18:06:00.933249,739204,1609507454572790,5054542166,-0.480192,0.84912,0.650016,-101.29,-41.55375,158.8125,-23.336,-7.520001,22.104002,none,8,3.0,65953.0,256804.0,131946.0,245388.0,146210.0
2026-04-14 18:06:00.949561,739205,1609507454587371,5054557075,-0.413824,0.774944,0.464576,-112.735,-45.5525,154.7175,-23.368002,-3.896,23.912,none,8,3.0,65953.0,256804.0,131946.0,245388.0,146210.0
2026-04-14 18:06:00.955769,739206,1609507454596354,5054565795,-0.413824,0.774944,0.464576,-124.29375,-50.84625,154.3325,-23.368002,-3.896,23.912,none,8,3.0,65953.0,256804.0,131946.0,245388.0,146210.0
2026-04-14 18:06:00.967014,739207,1609507454605292,5054574472,-0.230336,0.61488,0.651968,-131.66125,-55.01125,157.19376,-23.904001,-0.432,24.176,none,8,3.0,65953.0,256804.0,131946.0,245388.0,146210.0
2026-04-14 18:06:00.984348,739208,1609507454619801,5054589360,0.013664,0.564128,0.860832,-131.985,-58.80875,155.82875,-23.76,1.688,23.04,none,8,3.0,65953.0,256804.0,131946.0,245388.0,146210.0
2026-04-14 18:06:00.991195,739209,1609507454628763,5054598049,0.013664,0.564128,0.860832,-123.20875,-65.26625,148.085,-23.76,1.688,23.04,none,8,3.0,65953.0,256804.0,131946.0,245388.0,146210.0
2026-04-14 18:06:01.101834,739220,1609507454643549,5054613076,0.052704,0.47824,0.69296,-118.9475,-71.63625,137.13875,-22.872002,4.336,22.528002,none,8,3.0,102681.0,280839.0,178067.0,267636.0,193268.0
2026-04-14 18:06:01.104317,739221,1609507454652573,5054621828,0.052704,0.47824,0.69296,-122.2725,-74.121254,129.745,-22.872002,4.336,22.528002,none,8,3.0,102681.0,280839.0,178067.0,267636.0,193268.0
2026-04-14 18:06:01.106890,739222,1609507454661496,5054630616,0.162016,0.407968,0.75152,-127.30375,-72.05625,125.545,-22.784,6.672,22.44,none,8,3.0,102681.0,280839.0,178067.0,267636.0,193268.0
2026-04-14 18:06:01.109089,739223,1609507454676113,5054645525,0.162016,0.407968,0.75152,-122.15,-72.6775,118.0025,-22.784,6.672,22.44,none,8,3.0,102681.0,280839.0,178067.0,267636.0,193268.0
2026-04-14 18:06:01.111786,739224,1609507454685077,5054654231,0.261568,0.337696,0.552416,-109.85625,-70.56,112.8925,-22.272001,8.248,21.616001,none,8,3.0,102681.0,280839.0,178067.0,267636.0,193268.0
2026-04-14 18:06:01.114400,739225,1609507454699658,5054669093,0.261568,0.2928,0.454816,-102.0775,-62.90375,109.5325,-22.272001,8.248,20.84,none,8,3.0,102681.0,280839.0,178067.0,267636.0,193268.0
2026-04-14 18:06:01.116977,739226,1609507454708569,5054677793,0.230336,0.2928,0.454816,-95.52375,-52.8325,112.2975,-22.608002,10.248,20.84,none,8,3.0,102681.0,280839.0,178067.0,267636.0,193268.0
2026-04-14 18:06:01.119147,739227,1609507454723096,5054692793,0.228384,0.27328,0.696864,-91.02625,-46.50625,112.25375,-21.928001,11.792001,20.456001,none,8,3.0,102681.0,280839.0,178067.0,267636.0,193268.0
2026-04-14 18:06:01.121576,739228,1609507454732015,5054701489,0.228384,0.27328,0.696864,-85.6975,-41.107502,108.50875,-21.928001,11.792001,20.456001,none,8,3.0,102681.0,280839.0,178067.0,267636.0,193268.0
2026-04-14 18:06:01.151726,739239,1609507454741402,5054710208,0.220576,0.226432,0.5368,-73.185,-35.638752,106.46125,-21.504002,13.096001,18.624,none,8,3.0,110670.0,285711.0,188911.0,273306.0,203808.0
2026-04-14 18:06:01.153936,739240,1609507454756498,5054725279,0.220576,0.226432,0.5368,-62.6325,-31.01,103.355,-21.504002,13.096001,18.624,none,8,3.0,110670.0,285711.0,188911.0,273306.0,203808.0
2026-04-14 18:06:01.156650,739241,1609507454765895,5054736180,0.191296,0.177632,0.568032,-58.14375,-26.075,100.98375,-21.024,14.176001,19.776001,none,8,3.0,110670.0,285711.0,188911.0,273306.0,203808.0
2026-04-14 18:06:01.159048,739242,1609507454774886,5054744958,0.191296,0.177632,0.568032,-59.14125,-21.55125,97.50125,-21.024,14.176001,19.776001,none,8,3.0,110670.0,285711.0,188911.0,273306.0,203808.0
2026-04-14 18:06:01.161697,739243,1609507454789550,5054759864,0.267424,0.040992,0.743712,-58.1175,-18.2525,91.8925,-20.536001,15.728001,20.528002,none,8,3.0,110670.0,285711.0,188911.0,273306.0,203808.0
2026-04-14 18:06:01.164200,739244,1609507454798491,5054768659,0.267424,0.040992,0.743712,-56.105,-15.12875,84.93625,-20.536001,15.728001,20.528002,none,8,3.0,110670.0,285711.0,188911.0,273306.0,203808.0
2026-04-14 18:06:01.171495,739245,1609507454813109,5054781533,0.17568,0.101504,0.921344,-55.685,-11.52375,77.14,-20.784,16.68,19.888,none,8,3.0,110670.0,285711.0,188911.0,273306.0,203808.0
2026-04-14 18:06:01.182927,739246,1609507454822345,5054792281,0.083936,0.050752,0.753472,-61.0225,-7.76125,68.24125,-19.832,17.456001,18.208,none,8,3.0,110670.0,285711.0,188911.0,273306.0,203808.0
2026-04-14 18:06:01.194039,739247,1609507454831428,5054800971,0.083936,0.050752,0.753472,-72.93125,-5.67,59.36875,-19.832,17.456001,18.208,none,8,3.0,110670.0,285711.0,188911.0,273306.0,203808.0
2026-04-14 18:06:01.225315,739258,1609507454846098,5054815950,0.007808,-0.035136,0.86864,-80.2725,-8.51375,50.86375,-19.984001,18.768002,18.52,none,8,3.0,65119.0,249562.0,130554.0,244707.0,143170.0
2026-04-14 18:06:01.230334,739259,1609507454855100,5054824700,0.007808,-0.035136,0.86864,-75.81,-10.05375,45.08875,-19.984001,18.768002,18.52,none,8,3.0,65119.0,249562.0,130554.0,244707.0,143170.0
2026-04-14 18:06:01.233035,739260,1609507454869655,5054839601,0.0488,-0.02928,0.86864,-55.2825,-9.345,43.076252,-19.0,19.352001,17.272001,none,8,3.0,65119.0,249562.0,130554.0,244707.0,143170.0
2026-04-14 18:06:01.239176,739261,1609507454878587,5054848306,0.0488,-0.02928,0.86864,-27.30875,-6.16875,38.99,-19.0,19.352001,17.272001,none,8,3.0,65119.0,249562.0,130554.0,244707.0,143170.0
2026-04-14 18:06:01.255424,739262,1609507454893102,5054863308,0.023424,-0.007808,0.796416,-5.46,1.33875,31.675,-18.68,19.232,18.936,none,8,3.0,65119.0,249562.0,130554.0,244707.0,143170.0
2026-04-14 18:06:01.264737,739263,1609507454902053,5054871995,-0.042944,0.021472,0.778848,7.07875,11.042501,23.93125,-18.640001,19.216002,18.024,none,8,3.0,65119.0,249562.0,130554.0,244707.0,143170.0
2026-04-14 18:06:01.273307,739264,1609507454911214,5054880680,-0.042944,0.021472,0.778848,11.725,20.4225,14.98875,-18.640001,19.216002,18.024,none,8,3.0,65119.0,249562.0,130554.0,244707.0,143170.0
2026-04-14 18:06:01.285291,739265,1609507454925698,5054895626,-0.226432,0.134688,0.784704,10.6925,30.28375,4.19125,-18.08,19.016,18.0,none,8,3.0,65119.0,249562.0,130554.0,244707.0,143170.0
2026-04-14 18:06:01.296646,739266,1609507454934647,5054904362,-0.226432,0.134688,0.784704,4.8125,37.12625,-6.79875,-18.08,19.016,18.0,none,8,3.0,65119.0,249562.0,130554.0,244707.0,143170.0
2026-04-14 18:06:01.325359,739277,1609507454949216,5054919507,-0.325984,0.138592,0.720288,-3.2725,41.83375,-12.67,-17.736,19.168001,18.560001,none,8,3.0,53273.0,221910.0,114597.0,221879.0,127435.0
2026-04-14 18:06:01.328029,739278,1609507454958295,5054928206,-0.325984,0.138592,0.720288,-4.20875,43.84625,-11.36625,-17.736,19.168001,18.560001,none,8,3.0,53273.0,221910.0,114597.0,221879.0,127435.0
2026-04-14 18:06:01.333046,739279,1609507454967254,5054937059,-0.396256,0.199104,0.968192,-4.0075,37.065,-5.85375,-17.160002,19.352001,19.528002,none,8,3.0,53273.0,221910.0,114597.0,221879.0,127435.0
2026-04-14 18:06:01.343036,739280,1609507454982023,5054951955,-0.38064,0.242048,1.5616,-9.555,27.4925,-1.9075,-17.792002,19.656,18.224,none,8,3.0,53273.0,221910.0,114597.0,221879.0,127435.0
2026-04-14 18:06:01.353027,739281,1609507454991010,5054960659,-0.38064,0.242048,1.5616,-7.07875,19.285,1.1725,-17.792002,19.656,18.224,none,8,3.0,53273.0,221910.0,114597.0,221879.0,127435.0
2026-04-14 18:06:01.366527,739282,1609507455005594,5054975539,-0.23424,0.472384,1.53232,38.0275,11.9,10.96375,-18.368,17.800001,19.584002,none,8,3.0,53273.0,221910.0,114597.0,221879.0,127435.0
2026-04-14 18:06:01.375285,739283,1609507455014613,5054984260,-0.23424,0.472384,1.53232,99.88125,17.675,1.65375,-18.368,17.800001,19.584002,none,8,3.0,53273.0,221910.0,114597.0,221879.0,127435.0
2026-04-14 18:06:01.404159,739284,1609507455029090,5054999297,-0.277184,0.700768,1.247328,124.915,19.69625,-13.448751,-18.368,17.336,21.344002,none,8,3.0,53273.0,221910.0,114597.0,221879.0,127435.0
2026-04-14 18:06:01.406743,739285,1609507455038095,5055007993,-0.277184,0.700768,1.247328,94.5875,10.52625,-16.275,-18.368,17.336,21.344002,none,8,3.0,53273.0,221910.0,114597.0,221879.0,127435.0
2026-04-14 18:06:01.461557,739296,1609507455047257,5055016792,-0.050752,0.366976,1.001376,35.1225,0.945,-10.745,-17.36,17.504002,20.016,none,8,3.0,75875.0,242495.0,145194.0,238598.0,158222.0
2026-04-14 18:06:01.464002,739297,1609507455061777,5055031754,-0.050752,0.179584,0.66368,-18.3575,-6.4925,-8.6275,-17.36,17.504002,20.016,none,8,3.0,75875.0,242495.0,145194.0,238598.0,158222.0
2026-04-14 18:06:01.466528,739298,1609507455070812,5055040452,-0.02928,0.179584,0.66368,-33.18,-8.8025,-7.79625,-17.104,17.328001,19.808,none,8,3.0,75875.0,242495.0,145194.0,238598.0,158222.0
2026-04-14 18:06:01.469080,739299,1609507455085266,5055055321,-0.050752,0.30256,0.607072,-16.63375,-7.2975,-6.79,-17.288,17.336,19.960001,none,8,3.0,75875.0,242495.0,145194.0,238598.0,158222.0
2026-04-14 18:06:01.471575,739300,1609507455094351,5055064038,-0.050752,0.30256,0.607072,6.615,-2.5025,-4.10375,-17.288,17.336,19.960001,none,8,3.0,75875.0,242495.0,145194.0,238598.0,158222.0
2026-04-14 18:06:01.473890,739301,1609507455103295,5055072733,-0.103456,0.411872,0.648064,24.15,1.3125,-1.1025,-17.648,17.08,20.44,none,8,3.0,75875.0,242495.0,145194.0,238598.0,158222.0
2026-04-14 18:06:01.479025,739302,1609507455117855,5055087686,-0.103456,0.411872,0.648064,37.66,4.9525,1.54875,-17.648,17.08,20.44,none,8,3.0,75875.0,242495.0,145194.0,238598.0,158222.0
2026-04-14 18:06:01.486569,739303,1609507455126800,5055096411,-0.130784,0.378688,0.669536,47.705,8.65375,2.905,-17.368,16.352001,20.592001,none,8,3.0,75875.0,242495.0,145194.0,238598.0,158222.0
2026-04-14 18:06:01.527837,739314,1609507455141289,5055111275,-0.130784,0.378688,0.669536,48.39625,11.2,5.48625,-17.368,16.352001,20.592001,none,8,3.0,97312.0,250978.0,173345.0,247332.0,189090.0
2026-04-14 18:06:01.530704,739315,1609507455150375,5055120036,-0.169824,0.417728,0.806176,42.48125,13.50125,9.205,-17.448,15.936001,20.960001,none,8,3.0,97312.0,250978.0,173345.0,247332.0,189090.0
2026-04-14 18:06:01.533184,739316,1609507455164940,5055134985,-0.052704,0.445056,1.052128,34.0025,11.655,13.02875,-17.768002,15.952001,22.176,none,8,3.0,97312.0,250978.0,173345.0,247332.0,189090.0
2026-04-14 18:06:01.535716,739317,1609507455173893,5055143686,-0.052704,0.445056,1.052128,21.88375,7.9625,15.16375,-17.768002,15.952001,22.176,none,8,3.0,97312.0,250978.0,173345.0,247332.0,189090.0
2026-04-14 18:06:01.545511,739318,1609507455182962,5055152397,-0.013664,0.281088,1.06384,7.21,5.62625,14.51625,-17.768002,16.504002,22.456001,none,8,3.0,97312.0,250978.0,173345.0,247332.0,189090.0
2026-04-14 18:06:01.557556,739319,1609507455197440,5055167336,-0.013664,0.281088,1.06384,2.66875,2.77375,13.4225,-17.608002,16.504002,22.456001,none,8,3.0,97312.0,250978.0,173345.0,247332.0,189090.0
2026-04-14 18:06:01.568093,739320,1609507455206383,5055176062,-0.052704,0.333792,0.948672,11.095,0.245,9.87,-17.944,15.960001,21.136002,none,8,3.0,97312.0,250978.0,173345.0,247332.0,189090.0
2026-04-14 18:06:01.580686,739321,1609507455220948,5055191043,-0.052704,0.333792,0.948672,24.3775,-1.40875,6.58,-17.944,15.960001,21.136002,none,8,3.0,97312.0,250978.0,173345.0,247332.0,189090.0
2026-04-14 18:06:01.591460,739322,1609507455229889,5055199816,-0.140544,0.521184,0.90768,29.16375,-0.93625,4.235,-17.128,15.792001,21.336,none,8,3.0,97312.0,250978.0,173345.0,247332.0,189090.0
2026-04-14 18:06:01.599482,739323,1609507455238843,5055208520,-0.140544,0.521184,0.90768,21.7175,-1.09375,3.22,-17.128,15.792001,21.336,none,8,3.0,97312.0,250978.0,173345.0,247332.0,189090.0
2026-04-14 18:06:01.628247,739334,1609507455253429,5055223510,-0.119072,0.620736,0.976,9.96625,-0.6825,4.34,-16.736,15.720001,21.672,none,8,3.0,133779.0,278494.0,217126.0,268994.0,233090.0
2026-04-14 18:06:01.630740,739335,1609507455262580,5055232387,-0.119072,0.620736,0.976,2.21375,-0.5775,7.0175,-16.736,15.720001,21.672,none,8,3.0,133779.0,278494.0,217126.0,268994.0,233090.0
2026-04-14 18:06:01.639804,739336,1609507455277113,5055247354,-0.06832,0.513376,0.960384,-3.19375,-0.21875,10.14125,-16.984001,16.056002,20.880001,none,8,3.0,133779.0,278494.0,217126.0,268994.0,233090.0
2026-04-14 18:06:01.647697,739337,1609507455286068,5055256044,-0.064416,0.40992,1.04432,-6.27375,1.46125,12.71375,-17.016,16.032001,21.464,none,8,3.0,133779.0,278494.0,217126.0,268994.0,233090.0
2026-04-14 18:06:01.660619,739338,1609507455300726,5055270984,-0.064416,0.40992,1.04432,-6.23,3.63125,14.93625,-17.016,16.032001,21.464,none,8,3.0,133779.0,278494.0,217126.0,268994.0,233090.0
2026-04-14 18:06:01.671861,739339,1609507455309657,5055279683,-0.218624,0.489952,0.983808,-2.52875,4.99625,17.2025,-17.048,16.096,21.112001,none,8,3.0,133779.0,278494.0,217126.0,268994.0,233090.0
2026-04-14 18:06:01.679460,739340,1609507455318647,5055288382,-0.218624,0.489952,0.983808,2.26625,5.3025,19.32,-17.048,16.096,21.112001,none,8,3.0,133779.0,278494.0,217126.0,268994.0,233090.0
2026-04-14 18:06:01.709001,739341,1609507455333153,5055303259,-0.138592,0.558272,1.026752,0.76125,5.1975,19.022501,-16.384,16.224,21.368002,none,8,3.0,133779.0,278494.0,217126.0,268994.0,233090.0
2026-04-14 18:06:01.736488,739352,1609507455342114,5055312089,-0.138592,0.558272,1.026752,-9.52875,4.61125,18.76875,-16.384,16.224,21.368002,none,8,3.0,156365.0,296163.0,243236.0,283162.0,257810.0
2026-04-14 18:06:01.739863,739353,1609507455356622,5055325023,-0.134688,0.4392,1.00528,-22.54,3.71,18.59375,-17.168001,17.400002,21.456001,none,8,3.0,156365.0,296163.0,243236.0,283162.0,257810.0
2026-04-14 18:06:01.743323,739354,1609507455365936,5055335866,-0.183488,0.493856,0.733952,-30.625,2.3275,18.47125,-16.864,17.848001,22.2,none,8,3.0,156365.0,296163.0,243236.0,283162.0,257810.0
2026-04-14 18:06:01.743797,739355,1609507455374882,5055344571,-0.183488,0.493856,0.733952,-40.7925,2.07375,18.795,-16.864,17.848001,22.2,none,8,3.0,156365.0,296163.0,243236.0,283162.0,257810.0
2026-04-14 18:06:01.770590,739356,1609507455389408,5055359529,-0.163968,0.443104,0.651968,-57.93375,4.90875,19.7225,-17.184,18.832,20.832,none,8,3.0,156365.0,296163.0,243236.0,283162.0,257810.0
2026-04-14 18:06:01.773081,739357,1609507455398321,5055368239,-0.163968,0.443104,0.651968,-71.277504,6.09875,23.16125,-17.184,18.832,20.832,none,8,3.0,156365.0,296163.0,243236.0,283162.0,257810.0
2026-04-14 18:06:01.775246,739358,1609507455412939,5055383115,-0.134688,0.476288,0.691008,-73.36,10.185,28.91875,-16.28,19.496,21.128,none,8,3.0,156365.0,296163.0,243236.0,283162.0,257810.0
2026-04-14 18:06:01.800426,739359,1609507455421876,5055391869,-0.134688,0.476288,0.691008,-65.40625,13.95625,36.98625,-16.28,19.496,21.128,none,8,3.0,156365.0,296163.0,243236.0,283162.0,257810.0
2026-04-14 18:06:01.805745,739360,1609507455436366,5055404724,-0.064416,0.423584,0.970144,-53.8825,14.980001,42.30625,-14.832001,20.176,19.912,none,8,3.0,156365.0,296163.0,243236.0,283162.0,257810.0
2026-04-14 18:06:01.837061,739371,1609507455446132,5055415633,-0.060512,0.316224,0.851072,-49.49,15.39125,46.06875,-15.200001,21.000002,21.776001,none,8,3.0,148772.0,301352.0,233031.0,286441.0,248311.0
2026-04-14 18:06:01.837184,739372,1609507455455192,5055424362,-0.060512,0.316224,0.851072,-51.59875,14.6125,48.0025,-15.200001,21.000002,21.776001,none,8,3.0,148772.0,301352.0,233031.0,286441.0,248311.0
2026-04-14 18:06:01.841329,739373,1609507455469701,5055439339,0.033184,0.275232,0.960384,-63.3325,10.80625,47.4775,-14.528001,22.384,21.04,none,8,3.0,148772.0,301352.0,233031.0,286441.0,248311.0
2026-04-14 18:06:01.845153,739374,1609507455478760,5055448146,0.033184,0.275232,0.960384,-77.7525,6.8075,49.06125,-14.528001,22.384,21.04,none,8,3.0,148772.0,301352.0,233031.0,286441.0,248311.0
2026-04-14 18:06:01.855235,739375,1609507455493293,5055463060,-0.027328,0.238144,1.013088,-92.84625,1.26875,51.31,-15.112,23.928001,20.312,none,8,3.0,148772.0,301352.0,233031.0,286441.0,248311.0
2026-04-14 18:06:01.863117,739376,1609507455502387,5055471767,-0.027328,0.238144,1.013088,-104.5625,-5.0925,52.045002,-15.112,23.928001,20.312,none,8,3.0,148772.0,301352.0,233031.0,286441.0,248311.0
2026-04-14 18:06:01.871477,739377,1609507455511422,5055480427,-0.054656,0.066368,0.753472,-100.4675,-11.025,50.54875,-13.744,24.072,17.376001,none,8,3.0,148772.0,301352.0,233031.0,286441.0,248311.0
2026-04-14 18:06:01.885750,739378,1609507455525939,5055495421,0.015616,0.16592,0.8784,-82.5825,-16.68625,47.83625,-13.080001,25.176,16.632,none,8,3.0,148772.0,301352.0,233031.0,286441.0,248311.0
2026-04-14 18:06:01.895756,739379,1609507455534950,5055504121,0.015616,0.16592,0.8784,-63.18375,-16.59875,43.91625,-13.080001,25.176,16.632,none,8,3.0,148772.0,301352.0,233031.0,286441.0,248311.0
2026-04-14 18:06:01.929665,739390,1609507455549657,5055519493,-0.03904,0.072224,0.909632,-49.735,-11.9,35.56,-12.408001,25.288002,16.456001,none,8,3.0,206635.0,336306.0,304334.0,317495.0,305496.0
2026-04-14 18:06:01.931756,739391,1609507455558639,5055528285,-0.03904,0.072224,0.909632,-34.86,-12.7225,27.85125,-12.408001,25.288002,16.456001,none,8,3.0,206635.0,336306.0,304334.0,317495.0,305496.0
2026-04-14 18:06:01.934321,739392,1609507455567586,5055537110,0.095648,0.216672,1.075552,-21.06125,-12.4075,28.428751,-12.352,25.808,17.536001,none,8,3.0,206635.0,336306.0,304334.0,317495.0,305496.0
2026-04-14 18:06:01.943069,739393,1609507455582184,5055552020,0.095648,0.216672,1.075552,-5.45125,-16.45,28.665,-12.352,25.808,17.536001,none,8,3.0,206635.0,336306.0,304334.0,317495.0,305496.0
2026-04-14 18:06:01.951867,739394,1609507455591128,5055560726,0.035136,0.298656,0.960384,11.3225,-18.99625,24.3425,-12.752001,26.016,16.416,none,8,3.0,206635.0,336306.0,304334.0,317495.0,305496.0
2026-04-14 18:06:01.965362,739395,1609507455605636,5055575714,0.101504,0.22448,1.069696,21.46375,-24.99875,19.678751,-12.752001,25.496,15.344001,none,8,3.0,206635.0,336306.0,304334.0,317495.0,305496.0
2026-04-14 18:06:01.976993,739396,1609507455614654,5055584468,0.101504,0.22448,1.069696,29.225,-31.17625,20.88625,-12.824,25.496,15.344001,none,8,3.0,206635.0,336306.0,304334.0,317495.0,305496.0
2026-04-14 18:06:01.984133,739397,1609507455623783,5055593177,0.101504,0.22448,1.069696,45.36875,-37.8,22.085001,-12.824,25.496,15.344001,none,8,3.0,206635.0,336306.0,304334.0,317495.0,305496.0
2026-04-14 18:06:02.000343,739398,1609507455638368,5055608061,0.035136,0.25376,1.071648,55.2475,-42.14875,18.38375,-13.232,25.512001,14.944,none,8,3.0,206635.0,336306.0,304334.0,317495.0,305496.0
2026-04-14 18:06:02.032857,739409,1609507455647450,5055616796,0.00976,0.070272,1.1224,56.3675,-44.61625,17.10625,-13.408001,25.192001,17.76,none,8,3.0,220330.0,323432.0,321364.0,305782.0,313510.0
2026-04-14 18:06:02.035624,739410,1609507455662191,5055631840,0.00976,0.070272,1.1224,59.745,-47.915,12.48625,-13.408001,25.192001,17.76,none,8,3.0,220330.0,323432.0,321364.0,305782.0,313510.0
2026-04-14 18:06:02.038251,739411,1609507455671306,5055640599,-0.025376,0.208864,1.0248,67.5675,-49.32375,7.28,-13.872001,24.696001,16.632,none,8,3.0,220330.0,323432.0,321364.0,305782.0,313510.0
2026-04-14 18:06:02.040712,739412,1609507455680243,5055649343,-0.025376,0.208864,1.0248,71.54,-48.18625,0.46375,-13.872001,24.696001,16.632,none,8,3.0,220330.0,323432.0,321364.0,305782.0,313510.0
2026-04-14 18:06:02.056867,739413,1609507455694739,5055664220,-0.066368,0.30256,0.79056,58.77375,-45.7625,-2.765,-14.496,24.544,16.560001,none,8,3.0,220330.0,323432.0,321364.0,305782.0,313510.0
2026-04-14 18:06:02.063251,739414,1609507455703716,5055673021,-0.066368,0.30256,0.79056,45.7275,-41.41375,-3.3425,-14.496,24.544,16.560001,none,8,3.0,220330.0,323432.0,321364.0,305782.0,313510.0
2026-04-14 18:06:02.078244,739415,1609507455718243,5055688004,-0.007808,0.333792,0.976,52.33375,-36.68,-4.2175,-15.488001,23.952002,15.872001,none,8,3.0,220330.0,323432.0,321364.0,305782.0,313510.0
2026-04-14 18:06:02.088265,739416,1609507455727176,5055696704,-0.076128,0.42944,0.8296,72.40625,-31.21125,-5.90625,-14.912001,23.68,18.320002,none,8,3.0,220330.0,323432.0,321364.0,305782.0,313510.0
2026-04-14 18:06:02.103216,739417,1609507455741667,5055711597,-0.076128,0.42944,0.8296,89.66125,-24.91125,-5.6875,-14.912001,23.68,18.320002,none,8,3.0,220330.0,323432.0,321364.0,305782.0,313510.0
2026-04-14 18:06:02.204040,739428,1609507455750702,5055720560,-0.083936,0.435296,0.728096,111.08125,-18.24375,-4.69875,-14.936001,22.456001,17.376001,none,8,3.0,214364.0,311647.0,312642.0,295014.0,308545.0
2026-04-14 18:06:02.211338,739429,1609507455759656,5055729276,-0.083936,0.435296,0.728096,135.2225,-12.60875,-4.3225,-14.936001,22.456001,17.376001,none,8,3.0,214364.0,311647.0,312642.0,295014.0,308545.0
2026-04-14 18:06:02.211430,739430,1609507455774234,5055744145,-0.134688,0.5856,0.870592,142.03876,-8.6975,-4.76,-15.968,22.096,19.064001,none,8,3.0,214364.0,311647.0,312642.0,295014.0,308545.0
2026-04-14 18:06:02.211482,739431,1609507455783179,5055752879,-0.134688,0.5856,0.870592,125.020004,-5.9325,-3.7975,-15.968,22.096,19.064001,none,8,3.0,214364.0,311647.0,312642.0,295014.0,308545.0
2026-04-14 18:06:02.213855,739432,1609507455797674,5055767770,-0.05856,0.61488,0.804224,102.2525,-5.73125,-1.81125,-15.928,21.584002,19.448002,none,8,3.0,214364.0,311647.0,312642.0,295014.0,308545.0
2026-04-14 18:06:02.216425,739433,1609507455806654,5055776479,-0.042944,0.646112,0.806176,83.44875,-4.92625,-1.35625,-15.928,21.584002,17.92,none,8,3.0,214364.0,311647.0,312642.0,295014.0,308545.0
2026-04-14 18:06:02.218986,739434,1609507455821143,5055791347,-0.042944,0.646112,0.806176,76.36125,-4.05125,-1.82875,-15.840001,20.320002,17.92,none,8,3.0,214364.0,311647.0,312642.0,295014.0,308545.0
2026-04-14 18:06:02.221863,739435,1609507455830247,5055800161,0.023424,0.67344,0.938912,82.24125,-1.82875,-2.59,-14.824,19.424002,18.864,none,8,3.0,214364.0,311647.0,312642.0,295014.0,308545.0
2026-04-14 18:06:02.224060,739436,1609507455839182,5055808868,0.023424,0.67344,0.938912,95.9175,-0.315,-1.2775,-14.824,19.424002,18.864,none,8,3.0,214364.0,311647.0,312642.0,295014.0,308545.0
2026-04-14 18:06:02.251990,739447,1609507455853890,5055823836,-0.050752,0.769088,0.99552,99.02375,0.20125,0.735,-14.832001,18.496,19.728,none,8,3.0,212273.0,309837.0,310347.0,293155.0,307465.0
2026-04-14 18:06:02.254513,739448,1609507455862966,5055832534,-0.050752,0.769088,0.99552,85.47875,-3.115,3.42125,-14.832001,18.496,19.728,none,8,3.0,212273.0,309837.0,310347.0,293155.0,307465.0
2026-04-14 18:06:02.256532,739449,1609507455877588,5055847556,0.046848,0.714432,0.983808,71.82,-8.435,3.99,-14.768001,18.056002,19.496,none,8,3.0,212273.0,309837.0,310347.0,293155.0,307465.0
2026-04-14 18:06:02.259096,739450,1609507455886510,5055856260,0.046848,0.714432,0.983808,69.55375,-12.3375,5.075,-14.768001,18.056002,19.496,none,8,3.0,212273.0,309837.0,310347.0,293155.0,307465.0
2026-04-14 18:06:02.261622,739451,1609507455895502,5055864972,0.011712,0.843264,0.726144,70.49,-15.627501,8.198751,-14.920001,16.824001,18.504002,none,8,3.0,212273.0,309837.0,310347.0,293155.0,307465.0
2026-04-14 18:06:02.272027,739452,1609507455910012,5055879882,0.105408,0.81984,0.835456,57.14625,-21.14,12.15375,-14.832001,16.704,20.472,none,8,3.0,212273.0,309837.0,310347.0,293155.0,307465.0
2026-04-14 18:06:02.279053,739453,1609507455918935,5055888666,0.105408,0.81984,0.835456,33.20625,-29.05,17.68375,-14.832001,16.704,20.472,none,8,3.0,212273.0,309837.0,310347.0,293155.0,307465.0
2026-04-14 18:06:02.294521,739454,1609507455933455,5055903575,0.130784,0.804224,1.00528,11.90875,-36.96875,22.5575,-14.864,16.240002,20.160002,none,8,3.0,212273.0,309837.0,310347.0,293155.0,307465.0
2026-04-14 18:06:02.306608,739455,1609507455942392,5055912255,0.130784,0.804224,1.00528,2.3625,-42.84,26.985,-14.864,16.240002,20.160002,none,8,3.0,212273.0,309837.0,310347.0,293155.0,307465.0
2026-04-14 18:06:02.357869,739466,1609507455956967,5055927375,0.167872,0.812032,1.00528,2.1875,-47.4075,29.1725,-15.328001,16.2,20.36,none,8,3.0,201754.0,309506.0,297859.0,293098.0,300692.0
2026-04-14 18:06:02.360444,739467,1609507455966019,5055936081,0.167872,0.812032,1.00528,4.41875,-51.38,30.45,-15.328001,16.2,20.36,none,8,3.0,201754.0,309506.0,297859.0,293098.0,300692.0
2026-04-14 18:06:02.363009,739468,1609507455975052,5055944844,0.171776,0.817888,1.013088,2.555,-56.2975,32.6025,-16.216002,16.448,21.12,none,8,3.0,201754.0,309506.0,297859.0,293098.0,300692.0
2026-04-14 18:06:02.365471,739469,1609507455989524,5055959770,0.222528,0.767136,1.011136,-7.84875,-58.1875,35.04375,-16.688002,16.408,20.976002,none,8,3.0,201754.0,309506.0,297859.0,293098.0,300692.0
2026-04-14 18:06:02.368033,739470,1609507455998439,5055968460,0.222528,0.767136,1.011136,-23.38,-60.62,37.40625,-16.688002,16.408,20.976002,none,8,3.0,201754.0,309506.0,297859.0,293098.0,300692.0
2026-04-14 18:06:02.373011,739471,1609507456012998,5055981374,0.162016,0.7808,0.976,-32.69875,-64.82875,40.11875,-15.904,16.512001,20.024,none,8,3.0,201754.0,309506.0,297859.0,293098.0,300692.0
2026-04-14 18:06:02.381690,739472,1609507456022196,5055992192,0.162016,0.7808,0.976,-36.575,-69.79,41.34375,-15.904,16.512001,20.024,none,8,3.0,201754.0,309506.0,297859.0,293098.0,300692.0
2026-04-14 18:06:02.391608,739473,1609507456031237,5056000896,0.20496,0.825696,0.755424,-38.63125,-72.68625,42.595,-17.36,17.424002,20.544,none,8,3.0,201754.0,309506.0,297859.0,293098.0,300692.0
2026-04-14 18:06:02.432974,739484,1609507456045815,5056015853,0.20496,0.825696,0.755424,-37.86125,-73.99875,46.7425,-17.36,17.424002,20.544,none,8,3.0,188903.0,305374.0,282275.0,289727.0,289844.0
2026-04-14 18:06:02.435378,739485,1609507456054902,5056024537,0.255712,0.75152,0.843264,-38.87625,-73.10625,51.0125,-16.928001,17.6,19.352001,none,8,3.0,188903.0,305374.0,282275.0,289727.0,289844.0
2026-04-14 18:06:02.438019,739486,1609507456069452,5056039516,0.269376,0.710528,0.91744,-40.38125,-71.82875,53.165,-17.376001,17.808,18.624,none,8,3.0,188903.0,305374.0,282275.0,289727.0,289844.0
2026-04-14 18:06:02.440553,739487,1609507456078511,5056048295,0.269376,0.710528,0.91744,-42.37625,-70.840004,54.495,-17.376001,17.808,18.624,none,8,3.0,188903.0,305374.0,282275.0,289727.0,289844.0
2026-04-14 18:06:02.453016,739488,1609507456093022,5056063202,0.310368,0.700768,0.81008,-45.1325,-71.19,55.90375,-17.184,18.52,18.232,none,8,3.0,188903.0,305374.0,282275.0,289727.0,289844.0
2026-04-14 18:06:02.483572,739489,1609507456101981,5056071894,0.310368,0.700768,0.81008,-47.78375,-72.9925,58.58125,-17.184,18.52,18.232,none,8,3.0,188903.0,305374.0,282275.0,289727.0,289844.0
2026-04-14 18:06:02.505342,739490,1609507456110914,5056080588,0.304512,0.728096,0.726144,-51.3975,-75.075,61.5825,-17.496,19.800001,17.792002,none,8,3.0,188903.0,305374.0,282275.0,289727.0,289844.0
2026-04-14 18:06:02.530455,739491,1609507456125474,5056095648,0.304512,0.728096,0.726144,-54.25,-77.13125,65.695,-17.496,19.800001,17.792002,none,8,3.0,188903.0,305374.0,282275.0,289727.0,289844.0
2026-04-14 18:06:02.540879,739492,1609507456134397,5056104340,0.286944,0.661728,0.681248,-61.08375,-78.67125,70.175,-17.992,20.088001,17.224,none,8,3.0,188903.0,305374.0,282275.0,289727.0,289844.0
2026-04-14 18:06:02.568272,739503,1609507456149212,5056119269,0.333792,0.593408,0.802272,-69.3175,-78.9425,73.07125,-17.992,20.088001,18.624,none,8,3.0,167763.0,296025.0,257242.0,282239.0,268799.0
2026-04-14 18:06:02.570772,739504,1609507456158236,5056127959,0.333792,0.593408,0.802272,-73.465004,-77.49,76.3,-17.560001,21.328001,18.624,none,8,3.0,167763.0,296025.0,257242.0,282239.0,268799.0
2026-04-14 18:06:02.573130,739505,1609507456167160,5056136669,0.333792,0.593408,0.802272,-73.99875,-72.9225,78.365,-17.560001,21.328001,18.624,none,8,3.0,167763.0,296025.0,257242.0,282239.0,268799.0
2026-04-14 18:06:02.576705,739506,1609507456181800,5056151567,0.300608,0.564128,1.001376,-71.33,-69.85125,78.39125,-18.312,22.608002,14.800001,none,8,3.0,167763.0,296025.0,257242.0,282239.0,268799.0
2026-04-14 18:06:02.577701,739507,1609507456190868,5056160287,0.365024,0.552416,0.823744,-68.46,-69.405,76.39625,-18.288,23.712002,15.552001,none,8,3.0,167763.0,296025.0,257242.0,282239.0,268799.0
2026-04-14 18:06:02.590871,739508,1609507456205472,5056175225,0.365024,0.552416,0.823744,-71.785,-70.56875,75.53875,-18.288,23.712002,15.552001,none,8,3.0,167763.0,296025.0,257242.0,282239.0,268799.0
2026-04-14 18:06:02.592613,739509,1609507456214448,5056183999,0.45872,0.568032,0.423584,-81.76875,-71.225,78.5925,-17.856,25.072,14.528001,none,8,3.0,167763.0,296025.0,257242.0,282239.0,268799.0
2026-04-14 18:06:02.593819,739510,1609507456229057,5056198942,0.45872,0.568032,0.626592,-107.40625,-69.51,81.48,-17.856,25.072,14.528001,none,8,3.0,167763.0,296025.0,257242.0,282239.0,268799.0
2026-04-14 18:06:02.597670,739511,1609507456237969,5056207844,0.550464,0.374784,0.626592,-139.615,-69.04625,86.205,-17.328001,26.552002,12.816001,none,8,3.0,167763.0,296025.0,257242.0,282239.0,268799.0
2026-04-14 18:06:02.638251,739522,1609507456246940,5056216940,0.550464,0.374784,0.626592,-153.1425,-66.9725,88.5675,-17.328001,26.552002,12.816001,none,8,3.0,161196.0,310016.0,248884.0,294826.0,262201.0
2026-04-14 18:06:02.640868,739523,1609507456261579,5056231863,0.49776,0.265472,0.864736,-144.05125,-63.67375,82.6,-15.952001,28.072,11.232,none,8,3.0,161196.0,310016.0,248884.0,294826.0,262201.0
2026-04-14 18:06:02.643287,739524,1609507456270631,5056240614,0.511424,0.275232,0.804224,-133.8225,-60.8475,78.3475,-16.888,29.504002,10.856001,none,8,3.0,161196.0,310016.0,248884.0,294826.0,262201.0
2026-04-14 18:06:02.645716,739525,1609507456285363,5056255621,0.511424,0.275232,0.804224,-139.2125,-57.1375,77.5775,-16.888,29.504002,10.856001,none,8,3.0,161196.0,310016.0,248884.0,294826.0,262201.0
2026-04-14 18:06:02.654187,739526,1609507456294459,5056264378,0.62464,0.167872,0.872544,-148.12875,-56.7525,73.49125,-16.592001,30.488,8.576,none,8,3.0,161196.0,310016.0,248884.0,294826.0,262201.0
2026-04-14 18:06:02.664512,739527,1609507456303543,5056273078,0.62464,0.167872,0.872544,-149.695,-56.49875,71.44375,-16.592001,30.488,8.576,none,8,3.0,161196.0,310016.0,248884.0,294826.0,262201.0
2026-04-14 18:06:02.680516,739528,1609507456318057,5056288078,0.696864,0.21472,0.925248,-141.49625,-57.505,67.24375,-14.320001,30.936,6.04,none,8,3.0,161196.0,310016.0,248884.0,294826.0,262201.0
2026-04-14 18:06:02.687883,739529,1609507456327047,5056296771,0.696864,0.21472,0.925248,-138.53,-58.66,62.23875,-14.320001,30.936,6.04,none,8,3.0,161196.0,310016.0,248884.0,294826.0,262201.0
2026-04-14 18:06:02.702894,739530,1609507456341565,5056311701,0.815936,0.08784,0.745664,-147.86626,-61.10125,60.47125,-13.928,31.608002,3.912,none,8,3.0,161196.0,310016.0,248884.0,294826.0,262201.0
2026-04-14 18:06:02.737990,739541,1609507456351028,5056320466,0.601216,-0.021472,0.876448,-162.95125,-65.51125,57.0675,-13.896001,32.984,2.888,none,8,3.0,182900.0,325331.0,276317.0,308061.0,285094.0
2026-04-14 18:06:02.740887,739542,1609507456360030,5056329248,0.601216,-0.021472,0.876448,-169.89876,-67.165,52.15875,-13.896001,32.984,2.888,none,8,3.0,182900.0,325331.0,276317.0,308061.0,285094.0
2026-04-14 18:06:02.743032,739543,1609507456374543,5056344196,0.630496,0.01952,0.835456,-152.62625,-66.43875,47.845,-13.328001,33.496002,1.472,none,8,3.0,182900.0,325331.0,276317.0,308061.0,285094.0
2026-04-14 18:06:02.745479,739544,1609507456383510,5056352947,0.630496,0.01952,0.835456,-133.98,-68.355,43.2425,-13.328001,33.496002,1.472,none,8,3.0,182900.0,325331.0,276317.0,308061.0,285094.0
2026-04-14 18:06:02.760767,739545,1609507456398056,5056367831,0.854976,0.031232,0.798368,-126.525,-74.29625,42.98875,-13.024,33.264,-1.328,none,8,3.0,182900.0,325331.0,276317.0,308061.0,285094.0
2026-04-14 18:06:02.767272,739546,1609507456407045,5056376577,0.854976,0.031232,0.798368,-130.97,-81.515,43.9775,-13.024,33.264,-1.328,none,8,3.0,182900.0,325331.0,276317.0,308061.0,285094.0
2026-04-14 18:06:02.781569,739547,1609507456421546,5056391491,0.700768,-0.091744,0.618784,-143.68375,-86.835,46.17375,-11.792001,33.784,-3.264,none,8,3.0,182900.0,325331.0,276317.0,308061.0,285094.0
2026-04-14 18:06:02.792949,739548,1609507456430499,5056400205,0.700768,0.050752,0.648064,-159.08376,-89.705,52.01,-11.792001,33.784,-5.312,none,8,3.0,182900.0,325331.0,276317.0,308061.0,285094.0
2026-04-14 18:06:02.800388,739549,1609507456439423,5056408884,0.349408,0.050752,0.648064,-167.23875,-86.94,60.095,-10.68,33.936,-5.432,none,8,3.0,182900.0,325331.0,276317.0,308061.0,285094.0
2026-04-14 18:06:02.835513,739560,1609507456454208,5056423862,0.554368,0.12688,1.007232,-151.41875,-76.545,62.72,-10.080001,34.536003,-6.336,none,8,3.0,197714.0,326047.0,295802.0,308735.0,299640.0
2026-04-14 18:06:02.838003,739561,1609507456463220,5056432606,0.554368,0.12688,1.007232,-114.8,-57.732502,60.69875,-10.080001,34.536003,-6.336,none,8,3.0,197714.0,326047.0,295802.0,308735.0,299640.0
2026-04-14 18:06:02.840541,739562,1609507456477750,5056447525,0.856928,-0.382592,0.708576,-84.9975,-39.7425,56.97125,-9.464001,34.52,-6.248,none,8,3.0,197714.0,326047.0,295802.0,308735.0,299640.0
2026-04-14 18:06:02.846712,739563,1609507456486837,5056456227,0.856928,-0.382592,0.708576,-79.590004,-34.22125,52.325,-9.464001,34.52,-6.248,none,8,3.0,197714.0,326047.0,295802.0,308735.0,299640.0
2026-04-14 18:06:02.875337,739564,1609507456495869,5056464921,0.700768,-0.511424,0.480192,-77.7875,-35.2975,48.4925,-8.440001,34.328003,-8.248,none,8,3.0,197714.0,326047.0,295802.0,308735.0,299640.0
2026-04-14 18:06:02.877900,739565,1609507456510341,5056479809,0.700768,-0.511424,0.480192,-72.70375,-40.075,44.42375,-8.440001,34.328003,-8.248,none,8,3.0,197714.0,326047.0,295802.0,308735.0,299640.0
2026-04-14 18:06:02.880336,739566,1609507456519262,5056488491,0.65392,-0.284992,0.353312,-78.26,-44.485,43.435,-8.088,34.472,-6.296001,none,8,3.0,197714.0,326047.0,295802.0,308735.0,299640.0
2026-04-14 18:06:02.906977,739567,1609507456533781,5056503442,0.71248,-0.130784,0.538752,-93.00375,-46.66375,45.77125,-7.568,34.288002,-10.296001,none,8,3.0,197714.0,326047.0,295802.0,308735.0,299640.0
2026-04-14 18:06:02.909544,739568,1609507456542784,5056512114,0.71248,-0.130784,0.538752,-102.97875,-46.87375,49.58625,-7.568,34.288002,-10.296001,none,8,3.0,197714.0,326047.0,295802.0,308735.0,299640.0
2026-04-14 18:06:02.957492,739579,1609507456557372,5056527177,0.542656,-0.267424,0.349408,-99.53125,-45.73625,53.375,-7.400001,34.888,-10.248,none,8,3.0,118191.0,295022.0,198440.0,283006.0,212500.0
2026-04-14 18:06:02.958101,739580,1609507456566381,5056535874,0.542656,-0.267424,0.349408,-87.815,-42.30625,52.21125,-7.400001,34.888,-10.248,none,8,3.0,118191.0,295022.0,198440.0,283006.0,212500.0
2026-04-14 18:06:02.959414,739581,1609507456575446,5056544571,0.687104,-0.495808,0.49776,-76.72,-40.36375,48.55375,-6.288,34.824,-11.232,none,8,3.0,118191.0,295022.0,198440.0,283006.0,212500.0
2026-04-14 18:06:02.961901,739582,1609507456589967,5056559531,0.687104,-0.495808,0.49776,-75.94125,-39.0775,46.7775,-6.288,34.824,-11.232,none,8,3.0,118191.0,295022.0,198440.0,283006.0,212500.0
2026-04-14 18:06:02.989445,739583,1609507456598924,5056568236,0.718336,-0.55632,0.450912,-85.47875,-41.74625,46.40125,-6.36,34.120003,-13.360001,none,8,3.0,118191.0,295022.0,198440.0,283006.0,212500.0
2026-04-14 18:06:02.991465,739584,1609507456613599,5056583329,0.655872,-0.466528,0.476288,-92.72375,-47.53,41.85125,-4.424,34.096,-12.376,none,8,3.0,118191.0,295022.0,198440.0,283006.0,212500.0
2026-04-14 18:06:02.993940,739585,1609507456622519,5056592060,0.655872,-0.466528,0.476288,-91.93625,-51.47625,42.23625,-4.424,34.096,-12.376,none,8,3.0,118191.0,295022.0,198440.0,283006.0,212500.0
2026-04-14 18:06:02.996722,739586,1609507456631419,5056600735,0.655872,-0.466528,0.308416,-89.08375,-52.56125,44.8,-4.424,34.096,-12.376,none,8,3.0,118191.0,295022.0,198440.0,283006.0,212500.0
2026-04-14 18:06:03.007107,739587,1609507456646003,5056615747,0.5856,-0.499712,0.308416,-88.41,-50.8375,39.59375,-3.888,33.384003,-14.776001,none,8,3.0,118191.0,295022.0,198440.0,283006.0,212500.0
2026-04-14 18:06:03.042201,739598,1609507456655172,5056624582,0.554368,-0.530944,0.31232,-89.74875,-47.95,32.4975,-3.648,33.768,-15.696001,none,8,3.0,71142.0,268062.0,139486.0,260024.0,151787.0
2026-04-14 18:06:03.042607,739599,1609507456669717,5056639546,0.554368,-0.530944,0.31232,-84.5775,-43.75875,30.1175,-3.648,33.768,-15.696001,none,8,3.0,71142.0,268062.0,139486.0,260024.0,151787.0
2026-04-14 18:06:03.044017,739600,1609507456678645,5056648313,0.659776,-0.651968,0.158112,-73.185,-40.38125,31.9025,-2.584,33.104,-16.288,none,8,3.0,71142.0,268062.0,139486.0,260024.0,151787.0
2026-04-14 18:06:03.055538,739601,1609507456693311,5056663182,0.665632,-0.669536,0.150304,-62.8775,-37.8525,33.18875,-2.2,33.32,-17.544,none,8,3.0,71142.0,268062.0,139486.0,260024.0,151787.0
2026-04-14 18:06:03.063277,739602,1609507456702280,5056671879,0.665632,-0.669536,0.150304,-56.0,-37.47625,33.4075,-2.2,33.32,-17.544,none,8,3.0,71142.0,268062.0,139486.0,260024.0,151787.0
2026-04-14 18:06:03.072788,739603,1609507456711218,5056680554,0.665632,-0.669536,0.150304,-52.6575,-36.67125,32.99625,-2.2,33.32,-17.544,none,8,3.0,71142.0,268062.0,139486.0,260024.0,151787.0
2026-04-14 18:06:03.085522,739604,1609507456725724,5056695492,0.509472,-0.571936,-0.005856,-49.91875,-31.0625,30.345,-1.704,33.016003,-17.6,none,8,3.0,71142.0,268062.0,139486.0,260024.0,151787.0
2026-04-14 18:06:03.095732,739605,1609507456734686,5056704194,0.433344,-0.464576,0.197152,-58.59,-26.88875,22.14625,-2.208,32.496002,-17.032001,none,8,3.0,71142.0,268062.0,139486.0,260024.0,151787.0
2026-04-14 18:06:03.112041,739606,1609507456749289,5056719099,0.433344,-0.464576,0.197152,-68.5125,-25.0425,17.85,-2.208,32.496002,-17.032001,none,8,3.0,71142.0,268062.0,139486.0,260024.0,151787.0
2026-04-14 18:06:03.144228,739617,1609507456758278,5056727815,0.445056,-0.675392,-0.05856,-68.85375,-20.0025,17.99,-0.808,32.424,-17.944,none,8,3.0,56127.0,257252.0,117855.0,248625.0,130107.0
2026-04-14 18:06:03.144348,739618,1609507456767292,5056736569,0.445056,-0.675392,-0.05856,-58.96625,-14.175,17.56125,-0.808,32.424,-17.944,none,8,3.0,56127.0,257252.0,117855.0,248625.0,130107.0
2026-04-14 18:06:03.146279,739619,1609507456781764,5056751507,0.515328,-0.710528,0.115168,-41.685,-9.8,14.5775,-1.808,32.536003,-17.496,none,8,3.0,56127.0,257252.0,117855.0,248625.0,130107.0
2026-04-14 18:06:03.150197,739620,1609507456790696,5056760271,0.515328,-0.710528,0.115168,-19.635,-6.265,13.11625,-1.808,32.536003,-17.496,none,8,3.0,56127.0,257252.0,117855.0,248625.0,130107.0
2026-04-14 18:06:03.166463,739621,1609507456805274,5056775173,0.470432,-0.626592,0.052704,-0.1575,-4.3575,12.81875,-1.832,32.272003,-17.352001,none,8,3.0,56127.0,257252.0,117855.0,248625.0,130107.0
2026-04-14 18:06:03.175300,739622,1609507456814303,5056783886,0.460672,-0.564128,0.232288,5.71375,-2.6075,12.20625,-1.568,32.248,-16.928001,none,8,3.0,56127.0,257252.0,117855.0,248625.0,130107.0
2026-04-14 18:06:03.190870,739623,1609507456828807,5056798906,0.460672,-0.564128,0.232288,0.41125,-0.8925,9.38875,-1.568,32.248,-16.928001,none,8,3.0,56127.0,257252.0,117855.0,248625.0,130107.0
2026-04-14 18:06:03.198301,739624,1609507456837736,5056807596,0.40016,-0.597312,0.050752,-11.03375,0.35,8.30375,-0.752,32.024002,-18.36,none,8,3.0,56127.0,257252.0,117855.0,248625.0,130107.0
2026-04-14 18:06:03.207826,739625,1609507456846750,5056816295,0.40016,-0.597312,0.050752,-21.665,-1.07625,9.073751,-0.752,32.024002,-18.36,none,8,3.0,56127.0,257252.0,117855.0,248625.0,130107.0
2026-04-14 18:06:03.283286,739636,1609507456861324,5056831271,0.406016,-0.587552,0.001952,-24.4125,-2.00375,8.33875,-0.448,31.576002,-18.888,none,8,3.0,60032.0,262846.0,123153.0,250886.0,135818.0
2026-04-14 18:06:03.285717,739637,1609507456870241,5056840161,0.406016,-0.587552,0.001952,-18.095,-3.01,6.81625,-0.448,31.576002,-18.888,none,8,3.0,60032.0,262846.0,123153.0,250886.0,135818.0
2026-04-14 18:06:03.288261,739638,1609507456884873,5056855076,0.44896,-0.573888,0.001952,-5.24125,-1.75875,5.285,-0.448,31.624,-18.560001,none,8,3.0,60032.0,262846.0,123153.0,250886.0,135818.0
2026-04-14 18:06:03.290297,739639,1609507456893830,5056863907,0.41968,-0.597312,0.033184,6.895,1.5575,3.71,-0.448,31.752,-19.424002,none,8,3.0,60032.0,262846.0,123153.0,250886.0,135818.0
2026-04-14 18:06:03.293014,739640,1609507456908473,5056878793,0.41968,-0.597312,0.033184,11.480001,4.69875,-1.21625,-0.856,31.752,-19.424002,none,8,3.0,60032.0,262846.0,123153.0,250886.0,135818.0
2026-04-14 18:06:03.295747,739641,1609507456917505,5056887640,0.431392,-0.589504,0.152256,11.13,4.515,-5.9675,-0.528,31.264002,-18.408,none,8,3.0,60032.0,262846.0,123153.0,250886.0,135818.0
2026-04-14 18:06:03.298257,739642,1609507456926486,5056896378,0.431392,-0.589504,0.152256,7.60375,1.295,-6.16,-0.528,31.264002,-18.408,none,8,3.0,60032.0,262846.0,123153.0,250886.0,135818.0
2026-04-14 18:06:03.303302,739643,1609507456941043,5056911278,0.534848,-0.659776,0.122976,2.5725,-2.4675,-2.00375,-0.296,31.712002,-16.152,none,8,3.0,60032.0,262846.0,123153.0,250886.0,135818.0
2026-04-14 18:06:03.311983,739644,1609507456949967,5056919941,0.534848,-0.659776,0.122976,-4.1825,-6.265,1.12,-0.296,31.712002,-16.152,none,8,3.0,60032.0,262846.0,123153.0,250886.0,135818.0
2026-04-14 18:06:03.344357,739655,1609507456964713,5056935039,0.435296,-0.607072,0.02928,-5.6175,-7.8925,4.01625,-0.288,31.312002,-18.112001,none,8,3.0,64413.0,259586.0,128680.0,248224.0,141517.0
2026-04-14 18:06:03.346893,739656,1609507456973676,5056943792,0.435296,-0.607072,0.007808,-2.065,-9.21375,6.25625,-0.288,31.312002,-18.112001,none,8,3.0,64413.0,259586.0,128680.0,248224.0,141517.0
2026-04-14 18:06:03.349264,739657,1609507456982614,5056952474,0.460672,-0.573888,0.007808,0.7175,-11.025,5.1275,-0.96,31.832,-19.68,none,8,3.0,64413.0,259586.0,128680.0,248224.0,141517.0
2026-04-14 18:06:03.360638,739658,1609507456997154,5056967378,0.407968,-0.52704,0.130784,4.92625,-11.83875,3.535,-0.792,31.192001,-18.176,none,8,3.0,64413.0,259586.0,128680.0,248224.0,141517.0
2026-04-14 18:06:03.367038,739659,1609507457006066,5056976115,0.407968,-0.52704,0.130784,5.04875,-12.92375,2.68625,-0.792,31.192001,-18.176,none,8,3.0,64413.0,259586.0,128680.0,248224.0,141517.0
2026-04-14 18:06:03.379485,739660,1609507457020556,5056988977,0.394304,-0.593408,0.212768,4.2,-16.70375,3.0625,0.112,31.384,-18.368,none,8,3.0,64413.0,259586.0,128680.0,248224.0,141517.0
2026-04-14 18:06:03.390804,739661,1609507457029799,5056999722,0.394304,-0.593408,0.212768,-7.39375,-23.4675,5.4775,0.112,31.384,-18.368,none,8,3.0,64413.0,259586.0,128680.0,248224.0,141517.0
2026-04-14 18:06:03.399104,739662,1609507457038802,5057008404,0.310368,-0.675392,-0.023424,-16.47625,-32.8825,8.39125,0.312,31.400002,-18.432001,none,8,3.0,64413.0,259586.0,128680.0,248224.0,141517.0
2026-04-14 18:06:03.445477,739673,1609507457053453,5057023960,0.310368,-0.675392,-0.023424,-13.877501,-43.21625,11.480001,0.312,31.400002,-18.432001,none,8,3.0,57252.0,254323.0,118031.0,241705.0,131080.0
2026-04-14 18:06:03.448128,739674,1609507457062459,5057032798,0.47824,-0.607072,0.00976,-9.47625,-55.90375,12.11875,0.952,31.696001,-19.736,none,8,3.0,57252.0,254323.0,118031.0,241705.0,131080.0
2026-04-14 18:06:03.450621,739675,1609507457077016,5057045680,0.491904,-0.417728,0.013664,-7.58625,-62.685,15.417501,-0.008,32.272003,-16.576,none,8,3.0,57252.0,254323.0,118031.0,241705.0,131080.0
2026-04-14 18:06:03.453261,739676,1609507457086329,5057056500,0.491904,-0.417728,0.013664,-12.8275,-62.335,20.95625,-0.008,32.272003,-16.576,none,8,3.0,57252.0,254323.0,118031.0,241705.0,131080.0
2026-04-14 18:06:03.455700,739677,1609507457095281,5057065272,0.464576,-0.601216,0.072224,-27.3525,-62.81625,19.94125,0.072,31.560001,-18.84,none,8,3.0,57252.0,254323.0,118031.0,241705.0,131080.0
2026-04-14 18:06:03.469516,739678,1609507457109797,5057078157,0.464576,-0.601216,0.072224,-43.645,-68.71375,17.43875,0.072,31.560001,-18.84,none,8,3.0,57252.0,254323.0,118031.0,241705.0,131080.0
2026-04-14 18:06:03.480770,739679,1609507457119004,5057088909,0.554368,-0.675392,0.040992,-53.1475,-74.19125,19.25,2.584,30.624,-19.400002,none,8,3.0,57252.0,254323.0,118031.0,241705.0,131080.0
2026-04-14 18:06:03.495797,739680,1609507457133516,5057103787,0.554368,-0.675392,0.040992,-51.03,-78.715004,22.2075,2.584,30.624,-19.400002,none,8,3.0,57252.0,254323.0,118031.0,241705.0,131080.0
2026-04-14 18:06:03.503250,739681,1609507457142447,5057112484,0.59536,-0.65392,-0.109312,-45.66625,-78.12875,18.6025,3.4,30.432001,-17.416,none,8,3.0,57252.0,254323.0,118031.0,241705.0,131080.0
2026-04-14 18:06:03.538963,739692,1609507457157610,5057127535,0.480192,-0.495808,-0.025376,-45.01875,-75.73125,17.82375,4.064,30.104002,-19.424002,none,8,3.0,64179.0,260513.0,127351.0,244026.0,139472.0
2026-04-14 18:06:03.541430,739693,1609507457166666,5057136342,0.480192,-0.495808,-0.025376,-56.18375,-78.12875,20.37875,4.064,30.104002,-19.424002,none,8,3.0,64179.0,260513.0,127351.0,244026.0,139472.0
2026-04-14 18:06:03.543922,739694,1609507457175715,5057145058,0.671488,-0.687104,-0.132736,-78.2425,-84.175,17.31625,3.984,29.864002,-20.416,none,8,3.0,64179.0,260513.0,127351.0,244026.0,139472.0
2026-04-14 18:06:03.550258,739695,1609507457190248,5057160039,0.671488,-0.687104,-0.132736,-102.29625,-90.9125,12.92375,3.984,29.864002,-20.416,none,8,3.0,64179.0,260513.0,127351.0,244026.0,139472.0
2026-04-14 18:06:03.560193,739696,1609507457199362,5057168753,0.632448,-0.735904,-0.163968,-114.87,-91.74375,15.9075,4.432,28.680002,-22.176,none,8,3.0,64179.0,260513.0,127351.0,244026.0,139472.0
2026-04-14 18:06:03.575178,739697,1609507457213896,5057183677,0.632448,-0.735904,-0.163968,-113.54,-92.42625,19.55625,4.432,28.680002,-22.176,none,8,3.0,64179.0,260513.0,127351.0,244026.0,139472.0
2026-04-14 18:06:03.582618,739698,1609507457222811,5057192371,0.612928,-0.757376,-0.076128,-102.94375,-88.4275,15.68,5.608,28.160002,-20.568,none,8,3.0,64179.0,260513.0,127351.0,244026.0,139472.0
2026-04-14 18:06:03.601363,739699,1609507457231738,5057201052,0.612928,-0.757376,-0.076128,-91.621254,-83.23875,8.6975,5.608,28.160002,-20.568,none,8,3.0,64179.0,260513.0,127351.0,244026.0,139472.0
2026-04-14 18:06:03.628135,739700,1609507457246211,5057215922,0.587552,-0.81984,-0.023424,-81.03375,-80.87625,3.33375,6.968,27.624,-23.064001,none,8,3.0,64179.0,260513.0,127351.0,244026.0,139472.0
2026-04-14 18:06:03.717997,739711,1609507457255638,5057225033,0.587552,-0.81984,-0.16592,-69.3,-82.4425,6.1075,6.968,27.624,-23.064001,none,8,3.0,90830.0,271188.0,164564.0,253984.0,177173.0
2026-04-14 18:06:03.719695,739712,1609507457270273,5057239998,0.610976,-0.60512,-0.16592,-68.88875,-85.32125,8.67125,7.056,26.784,-24.048,none,8,3.0,90830.0,271188.0,164564.0,253984.0,177173.0
2026-04-14 18:06:03.721603,739713,1609507457279314,5057248751,0.503616,-0.599264,-0.4392,-79.14375,-88.29625,8.04125,7.752,26.304,-23.936,none,8,3.0,90830.0,271188.0,164564.0,253984.0,177173.0
2026-04-14 18:06:03.724469,739714,1609507457288270,5057257536,0.503616,-0.599264,-0.4392,-87.535,-93.17,5.915,7.752,26.304,-23.936,none,8,3.0,90830.0,271188.0,164564.0,253984.0,177173.0
2026-04-14 18:06:03.725619,739715,1609507457302727,5057272441,0.484096,-0.534848,-0.355264,-90.88625,-101.4825,2.8525,8.992001,25.744001,-24.640001,none,8,3.0,90830.0,271188.0,164564.0,253984.0,177173.0
2026-04-14 18:06:03.728814,739716,1609507457311638,5057281126,0.484096,-0.534848,-0.355264,-96.18,-109.76875,1.05875,8.992001,25.744001,-24.640001,none,8,3.0,90830.0,271188.0,164564.0,253984.0,177173.0
2026-04-14 18:06:03.731022,739717,1609507457326146,5057296035,0.525088,-0.642208,-0.277184,-116.62875,-114.68625,-2.87875,9.6,24.584002,-25.192001,none,8,3.0,90830.0,271188.0,164564.0,253984.0,177173.0
2026-04-14 18:06:03.733625,739718,1609507457335109,5057304754,0.525088,-0.642208,-0.277184,-137.34,-117.53,-6.4225,9.6,24.584002,-25.192001,none,8,3.0,90830.0,271188.0,164564.0,253984.0,177173.0
2026-04-14 18:06:03.736057,739719,1609507457349626,5057319691,0.525088,-0.655872,-0.329888,-136.3075,-119.5775,-6.71125,10.272,23.656002,-23.616001,none,8,3.0,90830.0,271188.0,164564.0,253984.0,177173.0
2026-04-14 18:06:03.765772,739730,1609507457358743,5057328433,0.521184,-0.610976,-0.4392,-121.7475,-116.9875,-10.91125,10.816001,23.224,-25.448002,none,8,3.0,79335.0,271165.0,150663.0,255708.0,161552.0
2026-04-14 18:06:03.768237,739731,1609507457367700,5057337187,0.521184,-0.610976,-0.4392,-99.21625,-110.6175,-15.05875,10.816001,23.224,-25.448002,none,8,3.0,79335.0,271165.0,150663.0,255708.0,161552.0
2026-04-14 18:06:03.770755,739732,1609507457382212,5057352143,0.363072,-0.79056,-0.345504,-69.93,-100.38875,-17.710001,10.936001,23.2,-25.232,none,8,3.0,79335.0,271165.0,150663.0,255708.0,161552.0
2026-04-14 18:06:03.773179,739733,1609507457391234,5057360900,0.363072,-0.79056,-0.345504,-34.25625,-86.52875,-21.0175,10.936001,23.2,-25.232,none,8,3.0,79335.0,271165.0,150663.0,255708.0,161552.0
2026-04-14 18:06:03.775253,739734,1609507457405977,5057375846,0.460672,-0.933056,-0.733952,13.37,-74.33125,-10.8675,11.248,23.76,-24.456001,none,8,3.0,79335.0,271165.0,150663.0,255708.0,161552.0
2026-04-14 18:06:03.778211,739735,1609507457415045,5057384554,0.460672,-0.933056,-0.733952,60.69875,-69.1425,2.975,11.248,23.76,-24.456001,none,8,3.0,79335.0,271165.0,150663.0,255708.0,161552.0
2026-04-14 18:06:03.785413,739736,1609507457424006,5057393315,0.433344,-0.503616,-0.404064,89.83625,-65.7475,-3.92,11.72,24.512001,-23.336,none,8,3.0,79335.0,271165.0,150663.0,255708.0,161552.0
2026-04-14 18:06:03.800908,739737,1609507457438546,5057408316,0.11712,-0.294752,-0.27328,91.35,-67.15625,-14.91,12.656,24.304,-24.168001,none,8,3.0,79335.0,271165.0,150663.0,255708.0,161552.0
2026-04-14 18:06:03.808994,739738,1609507457447583,5057417052,0.11712,-0.294752,-0.27328,78.89875,-67.655,-16.2925,12.656,24.304,-24.168001,none,8,3.0,79335.0,271165.0,150663.0,255708.0,161552.0
2026-04-14 18:06:03.840391,739749,1609507457462166,5057432324,0.4392,-1.030656,-0.316224,82.433754,-51.7825,-7.7,13.400001,25.256,-22.768002,none,8,3.0,45417.0,217799.0,101874.0,214051.0,111387.0
2026-04-14 18:06:03.842914,739750,1609507457471258,5057441010,0.4392,-1.030656,-0.316224,111.13375,-35.46375,14.56,13.400001,25.256,-22.768002,none,8,3.0,45417.0,217799.0,101874.0,214051.0,111387.0
2026-04-14 18:06:03.847937,739751,1609507457480350,5057449721,0.74176,-1.47376,-0.622688,131.11,-23.26625,27.685,11.872001,26.656002,-19.712002,none,8,3.0,45417.0,217799.0,101874.0,214051.0,111387.0
2026-04-14 18:06:03.857884,739752,1609507457494844,5057464626,0.74176,-1.47376,-0.622688,137.17375,-24.92,19.53875,11.872001,26.656002,-19.712002,none,8,3.0,45417.0,217799.0,101874.0,214051.0,111387.0
2026-04-14 18:06:03.865400,739753,1609507457503786,5057473304,0.394304,-0.9272,-0.724192,151.6025,-27.973751,11.22625,13.880001,26.832,-20.44,none,8,3.0,45417.0,217799.0,101874.0,214051.0,111387.0
2026-04-14 18:06:03.878057,739754,1609507457518300,5057488221,0.610976,-0.6832,-0.8296,140.245,-31.22,7.44625,14.56,27.000002,-19.144001,none,8,3.0,45417.0,217799.0,101874.0,214051.0,111387.0
2026-04-14 18:06:03.888054,739755,1609507457527251,5057496937,0.610976,-0.6832,-0.8296,111.81625,-31.82375,15.417501,14.56,27.000002,-19.144001,none,8,3.0,45417.0,217799.0,101874.0,214051.0,111387.0
2026-04-14 18:06:03.904112,739756,1609507457541878,5057511830,0.3904,-0.138592,-0.675392,75.285,-28.65625,21.455,14.544001,27.392002,-18.872002,none,8,3.0,45417.0,217799.0,101874.0,214051.0,111387.0
2026-04-14 18:06:03.911432,739757,1609507457550813,5057520511,0.3904,-0.138592,-0.675392,36.30375,-24.5525,20.39625,14.544001,27.392002,-18.872002,none,8,3.0,45417.0,217799.0,101874.0,214051.0,111387.0
2026-04-14 18:06:03.943442,739768,1609507457560082,5057529245,0.396256,-0.101504,-0.257664,0.49875,-28.07875,16.91375,14.952001,26.944002,-18.392,none,8,3.0,45410.0,217893.0,101681.0,212570.0,111793.0
2026-04-14 18:06:03.945228,739769,1609507457574617,5057544231,0.396256,-0.101504,-0.257664,-48.74625,-33.88,14.2275,14.952001,26.944002,-18.392,none,8,3.0,45410.0,217893.0,101681.0,212570.0,111793.0
2026-04-14 18:06:03.947676,739770,1609507457583564,5057552941,0.513376,-0.837408,-0.44896,-105.735,-35.95375,18.48875,14.136001,26.624,-19.344002,none,8,3.0,45410.0,217893.0,101681.0,212570.0,111793.0
2026-04-14 18:06:03.976758,739771,1609507457598096,5057567877,0.489952,-1.198528,-0.329888,-137.45375,-33.85375,14.20125,14.136001,25.768002,-22.648,none,8,3.0,45410.0,217893.0,101681.0,212570.0,111793.0
2026-04-14 18:06:03.979506,739772,1609507457607052,5057576574,0.489952,-1.198528,-0.329888,-121.555,-32.27,9.03,15.296001,25.768002,-22.648,none,8,3.0,45410.0,217893.0,101681.0,212570.0,111793.0
2026-04-14 18:06:03.981639,739773,1609507457615976,5057585251,0.489952,-1.198528,-0.329888,-63.91875,-29.645,18.03375,15.296001,25.768002,-22.648,none,8,3.0,45410.0,217893.0,101681.0,212570.0,111793.0
2026-04-14 18:06:04.006346,739774,1609507457630514,5057600263,0.638304,-0.776896,-0.288896,-9.730001,-30.31,25.22625,15.808001,25.968,-21.696001,none,8,3.0,45410.0,217893.0,101681.0,212570.0,111793.0
2026-04-14 18:06:04.012681,739775,1609507457639452,5057608963,0.30256,-0.550464,-0.626592,13.1775,-31.64875,27.29125,16.544,25.848001,-20.6,none,8,3.0,45410.0,217893.0,101681.0,212570.0,111793.0
2026-04-14 18:06:04.015088,739776,1609507457653942,5057623855,0.30256,-0.550464,-0.626592,13.3875,-31.710001,27.58,16.544,25.848001,-20.6,none,8,3.0,45410.0,217893.0,101681.0,212570.0,111793.0
2026-04-14 18:06:04.042702,739787,1609507457663028,5057632634,0.417728,-0.689056,-0.616832,1.98625,-32.2,28.07875,16.632,25.28,-20.288,none,8,3.0,58706.0,249860.0,122038.0,237520.0,134020.0
2026-04-14 18:06:04.044950,739788,1609507457677516,5057647584,0.417728,-0.689056,-0.616832,-19.94125,-34.65,29.05,16.632,25.28,-20.288,none,8,3.0,58706.0,249860.0,122038.0,237520.0,134020.0
2026-04-14 18:06:04.047568,739789,1609507457686449,5057656338,0.396256,-0.665632,-0.655872,-37.8175,-36.79375,31.395,17.160002,24.752,-24.656002,none,8,3.0,58706.0,249860.0,122038.0,237520.0,134020.0
2026-04-14 18:06:04.055206,739790,1609507457695382,5057665049,0.396256,-0.665632,-0.655872,-49.18375,-37.0125,26.075,17.160002,24.752,-24.656002,none,8,3.0,58706.0,249860.0,122038.0,237520.0,134020.0
2026-04-14 18:06:04.071380,739791,1609507457709868,5057679920,0.532896,-0.85888,-0.607072,-60.9525,-36.05875,16.4675,17.648,24.480001,-20.800001,none,8,3.0,58706.0,249860.0,122038.0,237520.0,134020.0
2026-04-14 18:06:04.079007,739792,1609507457718798,5057688688,0.376736,-0.739808,-0.689056,-68.60875,-34.982502,12.45125,17.648,24.480001,-19.224,none,8,3.0,58706.0,249860.0,122038.0,237520.0,134020.0
2026-04-14 18:06:04.091258,739793,1609507457733293,5057701656,0.376736,-0.739808,-0.689056,-59.0275,-35.55125,14.84,17.08,24.560001,-19.224,none,8,3.0,58706.0,249860.0,122038.0,237520.0,134020.0
2026-04-14 18:06:04.102559,739794,1609507457742467,5057712422,0.304512,-0.845216,-0.732,-50.225,-31.473751,14.00875,17.352001,24.216002,-20.320002,none,8,3.0,58706.0,249860.0,122038.0,237520.0,134020.0
2026-04-14 18:06:04.143845,739805,1609507457757345,5057727709,0.304512,-0.845216,-0.732,-49.35875,-29.645,12.9675,17.352001,24.216002,-20.320002,none,8,3.0,72710.0,261328.0,141375.0,247832.0,153236.0
2026-04-14 18:06:04.146271,739806,1609507457766381,5057736591,0.532896,-0.948672,-0.564128,-53.17375,-27.34375,15.198751,18.272001,23.392,-20.688002,none,8,3.0,72710.0,261328.0,141375.0,247832.0,153236.0
2026-04-14 18:06:04.151255,739807,1609507457775416,5057745288,0.532896,-0.948672,-0.564128,-53.27875,-22.645,12.64375,18.272001,23.392,-20.688002,none,8,3.0,72710.0,261328.0,141375.0,247832.0,153236.0
2026-04-14 18:06:04.156208,739808,1609507457789989,5057760211,0.36112,-0.831552,-0.726144,-42.638752,-14.37625,8.98625,17.784,23.768002,-21.352001,none,8,3.0,72710.0,261328.0,141375.0,247832.0,153236.0
2026-04-14 18:06:04.158860,739809,1609507457798982,5057768916,0.36112,-0.753472,-0.75152,-29.4525,-5.99375,4.69,17.784,23.768002,-21.352001,none,8,3.0,72710.0,261328.0,141375.0,247832.0,153236.0
